Time_s,Ch_0,Ch_1,Ch_2,Ch_3,Ch_4,Ch_5,Ch_6
0.000000,-0.636316,-0.079651,0.080017,0.921509,2.648855,17.068703,1.343511
0.000466,-0.934081,-0.074829,0.070068,0.923218,-0.664122,16.854961,1.290076
0.000931,-1.207507,-0.071472,0.056335,0.931152,-7.297710,17.251909,0.625954
0.001397,-1.454414,-0.076721,0.042297,0.941956,-11.664123,18.610687,0.053435
0.001862,-1.675135,-0.079712,0.030518,0.948792,-13.312977,19.854961,0.038168
0.002328,-1.869337,-0.087219,0.021973,0.954834,-11.503817,20.213741,0.549618
0.002793,-2.038865,-0.087646,0.018555,0.957825,-6.633588,19.839695,1.015267
0.003259,-2.188922,-0.084167,0.018433,0.959412,0.343511,19.137405,1.511450
0.003724,-2.319677,-0.086365,0.021729,0.959045,8.519084,18.358778,1.702290
0.004190,-2.432807,-0.081482,0.026794,0.956177,15.732824,17.648855,1.396947
0.004655,-2.459495,-0.083313,0.031921,0.953979,19.572519,16.938931,0.862595
0.005121,2.413504,-0.081238,0.039124,0.950378,19.931297,17.755726,0.396947
0.005586,5.499916,-0.082214,0.047729,0.941772,17.893129,18.656488,0.396947
0.006052,5.499916,-0.079468,0.055786,0.933899,14.167939,17.893129,0.648855
0.006517,5.499916,-0.070435,0.055359,0.924438,8.167939,16.809160,0.664122
0.006983,5.499916,-0.063721,0.050476,0.920105,4.679389,16.931297,0.603053
0.007448,5.499916,-0.055359,0.045593,0.923950,-2.625954,18.381680,0.541985
0.007914,5.499916,-0.052795,0.036316,0.935913,-9.114504,20.244274,0.885496
0.008379,5.499916,-0.054443,0.025818,0.941956,-13.908397,21.847328,1.152672
0.008845,5.499916,-0.063599,0.018494,0.953552,-16.236641,23.580153,1.145038
0.009310,5.499916,-0.074097,0.011353,0.963745,-15.183207,24.908398,1.656489
0.009776,5.499916,-0.084045,0.002808,0.966980,-10.870229,24.854961,1.938931
0.010241,5.499916,-0.095093,0.005554,0.974365,-3.954198,24.183207,1.748092
0.010707,5.499916,-0.101440,0.009644,0.974182,5.381680,23.091602,1.511450
0.011172,5.499916,-0.107910,0.021790,0.971802,15.297709,21.847328,1.045802
0.011638,5.499916,-0.108521,0.038269,0.971863,24.793894,20.396946,0.648855
0.012103,5.499916,-0.114563,0.056274,0.959473,31.770992,19.030535,0.404580
0.012569,5.499916,-0.118774,0.077087,0.949036,35.404579,18.274809,0.404580
0.013034,5.499916,-0.118652,0.094604,0.936218,35.595421,17.923664,0.259542
0.013500,5.499916,-0.119019,0.109924,0.923035,31.786259,17.656488,0.045802
0.013966,5.499916,-0.113159,0.122437,0.909241,28.572519,17.824427,-0.274809
0.014431,5.499916,-0.116943,0.129028,0.898743,19.862595,18.412214,-0.900763
0.014897,5.499916,-0.114746,0.128052,0.891907,8.488549,18.877863,-1.129771
0.015362,5.499916,-0.111328,0.116699,0.896912,-3.816794,18.450382,-1.083969
0.015828,5.499916,-0.106995,0.102173,0.907532,-16.404581,18.641222,-1.541985
0.016293,5.499916,-0.101379,0.082153,0.919861,-26.832062,19.809160,-2.030534
0.016759,5.499916,-0.099060,0.064148,0.936707,-33.145039,20.954199,-2.251908
0.017224,-5.312428,-0.096497,0.054260,0.944519,-34.526718,20.725191,-2.335878
0.017690,-5.491691,-0.092957,0.031494,0.957886,-31.931297,19.496183,-2.351145
0.018155,-5.493034,-0.084351,0.015808,0.967407,-26.091602,19.343512,-2.702290
0.018621,-5.493538,-0.084290,0.003662,0.976807,-16.923664,19.770992,-2.755725
0.019086,-5.493706,-0.084595,-0.002075,0.978699,-6.099236,19.251909,-2.916031
0.019552,-5.494041,-0.085205,0.000916,0.980530,4.732824,18.183207,-3.358779
0.020017,-5.493874,-0.084839,0.010254,0.975769,13.984733,17.473282,-3.450382
0.020483,-5.494041,-0.085327,0.021179,0.972412,17.801527,17.213741,-3.496183
0.020948,-5.494209,-0.088928,0.037903,0.959045,22.832062,16.877863,-3.801527
0.021414,-5.494209,-0.089355,0.056396,0.943237,24.770992,16.816793,-4.022901
0.021879,-5.494209,-0.086914,0.072632,0.921814,22.687023,16.755726,-4.465649
0.022345,-5.494041,-0.083496,0.075256,0.911804,17.251909,16.687023,-4.709924
0.022810,-5.494377,-0.086792,0.075195,0.903870,8.206107,16.900763,-5.183206
0.023276,-5.494209,-0.084961,0.071533,0.906067,-3.206107,18.053434,-5.389313
0.023741,-5.494377,-0.085144,0.059204,0.912476,-15.442748,19.587786,-5.557252
0.024207,-5.494377,-0.089294,0.051208,0.915344,-25.969465,21.625954,-5.442748
0.024672,-5.494377,-0.098389,0.038086,0.927551,-32.793892,23.404581,-5.206107
0.025138,-5.494377,-0.100281,0.021301,0.941956,-34.839695,23.396946,-4.946565
0.025603,-5.494209,-0.107300,0.008484,0.957703,-31.244274,21.908398,-5.229008
0.026069,-5.494377,-0.108215,-0.000183,0.976440,-22.984734,19.549618,-5.587786
0.026534,-5.494377,-0.108215,-0.000183,0.976440,-22.984734,19.549618,-5.587786
0.027000,-5.494377,-0.099182,-0.015808,0.981445,-2.167939,16.618320,-5.687023
0.027465,-5.494209,-0.085449,-0.014648,0.972656,2.465649,16.267176,-5.687023
0.027931,-5.494209,-0.073547,-0.013062,0.962952,10.068703,15.366412,-5.702290
0.028397,-5.494209,-0.058472,-0.005371,0.948181,14.305344,14.244275,-5.389313
0.028862,-5.494209,-0.041016,-0.001709,0.939148,14.320611,13.717557,-4.450382
0.029328,-5.494377,-0.030273,-0.000916,0.935181,9.946565,15.229008,-2.809160
0.029793,-5.494209,-0.026917,-0.001038,0.928406,1.992366,19.007633,-1.419847
0.030259,-5.494209,-0.038879,-0.000488,0.924622,-7.488550,23.694656,-0.290076
0.030724,-5.494209,-0.045593,-0.002075,0.927002,-15.282443,27.916031,0.320611
0.031190,-5.494209,-0.072998,-0.001099,0.937561,-19.603054,29.564886,0.595420
0.031655,-5.494377,-0.096985,-0.006958,0.947266,-20.145039,28.732824,1.160305
0.032121,-5.494377,-0.115906,-0.014160,0.951843,-17.648855,26.801527,1.526718
0.032586,-5.494545,-0.131897,-0.021484,0.953430,-13.763359,25.526718,1.595420
0.033052,-5.494377,-0.137451,-0.027222,0.952209,-9.503817,24.961832,1.572519
0.033517,-5.494377,-0.142090,-0.032715,0.948059,-5.610687,23.389313,1.236641
0.033983,-5.494377,-0.145203,-0.033936,0.950439,-2.175573,21.297710,1.320611
0.034448,-5.494713,-0.139587,-0.035767,0.956238,-0.404580,20.435114,1.641221
0.034914,-5.494545,-0.139587,-0.037598,0.956726,3.122137,20.229008,2.236641
0.035379,-5.494377,-0.139709,-0.029724,0.959229,6.473282,21.083969,2.625954
0.035845,-5.494209,-0.139099,-0.017395,0.959595,11.229008,21.312977,3.106870
0.036310,-5.494377,-0.136108,-0.002930,0.960266,17.396946,20.152672,3.389313
0.036776,-5.494881,-0.131348,0.015503,0.961975,24.458015,18.236641,3.770992
0.037241,-4.959777,-0.117676,0.030334,0.955994,30.679390,15.992367,4.076336
0.037707,-4.128252,-0.111206,0.035583,0.946167,33.419846,14.473283,3.702290
0.038172,-3.019440,-0.099609,0.045593,0.933289,32.458015,15.801527,3.648855
0.038638,-2.291142,-0.095825,0.067932,0.923889,29.862595,18.267176,4.206107
0.039103,-1.626627,-0.090637,0.088074,0.920471,26.832062,18.786259,5.328244
0.039569,-1.007935,-0.084229,0.095154,0.923523,21.022902,16.992367,5.389313
0.040034,-0.458732,-0.075928,0.096375,0.915894,10.854961,16.435114,4.625954
0.040500,0.038102,-0.069031,0.082092,0.897583,-3.587786,18.603054,3.748092
0.040965,0.479210,-0.070801,0.065674,0.892944,-11.816793,20.160305,3.488550
0.041431,0.873991,-0.078735,0.041870,0.907959,-27.572519,23.480917,2.832061
0.041897,1.228489,-0.092285,0.015381,0.928894,-40.435116,25.412214,2.305344
0.042362,1.542031,-0.107300,-0.010254,0.954956,-46.992367,26.488550,2.068702
0.042828,1.807904,-0.121826,-0.031067,0.973083,-46.061069,26.839695,1.809160
0.043293,2.035843,-0.132324,-0.047363,0.984558,-37.931297,26.015266,2.183206
0.043759,2.243641,-0.135864,-0.057922,0.991943,-23.595419,23.442749,2.122137
0.044224,2.423239,-0.135254,-0.061157,0.995483,-6.007634,19.786259,1.732824
0.044690,2.575311,-0.133789,-0.058716,0.991821,11.000000,16.923664,0.488550
0.045155,2.694484,-0.134033,-0.046448,0.980957,25.488550,15.641221,-0.320611
0.045621,2.784115,-0.129517,-0.032166,0.967957,35.526718,14.587787,-0.900763
0.046086,2.327565,-0.120667,-0.010925,0.951416,39.877861,12.664123,-1.267176
0.046552,-4.432227,-0.106384,0.009705,0.940979,38.717556,11.534351,-1.687023
0.047017,-5.492531,-0.090454,0.028992,0.928772,32.816795,12.877863,-2.114504
0.047483,-5.494041,-0.081604,0.044189,0.918335,23.977098,15.343512,-2.320611
0.047948,-5.494545,-0.080078,0.052979,0.910828,18.656488,16.709923,-2.511450
0.048414,-5.494881,-0.085327,0.055054,0.910278,7.541985,18.625954,-2.946565
0.048879,-5.494881,-0.094666,0.052734,0.919800,-2.770992,20.183207,-3.213740
0.049345,-5.494881,-0.100464,0.041687,0.919617,-11.519084,20.717558,-3.061069
0.049810,-5.494881,-0.106384,0.022522,0.923462,-18.076336,20.702290,-2.862595
0.050276,-5.495048,-0.105408,0.006775,0.936462,-22.412214,19.664122,-2.610687
0.050741,-5.495048,-0.105469,-0.013611,0.952515,-23.793894,18.732824,-2.328244
0.051207,-5.495048,-0.102478,-0.022522,0.958618,-22.206106,18.793894,-1.809160
0.051672,-1.445686,-0.102112,-0.038025,0.967163,-17.977098,20.167938,-0.969466
0.052138,5.498573,-0.105835,-0.045349,0.967041,-11.099236,21.847328,-0.152672
0.052603,5.499916,-0.116577,-0.043823,0.972778,-2.083969,21.687023,-0.427481
0.053069,5.499916,-0.116577,-0.043823,0.972778,-2.083969,21.687023,-0.427481
0.053534,5.499916,-0.129761,-0.035156,0.965881,15.671756,16.809160,-1.458015
0.054000,5.499916,-0.124878,-0.023804,0.958923,22.343512,15.167939,-1.458015
0.054465,5.499916,-0.124878,-0.023804,0.958923,22.343512,15.167939,-1.458015
0.054931,5.499916,-0.102966,0.004517,0.944031,26.610687,14.122137,-1.534351
0.055397,5.499916,-0.091553,0.013306,0.937622,24.923664,14.038168,-2.190840
0.055862,5.499916,-0.093262,0.023560,0.930786,20.732824,15.129771,-2.442748
0.056328,5.499916,-0.091980,0.028809,0.924744,14.832061,16.534351,-2.030534
0.056793,5.499916,-0.092896,0.031677,0.924194,8.755725,17.992367,-1.748092
0.057259,5.499916,-0.093384,0.028931,0.925598,2.740458,18.366413,-1.839695
0.057724,-2.934508,-0.097717,0.017334,0.928101,-2.488550,18.160305,-2.152672
0.058190,5.295476,-0.100525,0.016479,0.932739,-6.893130,18.671755,-2.328244
0.058655,5.499916,-0.104797,0.005310,0.934082,-9.694656,19.358778,-2.053435
0.059121,5.499916,-0.100586,-0.005188,0.941467,-10.633588,19.145039,-1.748092
0.059586,5.499916,-0.103394,-0.013306,0.951416,-9.671756,18.916031,-1.374046
0.060052,5.499916,-0.107727,-0.022583,0.963562,-6.496183,18.870230,-0.877863
0.060517,5.499916,-0.105652,-0.028748,0.967285,-2.511450,19.664122,-0.755725
0.060983,5.499916,-0.111206,-0.027588,0.962036,2.343511,20.396946,-0.748092
0.061448,5.499916,-0.117432,-0.021912,0.956970,4.839694,20.099237,-0.656489
0.061914,-0.518151,-0.118713,-0.019714,0.954163,10.442748,18.015266,-0.702290
0.062379,-5.489845,-0.114258,-0.017395,0.947083,14.679389,15.419847,-0.778626
0.062845,-5.493538,-0.108032,-0.015015,0.937561,16.236641,14.038168,-0.694656
0.063310,-5.494377,-0.102478,-0.011292,0.936340,15.282443,15.083969,-0.603053
0.063776,-5.494377,-0.102478,-0.002563,0.942200,14.122137,16.885496,-0.717557
0.064241,-5.494545,-0.101990,0.004883,0.944702,13.755725,16.526718,-0.984733
0.064707,-5.494713,-0.100464,0.002808,0.944397,13.374045,14.984733,-1.083969
0.065172,-5.239918,-0.100281,-0.000916,0.940247,12.213740,15.305344,-0.992366
0.065638,1.921370,-0.095337,-0.008728,0.935059,8.603053,17.358778,-0.809160
0.066103,3.085573,-0.094299,-0.018982,0.926758,3.183206,20.488550,-1.541985
0.066569,5.495888,-0.105835,-0.031616,0.919983,-2.473282,23.603054,-2.030534
0.067034,-0.310689,-0.119507,-0.041931,0.921997,-6.763359,25.442749,-2.381679
0.067500,-5.489677,-0.134827,-0.049561,0.942200,-7.183206,26.427481,-2.503817
0.067965,-5.493706,-0.145203,-0.045166,0.969421,-2.106870,24.702290,-2.778626
0.068431,5.412299,-0.150269,-0.044189,0.993103,2.534351,22.656488,-3.076336
0.068896,5.499916,-0.146667,-0.039978,1.000122,13.992367,17.145039,-3.908397
0.069362,5.499916,-0.131104,-0.031738,0.994751,26.694656,12.022901,-3.755725
0.069828,5.499916,-0.104370,-0.017761,0.974304,38.465649,9.938931,-2.717557
0.070293,5.499916,-0.104370,-0.017761,0.974304,38.465649,9.938931,-2.717557
0.070759,5.499916,-0.077881,0.033447,0.982849,56.656490,8.305344,-0.610687
0.071224,1.997070,-0.071411,0.056396,0.974854,62.129772,6.809160,-0.862595
0.071690,5.499916,-0.073608,0.070801,0.958740,64.435112,7.488550,-0.908397
0.072155,5.499916,-0.072083,0.098877,0.922729,64.519081,8.801527,0.465649
0.072621,-5.236057,-0.058777,0.126099,0.895508,60.763359,8.763359,1.465649
0.073086,-5.236057,-0.058777,0.126099,0.895508,60.763359,8.763359,1.465649
0.073552,-5.493874,-0.059753,0.148438,0.882141,32.480915,12.725191,-0.442748
0.074017,-5.494545,-0.078918,0.150513,0.871155,10.297709,20.396946,-0.580153
0.074483,-5.494713,-0.095886,0.146484,0.864807,-11.106871,25.748091,0.396947
0.074948,-5.494881,-0.107971,0.137756,0.876709,-20.213741,26.053434,1.068702
0.075414,-5.494881,-0.109314,0.115051,0.911011,-34.038166,22.114504,1.862595
0.075879,-5.495048,-0.096985,0.085693,0.934937,-42.206108,17.038168,2.396947
0.076345,-5.495048,-0.079224,0.046814,0.945557,-44.870228,16.412214,2.595420
0.076810,-5.495048,-0.068054,0.019226,0.948181,-43.297710,19.465649,2.694656
0.077276,-5.495216,-0.068359,-0.005310,0.955933,-38.839695,23.061069,2.404580
0.077741,-5.495384,-0.080505,-0.025940,0.972290,-32.030533,25.091602,2.274809
0.078207,-5.495216,-0.103760,-0.045166,0.990295,-24.862595,25.351145,1.480916
0.078672,-5.495384,-0.116882,-0.046021,0.994019,-16.893129,24.625954,0.870229
0.079138,-5.495216,-0.138550,-0.052368,0.984802,-7.679389,22.809160,1.167939
0.079603,-5.495384,-0.151550,-0.043945,0.982910,4.160306,18.900763,2.862595
0.080069,-5.495216,-0.146179,-0.025513,0.992798,18.267176,14.282443,4.129771
0.080534,-5.495048,-0.121765,-0.007874,0.994263,32.480915,10.633588,3.778626
0.081000,-5.089525,-0.098328,0.007812,0.968689,42.595421,8.442748,2.465649
0.081465,-4.784710,-0.085876,0.022034,0.932861,44.274811,9.190840,1.633588
0.081931,-3.309148,-0.083679,0.035278,0.905090,41.786259,10.793893,1.541985
0.082396,-5.424048,-0.089966,0.040894,0.896118,31.297710,15.045801,1.961832
0.082862,-5.494377,-0.097473,0.044800,0.899414,16.343512,18.381680,2.519084
0.083328,-5.494881,-0.104065,0.048279,0.908875,1.450382,20.198473,2.305344
0.083793,-3.006180,-0.104675,0.041199,0.922424,-9.709924,20.236641,2.274809
0.084259,-5.231357,-0.102234,0.028015,0.940308,-15.435115,19.236641,2.137405
0.084724,-5.494545,-0.102173,0.015076,0.954468,-16.061069,18.282442,2.206107
0.085190,-5.495048,-0.097290,0.007874,0.962280,-11.809160,18.183207,2.992366
0.085655,-5.495216,-0.093872,0.002075,0.971008,-3.633588,17.893129,3.396947
0.086121,-5.495216,-0.092163,0.001648,0.982361,7.190840,17.335878,3.961832
0.086586,-5.495216,-0.093018,0.007385,0.986633,19.259542,16.175573,4.320611
0.087052,-5.495384,-0.092163,0.021423,0.975159,29.709923,15.083969,4.671756
0.087517,-5.495216,-0.084290,0.038879,0.955811,36.083969,13.633588,4.053435
0.087983,-5.495384,-0.082825,0.046814,0.937744,37.038166,12.847328,3.755725
0.088448,-5.495384,-0.081665,0.063721,0.919617,35.656490,12.916031,3.954198
0.088914,-5.495384,-0.082214,0.078674,0.914978,29.824427,13.992367,4.694656
0.089379,-4.969848,-0.075623,0.081909,0.917297,20.809160,15.190840,5.374046
0.089845,-2.793683,-0.078857,0.085693,0.916504,9.824428,17.290077,5.167939
0.090310,-1.270787,-0.081604,0.078247,0.914734,-1.076336,19.557251,4.419847
0.090776,-0.249256,-0.085571,0.072144,0.922729,-9.442748,20.312977,4.396946
0.091241,0.409216,-0.086731,0.059448,0.932617,-14.961832,19.610687,4.206107
0.091707,1.331212,-0.088989,0.048218,0.935059,-16.961832,19.389313,3.893130
0.092172,1.421851,-0.086853,0.040527,0.934937,-16.427481,19.259542,3.786260
0.092638,0.978393,-0.085327,0.023010,0.940796,-14.938931,19.305344,3.908397
0.093103,1.382910,-0.088074,0.012878,0.959473,-12.618320,20.122137,3.671756
0.093569,1.958633,-0.093506,0.006226,0.978333,-8.152672,21.038168,3.297710
0.094034,2.651514,-0.097961,0.012939,0.984863,-0.595420,20.969465,3.305344
0.094500,3.406500,-0.098145,0.017090,0.968506,7.480916,19.061069,3.473282
0.094965,4.433066,-0.097168,0.020874,0.953735,13.404580,16.763359,3.404580
0.095431,5.497063,-0.094360,0.019958,0.942444,14.916031,15.793893,3.213740
0.095896,5.499916,-0.092285,0.023621,0.940613,14.152672,15.900764,2.984733
0.096362,5.499916,-0.098389,0.030151,0.936218,9.961832,18.229008,2.717557
0.096828,5.499916,-0.103210,0.030945,0.932800,5.465649,20.412214,2.893130
0.097293,5.499916,-0.108032,0.034668,0.944336,2.068702,20.954199,3.213740
0.097759,5.499916,-0.109802,0.039917,0.951233,0.847328,20.320610,3.053435
0.098224,5.499916,-0.105652,0.046875,0.948242,2.381679,18.839695,2.702290
0.098690,5.499916,-0.104065,0.047119,0.945129,5.740458,17.137405,2.541985
0.099155,5.499916,-0.094543,0.053223,0.943970,9.625955,15.755725,2.984733
0.099621,5.499916,-0.084717,0.052307,0.940857,12.183207,15.610687,3.206107
0.100086,5.499916,-0.074707,0.056763,0.940186,12.114504,16.648855,3.396947
0.100552,5.499916,-0.072876,0.057434,0.932739,8.007633,19.015266,3.259542
0.101017,5.499916,-0.075745,0.056213,0.922058,1.137405,21.664122,2.969466
0.101483,5.499916,-0.081482,0.051819,0.916321,-6.152672,22.091602,2.656489
0.101948,5.499916,-0.084656,0.042236,0.924622,-13.213740,20.740458,2.412214
0.102414,5.499916,-0.081970,0.029114,0.938599,-16.687023,20.061069,2.145038
0.102879,5.499916,-0.081543,0.017273,0.949829,-21.519083,20.931297,1.564885
0.103345,5.499916,-0.088318,0.009583,0.961670,-22.106871,23.175573,1.282443
0.103810,5.499916,-0.090698,0.001038,0.976562,-17.488550,23.832062,1.603053
0.104276,5.499916,-0.099182,0.003784,0.986755,-8.396947,22.725191,1.580153
0.104741,5.499916,-0.102295,0.006470,0.984253,3.274809,20.954199,1.328244
0.105207,5.499916,-0.106018,0.015198,0.969299,14.267176,18.656488,1.152672
0.105672,5.499916,-0.104980,0.019958,0.960754,21.633587,17.152672,0.847328
0.106138,5.499916,-0.104980,0.019958,0.960754,21.633587,17.152672,0.847328
0.106603,5.499916,-0.105652,0.037964,0.941345,22.015266,16.068703,0.427481
0.107069,5.499916,-0.102051,0.045288,0.933472,17.175573,16.519083,0.549618
0.107534,5.499916,-0.093811,0.050171,0.920593,10.748092,16.809160,0.290076
0.108000,5.499916,-0.084106,0.056946,0.921021,3.992366,16.938931,-0.465649
0.108465,5.499916,-0.077209,0.055908,0.925842,-2.160305,17.541985,-1.122137
0.108931,5.499916,-0.077209,0.055908,0.925842,-2.160305,17.541985,-1.122137
0.109396,5.499916,-0.082153,0.042175,0.942017,-9.114504,20.396946,-2.091603
0.109862,5.499916,-0.090210,0.037903,0.941833,-11.053435,22.229008,-1.992366
0.110327,5.499916,-0.097046,0.033936,0.941406,-10.198473,22.458015,-1.236641
0.110793,5.499916,-0.104248,0.025757,0.948059,-7.503817,21.618320,-0.847328
0.111259,5.499916,-0.104492,0.019470,0.956726,-4.076336,19.984734,-0.687023
0.111724,5.499916,-0.106934,0.014587,0.962341,-1.259542,18.480917,-0.511450
0.112190,5.499916,-0.103760,0.017822,0.958191,1.015267,18.083969,-0.442748
0.112655,5.499916,-0.103088,0.018311,0.961548,4.022901,17.916031,-0.648855
0.113121,-0.643366,-0.099792,0.024292,0.958435,7.160306,17.564886,-0.862595
0.113586,-2.493065,-0.095764,0.033447,0.950500,10.160305,16.656488,-1.244275
0.114052,-2.721340,-0.091492,0.031677,0.944397,11.290076,16.076336,-1.213740
0.114517,-1.495369,-0.091309,0.033020,0.933655,10.335877,16.778625,-1.045802
0.114983,1.574258,-0.092651,0.031738,0.929871,6.992366,18.465649,-1.091603
0.115448,5.490517,-0.094971,0.031250,0.933838,2.282443,19.564886,-1.114504
0.115914,5.499916,-0.098389,0.030212,0.940308,-0.274809,19.809160,-1.259542
0.116379,5.499916,-0.099426,0.022583,0.941101,-4.908397,19.389313,-1.564885
0.116845,5.499916,-0.093140,0.021484,0.941345,-7.496183,18.961832,-1.748092
0.117310,5.499916,-0.090454,0.015198,0.945435,-7.221374,18.732824,-1.236641
0.117776,5.499916,-0.087891,0.017273,0.954407,-4.832061,19.503817,-0.885496
0.118241,5.499916,-0.089600,0.020020,0.957581,-1.114504,20.694656,-0.992366
0.118707,5.499916,-0.095032,0.025452,0.951599,2.854962,21.106871,-1.274809
0.119172,5.499916,-0.101990,0.026611,0.948486,5.465649,20.427481,-1.076336
0.119638,5.499916,-0.109192,0.028076,0.945679,5.839694,19.496183,-0.450382
0.120103,5.499916,-0.108826,0.031921,0.945007,4.480916,18.770992,0.053435
0.120569,5.499916,-0.104370,0.033020,0.940125,1.763359,18.305344,0.007634
0.121034,5.499916,-0.101074,0.033508,0.936401,-0.458015,18.175573,-0.137405
0.121500,5.499916,-0.101196,0.027283,0.932312,-2.595420,17.977098,-0.450382
0.121965,5.499916,-0.094116,0.022034,0.937073,-4.755725,18.083969,-0.496183
0.122431,5.499916,-0.093018,0.014648,0.940369,-5.717557,18.618320,-0.625954
0.122896,5.499916,-0.093750,0.008362,0.946350,-7.450382,19.870230,-0.870229
0.123362,5.499916,-0.095947,0.006042,0.948486,-8.068703,20.862595,-1.305344
0.123827,5.499916,-0.098267,-0.000671,0.954285,-7.427481,21.030535,-1.832061
0.124293,5.499916,-0.105835,-0.003357,0.951172,-5.503817,20.916031,-1.755725
0.124759,5.499916,-0.102051,-0.000610,0.949219,-2.427481,20.580153,-1.389313
0.125224,5.499916,-0.102783,0.004578,0.954163,1.694656,19.641222,-1.106870
0.125690,5.499916,-0.105652,0.003540,0.958862,4.992366,18.603054,-0.824427
0.126155,5.499916,-0.105103,0.007751,0.955872,6.610687,18.259542,-0.458015
0.126621,5.499916,-0.104004,0.012512,0.957031,6.854962,18.534351,-0.366412
0.127086,5.499916,-0.101807,0.019714,0.949341,7.137404,18.022902,-0.877863
0.127552,5.499916,-0.099243,0.021118,0.942505,6.847328,17.229008,-1.221374
0.128017,-5.302190,-0.096619,0.021362,0.942322,5.969466,16.694656,-0.961832
0.128483,-5.491524,-0.089233,0.020813,0.941589,4.244275,17.381680,-0.694656
0.128948,-5.493874,-0.088318,0.019653,0.938599,1.442748,19.045801,-0.778626
0.129414,-5.494209,-0.091309,0.015625,0.937927,-0.106870,19.961832,-0.931298
0.129879,-5.494713,-0.099915,0.011230,0.934875,-3.038168,21.450382,-1.389313
0.130345,-5.494713,-0.103760,0.006042,0.936035,-4.984733,21.671755,-1.389313
0.130810,-5.494881,-0.109192,0.002502,0.946899,-6.083970,21.274809,-0.961832
0.131276,-5.494881,-0.108887,-0.003296,0.956238,-6.190840,20.480917,-0.885496
0.131741,-5.495048,-0.105225,-0.004944,0.961792,-3.854962,19.862595,-1.145038
0.132207,-5.495048,-0.103760,-0.004517,0.957153,0.244275,18.847328,-1.381679
0.132672,-5.494881,-0.098633,-0.004517,0.952820,4.374046,17.687023,-1.297710
0.133138,-5.494881,-0.095337,-0.008301,0.951965,6.885496,18.030535,-1.076336
0.133603,-5.495048,-0.098511,-0.004028,0.956360,8.786260,19.000000,-0.877863
0.134069,-5.495048,-0.103027,0.003479,0.958740,10.969465,18.770992,-0.641221
0.134534,-5.494881,-0.104614,0.014526,0.956116,13.374045,17.480917,-0.374046
0.135000,-5.494713,-0.105225,0.019714,0.941833,14.389313,15.870229,-0.297710
0.135465,-5.494377,-0.099304,0.021362,0.928772,12.778625,15.114504,-0.206107
0.135931,-5.495048,-0.095703,0.015137,0.924561,7.541985,16.564886,0.022901
0.136396,-5.495048,-0.097473,0.017151,0.926819,4.282443,18.061069,0.274809
0.136862,-5.495216,-0.101624,0.013550,0.929749,-2.213740,20.877863,0.282443
0.137327,-5.495048,-0.102539,0.012878,0.927368,-6.702290,21.992367,0.221374
0.137793,-5.495048,-0.107422,0.007019,0.935059,-8.595420,21.129770,0.366412
0.138259,-5.495216,-0.105530,0.000183,0.951050,-8.694656,19.740458,0.717557
0.138724,-5.495048,-0.103027,-0.005920,0.962463,-7.106870,19.511450,1.396947
0.139190,-5.495216,-0.098145,-0.006836,0.962891,-4.633588,20.564886,1.427481
0.139655,-5.495216,-0.098206,-0.000977,0.960938,-0.381679,20.740458,0.793893
0.140121,-5.495216,-0.093994,0.001587,0.956665,4.465649,18.954199,-0.045802
0.140586,-5.495216,-0.093994,0.001587,0.956665,4.465649,18.954199,-0.045802
0.141052,-5.495048,-0.095886,-0.000366,0.946350,8.770992,17.900763,0.282443
0.141517,-5.494713,-0.097534,0.001404,0.941345,7.946565,19.404581,1.152672
0.141983,-3.974502,-0.101562,0.003418,0.937744,5.854962,19.938931,1.160305
0.142448,-1.333227,-0.106628,0.006775,0.937378,3.198473,20.061069,0.595420
0.142914,-3.117800,-0.104553,0.010254,0.935303,2.358779,19.610687,0.435115
0.143379,4.065644,-0.103577,0.014404,0.932312,1.557252,19.099237,0.541985
0.143845,5.499916,-0.099731,0.011841,0.930176,0.687023,18.832062,1.335878
0.144310,5.499916,-0.101257,0.008301,0.937195,-0.847328,19.335878,2.053435
0.144776,5.499916,-0.100281,0.000610,0.946045,-3.099237,19.603054,1.938931
0.145241,5.499916,-0.103577,-0.003723,0.948425,-5.587786,20.358778,1.732824
0.145707,5.499916,-0.108765,-0.003418,0.947021,-6.435114,21.969465,1.557252
0.146172,5.499916,-0.108765,-0.003418,0.947021,-6.435114,21.969465,1.557252
0.146638,5.499916,-0.107117,0.007385,0.952026,1.427481,20.053434,3.053435
0.147103,5.499916,-0.106506,0.009277,0.967773,8.816793,17.648855,3.824427
0.147569,5.499916,-0.097107,0.015076,0.975952,16.396946,16.030535,4.129771
0.148034,5.499916,-0.085693,0.020996,0.971741,20.984734,15.610687,4.122138
0.148500,5.499916,-0.077393,0.025696,0.945862,20.580153,16.251909,3.740458
0.148965,0.886748,-0.077148,0.027344,0.922180,14.969465,18.351145,3.816794
0.149431,-0.005203,-0.079285,0.029663,0.914978,6.450382,20.931297,3.038168
0.149896,-1.177798,-0.089233,0.025818,0.914978,1.358779,21.877863,2.610687
0.150362,-2.802579,-0.104980,0.014709,0.915283,-9.335877,23.541985,1.694656
0.150827,-3.913069,-0.117188,0.007629,0.915833,-18.870230,24.709923,1.251908
0.151293,-4.898177,-0.125793,-0.007385,0.926147,-25.145039,24.786259,1.786260
0.151758,-5.490013,-0.124512,-0.027527,0.944702,-27.427481,22.839695,2.312977
0.152224,-5.493202,-0.123413,-0.038635,0.963745,-26.381680,20.694656,1.587786
0.152690,-5.493706,-0.120911,-0.052063,0.969788,-21.908398,20.458015,0.778626
0.153155,-5.494041,-0.120422,-0.053833,0.973633,-13.908397,20.778625,0.870229
0.153621,-5.494041,-0.120361,-0.054688,0.974915,-2.931298,20.206106,1.816794
0.154086,-5.494041,-0.114563,-0.043762,0.980835,10.083969,18.038168,2.717557
0.154552,-5.494209,-0.108704,-0.035156,0.978699,21.801527,15.496183,3.061069
0.155017,-5.494209,-0.101318,-0.020630,0.969238,29.343512,14.595420,2.549618
0.155483,-5.494209,-0.098083,-0.008057,0.945923,31.007633,15.732824,2.068702
0.155948,-5.494377,-0.098999,0.007568,0.928650,26.984734,17.175573,2.083969
0.156414,-5.494209,-0.104736,0.020203,0.922058,23.343512,17.648855,2.152672
0.156879,-5.494377,-0.107178,0.023560,0.915222,13.572519,18.312977,1.793893
0.157345,-5.494209,-0.108398,0.017944,0.900146,1.580153,19.503817,1.519084
0.157810,-5.494377,-0.113342,0.007385,0.899963,-10.847328,21.572519,1.389313
0.158276,-5.494377,-0.115601,-0.005798,0.912598,-21.015266,23.251909,1.404580
0.158741,-5.494209,-0.115234,-0.016052,0.939148,-26.389313,23.389313,1.152672
0.159207,-5.494209,-0.117310,-0.032776,0.958984,-26.366413,22.099237,1.068702
0.159672,-5.252842,-0.115112,-0.049866,0.967529,-22.381680,21.366413,1.190840
0.160138,-4.897002,-0.113403,-0.054993,0.970276,-16.274809,20.908398,0.748092
0.160603,-4.527901,-0.111511,-0.064026,0.969360,-8.557252,20.809160,0.114504
0.161069,-4.163165,-0.118591,-0.062683,0.975037,0.717557,20.312977,0.175573
0.161534,-3.812024,-0.118164,-0.053406,0.979797,11.870229,18.694656,0.389313
0.162000,-3.466590,-0.114685,-0.038818,0.976868,22.496183,16.312977,0.671756
0.162465,-3.760327,-0.110413,-0.025452,0.966187,29.435114,14.854961,0.244275
0.162931,-4.012436,-0.102783,-0.012817,0.944580,30.893129,14.969465,-0.282443
0.163396,-3.657603,-0.106689,-0.000977,0.922180,29.328245,15.526717,-0.610687
0.163862,-5.493706,-0.103271,0.011719,0.914734,22.847328,17.229008,-0.603053
0.164327,-5.494881,-0.106628,0.020935,0.914734,13.702291,18.824427,-0.099237
0.164793,-5.495048,-0.109070,0.025024,0.917664,4.381680,19.534351,0.335878
0.165258,-5.495048,-0.104980,0.017578,0.925720,-3.908397,19.885496,0.503817
0.165724,-5.495048,-0.106506,0.012207,0.932434,-10.557252,19.977098,0.587786
0.166190,-5.495216,-0.106140,-0.004639,0.938782,-15.000000,19.755726,0.480916
0.166655,-5.495216,-0.105164,-0.012268,0.944031,-16.580153,19.961832,0.732824
0.167121,-5.495384,-0.108826,-0.029114,0.948364,-16.374046,20.664122,0.778626
0.167586,-5.495216,-0.110413,-0.040710,0.954224,-13.824428,21.503817,0.458015
0.168052,-5.495384,-0.118408,-0.049744,0.958191,-9.519084,21.213741,0.236641
0.168517,-5.495048,-0.123291,-0.054626,0.962708,-3.282443,19.526718,0.404580
0.168983,-5.495216,-0.123413,-0.057190,0.965088,3.740458,18.229008,0.534351
0.169448,-5.495384,-0.123535,-0.052429,0.966064,10.954199,17.526718,0.458015
0.169914,-5.495384,-0.117432,-0.042053,0.959106,17.183207,16.595419,0.236641
0.170379,-2.977813,-0.114563,-0.030151,0.948730,19.587786,15.801527,0.022901
0.170845,5.493874,-0.109375,-0.024048,0.947571,22.351145,15.229008,0.274809
0.171310,2.721675,-0.107666,-0.012085,0.941528,22.832062,15.946565,0.687023
0.171776,-1.495033,-0.102539,-0.002197,0.937927,21.488550,16.687023,0.832061
0.172241,-5.466850,-0.102417,0.007935,0.931335,18.167938,17.122137,0.671756
0.172707,-5.493706,-0.098267,0.013123,0.928406,13.709924,17.305344,0.412214
0.173172,-5.494545,-0.098877,0.013977,0.925659,8.091603,17.839695,0.419847
0.173638,-5.494881,-0.103455,0.013550,0.922241,1.938931,19.091602,0.694656
0.174103,-5.495048,-0.105530,0.007690,0.920593,-4.572519,20.564886,0.923664
0.174569,-5.495048,-0.108521,-0.000366,0.926331,-10.213740,21.458015,0.778626
0.175034,-5.495216,-0.115540,-0.010315,0.938232,-13.374045,21.564886,0.717557
0.175500,1.546059,-0.116943,-0.018799,0.952942,-13.427481,20.816793,0.778626
0.175965,5.499245,-0.115662,-0.028809,0.958618,-10.709924,20.007633,1.290076
0.176431,5.499245,-0.115662,-0.028809,0.958618,-10.709924,20.007633,1.290076
0.176896,5.499916,-0.112549,-0.041870,0.955200,-3.381679,19.511450,1.557252
0.177362,5.499916,-0.109680,-0.045898,0.956543,2.099237,18.068703,1.297710
0.177827,5.499916,-0.111450,-0.045227,0.958008,6.664122,17.267176,0.832061
0.178293,5.499916,-0.109802,-0.040588,0.951111,10.190840,17.900763,0.832061
0.178758,5.499916,-0.114197,-0.029297,0.947632,12.702291,18.526718,0.748092
0.179224,5.499916,-0.114502,-0.024292,0.947693,13.984733,18.129770,0.961832
0.179690,5.499916,-0.112427,-0.015808,0.949219,14.946565,17.328245,0.816794
0.180155,5.499916,-0.108826,-0.008484,0.943115,15.343512,17.000000,0.748092
0.180621,5.499916,-0.108948,-0.006409,0.939880,14.648855,17.465649,0.465649
0.181086,5.499916,-0.107361,-0.003723,0.934692,12.229008,17.946566,0.557252
0.181552,5.499916,-0.108337,-0.001160,0.931213,8.938931,18.152672,0.442748
0.182017,5.499916,-0.108337,-0.001160,0.931213,8.938931,18.152672,0.442748
0.182483,5.499916,-0.106262,-0.000854,0.931946,1.824427,19.083969,0.893130
0.182948,-4.058259,-0.104736,-0.002930,0.934265,-0.725191,19.137405,1.022901
0.183414,-5.492195,-0.103638,-0.004761,0.937988,-2.511450,19.946566,1.030534
0.183879,-5.494041,-0.105896,-0.009338,0.942200,-3.106870,20.312977,1.152672
0.184345,-5.494377,-0.115173,-0.014038,0.943909,-3.580153,20.488550,1.251908
0.184810,-5.494545,-0.113464,-0.020020,0.947754,-3.259542,19.977098,1.381679
0.185276,-4.322789,-0.112488,-0.025391,0.947388,-2.229008,19.297710,1.442748
0.185741,-3.968795,-0.112671,-0.029053,0.946167,-1.320611,19.007633,1.320611
0.186207,-5.493538,-0.113342,-0.030640,0.944397,-0.442748,19.038168,1.312977
0.186672,-3.220523,-0.114441,-0.029480,0.947571,0.725191,19.015266,1.320611
0.187138,-0.120012,-0.114685,-0.032104,0.950378,2.396947,19.068703,1.297710
0.187603,3.329290,-0.115051,-0.033081,0.951782,4.503817,18.717558,1.160305
0.188069,5.499245,-0.117554,-0.033081,0.956909,6.816794,18.549618,0.641221
0.188534,5.499916,-0.117554,-0.030701,0.950256,8.671756,18.572519,0.709924
0.189000,5.499916,-0.118835,-0.022339,0.944153,10.221375,18.061069,0.801527
0.189465,5.499916,-0.112427,-0.019531,0.941223,11.015267,17.000000,0.801527
0.189931,5.499916,-0.110168,-0.013977,0.944214,11.526717,16.328245,0.450382
0.190396,5.499916,-0.109436,-0.012573,0.948181,11.312977,16.511450,0.442748
0.190862,5.499916,-0.109924,-0.011475,0.938293,10.198473,17.534351,0.534351
0.191327,5.499916,-0.110596,-0.009644,0.932251,8.702291,18.755726,1.022901
0.191793,5.499916,-0.109497,-0.006531,0.932007,6.374046,19.213741,0.816794
0.192258,5.499916,-0.109741,-0.007812,0.935608,3.977099,18.687023,0.442748
0.192724,5.499916,-0.111755,-0.006226,0.941895,2.610687,18.267176,0.717557
0.193189,5.499916,-0.105591,-0.006348,0.950134,2.312977,18.122137,1.007634
0.193655,5.499916,-0.104614,-0.003601,0.948975,3.068702,17.824427,1.290076
0.194121,5.499916,-0.104431,-0.005310,0.946716,3.992366,17.946566,0.893130
0.194586,5.499916,-0.100769,-0.010498,0.940857,4.282443,18.366413,0.625954
0.195052,5.499916,-0.105286,-0.012451,0.934875,3.007634,19.076336,0.534351
0.195517,5.499916,-0.112183,-0.013977,0.938965,1.320611,19.908398,0.824427
0.195983,5.499916,-0.113831,-0.016907,0.939941,-0.427481,19.938931,0.763359
0.196448,5.499916,-0.120789,-0.020447,0.940918,-1.694656,19.740458,0.251908
0.196914,5.499916,-0.120056,-0.023315,0.939819,-1.877863,19.519083,0.076336
0.197379,5.499916,-0.121887,-0.024780,0.946228,-1.755725,19.282442,0.076336
0.197845,5.499916,-0.120056,-0.022705,0.954651,0.038168,18.595419,0.358779
0.198310,5.499916,-0.114624,-0.025452,0.958435,3.091603,18.091602,0.496183
0.198776,5.499916,-0.109070,-0.026855,0.950500,5.954198,17.381680,0.412214
0.199241,5.499916,-0.108093,-0.026611,0.943665,7.480916,17.717558,0.404580
0.199707,5.499916,-0.106079,-0.023254,0.939636,7.572519,18.351145,0.534351
0.200172,5.499916,-0.107666,-0.018433,0.943604,7.374046,18.564886,0.755725
0.200638,5.499916,-0.109192,-0.014648,0.946289,7.480916,18.519083,0.748092
0.201103,5.499916,-0.109009,-0.012695,0.943176,7.366412,18.274809,0.335878
0.201569,5.499916,-0.109497,-0.007202,0.939941,6.488550,18.473282,0.679389
0.202034,5.499916,-0.105957,-0.007996,0.935608,4.931298,18.984734,0.709924
0.202500,5.499916,-0.109558,-0.010620,0.932739,2.297710,19.274809,0.778626
0.202965,5.499916,-0.111389,-0.016052,0.933105,-0.969466,19.526718,0.480916
0.203431,5.499916,-0.113831,-0.017700,0.938416,-3.435115,19.938931,0.404580
0.203896,5.499916,-0.119568,-0.019592,0.946777,-4.465649,19.923664,0.519084
0.204362,5.499916,-0.117249,-0.026489,0.951416,-4.251908,19.656488,0.587786
0.204827,5.499916,-0.114563,-0.024048,0.958496,-1.877863,18.862595,0.511450
0.205293,5.499916,-0.112915,-0.022766,0.959534,2.236641,18.160305,0.587786
0.205758,5.499916,-0.111633,-0.022827,0.950867,6.351145,17.694656,0.328244
0.206224,5.499916,-0.112244,-0.023071,0.941040,9.251908,17.267176,0.335878
0.206689,5.499916,-0.113892,-0.022278,0.941284,9.648855,17.251909,0.595420
0.207155,1.801862,-0.117310,-0.020203,0.936096,8.358779,18.213741,0.801527
0.207621,-1.307546,-0.117859,-0.016785,0.936035,6.099236,18.893129,0.534351
0.208086,-1.101259,-0.115417,-0.020142,0.932312,3.465649,18.603054,0.404580
0.208552,-2.211414,-0.116394,-0.020081,0.934509,0.961832,18.053434,0.030534
0.209017,-2.977142,-0.110962,-0.022949,0.940125,-0.595420,18.320610,0.152672
0.209483,-3.496468,-0.104980,-0.021484,0.949646,-0.137405,18.671755,0.137405
0.209948,-3.923980,-0.105103,-0.024414,0.946777,1.969466,18.977098,0.282443
0.210414,-4.159808,-0.104187,-0.022034,0.947510,4.106870,19.183207,0.290076
0.210879,-4.229969,-0.108032,-0.022888,0.946411,4.778626,18.923664,0.320611
0.211345,-4.473014,-0.111145,-0.019104,0.953064,5.778626,18.954199,0.160305
0.211810,-5.485481,-0.113586,-0.014893,0.945374,6.396946,19.030535,0.221374
0.212276,-5.485481,-0.113586,-0.014893,0.945374,6.396946,19.030535,0.221374
0.212741,-5.494377,-0.117493,-0.009460,0.934631,6.068702,18.595419,0.274809
0.213207,-5.494545,-0.116516,-0.009460,0.937988,5.099236,18.625954,0.312977
0.213672,-5.494713,-0.117493,-0.012695,0.938843,3.969466,18.396946,0.198473
0.214138,-5.494881,-0.116028,-0.015686,0.942688,2.572519,17.923664,0.251908
0.214603,-5.494881,-0.113525,-0.017761,0.941711,0.366412,17.755726,0.450382
0.215069,-5.494881,-0.112122,-0.021851,0.938965,-1.557252,18.893129,0.541985
0.215534,-5.495048,-0.111694,-0.026794,0.937134,-2.832061,19.236641,0.694656
0.216000,-5.494881,-0.110718,-0.029419,0.944275,-3.061069,19.137405,0.389313
0.216465,-5.494881,-0.111267,-0.038452,0.950439,-1.343511,18.824427,0.099237
0.216931,-5.494881,-0.107422,-0.036804,0.949402,1.297710,18.595419,0.404580
0.217396,-5.495048,-0.108337,-0.035217,0.953430,4.824428,18.412214,0.557252
0.217862,-5.495048,-0.108337,-0.035217,0.953430,4.824428,18.412214,0.557252
0.218327,-4.879881,-0.113525,-0.032532,0.949768,8.977099,18.030535,0.839695
0.218793,-2.642786,-0.115967,-0.028076,0.947571,9.687023,18.473282,0.709924
0.219258,-0.968658,-0.117249,-0.022156,0.942444,9.366412,19.641222,0.816794
0.219724,-0.021988,-0.121887,-0.012329,0.937744,9.259542,19.954199,0.832061
0.220189,1.587015,-0.117493,-0.007385,0.937439,9.305344,18.648855,0.587786
0.220655,2.562890,-0.117432,-0.003723,0.939697,8.427481,16.587786,0.366412
0.221120,3.744884,-0.114014,-0.007080,0.941223,5.946565,16.183207,0.229008
0.221586,5.498238,-0.105835,-0.011597,0.937134,2.374046,17.954199,0.320611
0.222052,5.499916,-0.102600,-0.015442,0.931580,-1.145038,20.137405,0.366412
0.222517,5.499916,-0.109680,-0.015930,0.936035,-3.519084,20.755726,0.366412
0.222983,1.367468,-0.111389,-0.021790,0.947205,-4.221374,19.732824,0.381679
0.223448,-5.482795,-0.116211,-0.027222,0.946228,-3.580153,19.366413,0.687023
0.223914,-5.493370,-0.117126,-0.030334,0.946167,-2.465649,19.412214,0.778626
0.224379,-5.494209,-0.116943,-0.039062,0.944031,-1.946565,19.030535,0.816794
0.224845,2.549126,-0.116211,-0.041992,0.947144,-0.946565,19.076336,0.595420
0.225310,5.499916,-0.116821,-0.038330,0.948486,0.503817,18.992367,0.587786
0.225776,5.499916,-0.116333,-0.034607,0.952942,3.198473,18.847328,0.877863
0.226241,5.499916,-0.114807,-0.032715,0.954712,6.450382,18.450382,1.167939
0.226707,5.499916,-0.112427,-0.029663,0.952454,9.045801,17.412214,1.106870
0.227172,5.499916,-0.109314,-0.023315,0.940125,9.923664,17.389313,0.969466
0.227638,5.499916,-0.111816,-0.023010,0.938477,8.702291,18.374046,1.061069
0.228103,5.499916,-0.112732,-0.019409,0.939575,7.290076,18.893129,0.992366
0.228569,5.499916,-0.114441,-0.015503,0.940613,5.839694,18.763359,0.961832
0.229034,5.499916,-0.117004,-0.013062,0.938477,4.770992,18.335878,0.793893
0.229500,5.499916,-0.115662,-0.016052,0.938232,2.916031,18.206106,0.526718
0.229965,5.499916,-0.112305,-0.022095,0.935547,0.030534,18.145039,0.122137
0.230431,5.499916,-0.114746,-0.028259,0.934631,-2.442748,18.977098,0.122137
0.230896,5.499916,-0.113953,-0.032043,0.938721,-3.900763,19.923664,0.175573
0.231362,5.499916,-0.113770,-0.036194,0.945801,-3.687023,20.145039,0.198473
0.231827,5.499916,-0.121155,-0.037659,0.949768,-1.839695,20.137405,0.381679
0.232293,5.499916,-0.123840,-0.034119,0.954651,1.496183,19.290077,0.404580
0.232758,5.499916,-0.123230,-0.034363,0.955078,5.358778,18.282442,0.534351
0.233224,5.499916,-0.119385,-0.035034,0.950134,8.366412,17.519083,0.564885
0.233689,5.499916,-0.114502,-0.028503,0.943054,9.954199,17.778625,0.519084
0.234155,5.499916,-0.110779,-0.020325,0.938660,10.251908,17.526718,0.534351
0.234620,5.499916,-0.109924,-0.015198,0.939514,9.931297,17.221375,0.725191
0.235086,5.499916,-0.109253,-0.013123,0.941345,8.450381,17.496183,0.748092
0.235552,5.499916,-0.109497,-0.010559,0.941223,6.152672,18.816793,0.725191
0.236017,5.499916,-0.111755,-0.009521,0.936890,3.488550,19.198473,0.755725
0.236483,5.499916,-0.112732,-0.013550,0.931824,0.786260,18.259542,1.000000
0.236948,-5.183856,-0.111755,-0.019775,0.931641,-2.312977,18.022902,0.961832
0.237414,-5.492363,-0.110596,-0.027893,0.934692,-5.099236,18.603054,0.770992
0.237879,-5.494041,-0.110413,-0.034607,0.943359,-6.671756,19.564886,0.435115
0.238345,-5.494377,-0.110474,-0.039795,0.948975,-6.778626,19.847328,0.320611
0.238810,-5.494713,-0.119324,-0.046143,0.954895,-4.862596,19.931297,0.114504
0.239276,-5.494713,-0.120117,-0.046814,0.956482,-0.870229,19.259542,0.427481
0.239741,-5.495048,-0.116760,-0.045593,0.953369,3.961832,18.496183,0.297710
0.240207,-5.495048,-0.116089,-0.043579,0.951721,8.473283,18.145039,0.007634
0.240672,-5.494881,-0.121277,-0.035522,0.951050,12.274809,17.900763,-0.114504
0.241138,-5.495048,-0.122437,-0.026184,0.947083,15.022901,17.603054,0.259542
0.241603,-5.495048,-0.119751,-0.022461,0.942993,16.488550,16.687023,0.732824
0.242069,-5.494881,-0.116882,-0.017334,0.937195,15.045801,16.312977,0.809160
0.242534,-5.494881,-0.110596,-0.010010,0.931946,11.267176,17.099237,1.000000
0.243000,-5.495048,-0.106995,-0.009460,0.926270,5.900764,18.290077,0.938931
0.243465,-5.495048,-0.106262,-0.009338,0.927490,0.687023,18.916031,0.946565
0.243931,-5.495048,-0.110596,-0.014099,0.929626,-3.412214,19.526718,0.854962
0.244396,-5.495216,-0.113831,-0.020264,0.934570,-6.259542,19.763359,0.969466
0.244862,-5.494881,-0.116028,-0.028992,0.942322,-6.977099,19.679390,1.106870
0.245327,-5.494881,-0.113403,-0.036499,0.948364,-6.893130,19.870230,0.984733
0.245793,-5.495216,-0.116455,-0.042603,0.952026,-4.908397,19.519083,0.656489
0.246258,-5.495048,-0.116089,-0.046997,0.956543,-1.305344,18.839695,0.389313
0.246724,-5.495048,-0.117371,-0.045105,0.955750,2.389313,18.053434,0.381679
0.247189,-5.494881,-0.117371,-0.042480,0.954346,6.198473,18.297710,0.656489
0.247655,-5.495216,-0.116089,-0.034851,0.948181,9.320611,18.320610,0.740458
0.248120,-5.495048,-0.114807,-0.028259,0.944275,11.984733,17.961832,0.687023
0.248586,-4.417624,-0.111694,-0.024841,0.941223,12.938931,17.351145,0.793893
0.249052,3.566293,-0.112671,-0.020630,0.942444,11.748092,17.183207,0.625954
0.249517,5.499916,-0.110962,-0.017151,0.936157,9.541985,17.877863,0.656489
0.249983,5.499916,-0.112305,-0.014526,0.935486,5.770992,18.793894,0.793893
0.250448,5.499916,-0.112427,-0.014221,0.932617,1.908397,19.282442,0.633588
0.250914,5.499916,-0.115112,-0.018005,0.935547,-1.534351,18.671755,0.496183
0.251379,5.499916,-0.116333,-0.021790,0.941711,-4.091603,18.328245,0.541985
0.251845,5.499916,-0.114136,-0.031067,0.945007,-4.847328,18.625954,0.465649
0.252310,5.499916,-0.113770,-0.035583,0.939514,-4.839694,19.748091,0.625954
0.252776,5.499916,-0.110107,-0.038452,0.945312,-3.297710,19.625954,0.458015
0.253241,5.499916,-0.111877,-0.045044,0.953064,-0.786260,18.129770,0.183206
0.253707,5.499916,-0.113770,-0.049194,0.958435,2.083969,17.870230,0.175573
0.254172,5.499916,-0.115417,-0.044373,0.949524,5.137404,19.114504,0.297710
0.254638,5.499916,-0.116455,-0.038025,0.944763,8.068703,19.694656,0.458015
0.255103,5.499916,-0.118530,-0.032227,0.944763,10.152672,18.427481,0.519084
0.255569,5.499916,-0.120361,-0.029968,0.945984,11.213740,17.183207,0.664122
0.256034,5.499916,-0.118713,-0.022095,0.946228,10.977099,17.465649,0.992366
0.256500,5.499916,-0.118713,-0.022095,0.946228,10.977099,17.465649,0.992366
0.256965,-3.995987,-0.113403,-0.015137,0.929932,6.786260,18.648855,1.000000
0.257431,-5.476921,-0.112549,-0.013672,0.929810,3.297710,18.954199,0.755725
0.257896,-5.492531,-0.116211,-0.015381,0.934692,0.564885,18.961832,0.694656
0.258362,-5.493370,-0.116028,-0.019897,0.944092,-0.740458,18.511450,0.854962
0.258827,-5.493706,-0.116272,-0.030518,0.943848,-3.160305,18.114504,0.816794
0.259293,-5.494041,-0.118896,-0.037903,0.942810,-4.984733,19.221375,0.931298
0.259758,-5.494041,-0.117798,-0.042664,0.938293,-5.305344,20.129770,1.022901
0.260224,-5.494209,-0.122131,-0.048950,0.949219,-3.977099,19.343512,0.725191
0.260689,-5.494041,-0.122925,-0.053589,0.955200,-0.961832,18.030535,0.557252
0.261155,-5.494377,-0.120117,-0.049194,0.961243,3.427481,17.778625,0.916031
0.261620,-5.494377,-0.114136,-0.045532,0.955994,7.595420,18.038168,1.335878
0.262086,-5.494041,-0.111511,-0.045349,0.954773,11.893129,18.053434,1.229008
0.262551,-5.494209,-0.114685,-0.037659,0.952820,15.251908,17.374046,0.916031
0.263017,-5.494377,-0.115784,-0.024658,0.947693,17.198473,16.755726,1.129771
0.263483,-5.494713,-0.113037,-0.017334,0.943604,17.129770,16.526718,1.129771
0.263948,-5.494545,-0.107910,-0.005249,0.937561,14.854961,16.977098,1.381679
0.264414,-5.495048,-0.107300,-0.003052,0.928589,10.053435,18.282442,1.000000
0.264879,-5.495384,-0.110535,-0.004333,0.920471,3.656489,19.519083,0.770992
0.265345,-5.495216,-0.115479,-0.007751,0.918701,-0.122137,19.946566,0.526718
0.265810,-5.495216,-0.119507,-0.014771,0.921021,-6.961832,20.427481,0.328244
0.266276,-5.495048,-0.124329,-0.025879,0.934387,-11.763359,20.221375,0.503817
0.266741,-5.495216,-0.120483,-0.035461,0.948669,-13.862596,20.068703,0.702290
0.267207,-5.495216,-0.119629,-0.047058,0.959351,-12.335877,19.534351,0.664122
0.267672,-5.495384,-0.119873,-0.055115,0.964111,-8.160305,18.732824,0.557252
0.268138,-5.495384,-0.114319,-0.060730,0.961243,-2.473282,18.450382,0.442748
0.268603,0.134112,-0.112854,-0.062683,0.961609,4.213740,18.129770,0.458015
0.269069,-0.814572,-0.117432,-0.058472,0.960938,10.396947,17.648855,0.374046
0.269534,-5.485817,-0.116638,-0.052063,0.959351,15.557252,17.358778,0.458015
0.270000,-5.494209,-0.116455,-0.038574,0.951843,18.893129,17.160305,0.435115
0.270465,-5.494545,-0.115601,-0.028259,0.947571,20.656488,17.015266,0.656489
0.270931,-1.534981,-0.113953,-0.016968,0.940125,20.511450,16.725191,0.755725
0.271396,5.497902,-0.111877,-0.002686,0.934814,17.786259,16.335878,0.832061
0.271862,5.499916,-0.112610,0.000000,0.928955,12.854961,16.900763,0.839695
0.272327,5.499916,-0.108826,-0.000977,0.919495,9.587787,17.549618,0.625954
0.272793,5.499916,-0.110413,-0.002136,0.916687,2.236641,18.893129,0.442748
0.273258,-3.643671,-0.115295,-0.014038,0.923401,-5.580153,19.854961,0.229008
0.273724,5.476753,-0.118225,-0.024292,0.928589,-12.022901,20.137405,-0.038168
0.274189,5.499916,-0.117615,-0.037964,0.938599,-15.083969,19.900763,0.282443
0.274655,5.499916,-0.116699,-0.048157,0.947327,-14.633588,20.091602,0.534351
0.275120,5.499916,-0.118469,-0.058105,0.957153,-11.244275,19.809160,0.328244
0.275586,0.767910,-0.117676,-0.060425,0.962158,-5.793893,19.389313,0.030534
0.276051,-2.667124,-0.119446,-0.064026,0.966370,0.854962,19.000000,0.053435
0.276517,5.495888,-0.122070,-0.061279,0.963501,8.229008,18.801527,0.114504
0.276983,-1.936141,-0.122925,-0.054199,0.961365,15.076336,17.610687,0.183206
0.277448,-5.491188,-0.121765,-0.042908,0.954224,20.374046,16.053434,0.091603
0.277914,-5.494041,-0.114685,-0.030151,0.950684,23.488550,14.931297,0.244275
0.278379,-5.494377,-0.109680,-0.018677,0.941711,22.893129,15.427481,0.557252
0.278845,-5.494713,-0.102783,-0.007446,0.930176,21.488550,16.000000,0.595420
0.279310,-5.494881,-0.103516,0.001709,0.921570,15.992367,17.587786,0.473282
0.279776,-5.494881,-0.105652,0.002686,0.916016,8.778625,19.343512,0.610687
0.280241,-5.494881,-0.113159,0.002686,0.915955,0.748092,20.503817,0.832061
0.280707,-5.495048,-0.117371,-0.005859,0.921143,-7.007634,20.748091,1.000000
0.281172,-5.495048,-0.117371,-0.005859,0.921143,-7.007634,20.748091,1.000000
0.281638,-5.495048,-0.122192,-0.037048,0.935242,-18.557251,20.557251,0.679389
0.282103,-5.495048,-0.121887,-0.048523,0.948853,-20.251909,21.015266,0.755725
0.282569,-5.495048,-0.122131,-0.056458,0.957703,-17.511450,20.786259,0.938931
0.283034,-5.494881,-0.124268,-0.070068,0.969238,-11.389313,19.389313,0.946565
0.283500,-5.494881,-0.122192,-0.076599,0.974304,-2.938931,18.870230,0.931298
0.283965,-5.495048,-0.121094,-0.074158,0.969604,6.427481,18.587786,0.977099
0.284431,-4.917144,-0.119385,-0.068542,0.960510,15.183207,17.671755,0.564885
0.284896,5.491859,-0.120605,-0.061157,0.957886,21.847328,16.450382,0.465649
0.285362,5.499916,-0.118591,-0.046753,0.954346,25.435114,16.007633,0.748092
0.285827,5.499916,-0.118713,-0.032959,0.945801,26.061069,16.167938,0.847328
0.286293,5.499916,-0.113098,-0.021118,0.932129,25.259542,16.534351,1.198473
0.286758,5.499916,-0.109619,-0.007202,0.929321,22.198473,16.755726,1.083969
0.287224,5.499916,-0.109680,0.001831,0.924866,17.404581,16.587786,1.091603
0.287689,-1.437629,-0.107239,0.004333,0.923462,11.396947,16.862595,1.068702
0.288155,-4.681483,-0.108459,0.002625,0.924011,4.534351,18.282442,1.122137
0.288620,-5.492531,-0.111450,-0.005676,0.921204,-2.839695,20.145039,1.175573
0.289086,-5.494209,-0.114807,-0.010681,0.921021,-9.190840,21.389313,1.030534
0.289551,-5.494713,-0.119751,-0.019897,0.927368,-13.702291,21.427481,0.740458
0.290017,-5.494713,-0.124756,-0.031677,0.942322,-15.381680,20.519083,0.893130
0.290483,-5.494713,-0.127563,-0.048340,0.954224,-13.664123,19.671755,1.145038
0.290948,-0.303639,-0.127136,-0.057312,0.961853,-9.106871,19.267176,1.305344
0.291414,5.499245,-0.119934,-0.062439,0.962769,-2.343511,18.931297,1.091603
0.291879,5.499916,-0.117798,-0.059570,0.962219,5.748092,18.068703,0.778626
0.292345,5.499916,-0.117798,-0.059570,0.962219,5.748092,18.068703,0.778626
0.292810,5.499916,-0.116455,-0.050598,0.961121,15.809160,17.068703,0.839695
0.293276,5.499916,-0.116699,-0.042786,0.947205,19.320610,17.458015,1.045802
0.293741,5.499916,-0.115295,-0.030579,0.936523,19.786259,18.007633,1.282443
0.294207,5.499916,-0.112366,-0.023071,0.929443,17.763359,18.076336,1.076336
0.294672,5.499916,-0.116577,-0.008850,0.931702,13.847328,18.160305,1.076336
0.295138,5.499916,-0.111328,-0.006714,0.932983,9.770992,17.801527,1.015267
0.295603,5.499916,-0.111023,-0.009644,0.932800,4.847328,17.595419,1.175573
0.296069,5.499916,-0.109253,-0.009766,0.932007,-0.946565,18.656488,1.198473
0.296534,5.499916,-0.113098,-0.021423,0.927429,-6.473282,20.618320,1.213740
0.297000,5.499916,-0.116943,-0.028809,0.931335,-10.061069,21.763359,1.229008
0.297465,5.499916,-0.123779,-0.034363,0.945740,-10.167939,21.183207,1.366412
0.297931,5.499916,-0.126099,-0.042908,0.957947,-6.938931,19.305344,1.290076
0.298396,5.499916,-0.124512,-0.050964,0.962952,-1.763359,18.175573,1.122137
0.298862,5.499916,-0.121033,-0.056702,0.960266,3.236641,17.366413,1.000000
0.299327,5.499916,-0.116455,-0.060364,0.956909,5.633588,17.473282,0.862595
0.299793,5.499916,-0.115845,-0.055603,0.956848,9.641221,17.519083,0.343511
0.300258,5.499916,-0.117310,-0.048706,0.957092,13.618320,17.648855,0.106870
0.300724,5.499916,-0.115051,-0.038208,0.953430,17.763359,17.618320,0.129771
0.301189,5.499916,-0.116211,-0.025635,0.946106,21.259542,16.801527,0.053435
0.301655,4.547875,-0.116943,-0.017151,0.940796,22.633587,16.198473,0.122137
0.302120,-5.477592,-0.113159,-0.006836,0.932373,21.343512,16.671755,-0.022901
0.302586,-5.493202,-0.116821,0.000000,0.925903,17.175573,17.679390,0.259542
0.303051,-1.447700,-0.118896,0.000305,0.917725,11.190840,18.351145,0.725191
0.303517,-1.775341,-0.117493,0.002075,0.914185,3.702290,18.832062,0.717557
0.303982,-0.575891,-0.113647,-0.001587,0.921692,-3.450382,19.396946,0.717557
0.304448,0.620035,-0.117432,-0.005920,0.930603,-8.862596,19.786259,0.519084
0.304914,0.550378,-0.116089,-0.018372,0.938599,-11.198473,20.160305,0.450382
0.305379,0.984604,-0.116577,-0.026489,0.943176,-11.442748,19.862595,0.404580
0.305845,-3.742702,-0.114136,-0.041626,0.948669,-9.916031,19.709923,0.442748
0.306310,-5.492363,-0.116882,-0.046387,0.957642,-8.610687,19.679390,0.412214
0.306776,-2.595789,-0.118835,-0.048340,0.958252,-5.091603,19.381680,0.152672
0.307241,-5.487831,-0.121155,-0.053223,0.953430,-0.862595,19.190840,0.259542
0.307707,-5.494041,-0.118591,-0.050537,0.954407,3.770992,18.847328,0.488550
0.308172,-5.494377,-0.117920,-0.050476,0.953491,8.068703,18.343512,0.236641
0.308638,-5.494881,-0.122620,-0.047119,0.946289,11.328244,17.694656,0.167939
0.309103,-5.495048,-0.123657,-0.040283,0.945557,12.694656,17.282442,0.030534
0.309569,-5.494881,-0.122498,-0.039551,0.940186,12.206107,17.175573,0.335878
0.310034,-5.494881,-0.121216,-0.037231,0.941406,10.763359,17.450382,0.564885
0.310500,-5.495048,-0.115417,-0.027893,0.941895,9.206107,17.480917,0.618321
0.310965,-5.495048,-0.115356,-0.025391,0.943787,8.213740,17.954199,0.480916
0.311431,-5.495048,-0.111694,-0.019226,0.941406,8.045801,18.229008,0.725191
0.311896,-5.495216,-0.109375,-0.019043,0.941406,7.877862,18.022902,0.748092
0.312362,-5.495048,-0.111572,-0.018799,0.939697,6.862596,18.152672,1.122137
0.312827,-5.495384,-0.115967,-0.016968,0.936707,5.938931,18.450382,1.091603
0.313293,-5.495216,-0.116577,-0.019836,0.932617,3.328244,19.251909,1.274809
0.313758,-5.495216,-0.119202,-0.018860,0.932617,0.458015,19.541985,1.129771
0.314224,-5.495216,-0.119568,-0.023560,0.937134,-1.709924,19.297710,1.335878
0.314689,-5.495048,-0.122559,-0.028503,0.940247,-2.755725,19.061069,1.458015
0.315155,-5.495048,-0.123657,-0.035400,0.945862,-3.045802,19.129770,1.366412
0.315620,-5.495048,-0.122681,-0.039551,0.948059,-2.106870,19.030535,1.152672
0.316086,-5.495216,-0.122742,-0.043579,0.946045,-0.557252,18.473282,1.167939
0.316551,-5.495048,-0.120850,-0.042847,0.943848,1.442748,18.129770,1.038168
0.317017,-5.495048,-0.120850,-0.042847,0.943848,1.442748,18.129770,1.038168
0.317482,-5.495216,-0.115173,-0.041626,0.956116,7.541985,17.442749,1.496183
0.317948,-5.400214,-0.113708,-0.040100,0.952026,10.137404,17.305344,1.122137
0.318414,-2.800565,-0.108704,-0.040161,0.947876,11.396947,17.847328,0.992366
0.318879,-1.526925,-0.113098,-0.034729,0.937744,11.190840,18.549618,1.015267
0.319345,-2.153338,-0.112976,-0.029968,0.938965,10.099236,18.854961,0.755725
0.319810,-2.653193,-0.121216,-0.023376,0.935791,9.175572,18.770992,0.847328
0.320276,-2.629358,-0.122559,-0.020020,0.932922,7.725191,18.984734,0.885496
0.320741,-2.668971,-0.127075,-0.017578,0.936035,6.213740,18.885496,1.251908
0.321207,-3.862882,-0.124512,-0.015930,0.941467,4.877862,18.351145,1.435115
0.321672,-4.444984,-0.118408,-0.018433,0.944763,3.625954,17.641222,1.541985
0.322138,-3.363699,-0.118958,-0.022034,0.939575,2.534351,17.946566,1.282443
0.322603,-4.331518,-0.115967,-0.025146,0.937195,1.763359,18.496183,1.251908
0.323069,-4.497688,-0.114807,-0.029236,0.937622,0.908397,18.412214,1.198473
0.323534,-5.065187,-0.112000,-0.035278,0.939453,0.183206,18.259542,1.000000
0.324000,-5.493874,-0.115601,-0.035400,0.940979,0.007634,19.000000,0.801527
0.324465,-5.494713,-0.116760,-0.039001,0.946838,0.687023,19.503817,0.877863
0.324931,-5.494881,-0.119080,-0.039429,0.947876,1.786260,19.572519,0.961832
0.325396,-5.494881,-0.123474,-0.039734,0.945801,3.580153,19.290077,0.778626
0.325862,-4.736034,-0.124878,-0.036255,0.941284,5.442748,18.664122,0.725191
0.326327,-1.133486,-0.124023,-0.035339,0.945068,6.274809,18.312977,0.870229
0.326793,1.674968,-0.121521,-0.036804,0.946777,7.000000,17.946566,1.038168
0.327258,5.466346,-0.121582,-0.039429,0.947876,6.755725,18.053434,1.145038
0.327724,5.499916,-0.125366,-0.039917,0.946106,6.045802,18.511450,1.183206
0.328189,5.499916,-0.125366,-0.039917,0.946106,6.045802,18.511450,1.183206
0.328655,5.499916,-0.122009,-0.042297,0.943970,5.984733,17.893129,1.473282
0.329120,5.499916,-0.116150,-0.040771,0.951721,7.160306,17.297710,1.519084
0.329586,5.499916,-0.111938,-0.036926,0.954102,9.572519,16.564886,1.335878
0.330051,5.499916,-0.111267,-0.037170,0.951660,12.465649,16.519083,1.091603
0.330517,5.499916,-0.110413,-0.031250,0.946289,14.374045,17.229008,1.007634
0.330982,5.499916,-0.113586,-0.028076,0.943909,14.473283,18.045801,1.022901
0.331448,5.499916,-0.116455,-0.026489,0.939880,13.389313,18.435114,1.114504
0.331914,5.499916,-0.118469,-0.019653,0.939270,11.931297,18.343512,1.183206
0.332379,5.499916,-0.120361,-0.011169,0.943115,11.282443,17.603054,1.038168
0.332845,5.499916,-0.119385,-0.003418,0.944031,11.580153,16.916031,1.083969
0.333310,5.499916,-0.117798,0.002136,0.939697,11.832061,16.877863,1.152672
0.333776,5.499916,-0.114014,0.005981,0.934937,11.931297,17.274809,1.305344
0.334241,5.499916,-0.110168,0.002930,0.933838,10.671756,17.610687,1.274809
0.334707,5.499916,-0.114563,-0.001160,0.930054,7.229008,17.603054,1.267176
0.335172,2.930816,-0.118591,-0.007263,0.923462,1.740458,17.992367,1.030534
0.335638,0.017288,-0.117859,-0.014099,0.927856,-4.099236,19.335878,1.076336
0.336103,-5.419684,-0.120667,-0.020935,0.939331,-8.267176,20.206106,1.053435
0.336569,-5.493034,-0.122070,-0.021240,0.943542,-8.587787,19.687023,0.801527
0.337034,4.168872,-0.120361,-0.028198,0.951965,-6.312977,18.099237,0.740458
0.337500,5.499916,-0.115417,-0.035156,0.957520,-2.221374,17.358778,0.709924
0.337965,5.499916,-0.108887,-0.041260,0.956726,2.000000,17.167938,0.847328
0.338431,5.499916,-0.108704,-0.045227,0.953003,5.137404,17.618320,0.496183
0.338896,5.499916,-0.112000,-0.040405,0.958069,8.809160,18.679390,0.221374
0.339362,5.499916,-0.118286,-0.031921,0.951416,11.954199,18.671755,0.404580
0.339827,5.499916,-0.119690,-0.023010,0.948425,14.755725,17.847328,0.465649
0.340293,5.499916,-0.119141,-0.015015,0.943115,15.557252,17.450382,0.427481
0.340758,5.499916,-0.119385,-0.007324,0.934631,15.877863,16.801527,0.526718
0.341224,5.499916,-0.115051,-0.002075,0.929016,13.847328,17.175573,0.488550
0.341689,5.499916,-0.112427,-0.000427,0.929443,9.725191,17.809160,0.572519
0.342155,5.499916,-0.115784,-0.000244,0.927124,4.595420,17.961832,0.427481
0.342620,5.499916,-0.112549,-0.000366,0.924072,-0.786260,19.015266,0.290076
0.343086,5.499916,-0.114380,-0.002380,0.927429,-5.137404,20.015266,0.648855
0.343551,-1.642741,-0.115173,-0.005432,0.932556,-8.549619,20.091602,0.832061
0.344017,-5.490852,-0.116455,-0.016602,0.941406,-10.755725,19.160305,0.709924
0.344482,-5.493538,-0.119263,-0.029480,0.946655,-12.152672,19.557251,0.572519
0.344948,-5.494377,-0.118774,-0.041016,0.948547,-11.900764,20.427481,0.549618
0.345413,-5.494545,-0.117920,-0.051270,0.949219,-9.816793,20.496183,0.450382
0.345879,-5.494713,-0.124817,-0.053528,0.956177,-5.435114,19.694656,0.229008
0.346345,-5.494713,-0.126892,-0.053955,0.966858,1.374046,18.290077,0.404580
0.346810,-5.494881,-0.123352,-0.054199,0.974426,5.022901,17.786259,0.557252
0.347276,-5.494713,-0.121887,-0.051392,0.961487,12.244275,17.022902,0.725191
0.347741,-5.495216,-0.118591,-0.044617,0.945007,17.381680,16.839695,0.702290
0.348207,-5.495048,-0.117004,-0.033691,0.938782,19.290077,16.595419,0.610687
0.348672,-5.495048,-0.114685,-0.018433,0.938171,19.160305,16.564886,0.557252
0.349138,-5.495048,-0.113342,-0.008545,0.938477,17.984734,16.595419,1.000000
0.349603,-5.495048,-0.106201,-0.003174,0.931580,15.458015,16.908398,0.977099
0.350069,-5.192920,-0.105408,-0.002258,0.922180,10.954199,17.503817,0.770992
0.350534,-5.355398,-0.108093,-0.000061,0.918884,4.748092,18.885496,0.671756
0.351000,-5.494713,-0.113770,-0.002930,0.916870,-1.839695,20.633587,0.534351
0.351465,-5.494881,-0.120667,-0.002808,0.924316,-6.877862,21.000000,0.641221
0.351931,-5.495048,-0.123840,-0.009521,0.938843,-9.687023,19.847328,0.770992
0.352396,5.435462,-0.123291,-0.022461,0.943115,-9.740458,19.000000,0.847328
0.352862,5.435462,-0.123291,-0.022461,0.943115,-9.740458,19.000000,0.847328
0.353327,5.499916,-0.116821,-0.036194,0.953979,-4.954198,18.938931,0.832061
0.353793,5.499916,-0.113892,-0.039307,0.958435,-3.122137,18.519083,0.770992
0.354258,5.499916,-0.112427,-0.043030,0.956970,0.961832,17.877863,0.290076
0.354724,5.499916,-0.115356,-0.037109,0.958374,5.282443,18.450382,0.312977
0.355189,5.499916,-0.114197,-0.029907,0.960938,10.549619,18.412214,0.938931
0.355655,-3.360510,-0.113586,-0.025391,0.959473,15.900764,16.870230,1.190840
0.356120,-5.491859,-0.114441,-0.020752,0.949585,18.541985,15.717557,1.068702
0.356586,-5.494041,-0.116150,-0.024292,0.933716,17.435114,16.694656,0.946565
0.357051,-5.494377,-0.119202,-0.022888,0.924805,13.000000,18.053434,1.366412
0.357517,-5.494545,-0.119629,-0.017029,0.913818,7.221374,18.572519,1.916031
0.357982,-5.494545,-0.118713,-0.019470,0.922607,1.717557,18.167938,2.312977
0.358448,-5.494881,-0.118713,-0.024475,0.936218,-2.213740,18.099237,2.320611
0.358913,3.330968,-0.115234,-0.031189,0.943237,-4.030534,18.664122,1.900763
0.359379,5.499916,-0.113220,-0.034180,0.945801,-3.633588,19.610687,1.916031
0.359845,-5.442679,-0.115967,-0.032471,0.954407,-0.267176,19.595419,2.122137
0.360310,-5.492531,-0.118835,-0.030334,0.961426,2.244275,19.007633,2.335878
0.360776,5.152132,-0.119263,-0.028564,0.961609,7.931298,17.648855,2.206107
0.361241,5.499916,-0.116516,-0.023682,0.957275,12.450381,17.312977,2.198473
0.361707,5.499916,-0.115234,-0.020020,0.945801,15.152672,17.519083,1.832061
0.362172,5.499916,-0.116272,-0.020935,0.934937,14.709924,17.183207,1.244275
0.362638,5.499916,-0.119141,-0.016418,0.937134,12.129771,16.984734,0.793893
0.363103,5.499916,-0.119629,-0.017395,0.940308,8.832061,17.045801,0.648855
0.363569,5.499916,-0.117737,-0.016296,0.934570,5.427481,16.900763,0.748092
0.364034,5.499916,-0.117737,-0.016296,0.934570,5.427481,16.900763,0.748092
0.364500,5.499916,-0.114258,-0.023376,0.930603,1.145038,18.374046,0.977099
0.364965,5.499916,-0.115479,-0.030884,0.937134,0.603053,18.381680,0.908397
0.365431,5.499916,-0.118774,-0.032715,0.946777,0.671756,18.549618,0.709924
0.365896,5.499916,-0.120972,-0.035095,0.945618,1.961832,18.916031,0.587786
0.366362,5.499916,-0.119995,-0.031921,0.942139,4.122138,19.015266,0.725191
0.366827,0.121187,-0.117676,-0.027161,0.942871,6.923664,18.961832,0.702290
0.367293,-5.489677,-0.108643,-0.014832,0.950195,8.465649,18.793894,0.732824
0.367758,-5.493370,-0.102844,-0.002563,0.949219,12.061069,19.045801,0.961832
0.368224,-5.494209,-0.108398,0.006592,0.944641,13.984733,18.984734,0.564885
0.368689,-5.494545,-0.113953,0.006348,0.934387,11.709924,18.755726,0.244275
0.369155,-5.494377,-0.121460,0.007812,0.928101,5.488550,19.328245,0.526718
0.369620,-5.494881,-0.127502,0.006714,0.928223,-2.045802,20.671755,0.732824
0.370086,-5.494881,-0.129089,-0.002136,0.926392,-8.496183,20.374046,0.793893
0.370551,-5.495048,-0.128235,-0.008240,0.926941,-12.603053,19.221375,0.404580
0.371017,-5.494881,-0.121277,-0.023254,0.935913,-14.687023,18.381680,0.190840
0.371482,-5.495048,-0.118164,-0.039368,0.943115,-14.923664,17.862595,0.091603
0.371948,-5.495048,-0.116821,-0.055847,0.947510,-13.916031,18.595419,0.160305
0.372413,-5.495048,-0.115967,-0.062866,0.956848,-10.702291,20.129770,0.068702
0.372879,-5.495048,-0.117188,-0.066162,0.961548,-4.770992,20.587786,0.038168
0.373345,-5.494881,-0.120483,-0.064087,0.966736,2.908397,19.824427,-0.274809
0.373810,-5.495384,-0.122742,-0.058533,0.964905,11.274809,17.977098,-0.083969
0.374276,-5.495216,-0.119812,-0.045837,0.961853,14.885496,17.351145,-0.106870
0.374741,-5.495216,-0.112976,-0.029907,0.957703,20.847328,16.740458,0.190840
0.375207,-5.495216,-0.110779,-0.015198,0.948547,23.633587,16.732824,0.458015
0.375672,-5.495048,-0.111816,-0.003479,0.938110,22.442749,16.610687,0.458015
0.376138,-5.495048,-0.112122,0.006470,0.927551,18.328245,17.465649,0.732824
0.376603,-5.495048,-0.111755,0.013367,0.931213,12.213740,17.885496,1.106870
0.377069,-5.495216,-0.115295,0.008545,0.927490,5.412214,17.580153,1.419847
0.377534,5.412634,-0.115051,0.003235,0.928772,-1.687023,17.572519,1.358779
0.378000,5.499916,-0.118591,-0.004517,0.930359,-7.587786,17.916031,1.664122
0.378465,5.499916,-0.118408,-0.015625,0.929016,-11.595420,18.419847,1.694656
0.378931,5.499916,-0.121460,-0.032959,0.935547,-12.839695,18.381680,1.824427
0.379396,5.499916,-0.125061,-0.044739,0.950256,-11.312977,17.755726,1.534351
0.379862,5.499916,-0.128296,-0.058044,0.958679,-7.519084,17.725191,1.236641
0.380327,5.499916,-0.124634,-0.067749,0.958069,-2.167939,17.290077,1.137405
0.380793,5.499916,-0.122314,-0.072693,0.961609,1.251908,17.022902,1.427481
0.381258,5.499916,-0.117493,-0.067566,0.962769,8.625955,16.236641,1.755725
0.381724,5.499916,-0.109985,-0.062256,0.966064,16.000000,15.816793,1.778626
0.382189,5.499916,-0.107544,-0.045593,0.959534,22.900763,16.534351,1.564885
0.382655,5.499916,-0.113342,-0.031372,0.948425,27.748091,17.076336,1.396947
0.383120,5.499916,-0.120239,-0.012207,0.934143,29.488550,17.526718,1.366412
0.383586,5.499916,-0.121948,0.005066,0.928345,29.786259,17.656488,2.198473
0.384051,5.499916,-0.117798,0.016724,0.924683,27.877863,16.458015,2.381679
0.384517,5.499916,-0.116943,0.018372,0.926392,22.229008,15.312977,1.427481
0.384982,5.499916,-0.113892,0.019897,0.917603,11.969465,15.824428,0.343511
0.385448,5.499916,-0.106812,0.012329,0.904541,0.244275,17.030535,0.007634
0.385913,5.499916,-0.103455,0.002380,0.907410,-10.160305,18.824427,0.297710
0.386379,-0.787381,-0.104370,-0.007751,0.927490,-16.236641,20.343512,0.106870
0.386844,-5.490181,-0.107910,-0.016541,0.951172,-16.496183,20.732824,-0.045802
0.387310,-5.493706,-0.115417,-0.027344,0.966797,-11.809160,19.755726,-0.206107
0.387776,-5.494377,-0.120483,-0.037231,0.971375,-8.259542,19.396946,-0.396947
0.388241,-5.494545,-0.123962,-0.043213,0.962158,-0.717557,18.221375,-0.519084
0.388707,-5.494545,-0.123962,-0.043213,0.962158,-0.717557,18.221375,-0.519084
0.389172,-5.494713,-0.123230,-0.042542,0.950562,12.503817,16.717558,0.564885
0.389638,-5.494881,-0.121643,-0.037903,0.943115,15.381680,16.106871,1.099237
0.390103,-5.494881,-0.115051,-0.027222,0.935791,15.664123,16.412214,1.534351
0.390569,-5.494881,-0.111755,-0.017761,0.934814,14.320611,17.305344,1.755725
0.391034,5.341466,-0.108337,-0.013550,0.933289,12.320611,17.404581,1.755725
0.391500,-0.966308,-0.106628,-0.007202,0.938477,9.267176,17.564886,1.572519
0.391965,-5.490684,-0.104431,-0.005798,0.935486,6.290076,18.374046,1.557252
0.392431,-5.493874,-0.107300,-0.007751,0.932861,3.847328,19.870230,1.045802
0.392896,-5.494377,-0.109863,-0.007263,0.939453,1.748092,19.725191,0.595420
0.393362,-5.494713,-0.115356,-0.007629,0.941650,0.503817,18.519083,0.259542
0.393827,-5.494713,-0.119202,-0.011169,0.949341,0.885496,18.068703,-0.068702
0.394293,-5.494881,-0.119202,-0.013428,0.953613,1.480916,17.992367,0.091603
0.394758,-2.145617,-0.115967,-0.016968,0.952698,3.145038,17.435114,-0.068702
0.395224,5.497230,-0.111572,-0.021057,0.947510,4.534351,17.167938,0.274809
0.395689,5.499916,-0.111816,-0.025024,0.941528,5.160306,17.183207,0.015267
0.396155,5.499916,-0.113464,-0.021179,0.941956,4.702290,18.221375,0.152672
0.396620,5.499916,-0.114746,-0.023132,0.942810,4.557252,18.496183,0.717557
0.397086,-0.213001,-0.120850,-0.024414,0.943665,4.946565,18.137405,0.870229
0.397551,-5.489677,-0.122314,-0.026001,0.945862,4.679389,17.679390,0.526718
0.398017,-5.493706,-0.120972,-0.026245,0.945312,4.305344,17.236641,0.572519
0.398482,-5.494377,-0.114807,-0.026733,0.945007,4.045802,17.236641,0.725191
0.398948,-5.494713,-0.109680,-0.021973,0.945618,5.519084,17.549618,1.038168
0.399413,-5.495048,-0.104919,-0.018005,0.949097,8.358779,17.419847,1.167939
0.399879,-5.495048,-0.104919,-0.018005,0.949097,8.358779,17.419847,1.167939
0.400344,4.440116,-0.106934,-0.013245,0.947144,11.251908,17.786259,0.664122
0.400810,5.499916,-0.109680,-0.014221,0.936096,9.580153,18.389313,0.206107
0.401276,-2.497429,-0.112610,-0.010681,0.935608,8.229008,18.763359,0.022901
0.401741,-5.491691,-0.116089,-0.011719,0.935181,5.580153,18.618320,0.038168
0.402207,-5.494209,-0.113098,-0.013733,0.937805,3.641221,17.938931,0.007634
0.402672,-5.494545,-0.110657,-0.010376,0.942566,2.587786,17.740458,0.137405
0.403138,-5.495048,-0.109863,-0.011963,0.942627,2.709924,18.106871,0.229008
0.403603,-5.495048,-0.109436,-0.012085,0.944946,3.259542,18.198473,-0.038168
0.404069,-5.495216,-0.111023,-0.016846,0.946716,3.511450,18.305344,-0.045802
0.404534,-5.495048,-0.109985,-0.014771,0.947388,3.259542,18.305344,-0.213740
0.405000,-5.495048,-0.116333,-0.016174,0.945007,3.381679,18.587786,-0.328244
0.405465,-5.495384,-0.115601,-0.014526,0.942688,4.267176,18.175573,0.038168
0.405931,-5.495048,-0.116455,-0.015442,0.947449,5.694656,17.267176,0.022901
0.406396,-5.495216,-0.111511,-0.018311,0.947083,6.702290,16.992367,-0.145038
0.406862,-5.495216,-0.114502,-0.015808,0.943970,7.480916,17.877863,0.114504
0.407327,-5.495216,-0.111755,-0.013000,0.939331,8.213740,18.572519,0.488550
0.407793,-5.495048,-0.110901,-0.007629,0.938477,8.702291,18.213741,0.404580
0.408258,-5.495216,-0.112183,-0.006104,0.939575,8.793893,17.801527,0.343511
0.408724,-5.495384,-0.110718,-0.008118,0.938293,7.282443,17.213741,0.610687
0.409189,0.592676,-0.107300,-0.007385,0.932800,4.091603,18.519083,0.671756
0.409655,-3.814542,-0.109497,-0.004333,0.927979,0.267176,20.435114,0.832061
0.410120,-5.493034,-0.112488,-0.004150,0.937988,-2.137405,20.824427,0.694656
0.410586,-5.494545,-0.116028,-0.005737,0.949402,-2.732824,19.717558,0.801527
0.411051,-5.494881,-0.112427,-0.009705,0.959167,-1.595420,18.221375,1.190840
0.411517,-5.495048,-0.113220,-0.013733,0.958130,0.122137,17.755726,1.511450
0.411982,-5.495048,-0.110962,-0.019287,0.950623,1.068702,18.396946,1.259542
0.412448,-5.494881,-0.106445,-0.022888,0.945801,1.854962,18.473282,0.648855
0.412913,-5.495216,-0.110718,-0.026428,0.944702,2.152672,18.007633,0.366412
0.413379,-5.495048,-0.114136,-0.029968,0.947754,2.862595,17.900763,0.488550
0.413844,-5.495216,-0.115479,-0.030823,0.948914,3.633588,18.793894,0.526718
0.414310,-5.495384,-0.116821,-0.029663,0.943970,5.656488,19.083969,0.480916
0.414776,-5.495384,-0.117615,-0.027039,0.944824,6.992366,18.610687,0.442748
0.415241,-5.495552,-0.116272,-0.026917,0.949707,9.335877,16.877863,0.442748
0.415707,-5.495384,-0.110962,-0.019714,0.947571,10.702291,16.343512,0.709924
0.416172,-5.495384,-0.108093,-0.016907,0.941772,11.358779,17.763359,1.152672
0.416638,-0.894636,-0.111572,-0.006470,0.942871,12.061069,18.969465,1.137405
0.417103,5.405921,-0.112671,-0.000671,0.942017,12.274809,18.503817,1.198473
0.417569,5.499916,-0.113342,0.003967,0.943054,12.450381,17.572519,1.374046
0.418034,5.499916,-0.109070,0.009277,0.938843,11.549619,17.534351,2.068702
0.418500,5.499916,-0.108154,0.011230,0.934875,9.213740,18.251909,1.916031
0.418965,5.499916,-0.105103,0.008118,0.928101,5.442748,18.389313,1.351145
0.419431,5.499916,-0.110962,0.009827,0.928162,0.977099,18.190840,0.862595
0.419896,5.499916,-0.109436,0.004456,0.930481,-3.534351,18.954199,0.938931
0.420362,5.499916,-0.111450,-0.002380,0.934021,-6.755725,20.198473,1.053435
0.420827,5.499916,-0.111328,-0.010803,0.937988,-8.893129,20.122137,0.977099
0.421293,5.499916,-0.114441,-0.020203,0.947815,-9.221375,19.206106,0.404580
0.421758,5.499916,-0.118103,-0.029114,0.957092,-9.022901,19.000000,0.229008
0.422224,5.499916,-0.116882,-0.038391,0.956665,-7.229008,19.251909,0.442748
0.422689,5.499916,-0.119019,-0.042480,0.959961,-3.679389,19.694656,0.755725
0.423155,5.499916,-0.120728,-0.041748,0.958679,1.702290,19.198473,0.664122
0.423620,5.499916,-0.119690,-0.037292,0.965454,8.083969,17.503817,0.511450
0.424086,5.499916,-0.114929,-0.031006,0.962952,14.274809,16.152672,0.427481
0.424551,5.499916,-0.114929,-0.031006,0.962952,14.274809,16.152672,0.427481
0.425017,5.499916,-0.106201,-0.019775,0.946106,20.160305,16.030535,0.740458
0.425482,5.499916,-0.103943,-0.012756,0.941162,19.183207,16.190840,0.412214
0.425948,5.499916,-0.104553,-0.002869,0.936646,16.251909,17.610687,0.305344
0.426413,5.499916,-0.104431,0.005615,0.933960,12.656488,18.824427,0.511450
0.426879,5.499916,-0.112061,0.013123,0.928650,8.954199,18.816793,0.458015
0.427344,5.499916,-0.112366,0.015381,0.927429,4.809160,18.404581,0.725191
0.427810,5.499916,-0.110107,0.013916,0.922974,0.961832,18.244274,0.717557
0.428275,5.499916,-0.108582,0.008240,0.928955,-0.801527,18.503817,0.694656
0.428741,5.499916,-0.110840,0.002197,0.936035,-4.442748,18.648855,0.587786
0.429207,5.499916,-0.111023,-0.009460,0.941284,-7.320611,19.045801,0.633588
0.429672,5.499916,-0.113831,-0.020081,0.944702,-9.244275,19.297710,0.648855
0.430138,5.499916,-0.112671,-0.026428,0.949463,-9.396947,19.496183,0.603053
0.430603,5.499916,-0.112732,-0.034912,0.955200,-7.152672,19.297710,0.465649
0.431069,5.499916,-0.115417,-0.039124,0.959839,-3.106870,18.801527,0.793893
0.431534,5.499916,-0.117065,-0.041870,0.961670,2.022901,18.061069,0.877863
0.432000,5.499916,-0.118225,-0.041321,0.958008,7.335878,18.038168,0.923664
0.432465,5.499916,-0.116455,-0.036987,0.954102,12.030535,17.885496,0.893130
0.432931,5.499916,-0.117615,-0.032104,0.947693,14.870229,17.374046,0.824427
0.433396,5.499916,-0.117737,-0.026611,0.947021,16.129770,16.664122,0.992366
0.433862,5.499916,-0.109558,-0.014404,0.944031,16.137405,16.427481,1.435115
0.434327,5.499916,-0.104553,-0.003479,0.940979,15.473283,16.839695,1.320611
0.434793,5.499916,-0.102966,0.004456,0.937500,13.870229,17.580153,1.145038
0.435258,5.499916,-0.099915,0.009338,0.934814,12.786260,17.969465,1.053435
0.435724,5.499916,-0.099915,0.009338,0.934814,12.786260,17.969465,1.053435
0.436189,5.499916,-0.109314,0.012939,0.936279,6.114504,19.022902,1.129771
0.436655,2.794858,-0.113220,0.008911,0.932678,2.114504,19.351145,1.167939
0.437120,-0.399817,-0.114624,-0.000305,0.933960,-1.190840,19.167938,1.259542
0.437586,-0.235828,-0.116211,-0.004761,0.934143,-4.312977,18.694656,1.297710
0.438051,-0.599222,-0.116089,-0.015686,0.938416,-6.259542,18.977098,1.022901
0.438517,-0.197559,-0.116272,-0.019348,0.943115,-6.832061,18.694656,1.030534
0.438982,-0.311192,-0.111816,-0.026123,0.951721,-5.343512,18.412214,1.167939
0.439448,-2.527977,-0.112732,-0.030518,0.957031,-1.656489,18.709923,1.061069
0.439913,-4.931914,-0.109375,-0.033936,0.960022,2.893130,18.977098,1.061069
0.440379,-5.492363,-0.109436,-0.029907,0.953979,7.427481,18.488550,0.832061
0.440844,-5.494041,-0.114990,-0.023071,0.952087,11.000000,17.656488,0.916031
0.441310,-5.494377,-0.111450,-0.021790,0.950562,12.854961,17.458015,1.045802
0.441775,-5.494545,-0.114441,-0.010254,0.947510,13.297709,17.931297,1.129771
0.442241,-5.494545,-0.111328,-0.004150,0.940857,13.099236,18.404581,1.221374
0.442707,-5.494881,-0.109619,0.000854,0.933716,11.679389,18.251909,1.053435
0.443172,-5.494881,-0.107910,0.003113,0.929932,9.137404,17.793894,0.854962
0.443638,-2.122957,-0.110535,0.000427,0.930847,5.465649,18.465649,0.946565
0.444103,5.152804,-0.114014,0.001892,0.935730,1.793893,19.419847,1.053435
0.444569,5.499916,-0.117798,-0.000305,0.938232,-1.061069,19.328245,0.938931
0.445034,5.499916,-0.116882,-0.009460,0.941345,-3.030534,19.000000,0.900763
0.445500,5.499916,-0.116516,-0.013916,0.942871,-3.916031,18.717558,1.007634
0.445965,5.499916,-0.118103,-0.018616,0.943848,-3.541985,18.587786,1.061069
0.446431,5.499916,-0.115601,-0.024231,0.946838,-2.282443,18.519083,1.122137
0.446896,5.499916,-0.111511,-0.031799,0.952881,0.061069,18.870230,0.923664
0.447362,5.499916,-0.113403,-0.030273,0.954346,3.610687,18.725191,0.839695
0.447827,5.499916,-0.114014,-0.028198,0.957031,7.832061,18.175573,0.725191
0.448293,5.499916,-0.115967,-0.022156,0.949219,11.793893,17.297710,0.809160
0.448758,5.499916,-0.109924,-0.019775,0.944031,12.969465,17.068703,0.938931
0.449224,5.499916,-0.105469,-0.010742,0.939026,14.106871,16.793894,0.977099
0.449689,5.499916,-0.108154,-0.009155,0.936523,13.358779,17.534351,0.854962
0.450155,5.499916,-0.106689,-0.001831,0.934753,11.549619,18.916031,0.938931
0.450620,5.499916,-0.116211,0.008179,0.931152,9.671756,19.717558,1.038168
0.451086,5.499916,-0.115173,0.010498,0.930481,7.519084,19.106871,0.916031
0.451551,5.499916,-0.114502,0.013367,0.933350,4.801527,18.610687,0.809160
0.452017,5.499916,-0.116943,0.006714,0.931152,1.877863,18.335878,0.618321
0.452482,5.499916,-0.116272,0.007263,0.936462,-1.000000,17.969465,0.648855
0.452948,5.499916,-0.110046,-0.002258,0.944458,-3.687023,17.007633,0.458015
0.453413,5.499916,-0.107117,-0.010803,0.947205,-5.824428,17.770992,0.267176
0.453879,5.499916,-0.107178,-0.018311,0.944214,-6.267176,19.175573,0.358779
0.454344,5.499916,-0.110168,-0.024109,0.945129,-5.106870,19.984734,0.503817
0.454810,-5.024399,-0.112122,-0.030396,0.952393,-2.221374,19.473282,0.572519
0.455275,-5.492363,-0.116882,-0.033325,0.960632,1.793893,18.755726,0.389313
0.455741,-5.494041,-0.119934,-0.032349,0.957886,4.206107,18.549618,0.603053
0.456207,-5.494377,-0.122559,-0.027466,0.954224,9.091603,18.083969,1.015267
0.456672,-5.494713,-0.113037,-0.021484,0.949158,13.534351,16.717558,1.007634
0.457138,-5.494881,-0.113892,-0.012329,0.946533,16.503817,15.885496,0.824427
0.457603,-5.495048,-0.105774,-0.005371,0.943909,17.320610,16.236641,1.061069
0.458069,-5.494881,-0.106812,0.003296,0.936523,15.458015,17.404581,0.916031
0.458534,-5.495048,-0.110168,0.009216,0.929749,11.885496,18.610687,1.038168
0.459000,-5.494881,-0.112061,0.013489,0.922729,7.473282,19.519083,0.923664
0.459465,-5.495048,-0.113037,0.013733,0.917175,2.977099,18.916031,0.862595
0.459931,-5.495048,-0.112122,0.008728,0.928223,-1.335878,17.381680,0.763359
0.460396,-5.495048,-0.112122,0.008728,0.928223,-1.335878,17.381680,0.763359
0.460862,-5.494881,-0.102783,-0.007996,0.938599,-8.488549,19.320610,0.519084
0.461327,-5.495216,-0.101257,-0.015503,0.940125,-9.549619,20.648855,0.564885
0.461793,-5.495216,-0.109070,-0.022217,0.951416,-7.694656,20.229008,0.351145
0.462258,-4.198581,-0.112915,-0.026428,0.963867,-5.938931,19.877863,0.419847
0.462724,5.485145,-0.116028,-0.031372,0.964478,-1.160305,19.778625,0.511450
0.463189,5.499916,-0.122437,-0.029846,0.953308,4.175572,19.664122,0.549618
0.463655,0.924346,-0.124390,-0.028320,0.941589,8.671756,18.992367,0.511450
0.464120,-3.694865,-0.123108,-0.019592,0.947205,11.740458,17.687023,0.442748
0.464586,4.896666,-0.117249,-0.012878,0.948608,13.473283,16.358778,0.549618
0.465051,5.499916,-0.111877,-0.007568,0.943481,13.503817,16.717558,0.824427
0.465517,5.499916,-0.109192,0.001465,0.936768,12.603053,17.900763,1.290076
0.465982,5.499916,-0.104980,0.002808,0.933472,10.412213,17.969465,1.335878
0.466448,5.499916,-0.104919,0.009460,0.929443,6.961832,17.664122,1.160305
0.466913,5.499916,-0.106018,0.003357,0.929260,2.045802,18.412214,1.312977
0.467379,5.499916,-0.108704,-0.000244,0.928772,-2.992366,19.770992,1.389313
0.467844,5.499916,-0.107483,-0.005188,0.930969,-7.045802,20.236641,1.748092
0.468310,-0.158953,-0.109558,-0.012634,0.936768,-9.129771,19.755726,1.450382
0.468775,-2.827420,-0.113342,-0.023376,0.949036,-9.442748,19.389313,1.687023
0.469241,-5.490013,-0.115601,-0.033813,0.954712,-8.442748,19.473282,1.656489
0.469706,-5.493706,-0.118835,-0.039246,0.955933,-5.480916,20.389313,1.832061
0.470172,-5.494713,-0.117554,-0.042297,0.955078,-1.038168,19.938931,1.412214
0.470638,-5.494545,-0.122131,-0.041687,0.961731,3.656489,18.221375,1.213740
0.471103,-5.494545,-0.121399,-0.036316,0.963013,9.152672,17.610687,1.748092
0.471569,-5.494545,-0.121399,-0.036316,0.963013,9.152672,17.610687,1.748092
0.472034,-5.495048,-0.110352,-0.015015,0.944946,18.412214,17.519083,1.931298
0.472500,2.408804,-0.109192,-0.005066,0.941650,19.946566,16.717558,1.564885
0.472965,5.499916,-0.108093,-0.000916,0.940430,18.671755,16.412214,1.534351
0.473431,5.499916,-0.107788,0.004272,0.937866,15.068703,17.465649,1.465649
0.473896,5.499916,-0.107239,0.010376,0.925415,9.618320,19.129770,1.870229
0.474362,5.499916,-0.107422,0.018250,0.919128,3.687023,19.748091,2.076336
0.474827,5.499916,-0.109741,0.012756,0.920593,-1.656489,19.229008,1.572519
0.475293,5.499916,-0.112122,0.005005,0.930176,-6.282443,18.992367,1.587786
0.475758,5.499916,-0.111450,-0.002563,0.938477,-9.610687,19.862595,1.755725
0.476224,5.499916,-0.107910,-0.015320,0.941589,-10.541985,20.145039,1.824427
0.476689,5.499916,-0.113708,-0.024597,0.942932,-11.267176,20.595419,1.931298
0.477155,5.499916,-0.112488,-0.029846,0.952209,-9.702291,20.335878,1.832061
0.477620,5.499916,-0.113892,-0.036255,0.958252,-6.221374,19.656488,1.625954
0.478086,5.499916,-0.117065,-0.039795,0.958618,-1.679389,18.961832,1.351145
0.478551,5.499916,-0.116333,-0.037537,0.964722,3.656489,18.885496,1.389313
0.479017,-0.719905,-0.116516,-0.028442,0.961975,9.809160,18.564886,1.549618
0.479482,-5.486824,-0.116821,-0.024292,0.958557,15.175572,17.595419,1.717557
0.479948,-5.493538,-0.116028,-0.017883,0.946838,17.938931,16.732824,1.511450
0.480413,-5.494209,-0.112976,-0.013306,0.941284,17.809160,16.595419,1.755725
0.480879,-5.494713,-0.110596,-0.006470,0.935120,14.839695,17.007633,1.557252
0.481344,-5.494881,-0.107849,0.001343,0.931641,10.129771,18.167938,1.641221
0.481810,-5.494881,-0.113098,-0.001404,0.928101,5.511450,19.091602,1.534351
0.482275,-5.494881,-0.113464,0.001160,0.927917,1.244275,18.801527,1.763359
0.482741,-5.495048,-0.113281,-0.000305,0.934814,-0.503817,18.534351,1.709924
0.483206,-5.494713,-0.112305,-0.009888,0.937988,-2.931298,18.190840,1.625954
0.483672,-5.495048,-0.114807,-0.015259,0.943115,-3.977099,18.679390,1.916031
0.484138,-5.495216,-0.112854,-0.020142,0.946533,-4.076336,19.351145,1.702290
0.484603,-5.495216,-0.114807,-0.028564,0.949951,-2.709924,19.335878,1.557252
0.485069,-5.494881,-0.120178,-0.031128,0.953491,-0.022901,19.190840,1.694656
0.485534,-5.495048,-0.116638,-0.031433,0.957153,3.396947,18.572519,2.213740
0.486000,-5.495048,-0.117981,-0.027344,0.954590,7.076336,18.099237,2.595420
0.486465,-5.495048,-0.116089,-0.024536,0.952698,10.030535,17.969465,2.694656
0.486931,-5.495216,-0.109741,-0.022827,0.947876,12.038168,17.854961,2.580153
0.487396,-5.495216,-0.114197,-0.014465,0.949829,13.221375,17.633587,2.519084
0.487862,-5.494713,-0.113953,-0.011719,0.945374,13.679389,17.068703,2.557252
0.488327,-4.470497,-0.111145,-0.008972,0.937622,11.755725,17.641222,2.190840
0.488793,1.116701,-0.113831,-0.004883,0.932922,8.954199,18.793894,2.007634
0.489258,5.499580,-0.115967,0.000366,0.933167,6.580153,19.206106,2.251908
0.489724,5.499916,-0.115112,0.003845,0.939575,5.992366,18.877863,2.435115
0.490189,5.499916,-0.114807,0.001831,0.946533,5.465649,17.946566,1.862595
0.490655,5.499916,-0.111206,0.001587,0.945374,5.290076,17.839695,1.732824
0.491120,5.499916,-0.112366,0.000061,0.937744,4.557252,18.450382,1.442748
0.491586,5.499916,-0.111206,-0.002136,0.938049,3.419847,19.282442,1.519084
0.492051,5.499916,-0.114502,-0.004211,0.940918,2.610687,19.236641,1.625954
0.492517,5.499916,-0.114685,-0.004089,0.942322,1.526718,18.854961,1.442748
0.492982,5.499916,-0.116760,-0.007507,0.941650,0.641221,18.740458,1.603053
0.493448,5.499916,-0.114807,-0.011902,0.944031,-0.038168,18.854961,1.488550
0.493913,5.499916,-0.119324,-0.012756,0.944336,-0.290076,18.259542,1.580153
0.494379,5.499916,-0.116577,-0.010437,0.954651,0.679389,17.648855,1.572519
0.494844,-0.494652,-0.114929,-0.011841,0.961243,3.167939,17.519083,1.839695
0.495310,-0.815579,-0.111206,-0.006592,0.965454,7.297710,17.099237,2.351145
0.495775,-2.499779,-0.103333,-0.003113,0.959473,11.702291,16.725191,2.465649
0.496241,-4.016464,-0.104919,-0.003784,0.947388,12.992367,16.473282,2.404580
0.496706,-5.152972,-0.106201,-0.004517,0.935730,13.519084,16.068703,2.358779
0.497172,-5.491859,-0.106140,-0.004578,0.928406,10.946565,16.519083,2.824427
0.497638,-5.493370,-0.107422,-0.002380,0.928345,6.305344,18.015266,3.061069
0.498103,-5.493538,-0.112244,-0.008057,0.921570,0.694656,19.366413,2.442748
0.498569,-5.494041,-0.118286,-0.009094,0.926392,-3.900763,19.839695,1.702290
0.499034,-5.493874,-0.123962,-0.017700,0.936768,-6.465649,19.419847,0.870229
0.499500,-5.494041,-0.130920,-0.024841,0.949585,-6.969466,19.038168,1.129771
0.499965,-5.494041,-0.128479,-0.024231,0.951355,-4.221374,19.343512,1.465649
0.500431,-5.494041,-0.123657,-0.025757,0.956360,0.770992,18.427481,1.320611
0.500896,-5.494209,-0.122009,-0.026428,0.963013,6.740458,16.587786,0.503817
0.501362,-5.493874,-0.112305,-0.018188,0.965210,12.351145,14.847328,0.175573
0.501827,-5.494209,-0.106506,-0.016113,0.957642,16.603054,14.931297,0.328244
0.502293,-5.494209,-0.097839,-0.006042,0.946289,18.366413,16.480917,0.427481
0.502758,-5.494209,-0.097839,0.005981,0.939087,18.068703,16.916031,0.412214
0.503224,-5.494209,-0.099121,0.013123,0.935364,16.679390,16.557251,0.274809
0.503689,-5.494041,-0.096985,0.014038,0.927185,12.076336,16.580153,-0.114504
0.504155,-5.494041,-0.104370,0.012512,0.922180,5.488550,18.534351,-0.206107
0.504620,-5.494209,-0.111877,0.004639,0.914001,-2.465649,20.854961,-0.045802
0.505086,-5.494209,-0.113037,-0.003418,0.918457,-10.206107,21.190840,0.030534
0.505551,-5.494209,-0.118164,-0.014587,0.933350,-15.664123,20.610687,-0.114504
0.506017,-5.494041,-0.118103,-0.024292,0.950073,-17.282442,20.145039,0.022901
0.506482,-5.155825,-0.116821,-0.036011,0.962219,-14.931297,19.709923,0.076336
0.506948,-4.765072,-0.117920,-0.041382,0.962158,-9.961832,19.137405,0.534351
0.507413,-4.375830,-0.111572,-0.048035,0.967651,-3.229008,18.755726,0.473282
0.507879,-3.994141,-0.113831,-0.046326,0.966003,4.580153,18.488550,0.580153
0.508344,-3.620676,-0.115906,-0.043091,0.967896,11.954199,17.763359,0.816794
0.508810,-3.252750,-0.114685,-0.034973,0.964111,17.694656,16.732824,1.167939
0.509275,-2.888014,-0.114075,-0.027710,0.953674,20.427481,16.763359,1.496183
0.509741,-2.535531,-0.114197,-0.019043,0.935547,19.885496,17.366413,1.259542
0.510206,-2.199329,-0.116028,-0.007263,0.929871,18.450382,17.816793,1.137405
0.510672,-1.880079,-0.117859,0.000488,0.930237,14.862596,18.076336,1.343511
0.511137,-1.578454,-0.117554,0.004822,0.931641,11.183207,17.183207,1.679389
0.511603,-1.293614,-0.107971,0.004639,0.934753,7.938931,16.412214,1.679389
0.512069,-1.027741,-0.106689,-0.001526,0.933289,4.778626,17.099237,1.679389
0.512534,-0.777981,-0.107544,-0.005310,0.929871,2.053435,18.488550,1.427481
0.513000,-0.777981,-0.107544,-0.005310,0.929871,2.053435,18.488550,1.427481
0.513465,-0.332174,-0.117493,-0.008301,0.940674,-0.076336,20.145039,0.748092
0.513931,-0.134112,-0.119202,-0.007385,0.944214,1.152672,19.129770,0.572519
0.514396,0.048173,-0.122253,-0.007446,0.947815,3.419847,17.671755,0.847328
0.514862,0.213504,-0.113098,-0.004822,0.946045,5.778626,17.267176,0.877863
0.515327,0.364736,-0.108521,-0.007874,0.946350,7.480916,16.916031,0.923664
0.515793,0.504723,-0.105469,-0.008484,0.944702,8.015267,17.458015,0.923664
0.516258,0.630274,-0.109192,-0.006287,0.947632,7.328244,18.526718,0.916031
0.516724,0.737026,-0.112061,-0.006348,0.943665,6.740458,19.106871,0.801527
0.517189,0.057908,-0.118713,-0.006836,0.936707,5.442748,19.511450,0.465649
0.517655,-5.394171,-0.119934,-0.007019,0.936279,4.496183,18.458015,0.687023
0.518120,-5.493538,-0.114990,-0.005249,0.940063,4.015267,17.053434,0.557252
0.518586,-5.494545,-0.109558,-0.012573,0.943970,3.458015,16.335878,0.526718
0.519051,-5.494881,-0.103943,-0.017639,0.943604,2.290076,17.206106,0.244275
0.519517,-5.494881,-0.105286,-0.018127,0.945557,1.755725,18.961832,0.183206
0.519982,-5.494881,-0.111328,-0.016846,0.947327,2.267176,19.709923,-0.183206
0.520448,-5.495384,-0.110596,-0.017029,0.947510,4.236641,19.045801,-0.366412
0.520913,-5.495216,-0.110962,-0.015259,0.952637,7.312977,17.641222,-0.435115
0.521379,-5.495048,-0.112793,-0.011047,0.952271,10.274809,16.702290,0.000000
0.521844,-5.495216,-0.109436,-0.005737,0.948059,12.030535,17.145039,0.305344
0.522310,-5.495384,-0.106445,-0.003662,0.942078,11.648855,18.099237,0.099237
0.522775,-5.495384,-0.109192,-0.001953,0.938782,9.946565,18.946566,-0.106870
0.523241,-5.495552,-0.115173,0.003418,0.933533,7.335878,18.732824,0.175573
0.523706,-5.495216,-0.115601,0.000977,0.931335,5.862596,18.297710,0.664122
0.524172,-5.495552,-0.115295,-0.003235,0.932861,2.320611,17.770992,1.045802
0.524637,-5.495384,-0.112732,-0.010437,0.934814,-1.221374,18.557251,1.389313
0.525103,-5.495384,-0.113586,-0.017151,0.942383,-3.725191,19.305344,1.557252
0.525569,-5.495384,-0.114685,-0.022278,0.949829,-4.328244,19.801527,1.404580
0.526034,-1.698131,-0.108826,-0.026428,0.951050,-2.618321,19.511450,1.610687
0.526500,-1.698131,-0.108826,-0.026428,0.951050,-2.618321,19.511450,1.610687
0.526965,5.499245,-0.110657,-0.027222,0.960449,5.908397,17.885496,2.083969
0.527431,5.499916,-0.110596,-0.025208,0.962341,10.946565,17.702290,1.809160
0.527896,5.499916,-0.108704,-0.017029,0.956238,14.961832,17.908398,1.671756
0.528362,5.499916,-0.113525,-0.013611,0.947937,17.167938,17.969465,1.541985
0.528827,5.499916,-0.116760,-0.004578,0.941895,17.770992,17.496183,1.213740
0.529293,5.499916,-0.116394,0.005005,0.938965,16.671755,16.923664,1.343511
0.529758,5.499916,-0.110596,0.011841,0.936035,14.618320,16.763359,1.236641
0.530224,5.499916,-0.106628,0.013855,0.933472,13.435115,16.664122,1.053435
0.530689,5.499916,-0.101746,0.014893,0.932922,10.015267,17.183207,1.045802
0.531155,5.499916,-0.105713,0.013245,0.929871,5.671756,18.160305,0.946565
0.531620,5.499916,-0.112244,0.005493,0.931396,0.877863,19.572519,0.877863
0.532086,5.499916,-0.119324,0.000244,0.939087,-2.870229,20.687023,0.938931
0.532551,5.499916,-0.126831,-0.003296,0.945435,-4.480916,20.374046,1.251908
0.533017,5.499916,-0.123901,-0.005554,0.955261,-2.732824,18.541985,1.580153
0.533482,5.499916,-0.115540,-0.009033,0.960266,1.450382,16.862595,1.297710
0.533948,5.499916,-0.112122,-0.010376,0.957825,6.664122,16.419847,1.358779
0.534413,5.499916,-0.103943,-0.010620,0.956116,10.992367,16.664122,1.442748
0.534879,5.499916,-0.100159,-0.007263,0.951294,13.473283,17.320610,1.282443
0.535344,5.499916,-0.102661,-0.001465,0.948303,14.076336,18.526718,1.412214
0.535810,5.499916,-0.110535,0.007874,0.942200,12.908397,19.068703,1.274809
0.536275,5.499916,-0.117371,0.011658,0.937134,11.061069,18.549618,1.435115
0.536741,5.499916,-0.115906,0.014404,0.933472,7.847328,17.748091,1.458015
0.537206,5.499916,-0.115417,0.010315,0.933472,6.251908,17.435114,1.290076
0.537672,5.499916,-0.110718,0.014038,0.936462,3.099237,17.442749,1.038168
0.538137,5.499916,-0.108032,0.009827,0.942993,1.106870,17.862595,0.496183
0.538603,5.499916,-0.107727,0.003418,0.944336,0.129771,18.114504,0.091603
0.539069,5.499916,-0.105957,0.000671,0.943115,0.625954,18.801527,-0.061069
0.539534,5.499916,-0.113403,-0.000061,0.946106,1.503817,19.190840,-0.259542
0.540000,-5.352041,-0.113464,0.002075,0.949036,3.328244,18.893129,-0.312977
0.540465,-5.492699,-0.109192,0.000549,0.946045,5.503817,18.198473,-0.244275
0.540931,-5.494041,-0.107544,0.001404,0.942505,6.816794,17.755726,-0.389313
0.541396,-5.494713,-0.105591,0.004822,0.939270,7.129771,18.129770,-0.709924
0.541862,-5.494545,-0.105469,0.010498,0.940735,6.145038,18.854961,-0.557252
0.542327,-5.494713,-0.106873,0.011353,0.946594,4.900764,19.137405,-0.572519
0.542793,-5.495048,-0.107239,0.014648,0.950806,4.076336,18.961832,0.152672
0.543258,-5.495048,-0.109131,0.013428,0.942932,2.358779,18.961832,-0.022901
0.543724,-5.495048,-0.112549,0.010620,0.932434,-1.000000,18.832062,-0.076336
0.544189,-5.495048,-0.114929,0.003174,0.928589,-3.045802,19.267176,0.045802
0.544655,-5.495384,-0.117676,-0.001160,0.935547,-6.473282,19.809160,0.145038
0.545120,-5.495216,-0.120911,-0.011292,0.943359,-8.160305,19.633587,0.404580
0.545586,-5.495216,-0.119812,-0.018616,0.950806,-7.412214,19.236641,0.519084
0.546051,-5.495216,-0.116394,-0.025635,0.952087,-5.305344,18.687023,0.664122
0.546517,-5.495216,-0.112976,-0.029419,0.956970,-1.923664,18.534351,0.862595
0.546982,-5.495048,-0.112610,-0.026489,0.959106,2.587786,18.793894,0.725191
0.547448,-5.495048,-0.110168,-0.020752,0.959412,8.801527,18.244274,0.488550
0.547913,-5.495384,-0.112061,-0.014038,0.963196,14.839695,17.213741,0.328244
0.548379,-5.495216,-0.109985,-0.003357,0.959412,19.908398,16.129770,0.419847
0.548844,-5.495216,-0.109985,-0.003357,0.959412,19.908398,16.129770,0.419847
0.549310,-5.495216,-0.103394,0.016785,0.933228,19.106871,16.580153,0.328244
0.549775,-5.495216,-0.101807,0.026367,0.918335,12.946565,17.633587,0.007634
0.550241,-5.495216,-0.104614,0.025696,0.914490,4.671756,18.862595,0.053435
0.550706,-5.495384,-0.106934,0.023193,0.918213,0.259542,19.221375,-0.221374
0.551172,-5.495216,-0.110474,0.014893,0.919067,-7.564886,19.946566,-0.038168
0.551637,-5.495384,-0.111633,0.005920,0.931519,-12.847328,20.419847,0.152672
0.552103,-5.495552,-0.112915,-0.006104,0.941833,-15.229008,20.496183,-0.091603
0.552568,-5.495552,-0.113525,-0.014465,0.950378,-14.229008,20.587786,-0.068702
0.553034,-5.495552,-0.115112,-0.020874,0.962463,-10.587787,20.213741,0.000000
0.553500,-5.495216,-0.118286,-0.029541,0.971741,-5.122138,19.152672,0.160305
0.553965,-5.495384,-0.116943,-0.033752,0.970825,0.931298,18.053434,0.419847
0.554431,-2.624155,-0.118591,-0.032715,0.967102,6.801527,17.526718,0.389313
0.554896,3.139956,-0.117493,-0.024780,0.957092,12.213740,17.862595,0.145038
0.555362,5.499245,-0.117126,-0.015686,0.947449,16.343512,17.160305,0.015267
0.555827,5.499916,-0.116638,-0.011719,0.943909,18.465649,15.900764,0.114504
0.556293,5.499916,-0.113037,-0.004211,0.938110,17.717558,15.404580,0.297710
0.556758,5.499916,-0.110046,0.002014,0.934692,15.175572,16.694656,0.603053
0.557224,5.499916,-0.108459,0.006775,0.928284,10.793893,18.396946,0.557252
0.557689,5.499916,-0.108826,0.010742,0.921448,8.564885,18.694656,0.610687
0.558155,5.499916,-0.111694,0.011292,0.931702,4.450382,18.687023,0.236641
0.558620,5.499916,-0.113831,0.015991,0.943909,1.633588,18.030535,0.206107
0.559086,5.499916,-0.108582,0.008423,0.946533,0.511450,17.839695,0.259542
0.559551,5.499916,-0.107056,0.003113,0.944641,0.282443,17.969465,0.251908
0.560017,5.499916,-0.104309,0.003601,0.944702,0.900763,18.290077,0.290076
0.560482,5.499916,-0.106628,0.002930,0.947815,1.717557,18.083969,0.083969
0.560948,5.499916,-0.110046,0.001221,0.949463,2.801527,17.938931,0.145038
0.561413,5.499916,-0.109619,-0.004395,0.951782,3.458015,18.267176,-0.053435
0.561879,5.499916,-0.111450,-0.009277,0.942810,3.618321,18.389313,-0.167939
0.562344,5.499916,-0.111450,-0.009277,0.942810,3.618321,18.389313,-0.167939
0.562810,5.499916,-0.117493,-0.012695,0.945862,2.694656,17.877863,-0.503817
0.563275,5.499916,-0.116638,-0.013794,0.946472,3.671756,18.152672,-0.221374
0.563741,5.499916,-0.112427,-0.010071,0.948853,5.473282,17.770992,-0.259542
0.564206,5.499916,-0.112854,-0.006042,0.948914,6.717557,17.603054,-0.404580
0.564672,5.499916,-0.113464,-0.005066,0.949402,9.312977,16.923664,-0.503817
0.565137,5.499916,-0.110474,-0.004272,0.949036,10.938931,16.870230,-0.183206
0.565603,5.499916,-0.106506,0.002991,0.944153,11.702291,17.267176,0.152672
0.566068,5.499916,-0.106140,0.003235,0.935669,10.969465,17.679390,0.091603
0.566534,5.499916,-0.109253,0.006409,0.934692,8.786260,18.358778,-0.366412
0.567000,5.499916,-0.114746,0.008667,0.934448,5.931298,18.610687,-0.015267
0.567465,5.499916,-0.114563,0.010010,0.938843,3.335878,18.358778,0.557252
0.567931,5.499916,-0.112305,0.007935,0.940247,1.778626,18.374046,0.793893
0.568396,5.499916,-0.110413,0.006226,0.939270,1.259542,18.099237,0.656489
0.568862,5.499916,-0.107544,0.002136,0.939514,0.534351,17.908398,0.679389
0.569327,5.499916,-0.105164,-0.003662,0.938660,-0.106870,18.305344,0.618321
0.569793,5.499916,-0.105896,-0.004822,0.945740,-0.221374,19.282442,0.763359
0.570258,5.499916,-0.108704,-0.004578,0.947327,0.396947,19.809160,0.801527
0.570724,5.499916,-0.113220,-0.007141,0.949646,1.862595,19.450382,0.748092
0.571189,5.499916,-0.112305,-0.002258,0.954956,2.664122,18.969465,0.725191
0.571655,5.499916,-0.114441,-0.006409,0.952209,4.412214,18.122137,0.824427
0.572120,5.499916,-0.111145,-0.007202,0.946655,5.488550,18.030535,0.839695
0.572586,5.499916,-0.112976,-0.004028,0.942261,6.213740,18.496183,0.854962
0.573051,5.499916,-0.110840,-0.002625,0.946716,6.549618,18.007633,0.832061
0.573517,5.499916,-0.109375,-0.003784,0.940552,6.748092,17.229008,0.679389
0.573982,0.601404,-0.112000,-0.004333,0.938171,5.610687,17.740458,0.511450
0.574448,1.472877,-0.108215,-0.007263,0.937378,4.259542,18.419847,0.473282
0.574913,1.278843,-0.111267,-0.004211,0.938293,2.832061,18.595419,0.503817
0.575379,0.571191,-0.110107,-0.003784,0.946594,2.870229,18.664122,0.412214
0.575844,0.174899,-0.108093,-0.000488,0.950867,3.992366,18.381680,0.587786
0.576310,-0.258991,-0.108093,-0.000244,0.946594,5.618320,18.038168,0.938931
0.576775,-0.654444,-0.107666,0.001465,0.946838,6.656488,18.312977,1.198473
0.577241,-1.000549,-0.105591,0.004150,0.946716,6.923664,18.427481,1.167939
0.577706,-1.312749,-0.109558,0.005371,0.942993,6.335878,19.030535,0.908397
0.578172,-1.587350,-0.111145,0.005737,0.935852,5.633588,19.427481,0.854962
0.578637,-1.829053,-0.113586,0.008484,0.934692,4.503817,19.145039,0.916031
0.579103,-2.039200,-0.116089,0.005127,0.937561,2.694656,17.992367,0.656489
0.579568,-2.220478,-0.112915,0.001709,0.939758,0.809160,17.022902,0.442748
0.580034,-2.375067,-0.108337,-0.003784,0.944031,-0.824427,17.923664,0.412214
0.580499,-2.504982,-0.108276,-0.006409,0.941833,-1.809160,19.236641,0.404580
0.580965,-2.612573,-0.108948,-0.011230,0.945129,-1.244275,19.282442,0.450382
0.581431,-2.700023,-0.108765,-0.010864,0.945496,-0.374046,19.236641,0.618321
0.581896,-2.768841,-0.113831,-0.013428,0.947083,0.977099,19.702290,0.625954
0.582362,-2.820539,-0.115906,-0.014099,0.950562,2.816794,19.694656,0.702290
0.582827,-2.857801,-0.118103,-0.013184,0.949524,4.816794,18.290077,0.923664
0.583293,-2.881300,-0.117126,-0.008545,0.950989,7.160306,17.381680,1.229008
0.583758,-2.892378,-0.110535,-0.008179,0.946411,9.183207,17.320610,1.648855
0.584224,-2.892210,-0.107239,-0.003357,0.946228,10.335877,17.610687,1.709924
0.584689,-2.892210,-0.107239,-0.003357,0.946228,10.335877,17.610687,1.709924
0.585155,-2.866529,-0.105835,0.004883,0.933960,8.450381,18.725191,1.389313
0.585620,-2.844038,-0.107605,0.007263,0.932678,5.343512,19.152672,1.351145
0.586086,-2.815000,-0.111633,0.005188,0.935913,2.419847,19.343512,1.297710
0.586551,-2.780926,-0.111877,0.004517,0.943054,0.671756,18.969465,1.259542
0.587017,-2.741817,-0.106873,0.002319,0.948914,0.511450,18.053434,1.160305
0.587482,-2.699184,-0.104004,-0.003662,0.947021,1.198473,17.198473,0.786260
0.587948,-2.652522,-0.111023,-0.013245,0.944275,1.381679,18.038168,0.694656
0.588413,-2.602670,-0.112305,-0.010498,0.944153,1.458015,19.198473,0.694656
0.588879,-2.551812,-0.114319,-0.014038,0.942932,2.458015,19.503817,0.839695
0.589344,-2.499779,-0.121704,-0.013306,0.948730,4.190840,18.687023,1.122137
0.589810,-2.446403,-0.118042,-0.011902,0.951782,6.473282,17.664122,1.221374
0.590275,-2.391348,-0.110107,-0.007324,0.949097,8.480916,17.641222,1.450382
0.590741,-2.336629,-0.106201,0.000183,0.944397,9.793893,17.946566,1.610687
0.591206,-2.281239,-0.106750,0.003601,0.940857,9.603053,18.091602,1.595420
0.591672,-2.226184,-0.106567,0.006775,0.934692,8.916031,17.992367,1.511450
0.592137,-2.171130,-0.106079,0.010193,0.935181,6.480916,18.671755,1.534351
0.592603,-2.117418,-0.108337,0.007935,0.934875,3.183206,19.511450,1.480916
0.593068,-2.064378,-0.111023,0.004578,0.936096,-0.122137,19.648855,1.297710
0.593534,-2.011337,-0.113647,0.001282,0.940613,-2.534351,19.465649,1.381679
0.593999,-1.710552,-0.112183,-0.003845,0.942688,-3.358779,19.091602,1.129771
0.594465,3.148013,-0.111938,-0.010376,0.941711,-3.526718,18.801527,0.992366
0.594931,5.499916,-0.113220,-0.010742,0.945068,-2.580153,19.015266,1.122137
0.595396,5.499916,-0.112732,-0.017090,0.948181,-0.984733,18.778625,0.923664
0.595862,5.499916,-0.111633,-0.015686,0.950317,1.320611,18.343512,0.801527
0.596327,5.499916,-0.114258,-0.018372,0.956482,4.312977,18.656488,0.900763
0.596793,5.499916,-0.112793,-0.014038,0.953430,7.572519,18.824427,0.946565
0.597258,5.499916,-0.112366,-0.010681,0.949341,10.519084,18.038168,0.427481
0.597724,5.499916,-0.110718,-0.004700,0.946716,12.213740,16.603054,0.183206
0.598189,5.499916,-0.110718,-0.004700,0.946716,12.213740,16.603054,0.183206
0.598655,5.499916,-0.109558,-0.001343,0.940125,10.770992,16.656488,0.496183
0.599120,5.499916,-0.112610,0.002747,0.935669,8.076336,18.160305,0.633588
0.599586,5.499916,-0.111084,0.001526,0.933777,5.381680,18.793894,0.648855
0.600051,5.499916,-0.114929,0.000488,0.934265,3.358779,18.282442,0.328244
0.600517,5.499916,-0.114197,-0.002930,0.942444,2.435115,17.893129,0.167939
0.600982,5.499916,-0.112061,-0.007263,0.948730,2.267176,17.366413,0.419847
0.601448,5.499916,-0.110840,-0.011230,0.951965,2.442748,17.404581,0.519084
0.601913,5.499916,-0.106262,-0.009460,0.951782,3.618321,18.251909,0.725191
0.602379,5.499916,-0.107239,-0.010315,0.944275,5.312977,19.236641,0.793893
0.602844,5.499916,-0.110046,-0.001648,0.941223,7.641222,18.526718,0.801527
0.603310,-4.333028,-0.111328,0.000122,0.944092,9.251908,17.282442,0.900763
0.603775,-5.490013,-0.110229,0.004150,0.952271,9.770992,17.404581,0.984733
0.604241,-5.493706,-0.107422,0.005310,0.942993,8.633588,18.473282,1.236641
0.604706,-5.494209,-0.109619,0.007812,0.930481,5.992366,18.961832,1.114504
0.605172,-5.494881,-0.112244,0.010010,0.931763,4.221374,18.954199,1.183206
0.605637,-5.494713,-0.111633,0.008484,0.939392,1.053435,18.374046,1.229008
0.606103,-5.494881,-0.110474,0.000793,0.944824,-1.480916,18.083969,0.992366
0.606568,-5.494881,-0.108582,-0.006226,0.942078,-3.450382,18.916031,1.015267
0.607034,-5.495048,-0.107483,-0.013550,0.941528,-3.854962,19.671755,0.923664
0.607499,-5.495048,-0.111450,-0.017883,0.947571,-3.519084,19.374046,0.679389
0.607965,-5.495048,-0.112183,-0.021484,0.953796,-1.732824,19.282442,0.725191
0.608431,-5.495048,-0.116211,-0.017883,0.955627,1.816794,19.167938,0.770992
0.608896,-5.494713,-0.118164,-0.016479,0.958740,6.152672,18.549618,1.007634
0.609362,-5.495048,-0.114441,-0.012268,0.955383,10.312977,17.832062,1.068702
0.609827,-5.495216,-0.111572,-0.004517,0.951050,13.351145,17.328245,0.938931
0.610293,-5.495216,-0.110596,0.001404,0.945129,14.557252,16.923664,0.969466
0.610758,-5.495216,-0.109619,0.005676,0.941833,12.908397,17.022902,0.748092
0.611224,-5.495048,-0.105408,0.007324,0.935608,9.358779,17.648855,0.572519
0.611689,-5.495216,-0.106201,0.011047,0.934265,5.053435,18.595419,0.511450
0.612155,-5.495048,-0.111389,0.004883,0.928223,2.862595,18.832062,0.496183
0.612620,-5.494881,-0.112976,0.003906,0.929016,-0.977099,19.015266,0.687023
0.613086,-3.873289,-0.116943,-0.002808,0.935303,-3.641221,18.984734,0.740458
0.613551,-1.767453,-0.111755,-0.007751,0.943542,-4.381680,18.732824,0.511450
0.614017,0.042802,-0.112610,-0.013916,0.953552,-3.114504,18.641222,0.587786
0.614482,1.909621,-0.113159,-0.012634,0.958679,-0.412214,19.061069,0.702290
0.614948,3.398276,-0.112305,-0.017395,0.954895,3.786260,18.923664,0.801527
0.615413,4.521019,-0.113098,-0.013428,0.955139,8.061069,18.030535,0.923664
0.615879,5.455268,-0.111511,-0.007629,0.952515,11.656488,17.267176,1.015267
0.616344,5.499916,-0.107971,-0.002991,0.951904,13.496183,17.076336,0.984733
0.616810,5.499916,-0.109070,0.004028,0.944031,13.145039,17.221375,1.068702
0.617275,5.499916,-0.109802,0.009216,0.936584,10.664123,17.763359,0.870229
0.617741,5.499916,-0.111145,0.005676,0.932190,6.770992,18.083969,0.702290
0.618206,5.499916,-0.112244,0.005310,0.928955,1.816794,17.870230,0.671756
0.618672,5.499916,-0.109070,-0.001160,0.930359,-0.610687,18.083969,0.748092
0.619137,5.499916,-0.110779,-0.007080,0.932617,-4.152672,18.885496,0.549618
0.619603,5.499916,-0.109802,-0.015381,0.942322,-5.358778,19.320610,0.450382
0.620068,1.171420,-0.114441,-0.014587,0.949707,-4.114504,19.442749,0.450382
0.620534,1.171420,-0.114441,-0.014587,0.949707,-4.114504,19.442749,0.450382
0.620999,0.471656,-0.115601,-0.012817,0.959534,5.106870,18.923664,0.801527
0.621465,-0.535943,-0.110535,-0.008911,0.955505,10.824428,17.694656,1.068702
0.621930,-1.367803,-0.108337,0.003174,0.946594,14.770992,17.274809,1.129771
0.622396,-2.281743,-0.104248,0.007507,0.939880,16.595419,17.236641,1.160305
0.622862,-3.286992,-0.098389,0.018188,0.931702,14.839695,17.717558,1.267176
0.623327,-4.428702,-0.098755,0.021667,0.926208,9.320611,18.923664,1.167939
0.623793,-5.460639,-0.103577,0.026001,0.923584,2.038168,20.000000,1.160305
0.624258,-5.493538,-0.110779,0.023499,0.929321,-5.244275,20.664122,1.068702
0.624724,-5.494209,-0.115112,0.017090,0.937500,-11.000000,19.938931,0.687023
0.625189,-5.494713,-0.117126,-0.000549,0.941650,-15.480916,19.480917,0.557252
0.625655,-5.494713,-0.117798,-0.017456,0.943298,-16.694656,20.045801,0.580153
0.626120,-5.494881,-0.114929,-0.032227,0.949158,-16.526718,20.343512,0.702290
0.626586,-5.495048,-0.116577,-0.042908,0.960938,-12.839695,19.351145,0.618321
0.627051,-5.495048,-0.115601,-0.051758,0.971069,-6.229008,18.603054,0.419847
0.627517,-5.495048,-0.119812,-0.049988,0.973877,2.206107,18.580153,0.007634
0.627982,-5.495216,-0.119873,-0.041748,0.969604,11.473283,18.916031,0.221374
0.628448,-5.495048,-0.122803,-0.025208,0.965271,20.358778,17.801527,0.328244
0.628913,-5.495048,-0.116943,-0.014282,0.960571,27.480917,16.053434,0.717557
0.629379,-5.495048,-0.107605,0.006470,0.947937,31.229008,15.022901,0.656489
0.629844,-5.495216,-0.099976,0.026367,0.927490,29.572519,15.320611,0.687023
0.630310,-5.495216,-0.095398,0.040771,0.910706,22.473282,17.312977,0.419847
0.630775,-5.495048,-0.091370,0.052979,0.895752,11.152672,20.488550,0.396947
0.631241,-5.495384,-0.095398,0.065063,0.889709,-1.992366,23.381680,0.099237
0.631706,-5.495216,-0.106995,0.063110,0.892639,-15.786260,24.122137,-0.022901
0.632172,-5.495216,-0.112000,0.047729,0.916321,-28.648855,22.893129,-0.419847
0.632637,-5.495048,-0.120605,0.022766,0.941406,-34.175571,22.740458,-0.603053
0.633103,-5.495048,-0.122070,-0.006287,0.953369,-42.022900,22.557251,-0.404580
0.633568,-5.495216,-0.123230,-0.038513,0.952881,-44.572517,22.366413,-0.167939
0.634034,-5.495216,-0.123230,-0.038513,0.952881,-44.572517,22.366413,-0.167939
0.634499,-5.495048,-0.126709,-0.077881,0.988220,-29.740458,21.564886,-0.053435
0.634965,-5.495048,-0.128601,-0.091614,1.007385,-14.328244,17.946566,-0.274809
0.635430,-5.495048,-0.125183,-0.100830,0.995850,0.694656,16.526718,-0.366412
0.635896,-5.495048,-0.126831,-0.098450,0.979065,12.763359,17.832062,-0.435115
0.636362,-5.296986,-0.123413,-0.083069,0.955750,22.038168,17.923664,-0.015267
0.636827,-3.832670,-0.122070,-0.054688,0.960022,30.312977,15.549619,0.305344
0.637293,-2.371542,-0.115601,-0.024841,0.968384,37.694656,12.969465,0.534351
0.637758,-0.917967,-0.107544,-0.002686,0.954285,41.358780,13.122137,0.717557
0.638224,0.341238,-0.101501,0.018921,0.930542,38.412212,14.633588,0.190840
0.638689,1.361425,-0.104919,0.032471,0.913635,28.519083,15.908397,-0.290076
0.639155,2.240787,-0.108643,0.040344,0.902588,21.709923,16.190840,-0.465649
0.639620,3.043946,-0.110779,0.031433,0.898376,6.625954,16.442749,-0.496183
0.640086,3.879164,-0.110840,0.011902,0.906128,-9.618320,17.160305,-0.839695
0.640551,4.749966,-0.112610,-0.007874,0.921997,-22.236641,19.480917,-0.816794
0.641017,5.403235,-0.110657,-0.023804,0.940674,-27.496183,20.755726,-0.458015
0.641482,5.499916,-0.111511,-0.048096,0.964905,-25.236641,20.229008,-0.511450
0.641948,5.499916,-0.117615,-0.066467,0.982178,-17.312977,19.236641,-0.748092
0.642413,5.499916,-0.125488,-0.073547,0.989441,-6.282443,18.419847,-0.908397
0.642879,5.499916,-0.126343,-0.076355,0.989624,7.053435,17.389313,-0.320611
0.643344,5.499916,-0.125610,-0.069458,0.984070,20.412214,15.839695,0.000000
0.643810,5.499916,-0.121399,-0.054688,0.975342,31.877863,13.725191,-0.007634
0.644275,5.499916,-0.111267,-0.033630,0.959045,40.335876,12.297709,0.274809
0.644741,5.499916,-0.103271,-0.011047,0.947815,44.045803,12.083969,0.526718
0.645206,5.499916,-0.098755,0.006348,0.930908,42.076336,13.229008,0.770992
0.645672,5.499916,-0.095825,0.022339,0.915161,34.534351,15.969465,0.618321
0.646137,5.499916,-0.105835,0.039429,0.903687,29.152672,17.648855,0.709924
0.646603,5.499916,-0.112427,0.050049,0.896057,17.458015,19.801527,0.824427
0.647068,5.499916,-0.114380,0.055542,0.901001,5.854962,19.877863,0.938931
0.647534,5.499916,-0.113098,0.044189,0.917542,-4.183206,18.335878,0.778626
0.647999,5.499916,-0.115356,0.023621,0.937439,-12.633588,16.671755,0.480916
0.648465,5.499916,-0.110291,-0.006348,0.949768,-19.007633,17.480917,0.511450
0.648930,5.499916,-0.113281,-0.028992,0.950256,-21.656488,19.786259,0.824427
0.649396,5.499916,-0.115417,-0.034119,0.949158,-19.809160,21.259542,0.671756
0.649862,5.499916,-0.118713,-0.045715,0.958008,-12.816793,19.885496,0.381679
0.650327,5.499916,-0.120117,-0.053345,0.968262,-2.366412,16.717558,0.038168
0.650793,5.499916,-0.116821,-0.063110,0.980042,9.099236,14.534351,-0.244275
0.651258,5.499916,-0.109863,-0.060059,0.978577,19.259542,14.923664,-0.045802
0.651724,5.499916,-0.107117,-0.046326,0.969604,27.725191,15.786260,0.007634
0.652189,5.499916,-0.105286,-0.026794,0.956848,33.473282,15.847328,-0.175573
0.652655,5.499916,-0.103333,-0.004395,0.943848,35.450382,15.435115,-0.167939
0.653120,5.499916,-0.100586,0.018494,0.934753,37.358780,15.290076,-0.030534
0.653586,5.499916,-0.098328,0.041565,0.927979,35.847328,15.450381,0.694656
0.654051,5.499916,-0.099731,0.058105,0.917297,30.145039,16.534351,1.022901
0.654517,5.499916,-0.103516,0.070984,0.904602,20.687023,18.244274,1.450382
0.654982,5.499916,-0.105469,0.066528,0.892578,8.404580,19.671755,1.328244
0.655448,5.499916,-0.108459,0.063599,0.902222,-5.244275,20.335878,1.229008
0.655913,5.499916,-0.109863,0.042969,0.918152,-18.083969,20.465649,1.335878
0.656379,5.499916,-0.109863,0.042969,0.918152,-18.083969,20.465649,1.335878
0.656844,5.193759,-0.111145,0.000916,0.941345,-34.274811,20.015266,1.160305
0.657310,5.499916,-0.108154,-0.024719,0.954529,-34.229008,21.473282,0.832061
0.657775,5.499916,-0.110474,-0.044983,0.970215,-27.106871,21.297710,0.854962
0.658241,0.651087,-0.111755,-0.061707,0.983215,-15.145039,18.893129,0.786260
0.658706,5.488838,-0.111694,-0.072266,0.992126,-1.580153,16.221375,0.488550
0.659172,5.499916,-0.104309,-0.074219,0.990234,11.938931,15.694656,0.137405
0.659637,5.499916,-0.102234,-0.063782,0.983276,18.083969,15.992367,-0.045802
0.660103,0.604761,-0.111938,-0.045471,0.973755,29.068703,16.587786,-0.076336
0.660568,5.494209,-0.115784,-0.018188,0.961609,37.648853,16.442749,0.534351
0.661034,5.499916,-0.115234,0.008850,0.945312,42.885498,15.458015,1.091603
0.661499,-0.431876,-0.115173,0.031189,0.919434,43.519085,14.534351,1.511450
0.661965,0.490623,-0.108215,0.042847,0.902405,38.175571,14.206107,1.595420
0.662430,0.616846,-0.104614,0.052795,0.904053,27.480917,14.763359,1.335878
0.662896,-0.460075,-0.105042,0.053528,0.909302,13.748092,15.450381,1.282443
0.663361,-1.237888,-0.101379,0.050049,0.921631,-0.251908,15.687023,1.412214
0.663827,-2.025101,-0.100098,0.035095,0.927063,-11.351145,17.740458,1.526718
0.664293,-2.667292,-0.096924,0.022156,0.932434,-16.488550,19.946566,1.839695
0.664758,-3.210117,-0.098572,0.009827,0.944641,-15.061069,20.030535,1.534351
0.665224,-3.682277,-0.101929,-0.002563,0.958618,-8.893129,18.305344,0.992366
0.665689,-3.937407,-0.107300,-0.015564,0.969604,-0.839695,17.335878,0.358779
0.666155,-4.392950,-0.108398,-0.018860,0.965942,6.984733,17.648855,0.145038
0.666620,-5.129305,-0.115173,-0.015503,0.961243,10.664123,17.885496,0.190840
0.667086,-5.484138,-0.117798,-0.004395,0.956543,16.541985,17.526718,0.450382
0.667551,-5.493706,-0.111755,0.009277,0.951477,21.038168,16.122137,0.267176
0.668017,-5.494545,-0.102295,0.022339,0.939026,23.435114,15.305344,0.160305
0.668482,-5.341131,-0.098206,0.032104,0.929199,22.900763,15.442748,-0.274809
0.668948,-4.666545,-0.096802,0.045532,0.927917,19.564886,16.496183,-0.335878
0.669413,-3.972320,-0.095703,0.053711,0.925171,13.816793,18.022902,-0.419847
0.669879,-3.972320,-0.095703,0.053711,0.925171,13.816793,18.022902,-0.419847
0.670344,-2.701030,-0.095093,0.051758,0.921082,-0.496183,19.030535,0.038168
0.670810,-1.850034,-0.093811,0.043945,0.922241,-7.374046,20.511450,-0.282443
0.671275,-1.083131,-0.098511,0.034912,0.931152,-12.793893,20.610687,-0.412214
0.671741,-0.456382,-0.102295,0.019958,0.945312,-15.015267,20.114504,-0.213740
0.672206,0.137972,-0.108154,0.007874,0.961243,-13.931297,20.053434,-0.374046
0.672672,0.808194,-0.112854,-0.005493,0.973145,-9.709924,19.946566,-0.374046
0.673137,1.365454,-0.116516,-0.018982,0.977844,-6.526718,19.267176,-0.396947
0.673603,1.710552,-0.118713,-0.020996,0.981018,0.687023,18.076336,-0.274809
0.674068,1.827375,-0.119019,-0.010986,0.980286,10.061069,17.335878,-0.190840
0.674534,1.673289,-0.116028,0.002258,0.976440,21.358778,15.717557,-0.038168
0.674999,1.445350,-0.112244,0.021240,0.964661,32.305344,13.167939,0.076336
0.675465,1.178805,-0.100525,0.046021,0.941162,40.656490,12.022901,0.335878
0.675930,1.033448,-0.091248,0.067932,0.918945,43.229008,12.709924,0.496183
0.676396,0.948516,-0.082214,0.083252,0.896545,38.824429,13.694656,0.190840
0.676861,0.885740,-0.079163,0.087769,0.887634,27.122137,13.969465,-1.206107
0.677327,0.885405,-0.072693,0.083984,0.875427,8.328244,14.793893,-3.114504
0.677793,0.844953,-0.078186,0.076660,0.870911,-14.259542,18.030535,-3.549618
0.678258,0.612482,-0.084412,0.054260,0.886230,-35.648853,22.160305,-2.786260
0.678724,0.122026,-0.093384,0.031006,0.910889,-51.122139,25.343512,-2.068702
0.679189,-0.248249,-0.099243,0.004028,0.942993,-57.053436,25.557251,-2.091603
0.679655,-0.430533,-0.110535,-0.026978,0.967834,-53.480915,24.137405,-1.847328
0.680120,-0.477531,-0.114075,-0.049744,0.980896,-48.458015,23.320610,-1.442748
0.680586,-0.413413,-0.118469,-0.066833,0.992859,-34.381680,21.832062,-0.450382
0.681051,-0.277119,-0.116760,-0.080017,1.002380,-17.305344,19.450382,-0.335878
0.681517,-0.336538,-0.117554,-0.079468,1.002319,0.221374,16.473282,-1.129771
0.681982,-0.590661,-0.116821,-0.073059,0.989380,14.854961,14.587787,-1.893130
0.682448,-0.762875,-0.107605,-0.055908,0.971741,26.244274,15.083969,-2.282443
0.682913,-1.051575,-0.106384,-0.030518,0.951416,34.030533,15.358779,-2.129771
0.683379,-1.492515,-0.103943,-0.022766,0.942200,37.511452,14.259542,-2.190840
0.683844,-1.962661,-0.097778,0.001282,0.932800,36.175571,14.007633,-2.541985
0.684310,-2.396384,-0.096924,0.020935,0.917542,30.465649,15.259542,-2.664122
0.684775,-2.890196,-0.096008,0.032776,0.907898,21.015266,17.419847,-2.450382
0.685241,-3.639139,-0.096558,0.043274,0.904541,10.389313,18.732824,-2.229008
0.685706,-4.806867,-0.096985,0.042908,0.907043,-0.167939,19.396946,-2.122137
0.686172,-5.492027,-0.102539,0.040344,0.920288,-9.221375,19.229008,-2.679389
0.686637,-5.494041,-0.105408,0.026794,0.931335,-12.900764,18.923664,-2.595420
0.687103,-5.494545,-0.107727,0.009949,0.942444,-18.236641,19.198473,-2.167939
0.687568,-5.494377,-0.105103,-0.000732,0.951050,-20.167938,20.412214,-1.503817
0.688034,-5.494713,-0.107788,-0.011169,0.957825,-17.312977,20.312977,-0.870229
0.688499,-5.495048,-0.106934,-0.022278,0.961792,-11.335877,18.946566,-0.603053
0.688965,-5.494881,-0.107727,-0.026306,0.959351,-4.145038,17.625954,-0.587786
0.689430,-5.494881,-0.106689,-0.030701,0.962891,2.206107,16.977098,-0.442748
0.689896,-5.495216,-0.104553,-0.028259,0.966248,6.954198,17.358778,-0.343511
0.690361,-5.495048,-0.103760,-0.022156,0.964478,10.877863,17.862595,-0.366412
0.690827,-5.495216,-0.106384,-0.012024,0.957703,13.839695,17.519083,-0.061069
0.691293,-5.495216,-0.101807,-0.005615,0.944397,15.381680,16.709923,0.160305
0.691758,-5.495216,-0.097229,-0.000305,0.932739,14.816793,16.083969,0.160305
0.692224,-5.495216,-0.097229,-0.000305,0.932739,14.816793,16.083969,0.160305
0.692689,-5.495048,-0.096313,0.005188,0.936096,6.801527,17.366413,-0.022901
0.693155,-5.495216,-0.100647,0.001282,0.930542,1.213740,19.404581,0.137405
0.693620,-5.495384,-0.110779,-0.002258,0.925781,-1.259542,20.358778,0.099237
0.694086,-5.495216,-0.118713,-0.003479,0.932617,-4.114504,20.450382,0.099237
0.694551,-5.495216,-0.118469,-0.012756,0.945740,-4.938931,18.152672,0.473282
0.695017,-5.495216,-0.111328,-0.019165,0.952515,-3.908397,16.603054,0.335878
0.695482,-5.495048,-0.107239,-0.022156,0.955017,-1.190840,16.938931,0.732824
0.695948,-5.495048,-0.096130,-0.024658,0.958679,2.992366,17.114504,1.328244
0.696413,-5.495048,-0.092407,-0.025146,0.960876,7.038168,16.297710,1.450382
0.696879,-5.495048,-0.091125,-0.022461,0.961243,10.984733,17.190840,1.358779
0.697344,-5.495048,-0.093201,-0.013794,0.956848,14.312977,18.305344,1.351145
0.697810,-5.495048,-0.091736,-0.002502,0.942566,16.633587,17.946566,1.290076
0.698275,-5.494881,-0.090576,0.008545,0.938782,16.908398,17.145039,1.038168
0.698741,-5.495048,-0.094971,0.013062,0.935120,14.786260,17.335878,1.045802
0.699206,-5.495048,-0.090759,0.015442,0.931152,10.465649,18.877863,0.832061
0.699672,-5.132998,-0.096252,0.017700,0.923401,4.381680,20.160305,0.725191
0.700137,-4.688197,-0.104858,0.017517,0.929749,-1.015267,20.137405,0.282443
0.700603,-4.083940,-0.111145,0.014221,0.938232,-3.351145,19.587786,0.183206
0.701068,-3.460716,-0.111328,0.004639,0.944153,-6.419847,19.274809,0.541985
0.701534,-2.985199,-0.113037,-0.005310,0.952454,-7.145038,19.465649,0.770992
0.701999,-2.732921,-0.110596,-0.013855,0.955566,-5.419847,19.068703,0.519084
0.702465,-2.521935,-0.111511,-0.019104,0.957153,-2.519084,18.374046,0.030534
0.702930,-2.072435,-0.107239,-0.020508,0.953796,1.702290,18.068703,-0.022901
0.703396,-1.402716,-0.105225,-0.018311,0.952576,5.992366,17.061069,0.236641
0.703861,-0.514961,-0.103943,-0.018982,0.958069,10.083969,16.610687,0.496183
0.704327,0.442283,-0.099243,-0.014893,0.962036,13.213740,17.137405,0.671756
0.704792,1.309056,-0.099182,-0.004456,0.950989,15.374045,18.137405,0.725191
0.705258,1.981796,-0.099243,0.002930,0.941284,15.870229,18.381680,0.374046
0.705724,1.981796,-0.099243,0.002930,0.941284,15.870229,18.381680,0.374046
0.706189,3.322240,-0.101868,0.020569,0.933228,12.931297,17.801527,0.587786
0.706655,3.762676,-0.100769,0.023682,0.930786,9.725191,18.000000,0.290076
0.707120,4.157794,-0.099060,0.024292,0.927368,7.259542,18.328245,0.267176
0.707586,4.474022,-0.101135,0.020691,0.926331,1.702290,19.022902,0.343511
0.708051,4.683497,-0.104858,0.015320,0.925110,-3.671756,20.030535,0.480916
0.708517,4.631128,-0.104492,0.006897,0.936890,-7.648855,20.656488,0.824427
0.708982,4.272602,-0.108765,-0.000916,0.949097,-9.381680,20.274809,0.961832
0.709448,3.711986,-0.112061,-0.009155,0.955933,-9.175572,20.099237,0.816794
0.709913,3.079866,-0.106934,-0.014709,0.960999,-7.007634,19.961832,0.839695
0.710379,2.394705,-0.108826,-0.016235,0.962280,-2.755725,19.244274,0.900763
0.710844,1.907103,-0.107605,-0.015259,0.963074,2.809160,18.450382,1.206107
0.711310,1.552438,-0.097839,-0.013367,0.959778,8.297709,18.236641,1.351145
0.711775,1.237217,-0.097229,-0.005066,0.950928,12.183207,18.381680,1.137405
0.712241,1.136507,-0.098999,-0.000854,0.943237,13.160305,18.106871,1.022901
0.712706,1.157992,-0.100708,0.000305,0.943481,11.129771,18.015266,0.900763
0.713172,1.122408,-0.107178,0.005554,0.936523,7.183206,18.961832,0.946565
0.713637,0.933410,-0.105164,0.009888,0.929260,3.320611,19.335878,0.870229
0.714103,0.702113,-0.101379,0.010803,0.928406,1.488550,19.053434,0.725191
0.714568,0.794095,-0.098389,0.008911,0.938293,-0.656489,17.633587,0.396947
0.715034,1.262730,-0.097961,0.001343,0.951172,-2.083969,17.511450,0.053435
0.715499,2.001938,-0.102051,-0.005005,0.953674,-2.610687,19.106871,0.091603
0.715965,2.912016,-0.105591,-0.006897,0.950500,-1.801527,20.450382,0.404580
0.716430,3.812024,-0.107056,-0.011841,0.950867,0.458015,19.366413,0.412214
0.716896,4.582788,-0.109497,-0.012756,0.952942,2.885496,17.709923,-0.099237
0.717361,5.408606,-0.106567,-0.014038,0.952026,5.198473,17.916031,-0.045802
0.717827,5.499916,-0.106323,-0.008911,0.953125,7.824428,18.114504,0.190840
0.718292,5.499916,-0.106506,-0.006348,0.947693,9.648855,17.587786,0.297710
0.718758,5.499916,-0.104614,-0.001343,0.940308,10.732824,16.961832,-0.160305
0.719224,5.499916,-0.099365,0.001831,0.936279,10.030535,16.877863,-0.045802
0.719689,5.499916,-0.098999,0.008362,0.942627,8.106871,17.221375,0.083969
0.720155,5.499916,-0.097046,0.006042,0.943237,6.213740,17.923664,0.236641
0.720620,5.499916,-0.098328,0.008606,0.946594,5.213740,18.267176,0.251908
0.721086,5.499916,-0.100647,0.010071,0.939697,3.816794,18.488550,0.351145
0.721551,5.499916,-0.100647,0.003723,0.933655,2.343511,18.503817,0.145038
0.722017,5.499916,-0.106262,-0.004761,0.932922,0.053435,18.374046,0.236641
0.722482,5.499916,-0.105957,-0.013550,0.932739,-2.786260,18.549618,0.221374
0.722948,5.499916,-0.110107,-0.015503,0.948120,-4.656488,19.297710,0.335878
0.723413,5.499916,-0.109192,-0.016907,0.955994,-3.679389,19.412214,0.763359
0.723879,5.499916,-0.106384,-0.017273,0.957825,-0.145038,18.679390,1.015267
0.724344,5.499916,-0.105103,-0.018433,0.955688,4.778626,17.793894,0.679389
0.724810,5.499916,-0.098816,-0.018616,0.952698,9.206107,17.221375,0.564885
0.725275,2.681056,-0.099915,-0.012268,0.951172,12.167939,17.519083,0.633588
0.725741,3.488914,-0.104004,-0.004883,0.949585,13.427481,18.183207,0.717557
0.726206,2.612909,-0.102783,0.007446,0.946533,13.709924,18.083969,0.900763
0.726672,2.383963,-0.105896,0.014771,0.944214,13.687023,17.000000,0.870229
0.727137,2.549798,-0.099854,0.015381,0.936035,11.473283,16.610687,0.496183
0.727603,2.832456,-0.095276,0.015442,0.934692,9.725191,16.839695,0.404580
0.728068,2.832456,-0.095276,0.015442,0.934692,9.725191,16.839695,0.404580
0.728534,3.383673,-0.101624,0.007019,0.931824,0.091603,18.480917,0.900763
0.728999,3.544808,-0.103882,0.001038,0.936340,-3.923664,19.396946,0.809160
0.729465,3.781811,-0.106140,-0.004944,0.935242,-5.893130,19.832062,0.717557
0.729930,3.816052,-0.106689,-0.011047,0.943115,-5.732824,19.541985,0.877863
0.730396,3.804303,-0.104919,-0.015503,0.953125,-3.603053,18.916031,1.167939
0.730861,3.852308,-0.105408,-0.016052,0.958557,0.396947,18.305344,1.076336
0.731327,3.856672,-0.105286,-0.019287,0.968689,4.519084,17.725191,0.931298
0.731792,3.684459,-0.101318,-0.017334,0.963501,8.732824,18.206106,0.809160
0.732258,3.249393,-0.104553,-0.007385,0.955811,12.564885,18.862595,0.908397
0.732724,2.559701,-0.100220,0.000427,0.945984,14.732824,17.809160,0.396947
0.733189,1.682017,-0.102844,0.008789,0.947876,15.152672,16.992367,0.267176
0.733655,0.749783,-0.101440,0.017273,0.945251,14.152672,17.213741,0.496183
0.734120,-0.136461,-0.099731,0.023926,0.940735,11.961832,17.839695,0.694656
0.734586,-0.860899,-0.095337,0.025391,0.927002,10.167939,18.022902,0.366412
0.735051,-1.633509,-0.096924,0.027954,0.927673,5.465649,18.427481,-0.152672
0.735517,-2.295338,-0.097656,0.025208,0.928101,0.198473,18.549618,-0.251908
0.735982,-2.752392,-0.100342,0.026489,0.934204,-3.778626,19.030535,-0.076336
0.736448,-3.180911,-0.103577,0.016968,0.939392,-6.587786,19.282442,-0.244275
0.736913,-3.731456,-0.104858,0.008301,0.942993,-7.793893,19.030535,-0.083969
0.737379,-4.401175,-0.100952,0.002319,0.942871,-8.160305,19.076336,0.175573
0.737844,-4.834562,-0.101990,-0.006287,0.941467,-7.931298,19.099237,0.259542
0.738310,-4.879210,-0.103088,-0.012207,0.944092,-8.053435,19.335878,0.106870
0.738775,-4.527230,-0.108765,-0.018311,0.954956,-7.557252,19.648855,0.244275
0.739241,-3.982391,-0.110535,-0.022095,0.958740,-5.511450,19.267176,0.381679
0.739706,-3.275578,-0.108276,-0.024902,0.960571,-1.961832,18.839695,0.572519
0.740172,-2.663767,-0.108582,-0.027405,0.956665,2.267176,18.419847,0.648855
0.740637,-2.133196,-0.107422,-0.024719,0.957520,6.847328,17.526718,0.709924
0.741103,-1.477241,-0.104736,-0.021423,0.955505,9.022901,17.206106,0.572519
0.741568,-1.477241,-0.104736,-0.021423,0.955505,9.022901,17.206106,0.572519
0.742034,-0.490455,-0.108521,-0.003296,0.942810,12.916031,17.221375,0.053435
0.742499,-0.005875,-0.109802,0.003479,0.938721,12.679389,17.832062,-0.053435
0.742965,0.439933,-0.106567,0.012939,0.936035,11.885496,18.206106,-0.167939
0.743430,0.814237,-0.101135,0.017334,0.926636,10.679389,17.267176,-0.190840
0.743896,0.907225,-0.097778,0.020386,0.925598,8.328244,16.519083,-0.435115
0.744361,0.745083,-0.092163,0.017517,0.928284,4.137404,16.946566,-0.442748
0.744827,0.399985,-0.085327,0.016174,0.931702,-1.572519,18.389313,0.045802
0.745292,0.002182,-0.089111,0.008667,0.928040,-7.763359,20.000000,0.496183
0.745758,-0.357015,-0.092834,-0.003845,0.927002,-13.702291,21.374046,0.702290
0.746223,-0.575891,-0.100037,-0.015198,0.933411,-17.702290,21.809160,0.801527
0.746689,-0.832700,-0.104431,-0.024658,0.944946,-18.587786,21.045801,1.198473
0.747155,-1.077424,-0.105896,-0.039368,0.962524,-16.152672,19.877863,1.427481
0.747620,-1.019516,-0.106018,-0.051147,0.964844,-11.702291,19.244274,1.541985
0.748086,-0.963455,-0.106873,-0.057190,0.969055,-8.862596,19.404581,1.694656
0.748551,-1.182498,-0.111938,-0.061829,0.968689,-1.862595,19.854961,1.664122
0.749017,-1.655161,-0.115540,-0.055481,0.970093,5.946565,19.122137,1.526718
0.749482,-1.918685,-0.114685,-0.048950,0.966797,13.847328,17.587786,1.465649
0.749948,-1.863630,-0.111694,-0.036194,0.956299,20.061069,16.068703,1.404580
0.750413,-1.475898,-0.107849,-0.023071,0.945801,23.557251,15.633588,1.404580
0.750879,-0.897154,-0.102783,-0.011475,0.941772,24.381680,16.045801,1.366412
0.751344,-0.266041,-0.096924,-0.004944,0.940674,22.633587,16.198473,1.564885
0.751810,0.085771,-0.094482,0.006287,0.936401,19.038168,16.274809,1.763359
0.752275,0.273091,-0.092041,0.011292,0.933105,14.458015,17.961832,2.030534
0.752741,0.616007,-0.097656,0.018005,0.925110,9.267176,19.435114,2.061069
0.753206,0.748272,-0.104187,0.017822,0.917908,3.877863,19.534351,2.328244
0.753672,0.693385,-0.107483,0.010986,0.921265,-1.190840,19.251909,2.068702
0.754137,0.660487,-0.107849,0.007141,0.934265,-5.274809,18.854961,2.183206
0.754603,0.577905,-0.109314,-0.000610,0.942993,-6.534351,18.969465,2.099237
0.755068,0.339391,-0.101074,-0.008911,0.950562,-6.862596,19.106871,2.152672
0.755534,-0.172381,-0.097473,-0.014893,0.955505,-4.793893,18.656488,2.053435
0.755999,-0.977722,-0.097046,-0.022766,0.958191,-1.137405,18.198473,1.786260
0.756465,-2.039368,-0.094116,-0.019165,0.960327,3.190840,18.114504,1.877863
0.756930,-3.152041,-0.098145,-0.016968,0.956116,6.977099,18.793894,2.045802
0.757396,-4.212848,-0.101929,-0.017700,0.950867,9.961832,18.984734,1.954198
0.757861,-5.119402,-0.106384,-0.010681,0.940186,11.167939,18.534351,1.343511
0.758327,-5.492531,-0.108276,-0.010437,0.938904,10.122137,18.343512,1.099237
0.758792,-5.494041,-0.105774,-0.007324,0.931702,8.000000,18.099237,1.206107
0.759258,-5.494545,-0.102112,-0.004272,0.936768,5.541985,17.755726,1.167939
0.759723,-5.494545,-0.104431,-0.006958,0.940796,3.473282,17.931297,1.259542
0.760189,-5.494713,-0.101929,-0.006042,0.947510,2.122137,18.679390,1.175573
0.760655,-5.494881,-0.101501,-0.010742,0.948059,1.839695,19.519083,1.061069
0.761120,-5.494881,-0.104980,-0.007385,0.947998,2.885496,19.320610,1.000000
0.761586,-5.495048,-0.108093,-0.008850,0.950684,3.900763,18.885496,1.129771
0.762051,-5.494881,-0.105347,-0.004272,0.950134,6.038168,17.541985,1.236641
0.762517,-5.495048,-0.101807,-0.004456,0.948242,7.748092,17.450382,1.022901
0.762982,-5.495216,-0.098755,-0.005432,0.941589,8.526717,18.106871,1.030534
0.763448,-5.495216,-0.101624,-0.000793,0.940002,8.259542,18.763359,1.213740
0.763913,-5.495216,-0.101624,-0.000793,0.940002,8.259542,18.763359,1.213740
0.764379,-5.495048,-0.102295,-0.002197,0.939270,5.435114,18.366413,1.061069
0.764844,-5.495048,-0.103333,-0.000366,0.942993,2.885496,18.564886,0.954198
0.765310,-5.495048,-0.105774,-0.003479,0.943604,0.832061,18.679390,0.885496
0.765775,-5.495048,-0.106689,-0.005432,0.944336,-0.106870,18.595419,1.022901
0.766241,-5.104631,-0.104675,-0.008728,0.945496,0.305344,18.938931,1.091603
0.766706,-4.693400,-0.106812,-0.009949,0.947388,1.465649,18.374046,0.992366
0.767172,-4.581277,-0.106445,-0.014404,0.951965,2.938931,17.809160,0.984733
0.767637,-4.763058,-0.106445,-0.020813,0.951538,3.709924,18.175573,0.748092
0.768103,-5.265431,-0.108215,-0.020996,0.945129,4.900764,18.847328,0.847328
0.768568,-5.494545,-0.109924,-0.017090,0.946472,5.526718,18.702290,0.847328
0.769034,-5.494881,-0.104858,-0.011902,0.949036,7.419847,17.770992,0.549618
0.769499,-5.494881,-0.103821,-0.009277,0.951111,9.564885,16.824427,0.503817
0.769965,-5.495048,-0.099731,-0.004517,0.951843,11.160305,17.015266,0.160305
0.770430,-5.494881,-0.098389,0.002869,0.945312,12.496183,17.732824,-0.068702
0.770896,-5.495048,-0.101013,0.007629,0.942932,13.091603,17.366413,-0.099237
0.771361,-5.495048,-0.096924,0.006531,0.931946,12.152672,16.358778,-0.190840
0.771827,-5.495216,-0.096863,0.007874,0.927185,8.519084,16.877863,-0.137405
0.772292,-5.495048,-0.097229,0.002930,0.924133,2.916031,18.572519,0.068702
0.772758,-5.495216,-0.104370,0.003906,0.932739,-1.847328,20.221375,0.282443
0.773223,-5.495216,-0.109436,0.000061,0.945618,-4.137404,20.351145,0.694656
0.773689,-5.495048,-0.111938,-0.001465,0.946899,-3.152672,19.450382,0.717557
0.774155,-5.494881,-0.110413,-0.010986,0.945251,-1.526718,17.816793,0.816794
0.774620,-5.193591,-0.108154,-0.016235,0.947754,0.679389,16.679390,0.916031
0.775086,-3.811353,-0.097656,-0.020874,0.953613,1.664122,16.992367,1.053435
0.775551,-2.631373,-0.096985,-0.019775,0.959656,3.885496,18.137405,0.916031
0.776017,-1.461631,-0.098145,-0.017273,0.954651,6.099236,18.908398,0.824427
0.776482,-0.243381,-0.101074,-0.012085,0.949768,8.511451,18.900763,0.511450
0.776948,0.780667,-0.102234,-0.004639,0.943787,10.580153,18.305344,0.664122
0.777413,0.780667,-0.102234,-0.004639,0.943787,10.580153,18.305344,0.664122
0.777879,2.897917,-0.101318,0.009033,0.944641,12.045801,17.061069,0.229008
0.778344,4.010422,-0.096008,0.007446,0.938171,10.198473,16.755726,0.015267
0.778810,4.855879,-0.094910,0.006958,0.932861,6.587786,18.091602,-0.221374
0.779275,5.367987,-0.095642,0.008362,0.929688,2.068702,19.114504,-0.160305
0.779741,5.499916,-0.097900,0.009705,0.933960,-2.190840,19.206106,0.038168
0.780206,5.499916,-0.101074,0.001648,0.936462,-5.366412,19.511450,-0.022901
0.780672,5.499916,-0.104370,-0.002258,0.938477,-6.564886,20.137405,0.251908
0.781137,5.499916,-0.106323,-0.010254,0.940186,-6.725191,19.961832,0.541985
0.781603,5.499916,-0.110046,-0.018738,0.947937,-5.916030,19.801527,0.694656
0.782068,5.499916,-0.109802,-0.023376,0.956665,-4.992366,19.687023,0.587786
0.782534,5.499916,-0.111084,-0.022949,0.960327,-1.099237,19.282442,1.221374
0.782999,5.499916,-0.108887,-0.020508,0.961731,3.717557,18.725191,1.656489
0.783465,5.499916,-0.110779,-0.020691,0.952026,7.992366,18.198473,1.419847
0.783930,5.499916,-0.109070,-0.022034,0.947388,9.961832,17.389313,1.641221
0.784396,5.499916,-0.102600,-0.018433,0.939880,9.923664,17.587786,1.832061
0.784861,5.499916,-0.101501,-0.012878,0.937927,8.954199,18.152672,1.908397
0.785327,5.499916,-0.101196,-0.009766,0.939941,7.748092,18.061069,1.946565
0.785792,5.499916,-0.102417,-0.004883,0.942688,7.137404,18.335878,1.839695
0.786258,5.499916,-0.100769,-0.003113,0.943054,6.358778,19.076336,2.061069
0.786723,5.499916,-0.098755,-0.002869,0.940186,5.603054,19.305344,2.190840
0.787189,5.499916,-0.101318,-0.000549,0.937866,4.381680,19.351145,2.274809
0.787654,5.499916,-0.106140,-0.002197,0.937195,3.152672,19.778625,2.251908
0.788120,5.499916,-0.105530,0.001099,0.938660,2.244275,20.007633,1.893130
0.788586,5.499916,-0.107056,0.002502,0.943970,2.129771,19.900763,1.916031
0.789051,5.499916,-0.103333,0.000366,0.947815,2.343511,18.664122,1.816794
0.789517,5.499916,-0.102173,-0.002869,0.945496,2.167939,17.870230,1.732824
0.789982,5.499916,-0.096191,-0.003235,0.943054,1.916031,18.900763,2.038168
0.790448,5.499916,-0.099548,-0.004517,0.947754,1.610687,19.870230,1.725191
0.790913,5.499916,-0.106140,-0.007385,0.948914,1.473282,19.328245,1.458015
0.791379,5.499916,-0.111023,-0.012939,0.945374,1.389313,18.610687,1.099237
0.791844,5.499916,-0.113586,-0.015015,0.942139,1.106870,18.450382,1.114504
0.792310,5.499916,-0.113647,-0.018066,0.941406,1.229008,18.488550,1.099237
0.792775,5.499916,-0.105774,-0.021729,0.944641,2.312977,18.000000,1.229008
0.793241,5.499916,-0.101685,-0.017700,0.952576,4.687023,17.045801,0.900763
0.793706,5.499916,-0.098999,-0.016724,0.957703,7.465649,17.091602,0.862595
0.794172,5.499916,-0.099487,-0.016235,0.957581,9.954199,18.083969,0.793893
0.794637,5.499916,-0.106445,-0.011292,0.949707,11.580153,18.786259,0.854962
0.795103,5.499916,-0.110107,-0.007446,0.941406,11.824428,18.351145,0.679389
0.795568,5.499916,-0.106201,0.000610,0.937866,11.671756,17.946566,0.618321
0.796034,0.579248,-0.107544,0.005310,0.941711,10.595420,17.297710,0.725191
0.796499,1.088502,-0.099915,0.006226,0.937134,9.419847,17.068703,0.793893
0.796965,0.266712,-0.097961,0.008057,0.936279,7.259542,17.106871,1.213740
0.797430,0.088792,-0.097290,0.000916,0.935608,3.931298,18.206106,1.068702
0.797896,0.233814,-0.102661,0.003967,0.935852,0.160305,19.648855,0.877863
0.798361,0.452354,-0.104736,0.002380,0.943726,-2.076336,20.312977,0.923664
0.798827,0.628931,-0.106506,-0.001221,0.943420,-2.259542,19.496183,0.839695
0.799292,0.766903,-0.107361,-0.001099,0.949585,-1.503817,18.580153,0.656489
0.799758,0.766903,-0.107361,-0.001099,0.949585,-1.503817,18.580153,0.656489
0.800223,1.118379,-0.104858,-0.013855,0.944336,-0.488550,18.778625,0.748092
0.800689,1.182498,-0.103638,-0.018616,0.946289,0.175573,18.671755,0.709924
0.801154,1.388952,-0.102356,-0.017761,0.950745,1.854962,18.656488,0.732824
0.801620,1.632670,-0.103638,-0.018188,0.957947,4.145038,18.572519,0.473282
0.802086,1.650797,-0.104370,-0.012390,0.955078,6.946565,18.549618,0.419847
0.802551,1.340612,-0.100891,-0.009583,0.950684,8.091603,18.618320,0.419847
0.803017,0.794430,-0.104736,-0.005981,0.943848,9.755725,18.404581,0.427481
0.803482,0.044144,-0.107239,-0.000183,0.941467,10.122137,17.946566,0.274809
0.803948,-0.831357,-0.103088,0.002258,0.936218,9.259542,17.755726,0.236641
0.804413,-1.726329,-0.103088,0.006104,0.934875,7.114504,18.160305,0.480916
0.804879,-2.436667,-0.098389,0.004517,0.934570,4.015267,18.305344,0.229008
0.805344,-3.191989,-0.100891,-0.002014,0.934814,0.167939,18.068703,0.229008
0.805810,-3.892592,-0.099976,-0.006348,0.937073,-3.259542,19.290077,0.213740
0.806275,-4.364248,-0.106140,-0.007507,0.948853,-4.687023,20.458015,0.290076
0.806741,-4.782864,-0.106506,-0.013489,0.955444,-2.938931,19.068703,0.526718
0.807206,-5.350195,-0.104797,-0.013794,0.958069,1.000000,17.656488,0.389313
0.807672,-5.493538,-0.100525,-0.019592,0.954346,4.793893,17.183207,0.015267
0.808137,-5.494377,-0.103516,-0.024292,0.952698,7.099236,17.335878,0.083969
0.808603,-5.494713,-0.103394,-0.021057,0.945251,7.946565,17.931297,0.412214
0.809068,-5.494881,-0.101379,-0.019226,0.942749,8.519084,18.022902,0.549618
0.809534,-5.494881,-0.104980,-0.014465,0.945312,9.091603,17.793894,0.595420
0.809999,-5.223133,-0.105042,-0.009766,0.944519,8.847328,17.786259,0.610687
0.810465,-4.505913,-0.107910,-0.004761,0.939514,8.656488,18.442749,0.687023
0.810930,-3.870771,-0.105774,-0.000977,0.936401,8.312977,18.442749,0.938931
0.811396,-3.115114,-0.104065,0.003174,0.943054,7.587786,18.015266,0.961832
0.811861,-2.497765,-0.102051,0.005432,0.941467,6.648855,17.129770,1.145038
0.812327,-1.995560,-0.097473,0.002197,0.936646,4.595420,17.954199,1.229008
0.812792,-1.462470,-0.100159,-0.000793,0.934753,2.152672,19.053434,1.061069
0.813258,-1.462470,-0.100159,-0.000793,0.934753,2.152672,19.053434,1.061069
0.813723,-0.550042,-0.105530,-0.003967,0.940735,-0.694656,19.129770,0.610687
0.814189,-0.552056,-0.107239,-0.006531,0.948364,-0.419847,18.877863,0.717557
0.814654,-0.837400,-0.107361,-0.009583,0.949829,0.022901,19.007633,0.732824
0.815120,-1.444007,-0.107056,-0.009705,0.947327,0.725191,19.351145,0.877863
0.815586,-2.213596,-0.107971,-0.013306,0.944580,1.893130,19.183207,0.786260
0.816051,-2.977142,-0.107605,-0.013672,0.947083,2.580153,18.656488,0.740458
0.816517,-3.589792,-0.103088,-0.015625,0.950623,4.083970,17.763359,0.587786
0.816982,-4.179278,-0.102234,-0.014038,0.948364,5.335878,17.687023,0.633588
0.817448,-4.663020,-0.103088,-0.008972,0.948547,6.076336,18.564886,0.702290
0.817913,-4.850675,-0.101562,-0.006042,0.942505,6.633588,19.015266,0.793893
0.818379,-5.040513,-0.102722,-0.002502,0.937134,6.595420,18.809160,0.709924
0.818844,-5.425895,-0.106201,-0.006592,0.936462,5.694656,18.549618,0.671756
0.819310,-5.494209,-0.107056,-0.009521,0.935181,3.717557,18.503817,0.770992
0.819775,-5.494545,-0.109436,-0.008972,0.941467,1.206107,18.801527,0.725191
0.820241,-5.494881,-0.108398,-0.010315,0.950073,-0.557252,18.931297,0.832061
0.820706,-5.494881,-0.107910,-0.008179,0.955383,1.030534,18.198473,1.274809
0.821172,-5.494713,-0.102295,-0.009521,0.956543,4.671756,17.335878,0.732824
0.821637,-4.867292,-0.103271,-0.013794,0.949280,7.671756,17.183207,0.061069
0.822103,-4.154772,-0.107788,-0.013489,0.946411,8.832061,17.091602,0.152672
0.822568,-3.613458,-0.105957,-0.015625,0.946838,8.854961,17.015266,0.335878
0.823034,-2.973449,-0.106445,-0.016235,0.945496,8.511451,17.541985,0.282443
0.823499,-2.457145,-0.106140,-0.007324,0.944031,8.389313,17.908398,-0.091603
0.823965,-2.132860,-0.106201,-0.002991,0.943665,8.977099,17.396946,0.030534
0.824430,-1.814618,-0.100891,-0.002136,0.940247,9.801527,16.778625,0.244275
0.824896,-1.490669,-0.097229,0.003296,0.938599,10.366412,17.106871,0.389313
0.825361,-1.301335,-0.099976,0.008667,0.939270,9.824428,17.900763,0.320611
0.825827,-1.479088,-0.100647,0.012268,0.935608,8.244275,18.671755,0.183206
0.826292,-1.990188,-0.102783,0.015015,0.938232,5.450382,18.770992,0.366412
0.826758,-2.804929,-0.108582,0.011230,0.937866,2.343511,18.625954,0.251908
0.827223,-3.791882,-0.105896,0.007935,0.936584,-1.259542,17.931297,0.297710
0.827689,-4.804685,-0.107605,-0.001587,0.934387,-4.335878,17.793894,0.610687
0.828154,-5.489509,-0.102905,-0.011475,0.934265,-6.511450,18.984734,0.755725
0.828620,-5.494377,-0.107056,-0.017761,0.936218,-6.618320,20.167938,0.809160
0.829085,-5.494545,-0.110901,-0.021790,0.952759,-4.763359,19.702290,1.099237
0.829551,-5.494881,-0.112976,-0.023438,0.965698,-2.793893,18.862595,1.213740
0.830017,-5.494881,-0.110352,-0.025452,0.967896,2.183206,17.251909,1.389313
0.830482,-5.494881,-0.105835,-0.026489,0.962463,7.534351,16.473282,1.442748
0.830948,-5.495048,-0.101074,-0.020874,0.951538,12.038168,16.541985,1.213740
0.831413,-5.495048,-0.096802,-0.013794,0.942261,14.770992,16.702290,0.992366
0.831879,-5.494881,-0.091492,-0.008362,0.938293,15.839695,16.229008,1.145038
0.832344,-5.494881,-0.085022,-0.001892,0.945679,15.053435,15.541985,1.419847
0.832810,-5.494881,-0.080566,0.002014,0.944458,13.061069,16.793894,1.786260
0.833275,-5.495048,-0.080566,0.009644,0.936462,9.740458,18.748091,1.847328
0.833741,-5.163882,-0.089844,0.008789,0.930420,5.236641,20.641222,1.618321
0.834206,-4.333532,-0.102417,0.010681,0.927124,0.419847,21.122137,1.580153
0.834672,-3.397436,-0.111084,0.006592,0.934265,-3.618321,20.404581,1.557252
0.835137,-2.461509,-0.120972,-0.000305,0.945129,-6.022901,19.511450,1.832061
0.835603,-2.461509,-0.120972,-0.000305,0.945129,-6.022901,19.511450,1.832061
0.836068,-0.959258,-0.120911,-0.010986,0.952881,-3.389313,18.106871,1.488550
0.836534,-0.193530,-0.109497,-0.019836,0.952576,-1.687023,17.259542,1.335878
0.836999,0.468467,-0.102234,-0.021118,0.954773,2.725191,15.954199,1.045802
0.837465,0.802655,-0.097046,-0.024414,0.955261,6.717557,15.938931,1.030534
0.837930,0.764553,-0.091919,-0.020630,0.955078,9.709924,16.549618,0.809160
0.838396,0.401328,-0.092041,-0.015198,0.948730,11.183207,17.511450,0.610687
0.838861,-0.207462,-0.095642,-0.008057,0.945618,12.160305,18.778625,0.671756
0.839327,-0.878691,-0.097656,0.000610,0.940552,12.839695,18.755726,0.687023
0.839792,-1.327520,-0.097839,0.003906,0.936584,12.541985,17.877863,0.748092
0.840258,-1.642069,-0.100342,0.010071,0.934082,10.603053,17.847328,0.725191
0.840723,-1.970214,-0.101807,0.008301,0.926697,7.045802,18.854961,0.717557
0.841189,-2.044572,-0.102356,0.007202,0.932739,2.572519,19.679390,0.786260
0.841654,-1.968368,-0.109436,0.011475,0.937012,-0.625954,19.442749,0.618321
0.842120,-1.998581,-0.107910,0.009094,0.941956,-2.702290,18.969465,0.832061
0.842585,-2.204364,-0.105408,0.003113,0.942932,-3.419847,18.458015,1.427481
0.843051,-2.397055,-0.102478,-0.004150,0.943542,-3.709924,18.458015,1.435115
0.843517,-2.246159,-0.100891,-0.013062,0.949768,-3.274809,18.465649,1.251908
0.843982,-1.714412,-0.100952,-0.020325,0.949463,-2.305344,18.969465,1.122137
0.844448,-0.771267,-0.108582,-0.021057,0.948303,-0.900763,19.381680,1.099237
0.844913,0.424491,-0.108765,-0.019714,0.952026,1.595420,19.633587,1.183206
0.845379,1.699474,-0.105469,-0.018738,0.955017,4.740458,18.435114,1.152672
0.845844,2.783444,-0.100281,-0.013428,0.956421,8.000000,17.007633,1.038168
0.846310,3.857679,-0.095886,-0.010193,0.947144,9.809160,16.916031,1.106870
0.846775,4.950713,-0.094238,-0.010498,0.942932,10.160305,17.923664,0.961832
0.847241,5.499916,-0.090698,-0.004333,0.940186,9.793893,18.778625,0.748092
0.847706,5.499916,-0.095886,0.004944,0.938660,8.496183,18.900763,0.732824
0.848172,5.499916,-0.096985,0.009521,0.938843,6.595420,19.129770,0.938931
0.848637,5.499916,-0.103699,0.013123,0.936279,3.847328,19.412214,1.022901
0.849103,5.499916,-0.103699,0.013123,0.936279,3.847328,19.412214,1.022901
0.849568,5.499916,-0.108643,-0.002991,0.940796,-3.687023,18.824427,0.442748
0.850034,5.499916,-0.111633,-0.005249,0.945557,-4.977099,18.984734,0.732824
0.850499,5.499916,-0.108032,-0.009644,0.942993,-5.122138,19.396946,1.183206
0.850965,5.499916,-0.102661,-0.019958,0.947266,-3.083969,18.801527,1.312977
0.851430,5.499916,-0.107117,-0.022522,0.950745,-0.702290,18.312977,0.801527
0.851896,4.371298,-0.108215,-0.026611,0.951294,1.488550,18.480917,0.549618
0.852361,5.499916,-0.112915,-0.026123,0.947693,3.633588,19.183207,0.977099
0.852827,5.499916,-0.109009,-0.019287,0.952637,6.740458,19.038168,1.221374
0.853292,5.381750,-0.103394,-0.017578,0.956177,10.312977,17.404581,1.282443
0.853758,4.128923,-0.099731,-0.009460,0.953430,13.183207,16.641222,1.366412
0.854223,5.499916,-0.094604,0.000000,0.951355,14.839695,17.091602,1.358779
0.854689,5.499916,-0.093811,0.007324,0.946533,14.778625,17.870230,1.229008
0.855154,2.255390,-0.092224,0.012268,0.939697,12.251908,18.450382,1.198473
0.855620,4.465965,-0.099670,0.013794,0.931274,8.053435,19.480917,0.938931
0.856085,5.029938,-0.108215,0.015686,0.919617,2.595420,19.748091,1.152672
0.856551,5.499916,-0.109619,0.007507,0.921936,-0.015267,19.145039,1.106870
0.857017,5.499916,-0.107056,-0.001343,0.931458,-5.267176,18.045801,0.702290
0.857482,5.499916,-0.108093,-0.012634,0.944214,-9.053435,18.534351,0.564885
0.857948,5.499916,-0.109070,-0.016113,0.952820,-9.496183,19.816793,0.610687
0.858413,5.499916,-0.107971,-0.023193,0.953674,-6.984733,19.938931,0.770992
0.858879,5.499916,-0.102722,-0.025940,0.955750,-2.213740,18.694656,0.679389
0.859344,5.499916,-0.103455,-0.025452,0.959351,3.022901,17.740458,0.572519
0.859810,5.499916,-0.103210,-0.023621,0.959167,7.717557,18.389313,0.450382
0.860275,5.499916,-0.105591,-0.020508,0.954590,11.603053,18.671755,0.587786
0.860741,5.499916,-0.103333,-0.011658,0.951294,14.022901,17.763359,0.801527
0.861206,5.499916,-0.104736,-0.006409,0.944397,14.412213,16.603054,0.687023
0.861672,5.499916,-0.103210,-0.000549,0.936279,11.977099,17.488550,0.595420
0.862137,5.499916,-0.101562,0.000793,0.925720,8.473283,18.977098,0.854962
0.862603,5.499916,-0.101990,0.003113,0.918762,3.885496,19.022902,0.923664
0.863068,0.189837,-0.103821,0.002808,0.927856,-0.625954,18.221375,1.122137
0.863534,0.527214,-0.102722,-0.002197,0.940247,-2.282443,18.007633,0.923664
0.863999,-0.284504,-0.105042,-0.008118,0.948242,-5.068702,19.076336,0.931298
0.864465,-1.536324,-0.104980,-0.015808,0.954468,-5.366412,19.839695,1.053435
0.864930,-2.250690,-0.105103,-0.021606,0.956543,-3.320611,18.687023,0.916031
0.865396,-2.996109,-0.105103,-0.024780,0.960388,0.564885,17.900763,0.641221
0.865861,-3.909712,-0.101379,-0.027222,0.957153,4.877862,17.603054,0.946565
0.866327,-4.939467,-0.104126,-0.026978,0.952332,8.610687,17.854961,0.656489
0.866792,-5.491020,-0.106018,-0.023560,0.951050,11.183207,18.229008,0.709924
0.867258,-5.494041,-0.105896,-0.011963,0.949707,13.099236,18.053434,0.679389
0.867723,-5.494377,-0.110352,-0.009460,0.943726,14.351145,17.000000,0.786260
0.868189,-5.187045,-0.108948,-0.002014,0.938232,13.977099,16.755726,0.854962
0.868654,-4.361395,-0.102783,0.005920,0.932983,12.259542,17.419847,0.900763
0.869120,-3.591974,-0.098938,0.009583,0.927795,9.427481,17.961832,0.839695
0.869585,-2.966064,-0.099609,0.011597,0.931396,6.396946,18.213741,0.740458
0.870051,-2.151659,-0.102661,0.010559,0.932617,3.305344,18.671755,0.671756
0.870516,-1.434272,-0.102478,0.011475,0.937500,1.648855,18.839695,0.793893
0.870982,-0.817929,-0.101685,0.006409,0.943787,-0.251908,18.900763,0.679389
0.871448,-0.817929,-0.101685,0.006409,0.943787,-0.251908,18.900763,0.679389
0.871913,0.426841,-0.105652,-0.006714,0.940857,-3.099237,19.160305,0.282443
0.872379,0.951873,-0.105042,-0.013245,0.948486,-3.954198,19.106871,0.251908
0.872844,1.196597,-0.107666,-0.018127,0.959290,-3.442748,18.633587,0.251908
0.873310,1.070375,-0.104919,-0.018372,0.958130,-0.748092,18.908398,0.511450
0.873775,0.604593,-0.109375,-0.018616,0.953186,3.068702,18.954199,0.259542
0.874241,-0.021149,-0.109314,-0.016479,0.945312,6.190840,18.251909,0.083969
0.874706,-0.673579,-0.105347,-0.014526,0.946960,8.374045,17.488550,-0.068702
0.875172,-1.131807,-0.108337,-0.012268,0.947327,9.549619,17.557251,0.259542
0.875637,-1.620417,-0.106873,-0.008423,0.944763,9.870229,17.679390,0.129771
0.876103,-2.034836,-0.102783,-0.001160,0.943665,8.801527,17.923664,-0.061069
0.876568,-2.210742,-0.099243,-0.001282,0.939453,7.343512,18.045801,-0.022901
0.877034,-2.337972,-0.099792,0.005249,0.934814,6.381680,17.946566,0.000000
0.877499,-2.620294,-0.102173,0.003967,0.936035,4.465649,18.358778,0.183206
0.877965,-3.130053,-0.102661,0.002625,0.937866,1.877863,18.893129,0.343511
0.878430,-3.523156,-0.105469,-0.002747,0.937561,-0.839695,19.206106,0.175573
0.878896,-3.554879,-0.107483,-0.008301,0.937134,-3.175573,19.175573,0.175573
0.879361,-3.232944,-0.104065,-0.015625,0.944763,-4.099236,18.763359,0.557252
0.879827,-2.604181,-0.099060,-0.016724,0.951355,-3.694656,18.259542,0.709924
0.880292,-1.803876,-0.100281,-0.020569,0.954163,-1.992366,18.595419,0.854962
0.880758,-1.132982,-0.100647,-0.021606,0.953674,0.801527,19.366413,0.786260
0.881223,-0.649409,-0.103821,-0.023621,0.952148,3.190840,19.160305,0.618321
0.881689,-0.050523,-0.111450,-0.022217,0.951233,5.549618,18.931297,0.572519
0.882154,0.398642,-0.113403,-0.019409,0.950562,7.977099,18.076336,0.755725
0.882620,0.634974,-0.108948,-0.016174,0.950134,9.312977,16.587786,0.763359
0.883085,0.849149,-0.100769,-0.012756,0.944336,9.083969,16.427481,0.824427
0.883551,0.985946,,,,,,
0.884016,0.976043,,,,,,
0.884482,0.676600,,,,,,
0.884948,0.676600,,,,,,
0.885413,-0.956573,,,,,,
0.885879,-2.177173,,,,,,
0.886344,-3.477836,,,,,,
0.886810,-4.516487,,,,,,
0.887275,-5.447211,,,,,,
0.887741,-5.493706,,,,,,
0.888206,-5.494377,,,,,,
0.888672,-5.494545,,,,,,
0.889137,-5.494713,,,,,,
0.889603,-5.494713,,,,,,
0.890068,-5.494881,,,,,,
0.890534,-5.494545,,,,,,
0.890999,-5.494881,,,,,,
0.891465,-5.494881,,,,,,
0.891930,-5.495216,,,,,,
0.892396,-5.495216,,,,,,
0.892861,-5.109834,,,,,,
0.893327,-4.127916,,,,,,
0.893792,-3.238148,,,,,,
0.894258,-2.543755,,,,,,
0.894723,-1.746136,,,,,,
0.895189,-0.911589,,,,,,
0.895654,-0.112963,,,,,,
0.896120,0.398306,,,,,,
0.896585,0.532586,,,,,,
0.897051,0.279469,,,,,,
0.897516,-0.244724,,,,,,
0.897982,-0.839078,,,,,,
0.898448,-1.276997,,,,,,
0.898913,-1.569894,,,,,,
0.899379,-1.834424,,,,,,
0.899844,-1.888136,,,,,,
0.900310,-1.839124,,,,,,
0.900775,-1.892500,,,,,,
0.901241,-2.274357,,,,,,
0.901706,-2.708248,,,,,,
0.902172,-2.759609,,,,,,
0.902637,-2.421729,,,,,,
0.903103,-1.703838,,,,,,
0.903568,-0.787716,,,,,,
0.904034,0.132769,,,,,,
0.904499,0.814908,,,,,,
0.904965,1.485634,,,,,,
0.905430,2.098619,,,,,,
0.905896,2.511528,,,,,,
0.906361,2.883146,,,,,,
0.906827,3.220859,,,,,,
0.907292,3.220859,,,,,,
0.907758,3.493111,,,,,,
0.908223,3.104372,,,,,,
0.908689,2.393194,,,,,,
0.909154,1.444343,,,,,,
0.909620,0.462089,,,,,,
0.910085,-0.355001,,,,,,
0.910551,-0.987457,,,,,,
0.911016,-1.629984,,,,,,
0.911482,-2.055314,,,,,,
0.911947,-2.257572,,,,,,
0.912413,-2.435492,,,,,,
0.912879,-2.800061,,,,,,
0.913344,-3.252415,,,,,,
0.913810,-3.288670,,,,,,
0.914275,-2.886000,,,,,,
0.914741,-2.080995,,,,,,
0.915206,-0.992157,,,,,,
0.915672,0.216022,,,,,,
0.916137,1.239231,,,,,,
0.916603,2.211414,,,,,,
0.917068,3.194675,,,,,,
0.917534,3.970474,,,,,,
0.917999,4.635157,,,,,,
0.918465,5.246128,,,,,,
0.918930,5.499916,,,,,,
0.919396,5.499916,,,,,,
0.919861,5.499916,,,,,,
0.920327,5.499916,,,,,,
0.920792,5.499916,,,,,,
0.921258,4.045670,,,,,,
0.921723,3.272221,,,,,,
0.922189,2.639597,,,,,,
0.922654,1.945876,,,,,,
0.923120,1.333227,,,,,,
0.923585,0.947845,,,,,,
0.924051,0.588647,,,,,,
0.924516,0.068986,,,,,,
0.924982,-0.657633,,,,,,
0.925447,-1.089845,,,,,,
0.925913,-1.079774,,,,,,
0.926379,-0.664179,,,,,,
0.926844,0.050858,,,,,,
0.927310,0.874327,,,,,,
0.927775,1.519203,,,,,,
0.928241,2.084184,,,,,,
0.928706,2.739467,,,,,,
0.929172,3.196017,,,,,,
0.929637,3.629404,,,,,,
0.930103,4.075212,,,,,,
0.930568,4.514977,,,,,,
0.931034,4.809720,,,,,,
0.931499,4.757015,,,,,,
0.931965,4.372641,,,,,,
0.932430,3.693523,,,,,,
0.932896,2.869047,,,,,,
0.933361,2.095262,,,,,,
0.933827,1.484962,,,,,,
0.934292,0.850156,,,,,,
0.934758,0.282994,,,,,,
0.935223,-0.072679,,,,,,
0.935689,-0.328145,,,,,,
0.936154,-0.697749,,,,,,
0.936620,-1.279850,,,,,,
0.937085,-1.688060,,,,,,
0.937551,-1.666575,,,,,,
0.938016,-1.183169,,,,,,
0.938482,-0.368429,,,,,,
0.938947,0.588647,,,,,,
0.939413,1.455756,,,,,,
0.939879,2.162402,,,,,,
0.940344,2.954314,,,,,,
0.940810,3.522988,,,,,,
0.941275,3.918776,,,,,,
0.941741,4.284688,,,,,,
0.942206,4.627100,,,,,,
0.942672,4.878202,,,,,,
0.943137,4.878202,,,,,,
0.943603,4.023346,,,,,,
0.944068,3.131899,,,,,,
0.944534,2.030137,,,,,,
0.944999,0.882048,,,,,,
0.945465,-0.079393,,,,,,
0.945930,-1.003906,,,,,,
0.946396,-1.834424,,,,,,
0.946861,-2.403098,,,,,,
0.947327,-2.816342,,,,,,
0.947792,-3.317540,,,,,,
0.948258,-4.043656,,,,,,
0.948723,-4.647242,,,,,,
0.949189,-4.784207,,,,,,
0.949654,-4.596551,,,,,,
0.950120,-4.098711,,,,,,
0.950585,-3.287663,,,,,,
0.951051,-2.497765,,,,,,
0.951516,-1.862791,,,,,,
0.951982,-1.052918,,,,,,
0.952447,-0.323781,,,,,,
0.952913,0.072343,,,,,,
0.953378,0.464439,,,,,,
0.953844,0.902190,,,,,,
0.954310,1.226139,,,,,,
0.954775,1.148928,,,,,,
0.955241,0.660822,,,,,,
0.955706,-0.106249,,,,,,
0.956172,-1.104784,,,,,,
0.956637,-2.158541,,,,,,
0.957103,-2.990570,,,,,,
0.957568,-3.713664,,,,,,
0.958034,-4.377173,,,,,,
0.958499,-4.716396,,,,,,
0.958965,-4.721096,,,,,,
0.959430,-4.792599,,,,,,
0.959896,-5.220447,,,,,,
0.960361,-5.492531,,,,,,
0.960827,-5.494209,,,,,,
0.961292,-5.273655,,,,,,
0.961758,-4.526390,,,,,,
0.962223,-3.576028,,,,,,
0.962689,-2.697841,,,,,,
0.963154,-1.984649,,,,,,
0.963620,-1.218921,,,,,,
0.964085,-0.450004,,,,,,
0.964551,0.033402,,,,,,
0.965016,0.387900,,,,,,
0.965482,0.733837,,,,,,
0.965947,1.087495,,,,,,
0.966413,1.161852,,,,,,
0.966878,0.904875,,,,,,
0.967344,0.357015,,,,,,
0.967810,-0.435233,,,,,,
0.968275,-1.351186,,,,,,
0.968741,-2.097276,,,,,,
0.969206,-2.634730,,,,,,
0.969672,-3.171176,,,,,,
0.970137,-3.386023,,,,,,
0.970603,-3.365209,,,,,,
0.971068,-3.287327,,,,,,
0.971534,-3.419928,,,,,,
0.971999,-3.565286,,,,,,
0.972465,-3.317540,,,,,,
0.972930,-2.609049,,,,,,
0.973396,-1.481270,,,,,,
0.973861,-0.118334,,,,,,
0.974327,1.261051,,,,,,
0.974792,2.408804,,,,,,
0.975258,3.573342,,,,,,
0.975723,4.666712,,,,,,
0.976189,5.353552,,,,,,
0.976654,5.499916,,,,,,
0.977120,5.499916,,,,,,
0.977585,5.499916,,,,,,
0.978051,5.499916,,,,,,
0.978516,5.499916,,,,,,
0.978982,3.474983,,,,,,
0.979447,3.000137,,,,,,
0.979913,2.293324,,,,,,
0.980378,0.644038,,,,,,
0.980844,-0.257313,,,,,,
0.981309,-1.056275,,,,,,
0.981775,-2.100298,,,,,,
0.982241,-2.826917,,,,,,
0.982706,-3.511910,,,,,,
0.983172,-4.363745,,,,,,
0.983637,-5.322332,,,,,,
0.984103,-5.493034,,,,,,
0.984568,-5.494209,,,,,,
0.985034,-5.494545,,,,,,
0.985499,-5.374197,,,,,,
0.985965,-4.664195,,,,,,
0.986430,-4.080247,,,,,,
0.986896,-3.493782,,,,,,
0.987361,-2.789151,,,,,,
0.987827,-2.253040,,,,,,
0.988292,-1.801526,,,,,,
0.988758,-1.310735,,,,,,
0.989223,-0.751125,,,,,,
0.989689,-0.484581,,,,,,
0.990154,-0.593683,,,,,,
0.990620,-1.016831,,,,,,
0.991085,-1.791958,,,,,,
0.991551,-2.736614,,,,,,
0.992016,-3.519631,,,,,,
0.992482,-4.047181,,,,,,
0.992947,-4.470665,,,,,,
0.993413,-4.641199,,,,,,
0.993878,-4.629618,,,,,,
0.994344,-4.613169,,,,,,
0.994809,-4.677119,,,,,,
0.995275,-4.925200,,,,,,
0.995741,-4.886259,,,,,,
0.996206,-4.421820,,,,,,
0.996672,-3.529366,,,,,,
0.997137,-2.275868,,,,,,
0.997603,-0.860227,,,,,,
0.998068,0.423148,,,,,,
0.998534,1.562173,,,,,,
0.998999,2.775387,,,,,,
0.999465,3.817395,,,,,,
0.999930,4.726467,,,,,,
1.000396,5.493202,,,,,,
1.000861,5.499916,,,,,,
1.001327,5.499916,,,,,,
1.001792,5.499916,,,,,,
1.002258,5.499916,,,,,,
1.002723,5.499916,,,,,,
1.003189,3.642832,,,,,,
1.003654,4.665370,,,,,,
1.004120,4.164172,,,,,,
1.004585,3.429328,,,,,,
1.005051,2.948272,,,,,,
1.005516,2.632380,,,,,,
1.005982,2.388327,,,,,,
1.006447,2.005966,,,,,,
1.006913,1.366796,,,,,,
1.007378,0.856535,,,,,,
1.007844,0.732662,,,,,,
1.008309,0.943145,,,,,,
1.008775,1.494865,,,,,,
1.009241,2.209735,,,,,,
1.009706,2.800565,,,,,,
1.010172,3.218341,,,,,,
1.010637,3.752270,,,,,,
1.011103,4.132280,,,,,,
1.011568,4.367269,,,,,,
1.012034,4.492821,,,,,,
1.012499,4.492821,,,,,,
1.012965,4.775479,,,,,,
1.013430,4.488457,,,,,,
1.013896,3.833341,,,,,,
1.014361,2.860990,,,,,,
1.014827,1.660868,,,,,,
1.015292,0.433555,,,,,,
1.015758,-0.600061,,,,,,
1.016223,-1.564858,,,,,,
1.016689,-2.475273,,,,,,
1.017154,-3.104707,,,,,,
1.017620,-3.538094,,,,,,
1.018085,-3.964263,,,,,,
1.018551,-4.562646,,,,,,
1.019016,-5.063172,,,,,,
1.019482,-5.109499,,,,,,
1.019947,-4.752316,,,,,,
1.020413,-3.956878,,,,,,
1.020878,-2.893889,,,,,,
1.021344,-1.834424,,,,,,
1.021809,-0.895811,,,,,,
1.022275,0.142672,,,,,,
1.022740,1.137850,,,,,,
1.023206,2.002609,,,,,,
1.023672,2.847227,,,,,,
1.024137,3.627390,,,,,,
1.024603,4.372641,,,,,,
1.025068,4.772122,,,,,,
1.025534,4.755337,,,,,,
1.025999,4.755337,,,,,,
1.026465,3.679088,,,,,,
1.026930,3.021454,,,,,,
1.027396,2.519585,,,,,,
1.027861,2.065721,,,,,,
1.028327,1.493019,,,,,,
1.028792,1.045197,,,,,,
1.029258,0.754314,,,,,,
1.029723,0.470817,,,,,,
1.030189,-0.046494,,,,,,
1.030654,-0.615503,,,,,,
1.031120,-0.799130,,,,,,
1.031585,-0.642023,,,,,,
1.032051,-0.161471,,,,,,
1.032516,0.555413,,,,,,
1.032982,1.247623,,,,,,
1.033447,1.730022,,,,,,
1.033913,2.239612,,,,,,
1.034378,2.724193,,,,,,
1.034844,2.981506,,,,,,
1.035309,3.190646,,,,,,
1.035775,3.337346,,,,,,
1.036240,3.444770,,,,,,
1.036706,3.287999,,,,,,
1.037172,2.776730,,,,,,
1.037637,1.915999,,,,,,
1.038103,0.753475,,,,,,
1.038568,-0.480049,,,,,,
1.039034,-1.568551,,,,,,
1.039499,-1.568551,,,,,,
1.039965,-3.597681,,,,,,
1.040430,-4.301640,,,,,,
1.040896,-4.691890,,,,,,
1.041361,-4.985290,,,,,,
1.041827,-5.421027,,,,,,
1.042292,-5.493706,,,,,,
1.042758,-5.494377,,,,,,
1.043223,-5.494545,,,,,,
1.043689,-5.315114,,,,,,
1.044154,-4.380529,,,,,,
1.044620,-3.424292,,,,,,
1.045085,-2.661585,,,,,,
1.045551,-1.899214,,,,,,
1.046016,-1.102602,,,,,,
1.046482,-0.585626,,,,,,
1.046947,-0.141833,,,,,,
1.047413,0.306661,,,,,,
1.047878,0.659815,,,,,,
1.048344,0.840421,,,,,,
1.048809,0.710170,,,,,,
1.049275,0.234150,,,,,,
1.049740,-0.568505,,,,,,
1.050206,-1.510307,,,,,,
1.050672,-2.354421,,,,,,
1.051137,-2.957839,,,,,,
1.051603,-3.663645,,,,,,
1.052068,-4.073869,,,,,,
1.052534,-4.185657,,,,,,
1.052999,-4.185657,,,,,,
1.053465,-4.421820,,,,,,
1.053930,-4.721599,,,,,,
1.054396,-4.752316,,,,,,
1.054861,-4.377508,,,,,,
1.055327,-3.605905,,,,,,
1.055792,-2.557015,,,,,,
1.056258,-1.391638,,,,,,
1.056723,-0.412406,,,,,,
1.057189,0.420798,,,,,,
1.057654,1.308385,,,,,,
1.058120,1.944198,,,,,,
1.058585,2.453117,,,,,,
1.059051,2.919402,,,,,,
1.059516,3.322576,,,,,,
1.059982,3.569650,,,,,,
1.060447,3.368231,,,,,,
1.060913,2.835813,,,,,,
1.061378,2.027115,,,,,,
1.061844,1.009613,,,,,,
1.062309,0.054887,,,,,,
1.062775,-0.640177,,,,,,
1.063240,-1.347326,,,,,,
1.063706,-1.991196,,,,,,
1.064171,-2.320516,,,,,,
1.064637,-2.528985,,,,,,
1.065103,-2.863340,,,,,,
1.065568,-3.436042,,,,,,
1.066034,-3.784665,,,,,,
1.066499,-3.742535,,,,,,
1.066965,-3.306126,,,,,,
1.067430,-2.608545,,,,,,
1.067896,-1.787594,,,,,,
1.068361,-1.120897,,,,,,
1.068827,-0.599390,,,,,,
1.069292,0.013931,,,,,,
1.069758,0.439597,,,,,,
1.070223,0.741054,,,,,,
1.070689,1.030426,,,,,,
1.071154,1.291264,,,,,,
1.071620,1.408423,,,,,,
1.072085,1.178134,,,,,,
1.072551,0.630777,,,,,,
1.073016,-0.202258,,,,,,
1.073482,-1.222110,,,,,,
1.073947,-2.195972,,,,,,
1.074413,-2.898924,,,,,,
1.074878,-3.501167,,,,,,
1.075344,-4.040131,,,,,,
1.075809,-4.240208,,,,,,
1.076275,-4.269245,,,,,,
1.076740,-4.311376,,,,,,
1.077206,-4.560128,,,,,,
1.077671,-4.691722,,,,,,
1.078137,-4.371969,,,,,,
1.078603,-3.660624,,,,,,
1.079068,-2.590417,,,,,,
1.079534,-1.325673,,,,,,
1.079999,-0.121019,,,,,,
1.080465,0.929046,,,,,,
1.080930,2.058335,,,,,,
1.081396,2.993423,,,,,,
1.081861,3.779461,,,,,,
1.082327,4.521691,,,,,,
1.082792,5.201480,,,,,,
1.083258,5.499916,,,,,,
1.083723,5.499916,,,,,,
1.084189,5.499916,,,,,,
1.084654,5.364965,,,,,,
1.085120,4.592020,,,,,,
1.085585,3.675059,,,,,,
1.086051,2.938537,,,,,,
1.086516,2.330251,,,,,,
1.086982,1.715251,,,,,,
1.087447,1.306371,,,,,,
1.087913,1.047883,,,,,,
1.088378,0.770932,,,,,,
1.088844,0.303304,,,,,,
1.089309,-0.148043,,,,,,
1.089775,-0.172885,,,,,,
1.090240,0.186481,,,,,,
1.090706,0.900511,,,,,,
1.091171,1.817639,,,,,,
1.091637,2.721004,,,,,,
1.092103,3.419760,,,,,,
1.092568,4.151080,,,,,,
1.093034,4.816098,,,,,,
1.093499,5.291783,,,,,,
1.093965,5.499916,,,,,,
1.094430,5.499916,,,,,,
1.094896,5.499916,,,,,,
1.095361,5.499916,,,,,,
1.095827,5.499916,,,,,,
1.096292,5.499916,,,,,,
1.096758,2.498436,,,,,,
1.097223,2.780423,,,,,,
1.097689,2.780423,,,,,,
1.098154,1.207004,,,,,,
1.098620,0.529900,,,,,,
1.099085,-0.165667,,,,,,
1.099551,-0.756161,,,,,,
1.100016,-1.288579,,,,,,
1.100482,-2.023423,,,,,,
1.100947,-2.814160,,,,,,
1.101413,-3.218677,,,,,,
1.101878,-3.224384,,,,,,
1.102344,-2.831785,,,,,,
1.102809,-2.161395,,,,,,
1.103275,-1.470024,,,,,,
1.103740,-0.910246,,,,,,
1.104206,-0.307332,,,,,,
1.104671,0.292058,,,,,,
1.105137,0.696574,,,,,,
1.105602,1.126436,,,,,,
1.106068,1.522225,,,,,,
1.106534,1.936141,,,,,,
1.106999,2.132189,,,,,,
1.107465,2.018051,,,,,,
1.107930,1.643244,,,,,,
1.108396,0.982757,,,,,,
1.108861,0.184802,,,,,,
1.109327,-0.455711,,,,,,
1.109792,-0.884398,,,,,,
1.110258,-1.314763,,,,,,
1.110723,-1.585672,,,,,,
1.111189,-1.585672,,,,,,
1.111654,-1.704509,,,,,,
1.112120,-1.937148,,,,,,
1.112585,-2.352071,,,,,,
1.113051,-2.495079,,,,,,
1.113516,-2.291310,,,,,,
1.113982,-1.749157,,,,,,
1.114447,-0.919982,,,,,,
1.114913,-0.053208,,,,,,
1.115378,0.607950,,,,,,
1.115844,1.202976,,,,,,
1.116309,1.837446,,,,,,
1.116775,2.219471,,,,,,
1.117240,2.514549,,,,,,
1.117706,2.746517,,,,,,
1.118171,2.919738,,,,,,
1.118637,2.956664,,,,,,
1.119102,2.614588,,,,,,
1.119568,2.002609,,,,,,
1.120034,1.105455,,,,,,
1.120499,-0.017792,,,,,,
1.120965,-1.106126,,,,,,
1.121430,-1.965347,,,,,,
1.121896,-2.850584,,,,,,
1.122361,-3.648203,,,,,,
1.122827,-4.272435,,,,,,
1.123292,-4.685512,,,,,,
1.123758,-5.195270,,,,,,
1.124223,-5.492866,,,,,,
1.124689,-5.492866,,,,,,
1.125154,-5.494545,,,,,,
1.125620,-5.494545,,,,,,
1.126085,-5.494545,,,,,,
1.126551,-4.785550,,,,,,
1.127016,-4.135637,,,,,,
1.127482,-3.573007,,,,,,
1.127947,-2.900603,,,,,,
1.128413,-2.401083,,,,,,
1.128878,-1.984985,,,,,,
1.129344,-1.542199,,,,,,
1.129809,-1.097398,,,,,,
1.130275,-0.745418,,,,,,
1.130740,-0.790570,,,,,,
1.131206,-1.156649,,,,,,
1.131671,-1.839124,,,,,,
1.132137,-2.725368,,,,,,
1.132602,-3.575860,,,,,,
1.133068,-4.189181,,,,,,
1.133534,-4.629114,,,,,,
1.133999,-4.925872,,,,,,
1.134465,-5.129137,,,,,,
1.134930,-5.218601,,,,,,
1.135396,-5.269963,,,,,,
1.135861,-5.486656,,,,,,
1.136327,-5.494377,,,,,,
1.136792,-5.163546,,,,,,
1.137258,-4.412253,,,,,,
1.137723,-3.323415,,,,,,
1.138189,-2.037186,,,,,,
1.138654,-0.870634,,,,,,
1.139120,0.165332,,,,,,
1.139585,1.322148,,,,,,
1.140051,2.322866,,,,,,
1.140516,3.114778,,,,,,
1.140982,3.838880,,,,,,
1.141447,4.507256,,,,,,
1.141913,5.113863,,,,,,
1.142378,5.366979,,,,,,
1.142844,5.203662,,,,,,
1.143309,4.740398,,,,,,
1.143775,3.996658,,,,,,
1.144240,3.166140,,,,,,
1.144706,2.544427,,,,,,
1.145171,1.983810,,,,,,
1.145637,1.375860,,,,,,
1.146102,1.038483,,,,,,
1.146568,0.833707,,,,,,
1.147033,0.722255,,,,,,
1.147499,0.359701,,,,,,
1.147965,-0.001846,,,,,,
1.148430,0.074357,,,,,,
1.148896,0.478538,,,,,,
1.149361,1.207004,,,,,,
1.149827,2.172473,,,,,,
1.150292,3.069795,,,,,,
1.150758,3.708629,,,,,,
1.151223,4.415946,,,,,,
1.151689,5.009796,,,,,,
1.152154,5.355398,,,,,,
1.152620,5.499916,,,,,,
1.153085,5.499916,,,,,,
1.153551,5.499916,,,,,,
1.154016,5.499916,,,,,,
1.154482,5.499916,,,,,,
1.154947,2.581689,,,,,,
1.155413,3.395087,,,,,,
1.155878,3.395087,,,,,,
1.156344,1.797162,,,,,,
1.156809,1.236545,,,,,,
1.157275,0.559777,,,,,,
1.157740,0.106920,,,,,,
1.158206,-0.141497,,,,,,
1.158671,-0.385550,,,,,,
1.159137,-0.794934,,,,,,
1.159602,-1.214054,,,,,,
1.160068,-1.256016,,,,,,
1.160533,-0.964462,,,,,,
1.160999,-0.298604,,,,,,
1.161465,0.573205,,,,,,
1.161930,1.384924,,,,,,
1.162396,1.995895,,,,,,
1.162861,2.673335,,,,,,
1.163327,3.307805,,,,,,
1.163792,3.708629,,,,,,
1.164258,4.171893,,,,,,
1.164723,4.511620,,,,,,
1.165189,4.933257,,,,,,
1.165654,5.499916,,,,,,
1.166120,5.499916,,,,,,
1.166585,5.499916,,,,,,
1.167051,1.328862,,,,,,
1.167516,2.138064,,,,,,
1.167982,1.073396,,,,,,
1.168447,0.300618,,,,,,
1.168913,-0.304982,,,,,,
1.169378,-0.304982,,,,,,
1.169844,-1.118883,,,,,,
1.170309,-1.421851,,,,,,
1.170775,-1.919356,,,,,,
1.171240,-2.568597,,,,,,
1.171706,-2.870054,,,,,,
1.172171,-2.807614,,,,,,
1.172637,-2.397055,,,,,,
1.173102,-1.708873,,,,,,
1.173568,-0.937438,,,,,,
1.174033,-0.355169,,,,,,
1.174499,0.185641,,,,,,
1.174965,0.736187,,,,,,
1.175430,1.033616,,,,,,
1.175896,1.259373,,,,,,
1.176361,1.465156,,,,,,
1.176827,1.678996,,,,,,
1.177292,1.700481,,,,,,
1.177758,1.284215,,,,,,
1.178223,0.484581,,,,,,
1.178689,-0.211154,,,,,,
1.179154,-1.548074,,,,,,
1.179620,-2.662425,,,,,,
1.180085,-3.259800,,,,,,
1.180551,-4.016968,,,,,,
1.181016,-4.608804,,,,,,
1.181482,-5.012985,,,,,,
1.181947,-5.307729,,,,,,
1.182413,-5.491859,,,,,,
1.182878,-5.491859,,,,,,
1.183344,-5.494545,,,,,,
1.183809,-5.494713,,,,,,
1.184275,-5.494713,,,,,,
1.184740,-4.785382,,,,,,
1.185206,-3.753445,,,,,,
1.185671,-2.998627,,,,,,
1.186137,-2.463188,,,,,,
1.186602,-1.539178,,,,,,
1.187068,-0.882887,,,,,,
1.187533,-0.399649,,,,,,
1.187999,0.031052,,,,,,
1.188464,0.340902,,,,,,
1.188930,0.500023,,,,,,
1.189396,0.321767,,,,,,
1.189861,-0.207294,,,,,,
1.190327,-1.061311,,,,,,
1.190792,-2.168276,,,,,,
1.191258,-3.304784,,,,,,
1.191723,-4.227115,,,,,,
1.192189,-5.103624,,,,,,
1.192654,-5.492866,,,,,,
1.193120,-5.494209,,,,,,
1.193585,-5.494545,,,,,,
1.194051,-5.494545,,,,,,
1.194516,-5.494713,,,,,,
1.194982,-5.494881,,,,,,
1.195447,-5.494881,,,,,,
1.195913,-5.495048,,,,,,
1.196378,-5.495048,,,,,,
1.196844,-5.495048,,,,,,
1.197309,-5.494881,,,,,,
1.197775,-4.883742,,,,,,
1.198240,-4.011765,,,,,,
1.198706,-3.296223,,,,,,
1.199171,-2.683070,,,,,,
1.199637,-2.086870,,,,,,
1.200102,-1.513664,,,,,,
1.200568,-0.992828,,,,,,
1.201033,-0.825986,,,,,,
1.201499,-0.986618,,,,,,
1.201964,-1.487648,,,,,,
1.202430,-2.208560,,,,,,
1.202896,-2.928130,,,,,,
1.203361,-3.415396,,,,,,
1.203827,-3.833845,,,,,,
1.204292,-4.208316,,,,,,
1.204758,-4.296773,,,,,,
1.205223,-4.189181,,,,,,
1.205689,-4.113313,,,,,,
1.206154,-4.289387,,,,,,
1.206620,-4.331685,,,,,,
1.207085,-3.953521,,,,,,
1.207551,-3.241337,,,,,,
1.208016,-2.223835,,,,,,
1.208482,-0.963958,,,,,,
1.208947,0.181781,,,,,,
1.209413,1.141878,,,,,,
1.209878,2.163745,,,,,,
1.210344,3.013733,,,,,,
1.210809,3.695872,,,,,,
1.211275,4.303487,,,,,,
1.211740,4.845304,,,,,,
1.212206,5.337774,,,,,,
1.212671,5.499916,,,,,,
1.213137,5.372015,,,,,,
1.213602,4.882567,,,,,,
1.214068,4.115496,,,,,,
1.214533,3.312337,,,,,,
1.214999,2.736110,,,,,,
1.215464,2.300038,,,,,,
1.215930,1.906264,,,,,,
1.216396,1.752682,,,,,,
1.216861,1.715251,,,,,,
1.217327,1.668254,,,,,,
1.217792,1.368139,,,,,,
1.218258,1.118715,,,,,,
1.218723,1.168399,,,,,,
1.219189,1.596918,,,,,,
1.219654,2.394705,,,,,,
1.220120,3.403815,,,,,,
1.220585,4.367605,,,,,,
1.221051,5.134005,,,,,,
1.221516,5.499916,,,,,,
1.221982,5.499916,,,,,,
1.222447,5.499916,,,,,,
1.222913,5.499916,,,,,,
1.223378,5.499916,,,,,,
1.223844,5.499916,,,,,,
1.224309,5.499916,,,,,,
1.224775,5.499916,,,,,,
1.225240,5.499916,,,,,,
1.225706,5.499916,,,,,,
1.226171,5.499916,,,,,,
1.226637,3.292363,,,,,,
1.227102,3.160769,,,,,,
1.227568,3.160769,,,,,,
1.228033,2.606699,,,,,,
1.228499,2.356435,,,,,,
1.228964,2.016709,,,,,,
1.229430,1.471534,,,,,,
1.229895,0.866270,,,,,,
1.230361,0.616175,,,,,,
1.230827,0.706477,,,,,,
1.231292,1.131136,,,,,,
1.231758,1.822675,,,,,,
1.232223,2.555169,,,,,,
1.232689,3.099001,,,,,,
1.233154,3.658610,,,,,,
1.233620,4.208820,,,,,,
1.234085,4.620386,,,,,,
1.234551,5.499916,,,,,,
1.235016,5.499916,,,,,,
1.235482,5.499916,,,,,,
1.235947,5.499916,,,,,,
1.236413,5.499916,,,,,,
1.236878,5.499916,,,,,,
1.237344,1.158495,,,,,,
1.237809,1.819318,,,,,,
1.238275,1.111330,,,,,,
1.238740,0.210651,,,,,,
1.239206,-0.463600,,,,,,
1.239671,-1.061814,,,,,,
1.240137,-1.420172,,,,,,
1.240602,-1.695781,,,,,,
1.241068,-1.695781,,,,,,
1.241533,-2.578836,,,,,,
1.241999,-2.791836,,,,,,
1.242464,-2.593606,,,,,,
1.242930,-2.048936,,,,,,
1.243395,-1.209689,,,,,,
1.243861,-0.301625,,,,,,
1.244327,0.423484,,,,,,
1.244792,1.122408,,,,,,
1.245258,1.825696,,,,,,
1.245723,2.264454,,,,,,
1.246189,2.701366,,,,,,
1.246654,3.126528,,,,,,
1.247120,3.476326,,,,,,
1.247585,3.658946,,,,,,
1.248051,3.390387,,,,,,
1.248516,2.802914,,,,,,
1.248982,1.958297,,,,,,
1.249447,0.864256,,,,,,
1.249913,-0.189837,,,,,,
1.250378,-1.057282,,,,,,
1.250844,-1.955947,,,,,,
1.251309,-2.757092,,,,,,
1.251775,-3.316197,,,,,,
1.252240,-3.759823,,,,,,
1.252706,-4.333532,,,,,,
1.253171,-5.119570,,,,,,
1.253637,-5.492195,,,,,,
1.254102,-5.494041,,,,,,
1.254568,-5.494041,,,,,,
1.255033,-5.190066,,,,,,
1.255499,-4.562646,,,,,,
1.255964,-4.068330,,,,,,
1.256430,-3.729107,,,,,,
1.256895,-3.330297,,,,,,
1.257361,-3.062242,,,,,,
1.257827,-2.794522,,,,,,
1.258292,-2.679713,,,,,,
1.258758,-2.666957,,,,,,
1.259223,-2.889860,,,,,,
1.259689,-3.361181,,,,,,
1.260154,-4.006394,,,,,,
1.260620,-4.939300,,,,,,
1.261085,-5.493034,,,,,,
1.261551,-5.494377,,,,,,
1.262016,-5.494881,,,,,,
1.262482,-5.494881,,,,,,
1.262947,-5.494713,,,,,,
1.263413,-5.494881,,,,,,
1.263878,-5.494881,,,,,,
1.264344,-5.494881,,,,,,
1.264809,-5.494881,,,,,,
1.265275,-5.495216,,,,,,
1.265740,-5.495048,,,,,,
1.266206,-5.495216,,,,,,
1.266671,-5.495048,,,,,,
1.267137,-5.495048,,,,,,
1.267602,-5.495216,,,,,,
1.268068,-5.495216,,,,,,
1.268533,-4.334371,,,,,,
1.268999,-3.376287,,,,,,
1.269464,-2.570108,,,,,,
1.269930,-1.732540,,,,,,
1.270395,-0.911254,,,,,,
1.270861,-0.120684,,,,,,
1.271326,0.355673,,,,,,
1.271792,0.502373,,,,,,
1.272258,0.323445,,,,,,
1.272723,-0.150896,,,,,,
1.273189,-0.714702,,,,,,
1.273654,-0.985107,,,,,,
1.274120,-1.232181,,,,,,
1.274585,-1.561166,,,,,,
1.275051,-1.649454,,,,,,
1.275516,-1.587015,,,,,,
1.275982,-1.507622,,,,,,
1.276447,-1.680674,,,,,,
1.276913,-1.842817,,,,,,
1.277378,-1.657847,,,,,,
1.277844,-1.112001,,,,,,
1.278309,-0.233478,,,,,,
1.278775,0.863920,,,,,,
1.279240,1.880415,,,,,,
1.279706,2.633722,,,,,,
1.280171,3.442420,,,,,,
1.280637,4.077226,,,,,,
1.281102,4.447166,,,,,,
1.281568,4.790753,,,,,,
1.282033,5.055116,,,,,,
1.282499,5.291783,,,,,,
1.282964,5.317296,,,,,,
1.283430,4.956085,,,,,,
1.283895,4.304494,,,,,,
1.284361,3.417243,,,,,,
1.284826,2.373220,,,,,,
1.285292,1.502083,,,,,,
1.285758,0.790402,,,,,,
1.286223,0.038102,,,,,,
1.286689,-0.451347,,,,,,
1.287154,-0.731823,,,,,,
1.287620,-0.951034,,,,,,
1.288085,-1.362097,,,,,,
1.288551,-1.809751,,,,,,
1.289016,-1.921202,,,,,,
1.289482,-1.653147,,,,,,
1.289947,-1.032776,,,,,,
1.290413,-0.099031,,,,,,
1.290878,0.901518,,,,,,
1.291344,1.712566,,,,,,
1.291809,2.603510,,,,,,
1.292275,3.467933,,,,,,
1.292740,4.142351,,,,,,
1.293206,4.808377,,,,,,
1.293671,5.462318,,,,,,
1.294137,5.499916,,,,,,
1.294602,5.499916,,,,,,
1.295068,5.499916,,,,,,
1.295533,5.499916,,,,,,
1.295999,5.499916,,,,,,
1.296464,3.223880,,,,,,
1.296930,4.632471,,,,,,
1.297395,4.172396,,,,,,
1.297861,3.561929,,,,,,
1.298326,3.270542,,,,,,
1.298792,3.067277,,,,,,
1.299258,3.067277,,,,,,
1.299723,2.567254,,,,,,
1.300189,2.095262,,,,,,
1.300654,1.854231,,,,,,
1.301120,1.918349,,,,,,
1.301585,2.282246,,,,,,
1.302051,2.879454,,,,,,
1.302516,3.497810,,,,,,
1.302982,3.922133,,,,,,
1.303447,4.333700,,,,,,
1.303913,4.791928,,,,,,
1.304378,5.169589,,,,,,
1.304844,5.499916,,,,,,
1.305309,5.499916,,,,,,
1.305775,5.499916,,,,,,
1.306240,5.499916,,,,,,
1.306706,3.409186,,,,,,
1.307171,2.327565,,,,,,
1.307637,2.348043,,,,,,
1.308102,0.805509,,,,,,
1.308568,-0.340063,,,,,,
1.309033,-1.316274,,,,,,
1.309499,-2.251362,,,,,,
1.309964,-2.996612,,,,,,
1.310430,-3.534905,,,,,,
1.310895,-3.972824,,,,,,
1.311361,-4.450523,,,,,,
1.311826,-5.109163,,,,,,
1.312292,-5.490181,,,,,,
1.312757,-5.490181,,,,,,
1.313223,-5.290105,,,,,,
1.313689,-4.707164,,,,,,
1.314154,-3.987594,,,,,,
1.314620,-3.396597,,,,,,
1.315085,-2.858305,,,,,,
1.315551,-2.228199,,,,,,
1.316016,-1.816968,,,,,,
1.316482,-1.503929,,,,,,
1.316947,-1.233524,,,,,,
1.317413,-0.916289,,,,,,
1.317878,-0.652766,,,,,,
1.318344,-0.697414,,,,,,
1.318809,-1.001221,,,,,,
1.319275,-1.553445,,,,,,
1.319740,-2.321859,,,,,,
1.320206,-3.049149,,,,,,
1.320671,-3.584421,,,,,,
1.321137,-4.081758,,,,,,
1.321602,-4.511284,,,,,,
1.322068,-4.712032,,,,,,
1.322533,-4.761212,,,,,,
1.322999,-4.829023,,,,,,
1.323464,-5.092042,,,,,,
1.323930,-5.157504,,,,,,
1.324395,-4.833555,,,,,,
1.324861,-4.213352,,,,,,
1.325326,-3.262654,,,,,,
1.325792,-2.160555,,,,,,
1.326257,-2.160555,,,,,,
1.326723,-0.394949,,,,,,
1.327189,0.484413,,,,,,
1.327654,1.127779,,,,,,
1.328120,1.634012,,,,,,
1.328585,2.054643,,,,,,
1.329051,2.437675,,,,,,
1.329516,2.756588,,,,,,
1.329982,2.630365,,,,,,
1.330447,2.185229,,,,,,
1.330913,1.589029,,,,,,
1.331378,0.713359,,,,,,
1.331844,-0.183124,,,,,,
1.332309,-0.935760,,,,,,
1.332775,-1.741100,,,,,,
1.333240,-2.467216,,,,,,
1.333706,-2.920073,,,,,,
1.334171,-3.251072,,,,,,
1.334637,-3.493446,,,,,,
1.335102,-3.891585,,,,,,
1.335568,-4.318257,,,,,,
1.336033,-4.342763,,,,,,
1.336499,-3.970474,,,,,,
1.336964,-3.268528,,,,,,
1.337430,-2.406958,,,,,,
1.337895,-1.654658,,,,,,
1.338361,-1.016159,,,,,,
1.338826,-0.307164,,,,,,
1.339292,0.105577,,,,,,
1.339757,0.105577,,,,,,
1.340223,1.275486,,,,,,
1.340688,2.133364,,,,,,
1.341154,2.674006,,,,,,
1.341620,2.845212,,,,,,
1.342085,2.375235,,,,,,
1.342551,1.460792,,,,,,
1.343016,0.626581,,,,,,
1.343482,0.023331,,,,,,
1.343947,-0.173053,,,,,,
1.344413,-0.268391,,,,,,
1.344878,-0.605768,,,,,,
1.345344,-0.883391,,,,,,
1.345809,-1.028748,,,,,,
1.346275,-1.142885,,,,,,
1.346740,-1.434607,,,,,,
1.347206,-1.829389,,,,,,
1.347671,-1.962661,,,,,,
1.348137,-1.780880,,,,,,
1.348602,-1.303349,,,,,,
1.349068,-0.554070,,,,,,
1.349533,0.189837,,,,,,
1.349999,0.813901,,,,,,
1.350464,1.571908,,,,,,
1.350930,2.246998,,,,,,
1.351395,2.671992,,,,,,
1.351861,3.008865,,,,,,
1.352326,3.213809,,,,,,
1.352792,3.438392,,,,,,
1.353257,3.556893,,,,,,
1.353723,3.347417,,,,,,
1.354188,2.818357,,,,,,
1.354654,1.986831,,,,,,
1.355120,0.967651,,,,,,
1.355585,0.020981,,,,,,
1.356051,-0.794263,,,,,,
1.356516,-1.640391,,,,,,
1.356982,-2.302388,,,,,,
1.357447,-2.769680,,,,,,
1.357913,-3.234455,,,,,,
1.358378,-3.779629,,,,,,
1.358844,-4.256825,,,,,,
1.359309,-4.419471,,,,,,
1.359775,-4.231983,,,,,,
1.360240,-3.667002,,,,,,
1.360706,-2.729732,,,,,,
1.361171,-1.711223,,,,,,
1.361637,-0.812558,,,,,,
1.362102,0.136126,,,,,,
1.362568,1.090684,,,,,,
1.363033,1.838453,,,,,,
1.363499,2.528649,,,,,,
1.363964,3.150698,,,,,,
1.364430,3.671031,,,,,,
1.364895,4.033417,,,,,,
1.365361,4.090990,,,,,,
1.365826,3.869764,,,,,,
1.366292,3.333989,,,,,,
1.366757,2.591424,,,,,,
1.367223,1.915328,,,,,,
1.367688,1.397513,,,,,,
1.368154,0.838407,,,,,,
1.368620,0.444968,,,,,,
1.369085,0.241535,,,,,,
1.369551,0.093660,,,,,,
1.370016,-0.139818,,,,,,
1.370482,-0.540139,,,,,,
1.370947,-0.676936,,,,,,
1.371413,-0.476356,,,,,,
1.371878,0.008560,,,,,,
1.372344,0.755825,,,,,,
1.372809,1.611185,,,,,,
1.373275,2.290303,,,,,,
1.373740,2.893553,,,,,,
1.374206,3.493111,,,,,,
1.374671,3.859693,,,,,,
1.375137,4.110796,,,,,,
1.375602,4.308858,,,,,,
1.376068,4.457908,,,,,,
1.376533,4.527733,,,,,,
1.376999,4.264546,,,,,,
1.377464,3.702586,,,,,,
1.377930,2.879957,,,,,,
1.378395,1.793133,,,,,,
1.378861,0.713527,,,,,,
1.379326,-0.143847,,,,,,
1.379792,-0.992157,,,,,,
1.380257,-1.759228,,,,,,
1.380723,-2.300374,,,,,,
1.381188,-2.719493,,,,,,
1.381654,-3.151705,,,,,,
1.382119,-3.794736,,,,,,
1.382585,-4.238025,,,,,,
1.383051,-4.234165,,,,,,
1.383516,-3.860700,,,,,,
1.383982,-3.168490,,,,,,
1.384447,-3.168490,,,,,,
1.384913,-1.439979,,,,,,
1.385378,-0.675593,,,,,,
1.385844,0.156268,,,,,,
1.386309,0.749111,,,,,,
1.386775,1.315099,,,,,,
1.387240,1.853559,,,,,,
1.387706,2.360464,,,,,,
1.388171,2.858640,,,,,,
1.388637,3.052674,,,,,,
1.389102,2.958511,,,,,,
1.389568,2.608713,,,,,,
1.390033,1.940841,,,,,,
1.390499,1.216068,,,,,,
1.390964,0.671229,,,,,,
1.391430,0.153918,,,,,,
1.391895,-0.467460,,,,,,
1.392361,-0.880369,,,,,,
1.392826,-1.041505,,,,,,
1.393292,-1.265248,,,,,,
1.393757,-1.699138,,,,,,
1.394223,-2.107683,,,,,,
1.394688,-2.212421,,,,,,
1.395154,-2.002945,,,,,,
1.395619,-1.465156,,,,,,
1.396085,-0.831357,,,,,,
1.396551,-0.345937,,,,,,
1.397016,0.010407,,,,,,
1.397482,0.417273,,,,,,
1.397947,0.417273,,,,,,
1.398413,0.700435,,,,,,
1.398878,0.741558,,,,,,
1.399344,0.725948,,,,,,
1.399809,0.683314,,,,,,
1.400275,0.389914,,,,,,
1.400740,-0.251606,,,,,,
1.401206,-1.185183,,,,,,
1.401671,-2.343511,,,,,,
1.402137,-3.534066,,,,,,
1.402602,-4.467811,,,,,,
1.403068,-5.291447,,,,,,
1.403533,-5.493370,,,,,,
1.403999,-5.494209,,,,,,
1.404464,-5.494545,,,,,,
1.404930,-5.494713,,,,,,
1.405395,-5.494545,,,,,,
1.405861,-5.494881,,,,,,
1.406326,-5.494881,,,,,,
1.406792,-5.494881,,,,,,
1.407257,-5.494881,,,,,,
1.407723,-4.491142,,,,,,
1.408188,-3.289006,,,,,,
1.408654,-2.242634,,,,,,
1.409119,-1.122744,,,,,,
1.409585,-0.130587,,,,,,
1.410051,0.661830,,,,,,
1.410516,1.451896,,,,,,
1.410982,2.165087,,,,,,
1.411447,2.165087,,,,,,
1.411913,3.155062,,,,,,
1.412378,3.158083,,,,,,
1.412844,2.804929,,,,,,
1.413309,2.095933,,,,,,
1.413775,1.182834,,,,,,
1.414240,0.379171,,,,,,
1.414706,-0.353658,,,,,,
1.415171,-1.136507,,,,,,
1.415637,-1.808576,,,,,,
1.416102,-2.325216,,,,,,
1.416568,-2.805768,,,,,,
1.417033,-3.463233,,,,,,
1.417499,-4.232319,,,,,,
1.417964,-4.655970,,,,,,
1.418430,-4.695750,,,,,,
1.418895,-4.400671,,,,,,
1.419361,-3.805814,,,,,,
1.419826,-3.221698,,,,,,
1.420292,-2.770352,,,,,,
1.420757,-2.250858,,,,,,
1.421223,-1.735058,,,,,,
1.421688,-1.393988,,,,,,
1.422154,-0.983093,,,,,,
1.422619,-0.599893,,,,,,
1.423085,-0.172045,,,,,,
1.423550,0.152575,,,,,,
1.424016,0.226764,,,,,,
1.424482,-0.028031,,,,,,
1.424947,-0.562127,,,,,,
1.425413,-1.208011,,,,,,
1.425878,-1.683024,,,,,,
1.426344,-1.982300,,,,,,
1.426809,-2.195972,,,,,,
1.427275,-2.147463,,,,,,
1.427740,-1.940505,,,,,,
1.428206,-1.607492,,,,,,
1.428671,-1.378378,,,,,,
1.429137,-1.326848,,,,,,
1.429602,-1.005249,,,,,,
1.430068,-0.378332,,,,,,
1.430533,0.628092,,,,,,
1.430999,1.926741,,,,,,
1.431464,3.176211,,,,,,
1.431930,4.264210,,,,,,
1.432395,5.264088,,,,,,
1.432861,5.499916,,,,,,
1.433326,5.499916,,,,,,
1.433792,5.499916,,,,,,
1.434257,5.499916,,,,,,
1.434723,5.499916,,,,,,
1.435188,5.499916,,,,,,
1.435654,5.499916,,,,,,
1.436119,5.499916,,,,,,
1.436585,5.499916,,,,,,
1.437050,5.499916,,,,,,
1.437516,5.499916,,,,,,
1.437982,3.108904,,,,,,
1.438447,4.115831,,,,,,
1.438913,3.778454,,,,,,
1.439378,3.127031,,,,,,
1.439844,2.845884,,,,,,
1.440309,2.466545,,,,,,
1.440775,1.872023,,,,,,
1.441240,1.414298,,,,,,
1.441706,1.301335,,,,,,
1.442171,1.429908,,,,,,
1.442637,1.817304,,,,,,
1.443102,2.376577,,,,,,
1.443568,2.788144,,,,,,
1.444033,3.190311,,,,,,
1.444499,3.671031,,,,,,
1.444964,3.944961,,,,,,
1.445430,4.182635,,,,,,
1.445895,4.447501,,,,,,
1.446361,4.742245,,,,,,
1.446826,5.499916,,,,,,
1.447292,5.499916,,,,,,
1.447757,5.499916,,,,,,
1.448223,2.676020,,,,,,
1.448688,2.528985,,,,,,
1.449154,2.782773,,,,,,
1.449619,2.012009,,,,,,
1.450085,1.607156,,,,,,
1.450550,1.217746,,,,,,
1.451016,0.968658,,,,,,
1.451482,0.790738,,,,,,
1.451947,0.594018,,,,,,
1.452413,0.163653,,,,,,
1.452878,-0.203601,,,,,,
1.453344,-0.293736,,,,,,
1.453809,-0.134447,,,,,,
1.454275,0.228779,,,,,,
1.454740,0.772946,,,,,,
1.455206,1.217746,,,,,,
1.455671,1.548745,,,,,,
1.456137,1.548745,,,,,,
1.456602,2.050614,,,,,,
1.457068,2.148974,,,,,,
1.457533,2.216785,,,,,,
1.457999,2.205707,,,,,,
1.458464,2.186572,,,,,,
1.458930,1.912978,,,,,,
1.459395,1.352026,,,,,,
1.459861,0.616846,,,,,,
1.460326,-0.354665,,,,,,
1.460792,-1.501579,,,,,,
1.461257,-2.544427,,,,,,
1.461723,-3.389883,,,,,,
1.462188,-4.128252,,,,,,
1.462654,-4.681987,,,,,,
1.463119,-5.125444,,,,,,
1.463585,-5.473060,,,,,,
1.464050,-5.493706,,,,,,
1.464516,-5.494377,,,,,,
1.464981,-5.494545,,,,,,
1.465447,-5.494881,,,,,,
1.465913,-5.494713,,,,,,
1.466378,-5.077943,,,,,,
1.466844,-4.305501,,,,,,
1.467309,-3.711986,,,,,,
1.467775,-2.998291,,,,,,
1.468240,-2.430961,,,,,,
1.468706,-2.018387,,,,,,
1.469171,-1.575265,,,,,,
1.469637,-1.575265,,,,,,
1.470102,-0.488273,,,,,,
1.470568,-0.427176,,,,,,
1.471033,-0.664515,,,,,,
1.471499,-1.071382,,,,,,
1.471964,-1.738079,,,,,,
1.472430,-2.560037,,,,,,
1.472895,-3.146334,,,,,,
1.473361,-3.620844,,,,,,
1.473826,-4.219898,,,,,,
1.474292,-4.670405,,,,,,
1.474757,-4.988815,,,,,,
1.475223,-5.275334,,,,,,
1.475688,-5.493202,,,,,,
1.476154,-5.494545,,,,,,
1.476619,-5.494545,,,,,,
1.477085,-5.494881,,,,,,
1.477550,-5.494881,,,,,,
1.478016,-5.063172,,,,,,
1.478481,-4.308019,,,,,,
1.478947,-3.738506,,,,,,
1.479413,-3.109743,,,,,,
1.479878,-2.574975,,,,,,
1.480344,-2.226184,,,,,,
1.480809,-1.843824,,,,,,
1.481275,-1.481773,,,,,,
1.481740,-1.089845,,,,,,
1.482206,-0.835721,,,,,,
1.482671,-0.864256,,,,,,
1.483137,-0.864256,,,,,,
1.483602,-1.586511,,,,,,
1.484068,-2.223835,,,,,,
1.484533,-2.719661,,,,,,
1.484999,-3.062409,,,,,,
1.485464,-3.404486,,,,,,
1.485930,-3.577035,,,,,,
1.486395,-3.606577,,,,,,
1.486861,-3.594827,,,,,,
1.487326,-3.686641,,,,,,
1.487792,-3.932036,,,,,,
1.488257,-3.921294,,,,,,
1.488723,-3.578378,,,,,,
1.489188,-2.976806,,,,,,
1.489654,-2.117754,,,,,,
1.490119,-1.235538,,,,,,
1.490585,-0.560616,,,,,,
1.491050,0.076707,,,,,,
1.491516,0.686000,,,,,,
1.491981,1.014313,,,,,,
1.492447,1.297642,,,,,,
1.492913,1.540017,,,,,,
1.493378,1.794812,,,,,,
1.493844,1.877729,,,,,,
1.494309,1.645762,,,,,,
1.494775,1.167727,,,,,,
1.495240,0.536110,,,,,,
1.495706,-0.314382,,,,,,
1.496171,-1.075578,,,,,,
1.496637,-1.625452,,,,,,
1.497102,-2.168780,,,,,,
1.497568,-2.536706,,,,,,
1.498033,-2.703212,,,,,,
1.498499,-2.757595,,,,,,
1.498964,-2.850584,,,,,,
1.499430,-3.063416,,,,,,
1.499895,-3.036225,,,,,,
1.500361,-2.638590,,,,,,
1.500826,-1.935470,,,,,,
1.501292,-0.929381,,,,,,
1.501757,0.232136,,,,,,
1.502223,1.250980,,,,,,
1.502688,2.204700,,,,,,
1.503154,3.191989,,,,,,
1.503619,3.876478,,,,,,
1.504085,4.512291,,,,,,
1.504550,5.156161,,,,,,
1.505016,5.499916,,,,,,
1.505481,5.499916,,,,,,
1.505947,5.499916,,,,,,
1.506412,5.499916,,,,,,
1.506878,5.499916,,,,,,
1.507344,5.499916,,,,,,
1.507809,5.299168,,,,,,
1.508275,4.837247,,,,,,
1.508740,4.396139,,,,,,
1.509206,4.101396,,,,,,
1.509671,3.942779,,,,,,
1.510137,3.835859,,,,,,
1.510602,3.556558,,,,,,
1.511068,3.070802,,,,,,
1.511533,2.697505,,,,,,
1.511999,2.623316,,,,,,
1.512464,2.843870,,,,,,
1.512930,3.315190,,,,,,
1.513395,3.930190,,,,,,
1.513861,4.386404,,,,,,
1.514326,4.726467,,,,,,
1.514792,5.105806,,,,,,
1.515257,5.291783,,,,,,
1.515723,5.398871,,,,,,
1.516188,5.499916,,,,,,
1.516654,5.499916,,,,,,
1.517119,5.499916,,,,,,
1.517585,5.499916,,,,,,
1.518050,5.499916,,,,,,
1.518516,1.646769,,,,,,
1.518981,2.493065,,,,,,
1.519447,1.692424,,,,,,
1.519912,0.709499,,,,,,
1.520378,0.029374,,,,,,
1.520844,-0.707149,,,,,,
1.521309,-1.211872,,,,,,
1.521775,-1.572580,,,,,,
1.522240,-1.899046,,,,,,
1.522706,-2.411658,,,,,,
1.523171,-2.853269,,,,,,
1.523637,-2.957000,,,,,,
1.524102,-2.740810,,,,,,
1.524568,-2.232731,,,,,,
1.525033,-1.475395,,,,,,
1.525499,-0.801816,,,,,,
1.525964,-0.240528,,,,,,
1.526430,0.362051,,,,,,
1.526895,0.786709,,,,,,
1.527361,1.094881,,,,,,
1.527826,1.094881,,,,,,
1.528292,1.619913,,,,,,
1.528757,1.802869,,,,,,
1.529223,1.765942,,,,,,
1.529688,1.491676,,,,,,
1.530154,1.013306,,,,,,
1.530619,0.265705,,,,,,
1.531085,-0.589654,,,,,,
1.531550,-1.271122,,,,,,
1.532016,-1.879744,,,,,,
1.532481,-2.473259,,,,,,
1.532947,-2.865690,,,,,,
1.533412,-3.132906,,,,,,
1.533878,-3.350607,,,,,,
1.534344,-3.735821,,,,,,
1.534809,-4.126238,,,,,,
1.535275,-4.214359,,,,,,
1.535740,-3.996155,,,,,,
1.536206,-3.507042,,,,,,
1.536671,-2.768673,,,,,,
1.537137,-2.041886,,,,,,
1.537602,-1.479255,,,,,,
1.538068,-0.850660,,,,,,
1.538533,-0.372457,,,,,,
1.538999,-0.055558,,,,,,
1.539464,0.265705,,,,,,
1.539930,0.538964,,,,,,
1.540395,0.818601,,,,,,
1.540861,0.921996,,,,,,
1.541326,0.921996,,,,,,
1.541792,0.254292,,,,,,
1.542257,-0.360372,,,,,,
1.542723,-1.113344,,,,,,
1.543188,-1.724315,,,,,,
1.543654,-2.215778,,,,,,
1.544119,-2.734096,,,,,,
1.544585,-3.068788,,,,,,
1.545050,-3.249897,,,,,,
1.545516,-3.366552,,,,,,
1.545981,-3.602213,,,,,,
1.546447,-3.946807,,,,,,
1.546912,-3.977188,,,,,,
1.547378,-3.677073,,,,,,
1.547843,-3.128038,,,,,,
1.548309,-2.338979,,,,,,
1.548775,-1.524239,,,,,,
1.549240,-0.901183,,,,,,
1.549706,-0.257984,,,,,,
1.550171,0.271580,,,,,,
1.550637,0.564141,,,,,,
1.551102,0.849149,,,,,,
1.551568,1.055268,,,,,,
1.552033,1.258701,,,,,,
1.552499,1.318120,,,,,,
1.552964,1.066011,,,,,,
1.553430,0.565148,,,,,,
1.553895,-0.188327,,,,,,
1.554361,-1.173434,,,,,,
1.554826,-1.173434,,,,,,
1.555292,-2.729397,,,,,,
1.555757,-3.437049,,,,,,
1.556223,-3.995315,,,,,,
1.556688,-4.346792,,,,,,
1.557154,-4.578088,,,,,,
1.557619,-4.837751,,,,,,
1.558085,-5.254688,,,,,,
1.558550,-5.404242,,,,,,
1.559016,-5.167239,,,,,,
1.559481,-4.649256,,,,,,
1.559947,-3.820417,,,,,,
1.560412,-2.885832,,,,,,
1.560878,-2.101305,,,,,,
1.561343,-1.286229,,,,,,
1.561809,-0.452857,,,,,,
1.562275,0.111284,,,,,,
1.562740,0.675929,,,,,,
1.563206,1.190555,,,,,,
1.563671,1.663554,,,,,,
1.564137,2.087037,,,,,,
1.564602,2.222827,,,,,,
1.565068,2.081498,,,,,,
1.565533,1.703838,,,,,,
1.565999,1.077424,,,,,,
1.566464,0.536950,,,,,,
1.566930,0.160967,,,,,,
1.567395,-0.269062,,,,,,
1.567861,-0.588983,,,,,,
1.568326,-0.775631,,,,,,
1.568792,-0.885740,,,,,,
1.569257,-1.015320,,,,,,
1.569723,-1.370489,,,,,,
1.570188,-1.598764,,,,,,
1.570654,-1.474891,,,,,,
1.571119,-1.119051,,,,,,
1.571585,-0.510597,,,,,,
1.572050,0.236164,,,,,,
1.572516,0.825650,,,,,,
1.572981,1.347326,,,,,,
1.573447,1.926574,,,,,,
1.573912,2.234577,,,,,,
1.574378,2.510521,,,,,,
1.574843,2.776730,,,,,,
1.575309,2.997620,,,,,,
1.575775,3.073487,,,,,,
1.576240,2.976135,,,,,,
1.576706,2.786801,,,,,,
1.577171,2.387320,,,,,,
1.577637,1.756542,,,,,,
1.578102,1.143893,,,,,,
1.578568,0.767910,,,,,,
1.579033,0.453361,,,,,,
1.579499,0.206622,,,,,,
1.579964,0.140826,,,,,,
1.580430,0.197223,,,,,,
1.580895,0.269398,,,,,,
1.581361,0.160967,,,,,,
1.581826,0.121019,,,,,,
1.582292,0.435233,,,,,,
1.582757,1.007599,,,,,,
1.583223,1.810925,,,,,,
1.583688,2.797543,,,,,,
1.584154,3.647532,,,,,,
1.584619,4.346960,,,,,,
1.585085,5.087007,,,,,,
1.585550,5.499916,,,,,,
1.586016,5.499916,,,,,,
1.586481,5.499916,,,,,,
1.586947,5.499916,,,,,,
1.587412,5.499916,,,,,,
1.587878,5.499916,,,,,,
1.588343,5.499916,,,,,,
1.588809,5.499916,,,,,,
1.589274,2.187243,,,,,,
1.589740,2.902617,,,,,,
1.590206,1.883101,,,,,,
1.590671,0.951537,,,,,,
1.591137,0.177417,,,,,,
1.591602,-0.478202,,,,,,
1.592068,-1.024720,,,,,,
1.592533,-1.518029,,,,,,
1.592999,-2.156191,,,,,,
1.593464,-2.805600,,,,,,
1.593930,-3.166140,,,,,,
1.594395,-3.197528,,,,,,
1.594861,-2.943404,,,,,,
1.595326,-2.444724,,,,,,
1.595792,-1.991531,,,,,,
1.596257,-1.653483,,,,,,
1.596723,-1.221439,,,,,,
1.597188,-0.905882,,,,,,
1.597654,-0.739040,,,,,,
1.598119,-0.510430,,,,,,
1.598585,-0.295079,,,,,,
1.599050,-0.041459,,,,,,
1.599516,-0.041459,,,,,,
1.599981,-0.045823,,,,,,
1.600447,-0.345602,,,,,,
1.600912,-0.859052,,,,,,
1.601378,-1.515007,,,,,,
1.601843,-2.019730,,,,,,
1.602309,-2.392355,,,,,,
1.602774,-2.779919,,,,,,
1.603240,-2.995102,,,,,,
1.603706,-3.099336,,,,,,
1.604171,-3.135927,,,,,,
1.604637,-3.305119,,,,,,
1.605102,-3.567636,,,,,,
1.605568,-3.570321,,,,,,
1.606033,-3.266011,,,,,,
1.606499,-2.723018,,,,,,
1.606964,-1.946883,,,,,,
1.607430,-1.179141,,,,,,
1.607895,-0.602075,,,,,,
1.608361,0.015778,,,,,,
1.608826,0.514122,,,,,,
1.609292,0.791745,,,,,,
1.609757,1.096727,,,,,,
1.610223,1.362768,,,,,,
1.610688,1.612192,,,,,,
1.611154,1.734722,,,,,,
1.611619,1.565530,,,,,,
1.612085,1.165377,,,,,,
1.612550,0.543328,,,,,,
1.613016,0.543328,,,,,,
1.613481,-0.951705,,,,,,
1.613947,-1.491173,,,,,,
1.614412,-2.032151,,,,,,
1.614878,-2.397726,,,,,,
1.615343,-2.603510,,,,,,
1.615809,-2.731075,,,,,,
1.616274,-2.892210,,,,,,
1.616740,-3.170001,,,,,,
1.617206,-3.217838,,,,,,
1.617671,-2.977310,,,,,,
1.618137,-2.459327,,,,,,
1.618602,-1.701488,,,,,,
1.619068,-0.934920,,,,,,
1.619533,-0.372625,,,,,,
1.619999,0.200412,,,,,,
1.620464,0.666865,,,,,,
1.620930,0.859892,,,,,,
1.621395,1.024048,,,,,,
1.621861,1.156481,,,,,,
1.622326,1.288243,,,,,,
1.622792,1.360586,,,,,,
1.623257,1.206332,,,,,,
1.623723,0.877348,,,,,,
1.624188,0.348287,,,,,,
1.624654,-0.372457,,,,,,
1.625119,-0.982422,,,,,,
1.625585,-1.423865,,,,,,
1.626050,-1.832578,,,,,,
1.626516,-1.832578,,,,,,
1.626981,-2.163577,,,,,,
1.627447,-2.142763,,,,,,
1.627912,-2.109194,,,,,,
1.628378,-2.225849,,,,,,
1.628843,-2.140078,,,,,,
1.629309,-1.750835,,,,,,
1.629774,-1.125093,,,,,,
1.630240,-0.314717,,,,,,
1.630705,0.526879,,,,,,
1.631171,1.113344,,,,,,
1.631637,1.573419,,,,,,
1.632102,2.030472,,,,,,
1.632568,2.200671,,,,,,
1.633033,2.222156,,,,,,
1.633499,2.200671,,,,,,
1.633964,2.177173,,,,,,
1.634430,2.109697,,,,,,
1.634895,1.801526,,,,,,
1.635361,1.264576,,,,,,
1.635826,0.566827,,,,,,
1.636292,-0.366415,,,,,,
1.636757,-1.275990,,,,,,
1.637223,-1.966690,,,,,,
1.637688,-2.626169,,,,,,
1.638154,-3.218677,,,,,,
1.638619,-3.435203,,,,,,
1.639085,-3.520806,,,,,,
1.639550,-3.540108,,,,,,
1.640016,-3.681773,,,,,,
1.640481,-3.788861,,,,,,
1.640947,-3.626383,,,,,,
1.641412,-3.245029,,,,,,
1.641878,-2.578164,,,,,,
1.642343,-1.679667,,,,,,
1.642809,-0.940963,,,,,,
1.643274,-0.323949,,,,,,
1.643740,0.409049,,,,,,
1.644205,0.930388,,,,,,
1.644671,1.347326,,,,,,
1.645137,1.762081,,,,,,
1.645602,2.200336,,,,,,
1.646068,2.607370,,,,,,
1.646533,2.815671,,,,,,
1.646999,2.773709,,,,,,
1.647464,2.533013,,,,,,
1.647930,2.060685,,,,,,
1.648395,1.531289,,,,,,
1.648861,1.143893,,,,,,
1.649326,0.782513,,,,,,
1.649792,0.492638,,,,,,
1.650257,0.372793,,,,,,
1.650723,0.347448,,,,,,
1.651188,0.358358,,,,,,
1.651654,0.258824,,,,,,
1.652119,0.169024,,,,,,
1.652585,0.380682,,,,,,
1.653050,0.816251,,,,,,
1.653516,1.496376,,,,,,
1.653981,2.386648,,,,,,
1.654447,3.216495,,,,,,
1.654912,3.957717,,,,,,
1.655378,4.765408,,,,,,
1.655843,5.450233,,,,,,
1.656309,5.499916,,,,,,
1.656774,5.499916,,,,,,
1.657240,5.499916,,,,,,
1.657705,5.499916,,,,,,
1.658171,5.499916,,,,,,
1.658637,5.499916,,,,,,
1.659102,5.499916,,,,,,
1.659568,5.499916,,,,,,
1.660033,5.499916,,,,,,
1.660499,5.499916,,,,,,
1.660964,3.293034,,,,,,
1.661430,2.614923,,,,,,
1.661895,3.174197,,,,,,
1.662361,2.485679,,,,,,
1.662826,2.211414,,,,,,
1.663292,1.655329,,,,,,
1.663757,0.865263,,,,,,
1.664223,0.217365,,,,,,
1.664688,-0.240864,,,,,,
1.665154,-0.446647,,,,,,
1.665619,-0.448997,,,,,,
1.666085,-0.609125,,,,,,
1.666550,-0.968490,,,,,,
1.667016,-1.178470,,,,,,
1.667481,-1.511482,,,,,,
1.667947,-2.068742,,,,,,
1.668412,-2.518410,,,,,,
1.668878,-2.855955,,,,,,
1.669343,-3.096651,,,,,,
1.669809,-3.306126,,,,,,
1.670274,-3.597177,,,,,,
1.670740,-3.938247,,,,,,
1.671205,-3.938247,,,,,,
1.671671,-4.654459,,,,,,
1.672136,-4.756512,,,,,,
1.672602,-4.596551,,,,,,
1.673068,-4.338903,,,,,,
1.673533,-3.815717,,,,,,
1.673999,-3.098161,,,,,,
1.674464,-2.219303,,,,,,
1.674930,-1.373342,,,,,,
1.675395,-0.609964,,,,,,
1.675861,0.283162,,,,,,
1.676326,1.407080,,,,,,
1.676792,2.716304,,,,,,
1.677257,4.346960,,,,,,
1.677723,5.499916,,,,,,
1.678188,5.499916,,,,,,
1.678654,5.499916,,,,,,
1.679119,5.499916,,,,,,
1.679585,5.499916,,,,,,
1.680050,5.499916,,,,,,
1.680516,5.499916,,,,,,
1.680981,5.499916,,,,,,
1.681447,5.499916,,,,,,
1.681912,5.499916,,,,,,
1.682378,5.499916,,,,,,
1.682843,5.499916,,,,,,
1.683309,5.499916,,,,,,
1.683774,-1.091859,,,,,,
1.684240,-1.311406,,,,,,
1.684705,-1.311406,,,,,,
1.685171,-5.426062,,,,,,
1.685636,-5.493034,,,,,,
1.686102,-5.494041,,,,,,
1.686568,-5.494377,,,,,,
1.687033,-5.494545,,,,,,
1.687499,-5.494881,,,,,,
1.687964,-5.494881,,,,,,
1.688430,-5.494881,,,,,,
1.688895,-5.495048,,,,,,
1.689361,-5.494881,,,,,,
1.689826,-5.495048,,,,,,
1.690292,-5.495048,,,,,,
1.690757,-5.495048,,,,,,
1.691223,-5.495048,,,,,,
1.691688,-5.495048,,,,,,
1.692154,-5.494881,,,,,,
1.692619,-5.495048,,,,,,
1.693085,-5.495048,,,,,,
1.693550,-5.495048,,,,,,
1.694016,-5.495048,,,,,,
1.694481,-5.495048,,,,,,
1.694947,-5.495048,,,,,,
1.695412,-5.494881,,,,,,
1.695878,-5.494881,,,,,,
1.696343,-5.167575,,,,,,
1.696809,-4.644892,,,,,,
1.697274,-3.940764,,,,,,
1.697740,-3.222705,,,,,,
1.698205,-3.222705,,,,,,
1.698671,-2.279393,,,,,,
1.699136,-1.997910,,,,,,
1.699602,-1.517525,,,,,,
1.700067,-0.808362,,,,,,
1.700533,0.061601,,,,,,
1.700999,1.023713,,,,,,
1.701464,1.679667,,,,,,
1.701930,2.099290,,,,,,
1.702395,2.267811,,,,,,
1.702861,2.243473,,,,,,
1.703326,2.216785,,,,,,
1.703792,2.067063,,,,,,
1.704257,1.730694,,,,,,
1.704723,1.325841,,,,,,
1.705188,0.639002,,,,,,
1.705654,-0.360037,,,,,,
1.706119,-1.588693,,,,,,
1.706585,-3.051835,,,,,,
1.707050,-4.497520,,,,,,
1.707516,-5.487327,,,,,,
1.707981,-5.493874,,,,,,
1.708447,-5.494377,,,,,,
1.708912,-5.494545,,,,,,
1.709378,-5.494713,,,,,,
1.709843,-5.494881,,,,,,
1.710309,-5.495048,,,,,,
1.710774,-5.495048,,,,,,
1.711240,-5.494881,,,,,,
1.711705,-5.494881,,,,,,
1.712171,-5.494881,,,,,,
1.712636,-5.494881,,,,,,
1.713102,-4.351156,,,,,,
1.713567,-2.930144,,,,,,
1.714033,-1.329030,,,,,,
1.714499,0.112627,,,,,,
1.714964,1.466499,,,,,,
1.715430,2.845212,,,,,,
1.715895,4.151751,,,,,,
1.716361,5.373693,,,,,,
1.716826,5.499916,,,,,,
1.717292,5.499916,,,,,,
1.717757,5.499916,,,,,,
1.718223,5.499916,,,,,,
1.718688,5.499916,,,,,,
1.719154,5.499916,,,,,,
1.719619,5.499916,,,,,,
1.720085,5.499916,,,,,,
1.720550,5.499916,,,,,,
1.721016,5.499916,,,,,,
1.721481,5.499916,,,,,,
1.721947,5.499916,,,,,,
1.722412,5.499916,,,,,,
1.722878,5.499916,,,,,,
1.723343,5.499916,,,,,,
1.723809,5.499916,,,,,,
1.724274,5.499916,,,,,,
1.724740,5.499916,,,,,,
1.725205,5.499916,,,,,,
1.725671,5.499916,,,,,,
1.726136,5.499916,,,,,,
1.726602,5.499916,,,,,,
1.727067,5.499916,,,,,,
1.727533,4.745937,,,,,,
1.727999,4.494835,,,,,,
1.728464,5.499916,,,,,,
1.728930,5.012146,,,,,,
1.729395,1.364782,,,,,,
1.729861,2.269490,,,,,,
1.730326,1.120058,,,,,,
1.730792,0.377829,,,,,,
1.731257,-0.052537,,,,,,
1.731723,-0.469139,,,,,,
1.732188,-0.635309,,,,,,
1.732654,-0.606439,,,,,,
1.733119,-0.433555,,,,,,
1.733585,-0.293568,,,,,,
1.734050,-0.191180,,,,,,
1.734516,0.189670,,,,,,
1.734981,0.861234,,,,,,
1.735447,1.737072,,,,,,
1.735912,2.877440,,,,,,
1.736378,3.968460,,,,,,
1.736843,5.495888,,,,,,
1.737309,5.499916,,,,,,
1.737774,5.499916,,,,,,
1.738240,5.499916,,,,,,
1.738705,5.499916,,,,,,
1.739171,5.499916,,,,,,
1.739636,5.499916,,,,,,
1.740102,5.499916,,,,,,
1.740567,5.499916,,,,,,
1.741033,5.499916,,,,,,
1.741498,5.499916,,,,,,
1.741964,5.499916,,,,,,
1.742430,5.499916,,,,,,
1.742895,5.499916,,,,,,
1.743361,5.499916,,,,,,
1.743826,0.447654,,,,,,
1.744292,0.122026,,,,,,
1.744757,-0.266712,,,,,,
1.745223,-1.624277,,,,,,
1.745688,-2.769345,,,,,,
1.746154,-3.759152,,,,,,
1.746619,-4.404868,,,,,,
1.747085,-4.713039,,,,,,
1.747550,-4.666712,,,,,,
1.748016,-4.426520,,,,,,
1.748481,-4.194385,,,,,,
1.748947,-3.861875,,,,,,
1.749412,-3.443427,,,,,,
1.749878,-3.202228,,,,,,
1.750343,-2.886000,,,,,,
1.750809,-2.494911,,,,,,
1.751274,-2.090227,,,,,,
1.751740,-1.683696,,,,,,
1.752205,-1.457099,,,,,,
1.752671,-1.363104,,,,,,
1.753136,-1.437293,,,,,,
1.753602,-1.735561,,,,,,
1.754067,-1.965682,,,,,,
1.754533,-1.980285,,,,,,
1.754998,-2.026444,,,,,,
1.755464,-1.971054,,,,,,
1.755930,-1.830396,,,,,,
1.756395,-1.830396,,,,,,
1.756861,-1.607828,,,,,,
1.757326,-1.744625,,,,,,
1.757792,-1.805890,,,,,,
1.758257,-1.712902,,,,,,
1.758723,-1.455085,,,,,,
1.759188,-0.980743,,,,,,
1.759654,-0.449668,,,,,,
1.760119,-0.117494,,,,,,
1.760585,0.139147,,,,,,
1.761050,0.390585,,,,,,
1.761516,0.358358,,,,,,
1.761981,0.266712,,,,,,
1.762447,0.180102,,,,,,
1.762912,0.009232,,,,,,
1.763378,-0.264195,,,,,,
1.763843,-0.718898,,,,,,
1.764309,-1.323491,,,,,,
1.764774,-2.123293,,,,,,
1.765240,-3.186786,,,,,,
1.765705,-4.232319,,,,,,
1.766171,-5.042191,,,,,,
1.766636,-5.492027,,,,,,
1.767102,-5.493874,,,,,,
1.767567,-5.494545,,,,,,
1.768033,-5.494713,,,,,,
1.768498,-5.494713,,,,,,
1.768964,-5.494881,,,,,,
1.769430,-5.494881,,,,,,
1.769895,-5.494881,,,,,,
1.770361,-5.495048,,,,,,
1.770826,-5.494881,,,,,,
1.771292,-5.494881,,,,,,
1.771757,-5.495048,,,,,,
1.772223,-5.495048,,,,,,
1.772688,-5.452750,,,,,,
1.773154,-4.810727,,,,,,
1.773619,-4.266056,,,,,,
1.774085,-3.730449,,,,,,
1.774550,-3.230930,,,,,,
1.775016,-2.706905,,,,,,
1.775481,-2.364996,,,,,,
1.775947,-2.304067,,,,,,
1.776412,-2.436667,,,,,,
1.776878,-2.815503,,,,,,
1.777343,-3.291020,,,,,,
1.777809,-3.600870,,,,,,
1.778274,-3.833173,,,,,,
1.778740,-4.045167,,,,,,
1.779205,-4.056413,,,,,,
1.779671,-3.977691,,,,,,
1.780136,-3.893935,,,,,,
1.780602,-4.017304,,,,,,
1.781067,-4.205798,,,,,,
1.781533,-4.157290,,,,,,
1.781998,-3.900313,,,,,,
1.782464,-3.458198,,,,,,
1.782929,-2.811978,,,,,,
1.783395,-2.811978,,,,,,
1.783861,-1.793637,,,,,,
1.784326,-1.203983,,,,,,
1.784792,-0.741390,,,,,,
1.785257,-0.413077,,,,,,
1.785723,-0.053880,,,,,,
1.786188,0.272419,,,,,,
1.786654,0.636988,,,,,,
1.787119,0.936431,,,,,,
1.787585,1.020356,,,,,,
1.788050,1.014984,,,,,,
1.788516,0.826322,,,,,,
1.788981,0.499351,,,,,,
1.789447,0.371618,,,,,,
1.789912,0.288197,,,,,,
1.790378,0.254963,,,,,,
1.790843,0.420966,,,,,,
1.791309,0.647059,,,,,,
1.791774,0.869627,,,,,,
1.792240,0.976715,,,,,,
1.792705,0.971008,,,,,,
1.793171,1.179141,,,,,,
1.793636,1.612192,,,,,,
1.794102,2.255390,,,,,,
1.794567,3.079194,,,,,,
1.795033,3.861372,,,,,,
1.795498,4.435080,,,,,,
1.795964,5.046052,,,,,,
1.796429,5.495888,,,,,,
1.796895,5.499916,,,,,,
1.797361,5.499916,,,,,,
1.797826,5.499916,,,,,,
1.798292,5.499916,,,,,,
1.798757,5.499916,,,,,,
1.799223,5.499916,,,,,,
1.799688,5.499916,,,,,,
1.800154,5.326696,,,,,,
1.800619,4.640528,,,,,,
1.801085,4.079240,,,,,,
1.801550,3.610605,,,,,,
1.802016,3.174197,,,,,,
1.802481,2.895567,,,,,,
1.802947,2.740475,,,,,,
1.803412,2.639429,,,,,,
1.803878,2.504143,,,,,,
1.804343,2.237934,,,,,,
1.804809,2.256397,,,,,,
1.805274,2.542412,,,,,,
1.805740,2.988556,,,,,,
1.806205,3.630747,,,,,,
1.806671,4.339742,,,,,,
1.807136,4.879545,,,,,,
1.807602,5.499916,,,,,,
1.808067,5.499916,,,,,,
1.808533,5.499916,,,,,,
1.808998,5.499916,,,,,,
1.809464,5.499916,,,,,,
1.809929,5.499916,,,,,,
1.810395,5.499916,,,,,,
1.810861,5.499916,,,,,,
1.811326,5.499916,,,,,,
1.811792,5.499916,,,,,,
1.812257,1.347326,,,,,,
1.812723,1.820325,,,,,,
1.813188,0.699931,,,,,,
1.813654,-0.155261,,,,,,
1.814119,-0.868284,,,,,,
1.814585,-0.868284,,,,,,
1.815050,-1.977768,,,,,,
1.815516,-2.478462,,,,,,
1.815981,-3.026658,,,,,,
1.816447,-3.394751,,,,,,
1.816912,-3.480186,,,,,,
1.817378,-3.316365,,,,,,
1.817843,-2.903960,,,,,,
1.818309,-2.360128,,,,,,
1.818774,-1.984482,,,,,,
1.819240,-1.702495,,,,,,
1.819705,-1.452567,,,,,,
1.820171,-1.484627,,,,,,
1.820636,-1.567208,,,,,,
1.821102,-1.715251,,,,,,
1.821567,-1.941009,,,,,,
1.822033,-2.216449,,,,,,
1.822498,-2.734936,,,,,,
1.822964,-3.403647,,,,,,
1.823429,-4.211505,,,,,,
1.823895,-5.219944,,,,,,
1.824360,-5.493202,,,,,,
1.824826,-5.494209,,,,,,
1.825292,-5.494545,,,,,,
1.825757,-5.494713,,,,,,
1.826223,-5.494881,,,,,,
1.826688,-5.494881,,,,,,
1.827154,-5.494881,,,,,,
1.827619,-5.494881,,,,,,
1.828085,-5.494881,,,,,,
1.828550,-5.494881,,,,,,
1.829016,-5.494713,,,,,,
1.829481,-5.495048,,,,,,
1.829947,-5.437980,,,,,,
1.830412,-4.385901,,,,,,
1.830878,-3.398779,,,,,,
1.831343,-2.371038,,,,,,
1.831809,-1.535653,,,,,,
1.832274,-0.786542,,,,,,
1.832740,-0.073014,,,,,,
1.833205,0.534264,,,,,,
1.833671,1.119051,,,,,,
1.834136,1.501076,,,,,,
1.834602,1.628641,,,,,,
1.835067,1.500404,,,,,,
1.835533,1.080446,,,,,,
1.835998,0.504387,,,,,,
1.836464,0.020645,,,,,,
1.836929,-0.484581,,,,,,
1.837395,-1.027405,,,,,,
1.837860,-1.450385,,,,,,
1.838326,-1.820493,,,,,,
1.838792,-2.217121,,,,,,
1.839257,-2.793851,,,,,,
1.839723,-3.320562,,,,,,
1.840188,-3.573510,,,,,,
1.840654,-3.557229,,,,,,
1.841119,-3.299580,,,,,,
1.841585,-3.299580,,,,,,
1.842050,-2.268147,,,,,,
1.842516,-1.813947,,,,,,
1.842981,-1.245777,,,,,,
1.843447,-0.800473,,,,,,
1.843912,-0.421469,,,,,,
1.844378,0.042466,,,,,,
1.844843,0.485924,,,,,,
1.845309,0.935424,,,,,,
1.845774,1.280522,,,,,,
1.846240,1.431754,,,,,,
1.846705,1.370153,,,,,,
1.847171,1.067018,,,,,,
1.847636,0.637995,,,,,,
1.848102,0.342077,,,,,,
1.848567,0.100374,,,,,,
1.849033,-0.131930,,,,,,
1.849498,-0.194369,,,,,,
1.849964,-0.212665,,,,,,
1.850429,-0.195209,,,,,,
1.850895,-0.367422,,,,,,
1.851360,-0.609125,,,,,,
1.851826,-0.660487,,,,,,
1.852292,-0.493980,,,,,,
1.852757,-0.161303,,,,,,
1.853223,0.345602,,,,,,
1.853688,0.767239,,,,,,
1.854154,1.027573,,,,,,
1.854619,1.365454,,,,,,
1.855085,1.365454,,,,,,
1.855550,1.640558,,,,,,
1.856016,1.758892,,,,,,
1.856481,1.847852,,,,,,
1.856947,1.997574,,,,,,
1.857412,2.109026,,,,,,
1.857878,2.019226,,,,,,
1.858343,1.837110,,,,,,
1.858809,1.475059,,,,,,
1.859274,0.958587,,,,,,
1.859740,0.597711,,,,,,
1.860205,0.379507,,,,,,
1.860671,0.211322,,,,,,
1.861136,0.205615,,,,,,
1.861602,0.326131,,,,,,
1.862067,0.532921,,,,,,
1.862533,0.681971,,,,,,
1.862998,0.747768,,,,,,
1.863464,1.105623,,,,,,
1.863929,1.729351,,,,,,
1.864395,2.527642,,,,,,
1.864860,3.528695,,,,,,
1.865326,4.592187,,,,,,
1.865791,5.474067,,,,,,
1.866257,5.499916,,,,,,
1.866723,5.499916,,,,,,
1.867188,5.499916,,,,,,
1.867654,5.499916,,,,,,
1.868119,5.499916,,,,,,
1.868585,5.499916,,,,,,
1.869050,5.499916,,,,,,
1.869516,5.499916,,,,,,
1.869981,5.499916,,,,,,
1.870447,5.499916,,,,,,
1.870912,5.499916,,,,,,
1.871378,5.499916,,,,,,
1.871843,5.499916,,,,,,
1.872309,5.499916,,,,,,
1.872774,1.230167,,,,,,
1.873240,2.303731,,,,,,
1.873705,1.556802,,,,,,
1.874171,0.617182,,,,,,
1.874636,-0.315724,,,,,,
1.875102,-1.209354,,,,,,
1.875567,-1.841474,,,,,,
1.876033,-2.250355,,,,,,
1.876498,-2.438682,,,,,,
1.876964,-2.494072,,,,,,
1.877429,-2.619623,,,,,,
1.877895,-2.652354,,,,,,
1.878360,-2.647318,,,,,,
1.878826,-2.807279,,,,,,
1.879291,-2.900267,,,,,,
1.879757,-2.941894,,,,,,
1.880223,-2.966903,,,,,,
1.880688,-2.977813,,,,,,
1.881154,-3.101686,,,,,,
1.881619,-3.372427,,,,,,
1.882085,-3.735485,,,,,,
1.882550,-4.253635,,,,,,
1.883016,-4.706157,,,,,,
1.883481,-4.975555,,,,,,
1.883947,-5.183185,,,,,,
1.884412,-5.237736,,,,,,
1.884878,-5.132830,,,,,,
1.885343,-4.918318,,,,,,
1.885809,-4.687022,,,,,,
1.886274,-4.687022,,,,,,
1.886740,-4.414939,,,,,,
1.887205,-3.970306,,,,,,
1.887671,-3.366888,,,,,,
1.888136,-2.605188,,,,,,
1.888602,-1.743114,,,,,,
1.889067,-1.060975,,,,,,
1.889533,-0.505730,,,,,,
1.889998,0.022995,,,,,,
1.890464,0.226429,,,,,,
1.890929,0.353994,,,,,,
1.891395,0.432212,,,,,,
1.891860,0.423819,,,,,,
1.892326,0.403342,,,,,,
1.892791,0.185809,,,,,,
1.893257,-0.210986,,,,,,
1.893723,-0.754482,,,,,,
1.894188,-1.506111,,,,,,
1.894654,-2.312795,,,,,,
1.895119,-2.904463,,,,,,
1.895585,-3.412879,,,,,,
1.896050,-3.798764,,,,,,
1.896516,-3.974838,,,,,,
1.896981,-4.020661,,,,,,
1.897447,-3.988769,,,,,,
1.897912,-4.023178,,,,,,
1.898378,-3.998672,,,,,,
1.898843,-3.665827,,,,,,
1.899309,-3.090105,,,,,,
1.899774,-3.090105,,,,,,
1.900240,-1.308721,,,,,,
1.900705,-0.411063,,,,,,
1.901171,0.412741,,,,,,
1.901636,1.307378,,,,,,
1.902102,1.953597,,,,,,
1.902567,2.433646,,,,,,
1.903033,2.913359,,,,,,
1.903498,3.312505,,,,,,
1.903964,3.628733,,,,,,
1.904429,3.732128,,,,,,
1.904895,3.594156,,,,,,
1.905360,3.220523,,,,,,
1.905826,2.604013,,,,,,
1.906291,1.790280,,,,,,
1.906757,1.059968,,,,,,
1.907222,0.372122,,,,,,
1.907688,-0.278462,,,,,,
1.908154,-0.758343,,,,,,
1.908619,-1.103273,,,,,,
1.909085,-1.372503,,,,,,
1.909550,-1.729015,,,,,,
1.910016,-2.086198,,,,,,
1.910481,-2.198322,,,,,,
1.910947,-2.023758,,,,,,
1.911412,-1.608499,,,,,,
1.911878,-0.982254,,,,,,
1.912343,-0.388907,,,,,,
1.912809,0.081239,,,,,,
1.913274,0.593347,,,,,,
1.913740,0.896818,,,,,,
1.914205,1.010956,,,,,,
1.914671,1.137850,,,,,,
1.915136,1.103609,,,,,,
1.915602,0.961273,,,,,,
1.916067,0.908064,,,,,,
1.916533,0.659648,,,,,,
1.916998,0.216526,,,,,,
1.917464,-0.387564,,,,,,
1.917929,-1.166720,,,,,,
1.918395,-1.818647,,,,,,
1.918860,-2.285100,,,,,,
1.919326,-2.680385,,,,,,
1.919791,-2.866865,,,,,,
1.920257,-2.890364,,,,,,
1.920722,-2.779583,,,,,,
1.921188,-2.695827,,,,,,
1.921654,-2.656214,,,,,,
1.922119,-2.400748,,,,,,
1.922585,-1.871519,,,,,,
1.923050,-1.141543,,,,,,
1.923516,-0.213001,,,,,,
1.923981,0.695064,,,,,,
1.924447,1.415808,,,,,,
1.924912,2.173816,,,,,,
1.925378,2.788815,,,,,,
1.925843,3.153384,,,,,,
1.926309,3.497475,,,,,,
1.926774,3.791547,,,,,,
1.927240,4.015793,,,,,,
1.927705,4.127581,,,,,,
1.928171,3.947646,,,,,,
1.928636,3.502510,,,,,,
1.929102,2.797543,,,,,,
1.929567,1.799847,,,,,,
1.930033,0.749783,,,,,,
1.930498,-0.226764,,,,,,
1.930964,-1.251987,,,,,,
1.931429,-2.164752,,,,,,
1.931895,-2.934844,,,,,,
1.932360,-3.649210,,,,,,
1.932826,-4.403021,,,,,,
1.933291,-5.196948,,,,,,
1.933757,-5.492699,,,,,,
1.934222,-5.494041,,,,,,
1.934688,-5.494377,,,,,,
1.935154,-5.494713,,,,,,
1.935619,-5.191241,,,,,,
1.936085,-4.744091,,,,,,
1.936550,-4.188678,,,,,,
1.937016,-3.587442,,,,,,
1.937481,-3.146670,,,,,,
1.937947,-2.686595,,,,,,
1.938412,-2.179858,,,,,,
1.938878,-1.646098,,,,,,
1.939343,-1.113680,,,,,,
1.939809,-0.737530,,,,,,
1.940274,-0.560449,,,,,,
1.940740,-0.462089,,,,,,
1.941205,-0.631281,,,,,,
1.941671,-0.811887,,,,,,
1.942136,-0.866606,,,,,,
1.942602,-0.899840,,,,,,
1.943067,-0.815244,,,,,,
1.943533,-0.605097,,,,,,
1.943998,-0.357687,,,,,,
1.944464,-0.122530,,,,,,
1.944929,-0.043137,,,,,,
1.945395,0.156771,,,,,,
1.945860,0.550713,,,,,,
1.946326,1.121736,,,,,,
1.946791,1.799847,,,,,,
1.947257,2.553323,,,,,,
1.947722,3.173526,,,,,,
1.948188,3.745556,,,,,,
1.948653,4.309865,,,,,,
1.949119,4.599908,,,,,,
1.949585,4.819120,,,,,,
1.950050,5.007782,,,,,,
1.950516,5.160861,,,,,,
1.950981,5.309239,,,,,,
1.951447,5.279698,,,,,,
1.951912,5.080964,,,,,,
1.952378,4.715053,,,,,,
1.952843,4.127581,,,,,,
1.953309,3.495460,,,,,,
1.953774,2.947936,,,,,,
1.954240,2.434318,,,,,,
1.954705,2.073610,,,,,,
1.955171,1.830732,,,,,,
1.955636,1.636698,,,,,,
1.956102,1.480766,,,,,,
1.956567,1.234531,,,,,,
1.957033,1.069535,,,,,,
1.957498,1.153964,,,,,,
1.957964,1.413458,,,,,,
1.958429,1.879408,,,,,,
1.958895,2.514214,,,,,,
1.959360,3.059724,,,,,,
1.959826,3.543801,,,,,,
1.960291,4.110124,,,,,,
1.960757,4.465965,,,,,,
1.961222,4.740566,,,,,,
1.961688,5.015839,,,,,,
1.962153,5.454261,,,,,,
1.962619,5.499916,,,,,,
1.963085,5.499916,,,,,,
1.963550,5.499916,,,,,,
1.964016,2.479301,,,,,,
1.964481,3.064088,,,,,,
1.964947,2.740978,,,,,,
1.965412,1.668254,,,,,,
1.965878,0.898497,,,,,,
1.966343,0.104402,,,,,,
1.966809,-0.553399,,,,,,
1.967274,-1.155978,,,,,,
1.967740,-1.726329,,,,,,
1.968205,-2.373892,,,,,,
1.968671,-3.057038,,,,,,
1.969136,-3.489418,,,,,,
1.969602,-3.676738,,,,,,
1.970067,-3.597513,,,,,,
1.970533,-3.252583,,,,,,
1.970998,-2.905135,,,,,,
1.971464,-2.612238,,,,,,
1.971929,-2.198154,,,,,,
1.972395,-1.904250,,,,,,
1.972860,-1.697292,,,,,,
1.973326,-1.444007,,,,,,
1.973791,-1.248295,,,,,,
1.974257,-1.001892,,,,,,
1.974722,-0.858549,,,,,,
1.975188,-0.924010,,,,,,
1.975653,-1.145907,,,,,,
1.976119,-1.529946,,,,,,
1.976585,-2.075120,,,,,,
1.977050,-2.503471,,,,,,
1.977516,-2.847562,,,,,,
1.977981,-3.153719,,,,,,
1.978447,-3.297230,,,,,,
1.978912,-3.358831,,,,,,
1.979378,-3.292531,,,,,,
1.979843,-3.353292,,,,,,
1.980309,-3.512581,,,,,,
1.980774,-3.491096,,,,,,
1.981240,-3.285313,,,,,,
1.981705,-2.949111,,,,,,
1.982171,-2.404944,,,,,,
1.982636,-1.889143,,,,,,
1.983102,-1.497887,,,,,,
1.983567,-1.027405,,,,,,
1.984033,-0.698421,,,,,,
1.984498,-0.589822,,,,,,
1.984964,-0.471321,,,,,,
1.985429,-0.438590,,,,,,
1.985895,-0.445304,,,,,,
1.986360,-0.548028,,,,,,
1.986826,-0.856870,,,,,,
1.987291,-1.358404,,,,,,
1.987757,-2.040543,,,,,,
1.988222,-2.904631,,,,,,
1.988688,-3.654246,,,,,,
1.989153,-4.256657,,,,,,
1.989619,-4.828016,,,,,,
1.990084,-5.177478,,,,,,
1.990550,-5.384100,,,,,,
1.991016,-5.491859,,,,,,
1.991481,-5.494377,,,,,,
1.991947,-5.494713,,,,,,
1.992412,-5.494545,,,,,,
1.992878,-5.355230,,,,,,
1.993343,-4.766751,,,,,,
1.993809,-3.926833,,,,,,
1.994274,-2.989563,,,,,,
1.994740,-2.173480,,,,,,
1.995205,-1.298314,,,,,,
1.995671,-0.475853,,,,,,
1.996136,0.132769,,,,,,
1.996602,0.760861,,,,,,
1.997067,1.358404,,,,,,
1.997533,1.918517,,,,,,
1.997998,2.459831,,,,,,
1.998464,2.833799,,,,,,
1.998929,3.020111,,,,,,
1.999395,3.025818,,,,,,
1.999860,2.818021,,,,,,
2.000326,2.601495,,,,,,
2.000791,2.468559,,,,,,
2.001257,2.259419,,,,,,
2.001722,2.146288,,,,,,
2.002188,2.088548,,,,,,
2.002653,2.039536,,,,,,
2.003119,1.912978,,,,,,
2.003584,1.604471,,,,,,
2.004050,1.372503,,,,,,
2.004516,1.312413,,,,,,
2.004981,1.404395,,,,,,
2.005447,1.627298,,,,,,
2.005912,1.925399,,,,,,
2.006378,2.050950,,,,,,
2.006843,2.138735,,,,,,
2.007309,2.206714,,,,,,
2.007774,2.072435,,,,,,
2.008240,1.921202,,,,,,
2.008705,1.788098,,,,,,
2.009171,1.603296,,,,,,
2.009636,1.415808,,,,,,
2.010102,1.149264,,,,,,
2.010567,0.781674,,,,,,
2.011033,0.241535,,,,,,
2.011498,-0.476860,,,,,,
2.011964,-1.192569,,,,,,
2.012429,-1.722972,,,,,,
2.012895,-2.141924,,,,,,
2.013360,-2.448585,,,,,,
2.013826,-2.582361,,,,,,
2.014291,-2.636408,,,,,,
2.014757,-2.655543,,,,,,
2.015222,-2.802243,,,,,,
2.015688,-2.825742,,,,,,
2.016153,-2.568261,,,,,,
2.016619,-2.067399,,,,,,
2.017084,-1.356390,,,,,,
2.017550,-0.433890,,,,,,
2.018016,0.418448,,,,,,
2.018481,1.232517,,,,,,
2.018947,2.107683,,,,,,
2.019412,2.757259,,,,,,
2.019878,3.331304,,,,,,
2.020343,3.918105,,,,,,
2.020809,3.918105,,,,,,
2.021274,4.878202,,,,,,
2.021740,5.164889,,,,,,
2.022205,5.193088,,,,,,
2.022671,4.974548,,,,,,
2.023136,4.490135,,,,,,
2.023602,3.881178,,,,,,
2.024067,3.346578,,,,,,
2.024533,2.805936,,,,,,
2.024998,2.805936,,,,,,
2.025464,2.009323,,,,,,
2.025929,1.700481,,,,,,
2.026395,1.405402,,,,,,
2.026860,0.971679,,,,,,
2.027326,0.528893,,,,,,
2.027791,0.315389,,,,,,
2.028257,0.343252,,,,,,
2.028722,0.555581,,,,,,
2.029188,0.947173,,,,,,
2.029653,1.313756,,,,,,
2.030119,1.600107,,,,,,
2.030584,1.946715,,,,,,
2.031050,2.095094,,,,,,
2.031515,2.137560,,,,,,
2.031981,2.180529,,,,,,
2.032447,2.165759,,,,,,
2.032912,2.127825,,,,,,
2.033378,2.017380,,,,,,
2.033843,1.725658,,,,,,
2.034309,1.276829,,,,,,
2.034774,0.667872,,,,,,
2.035240,-0.065461,,,,,,
2.035705,-0.654108,,,,,,
2.036171,-1.145907,,,,,,
2.036636,-1.589197,,,,,,
2.037102,-1.887465,,,,,,
2.037567,-2.091234,,,,,,
2.038033,-2.216114,,,,,,
2.038498,-2.416358,,,,,,
2.038964,-2.668132,,,,,,
2.039429,-2.693812,,,,,,
2.039895,-2.509682,,,,,,
2.040360,-2.167102,,,,,,
2.040826,-1.652811,,,,,,
2.041291,-1.157321,,,,,,
2.041757,-0.812222,,,,,,
2.042222,-0.425834,,,,,,
2.042688,-0.197559,,,,,,
2.043153,-0.167346,,,,,,
2.043619,-0.124712,,,,,,
2.044084,-0.126390,,,,,,
2.044550,-0.144518,,,,,,
2.045015,-0.260166,,,,,,
2.045481,-0.551720,,,,,,
2.045947,-1.013977,,,,,,
2.046412,-1.652644,,,,,,
2.046878,-2.470237,,,,,,
2.047343,-3.161440,,,,,,
2.047809,-3.752102,,,,,,
2.048274,-4.309361,,,,,,
2.048740,-4.701457,,,,,,
2.049205,-4.946517,,,,,,
2.049671,-5.093217,,,,,,
2.050136,-5.250828,,,,,,
2.050602,-5.437812,,,,,,
2.051067,-5.377386,,,,,,
2.051533,-5.036820,,,,,,
2.051998,-5.036820,,,,,,
2.052464,-3.611109,,,,,,
2.052929,-2.696162,,,,,,
2.053395,-1.860609,,,,,,
2.053860,-0.942809,,,,,,
2.054326,-0.084932,,,,,,
2.054791,0.541314,,,,,,
2.055257,1.190051,,,,,,
2.055722,1.799176,,,,,,
2.056188,2.367178,,,,,,
2.056653,2.853269,,,,,,
2.057119,3.147677,,,,,,
2.057584,3.206424,,,,,,
2.058050,3.039918,,,,,,
2.058515,2.616938,,,,,,
2.058981,2.168780,,,,,,
2.059447,1.803204,,,,,,
2.059912,1.427222,,,,,,
2.060378,1.167727,,,,,,
2.060843,0.935760,,,,,,
2.061309,0.731655,,,,,,
2.061774,0.484581,,,,,,
2.062240,0.092317,,,,,,
2.062705,-0.187991,,,,,,
2.063171,-0.252781,,,,,,
2.063636,-0.169360,,,,,,
2.064102,0.131426,,,,,,
2.064567,0.519326,,,,,,
2.065033,0.801144,,,,,,
2.065498,1.102266,,,,,,
2.065964,1.365957,,,,,,
2.066429,1.381567,,,,,,
2.066895,1.414298,,,,,,
2.067360,1.472206,,,,,,
2.067826,1.509133,,,,,,
2.068291,1.537331,,,,,,
2.068757,1.405737,,,,,,
2.069222,1.143893,,,,,,
2.069688,0.757839,,,,,,
2.070153,0.179431,,,,,,
2.070619,-0.383871,,,,,,
2.071084,-0.759518,,,,,,
2.071550,-1.090517,,,,,,
2.072015,-1.276158,,,,,,
2.072481,-1.343130,,,,,,
2.072946,-1.318456,,,,,,
2.073412,-1.255680,,,,,,
2.073878,-1.300328,,,,,,
2.074343,-1.258030,,,,,,
2.074809,-0.945663,,,,,,
2.075274,-0.424826,,,,,,
2.075740,0.262013,,,,,,
2.076205,1.062989,,,,,,
2.076671,1.723140,,,,,,
2.077136,2.336965,,,,,,
2.077602,2.932494,,,,,,
2.078067,3.241337,,,,,,
2.078533,3.431678,,,,,,
2.078998,3.431678,,,,,,
2.079464,3.665660,,,,,,
2.079929,3.688991,,,,,,
2.080395,3.517952,,,,,,
2.080860,3.132570,,,,,,
2.081326,2.567254,,,,,,
2.081791,1.773663,,,,,,
2.082257,0.899168,,,,,,
2.082722,0.170367,,,,,,
2.083188,-0.513954,,,,,,
2.083653,-1.085817,,,,,,
2.084119,-1.529274,,,,,,
2.084584,-1.924559,,,,,,
2.085050,-2.205035,,,,,,
2.085515,-2.526299,,,,,,
2.085981,-2.794186,,,,,,
2.086446,-2.812985,,,,,,
2.086912,-2.590082,,,,,,
2.087378,-2.187243,,,,,,
2.087843,-1.555291,,,,,,
2.088309,-0.993332,,,,,,
2.088774,-0.495995,,,,,,
2.089240,0.084932,,,,,,
2.089705,0.466789,,,,,,
2.090171,0.759182,,,,,,
2.090636,1.043183,,,,,,
2.091102,1.303182,,,,,,
2.091567,1.579629,,,,,,
2.092033,1.713237,,,,,,
2.092498,1.638041,,,,,,
2.092964,1.412451,,,,,,
2.093429,0.970672,,,,,,
2.093895,0.382864,,,,,,
2.094360,-0.092821,,,,,,
2.094826,-0.508583,,,,,,
2.095291,-0.891783,,,,,,
2.095757,-1.134325,,,,,,
2.096222,-1.355383,,,,,,
2.096688,-1.515175,,,,,,
2.097153,-1.768627,,,,,,
2.097619,-2.047929,,,,,,
2.098084,-2.149310,,,,,,
2.098550,-2.058335,,,,,,
2.099015,-1.773327,,,,,,
2.099481,-1.313588,,,,,,
2.099946,-0.913939,,,,,,
2.100412,-0.658137,,,,,,
2.100877,-0.299779,,,,,,
2.101343,-0.112123,,,,,,
2.101809,-0.078050,,,,,,
2.102274,-0.021653,,,,,,
2.102740,0.021988,,,,,,
2.103205,0.062943,,,,,,
2.103671,0.044816,,,,,,
2.104136,-0.162310,,,,,,
2.104602,-0.501366,,,,,,
2.105067,-0.991485,,,,,,
2.105533,-1.622431,,,,,,
2.105998,-1.622431,,,,,,
2.106464,-2.342672,,,,,,
2.106929,-2.651850,,,,,,
2.107395,-2.740810,,,,,,
2.107860,-2.745678,,,,,,
2.108326,-2.712108,,,,,,
2.108791,-2.705898,,,,,,
2.109257,-2.746853,,,,,,
2.109722,-2.579675,,,,,,
2.110188,-2.579675,,,,,,
2.110653,-1.594736,,,,,,
2.111119,-0.759518,,,,,,
2.111584,0.046830,,,,,,
2.112050,0.636988,,,,,,
2.112515,1.252323,,,,,,
2.112981,1.730022,,,,,,
2.113446,2.020066,,,,,,
2.113912,2.314137,,,,,,
2.114377,2.559197,,,,,,
2.114843,2.743832,,,,,,
2.115309,2.823728,,,,,,
2.115774,2.709926,,,,,,
2.116240,2.392020,,,,,,
2.116705,1.926070,,,,,,
2.117171,1.274144,,,,,,
2.117636,0.688014,,,,,,
2.118102,0.215351,,,,,,
2.118567,-0.205951,,,,,,
2.119033,-0.467124,,,,,,
2.119498,-0.620539,,,,,,
2.119964,-0.712856,,,,,,
2.120429,-0.767575,,,,,,
2.120895,-0.851667,,,,,,
2.121360,-0.777981,,,,,,
2.121826,-0.488441,,,,,,
2.122291,-0.022995,,,,,,
2.122757,0.636652,,,,,,
2.123222,1.374685,,,,,,
2.123688,1.971557,,,,,,
2.124153,2.571954,,,,,,
2.124619,3.154391,,,,,,
2.125084,3.483711,,,,,,
2.125550,3.752605,,,,,,
2.126015,3.975845,,,,,,
2.126481,4.160479,,,,,,
2.126946,4.240711,,,,,,
2.127412,4.149737,,,,,,
2.127877,3.855329,,,,,,
2.128343,3.355474,,,,,,
2.128809,2.613245,,,,,,
2.129274,1.838788,,,,,,
2.129740,1.130800,,,,,,
2.130205,0.392264,,,,,,
2.130671,-0.245228,,,,,,
2.131136,-0.778149,,,,,,
2.131602,-1.253498,,,,,,
2.132067,-1.727337,,,,,,
2.132533,-2.248676,,,,,,
2.132998,-2.641611,,,,,,
2.133464,-2.790829,,,,,,
2.133929,-2.731411,,,,,,
2.134395,-2.425254,,,,,,
2.134860,-1.952590,,,,,,
2.135326,-1.558480,,,,,,
2.135791,-1.131472,,,,,,
2.136257,-0.642191,,,,,,
2.136722,-0.357351,,,,,,
2.137188,-0.357351,,,,,,
2.137653,0.217365,,,,,,
2.138119,0.510765,,,,,,
2.138584,0.824308,,,,,,
2.139050,1.006760,,,,,,
2.139515,0.991485,,,,,,
2.139981,0.814908,,,,,,
2.140446,0.464607,,,,,,
2.140912,0.054887,,,,,,
2.141377,-0.225757,,,,,,
2.141843,-0.476860,,,,,,
2.142308,-0.588312,,,,,,
2.142774,-0.570184,,,,,,
2.143240,-0.535271,,,,,,
2.143705,-0.511940,,,,,,
2.144171,-0.544671,,,,,,
2.144636,-0.566827,,,,,,
2.145102,-0.486931,,,,,,
2.145567,-0.221225,,,,,,
2.146033,0.186145,,,,,,
2.146498,0.733669,,,,,,
2.146964,1.172427,,,,,,
2.147429,1.524239,,,,,,
2.147895,1.889143,,,,,,
2.148360,2.030137,,,,,,
2.148826,2.078813,,,,,,
2.149291,2.132692,,,,,,
2.149757,2.120104,,,,,,
2.150222,2.110033,,,,,,
2.150688,1.976425,,,,,,
2.151153,1.681010,,,,,,
2.151619,1.201297,,,,,,
2.152084,0.540978,,,,,,
2.152550,-0.232471,,,,,,
2.153015,-0.896483,,,,,,
2.153481,-1.505943,,,,,,
2.153946,-2.032822,,,,,,
2.154412,-2.394537,,,,,,
2.154877,-2.682399,,,,,,
2.155343,-2.896574,,,,,,
2.155808,-3.227909,,,,,,
2.156274,-3.471290,,,,,,
2.156740,-3.480354,,,,,,
2.157205,-3.292363,,,,,,
2.157671,-2.910170,,,,,,
2.158136,-2.320180,,,,,,
2.158602,-1.758221,,,,,,
2.159067,-1.277836,,,,,,
2.159533,-0.732158,,,,,,
2.159998,-0.352987,,,,,,
2.160464,-0.118669,,,,,,
2.160929,0.129244,,,,,,
2.161395,0.346273,,,,,,
2.161860,0.551049,,,,,,
2.162326,0.687343,,,,,,
2.162791,0.641016,,,,,,
2.163257,0.409888,,,,,,
2.163722,-0.004532,,,,,,
2.164188,-0.004532,,,,,,
2.164653,-0.972686,,,,,,
2.165119,-1.331548,,,,,,
2.165584,-1.628305,,,,,,
2.166050,-1.719280,,,,,,
2.166515,-1.687556,,,,,,
2.166981,-1.687556,,,,,,
2.167446,-1.775677,,,,,,
2.167912,-1.853223,,,,,,
2.168377,-1.853223,,,,,,
2.168843,-1.424872,,,,,,
2.169308,-0.943648,,,,,,
2.169774,-0.272755,,,,,,
2.170240,0.436576,,,,,,
2.170705,0.998032,,,,,,
2.171171,1.622599,,,,,,
2.171636,2.066392,,,,,,
2.172102,2.300038,,,,,,
2.172567,2.503471,,,,,,
2.173033,2.642115,,,,,,
2.173498,2.761288,,,,,,
2.173964,2.772030,,,,,,
2.174429,2.540063,,,,,,
2.174895,2.111711,,,,,,
2.175360,1.466835,,,,,,
2.175826,0.603418,,,,,,
2.176291,-0.210483,,,,,,
2.176757,-0.908568,,,,,,
2.177222,-1.554955,,,,,,
2.177688,-2.012345,,,,,,
2.178153,-2.351400,,,,,,
2.178619,-2.623987,,,,,,
2.179084,-2.880797,,,,,,
2.179550,-3.206592,,,,,,
2.180015,-3.355810,,,,,,
2.180481,-3.260807,,,,,,
2.180946,-2.942901,,,,,,
2.181412,-2.393362,,,,,,
2.181877,-1.719615,,,,,,
2.182343,-1.143221,,,,,,
2.182808,-0.507744,,,,,,
2.183274,0.065126,,,,,,
2.183739,0.453529,,,,,,
2.184205,0.864591,,,,,,
2.184671,1.224964,,,,,,
2.185136,1.566201,,,,,,
2.185602,1.913313,,,,,,
2.186067,2.177844,,,,,,
2.186533,2.283253,,,,,,
2.186998,2.222827,,,,,,
2.187464,1.926070,,,,,,
2.187929,1.643076,,,,,,
2.188395,1.462135,,,,,,
2.188860,1.270115,,,,,,
2.189326,1.176791,,,,,,
2.189791,1.169741,,,,,,
2.190257,1.164034,,,,,,
2.190722,1.108980,,,,,,
2.191188,0.897490,,,,,,
2.191653,0.771603,,,,,,
2.192119,0.814908,,,,,,
2.192584,0.997192,,,,,,
2.193050,1.332387,,,,,,
2.193515,1.723308,,,,,,
2.193981,1.996567,,,,,,
2.194446,2.268818,,,,,,
2.194912,2.512871,,,,,,
2.195377,2.512871,,,,,,
2.195843,2.540398,,,,,,
2.196308,2.539727,,,,,,
2.196774,2.521263,,,,,,
2.197239,2.462181,,,,,,
2.197705,2.288624,,,,,,
2.198171,1.935134,,,,,,
2.198636,1.425711,,,,,,
2.199102,0.686000,,,,,,
2.199567,-0.069657,,,,,,
2.200033,-0.684321,,,,,,
2.200498,-1.259205,,,,,,
2.200964,-1.687724,,,,,,
2.201429,-1.986831,,,,,,
2.201895,-2.197986,,,,,,
2.202360,-2.329915,,,,,,
2.202826,-2.516899,,,,,,
2.203291,-2.604685,,,,,,
2.203757,-2.420218,,,,,,
2.204222,-2.001266,,,,,,
2.204688,-1.393652,,,,,,
2.205153,-0.610803,,,,,,
2.205619,0.098192,,,,,,
2.206084,0.769757,,,,,,
2.206550,1.474556,,,,,,
2.207015,1.890486,,,,,,
2.207481,2.209567,,,,,,
2.207946,2.522606,,,,,,
2.208412,2.749203,,,,,,
2.208877,2.954986,,,,,,
2.209343,3.024475,,,,,,
2.209808,2.906310,,,,,,
2.210274,2.628351,,,,,,
2.210739,2.125475,,,,,,
2.211205,1.497551,,,,,,
2.211671,0.980407,,,,,,
2.212136,0.469139,,,,,,
2.212602,0.037766,,,,,,
2.213067,-0.253956,,,,,,
2.213533,-0.507408,,,,,,
2.213998,-0.736187,,,,,,
2.214464,-1.050904,,,,,,
2.214929,-1.388785,,,,,,
2.215395,-1.501411,,,,,,
2.215860,-1.414298,,,,,,
2.216326,-1.187533,,,,,,
2.216791,-0.788388,,,,,,
2.217257,-0.445304,,,,,,
2.217722,-0.232136,,,,,,
2.218188,0.035416,,,,,,
2.218653,0.090806,,,,,,
2.219119,0.003021,,,,,,
2.219584,-0.036423,,,,,,
2.220050,-0.106584,,,,,,
2.220515,-0.218708,,,,,,
2.220981,-0.395285,,,,,,
2.221446,-0.680964,,,,,,
2.221912,-1.150942,,,,,,
2.222377,-1.150942,,,,,,
2.222843,-2.605188,,,,,,
2.223308,-3.252415,,,,,,
2.223774,-3.715679,,,,,,
2.224239,-4.127077,,,,,,
2.224705,-4.374990,,,,,,
2.225170,-4.501717,,,,,,
2.225636,-4.515312,,,,,,
2.226102,-4.543847,,,,,,
2.226567,-4.543008,,,,,,
2.227033,-4.341085,,,,,,
2.227498,-3.892424,,,,,,
2.227964,-3.256443,,,,,,
2.228429,-2.417868,,,,,,
2.228895,-1.569223,,,,,,
2.229360,-0.808026,,,,,,
2.229826,0.012924,,,,,,
2.230291,0.680964,,,,,,
2.230757,1.142550,,,,,,
2.231222,1.626291,,,,,,
2.231688,2.053971,,,,,,
2.232153,2.450431,,,,,,
2.232619,2.764645,,,,,,
2.233084,2.871397,,,,,,
2.233550,2.776059,,,,,,
2.234015,2.489036,,,,,,
2.234481,1.963333,,,,,,
2.234946,1.456428,,,,,,
2.235412,0.998199,,,,,,
2.235877,0.502373,,,,,,
2.236343,0.114305,,,,,,
2.236808,-0.261173,,,,,,
2.237274,-0.633463,,,,,,
2.237739,-1.072053,,,,,,
2.238205,-1.569894,,,,,,
2.238670,-1.938491,,,,,,
2.239136,-2.078141,,,,,,
2.239602,-2.040375,,,,,,
2.240067,-1.817304,,,,,,
2.240533,-1.491341,,,,,,
2.240998,-1.217746,,,,,,
2.241464,-0.915618,,,,,,
2.241929,-0.684321,,,,,,
2.242395,-0.688518,,,,,,
2.242860,-0.694392,,,,,,
2.243326,-0.677272,,,,,,
2.243791,-0.635309,,,,,,
2.244257,-0.593347,,,,,,
2.244722,-0.634638,,,,,,
2.245188,-0.759182,,,,,,
2.245653,-0.977722,,,,,,
2.246119,-1.313756,,,,,,
2.246584,-1.546395,,,,,,
2.247050,-1.595743,,,,,,
2.247515,-1.574258,,,,,,
2.247981,-1.356558,,,,,,
2.248446,-1.007263,,,,,,
2.248912,-0.582605,,,,,,
2.249377,-0.582605,,,,,,
2.249843,0.191180,,,,,,
2.250308,0.677943,,,,,,
2.250774,1.328527,,,,,,
2.251239,2.151995,,,,,,
2.251705,3.110414,,,,,,
2.252170,4.104417,,,,,,
2.252636,4.887602,,,,,,
2.253102,5.498573,,,,,,
2.253567,5.498573,,,,,,
2.254033,5.499916,,,,,,
2.254498,5.499916,,,,,,
2.254964,5.499916,,,,,,
2.255429,5.499916,,,,,,
2.255895,5.499916,,,,,,
2.256360,5.499916,,,,,,
2.256826,5.499916,,,,,,
2.257291,2.708248,,,,,,
2.257757,3.559915,,,,,,
2.258222,2.418204,,,,,,
2.258688,1.446860,,,,,,
2.259153,0.639002,,,,,,
2.259619,-0.072343,,,,,,
2.260084,-0.612482,,,,,,
2.260550,-1.112840,,,,,,
2.261015,-1.634684,,,,,,
2.261481,-2.219135,,,,,,
2.261946,-2.667124,,,,,,
2.262412,-2.879957,,,,,,
2.262877,-2.830777,,,,,,
2.263343,-2.568597,,,,,,
2.263808,-2.121782,,,,,,
2.264274,-1.724315,,,,,,
2.264739,-1.307378,,,,,,
2.265205,-0.841428,,,,,,
2.265670,-0.606271,,,,,,
2.266136,-0.411063,,,,,,
2.266601,-0.206622,,,,,,
2.267067,-0.009232,,,,,,
2.267533,0.170367,,,,,,
2.267998,0.229114,,,,,,
2.268464,0.132433,,,,,,
2.268929,-0.096513,,,,,,
2.269395,-0.531579,,,,,,
2.269860,-1.056947,,,,,,
2.270326,-1.468177,,,,,,
2.270791,-1.846509,,,,,,
2.271257,-2.138567,,,,,,
2.271722,-2.303731,,,,,,
2.272188,-2.434653,,,,,,
2.272653,-2.541405,,,,,,
2.273119,-2.740810,,,,,,
2.273584,-2.865690,,,,,,
2.274050,-2.774380,,,,,,
2.274515,-2.480980,,,,,,
2.274981,-1.982971,,,,,,
2.275446,-1.311070,,,,,,
2.275912,-0.717220,,,,,,
2.276377,-0.202594,,,,,,
2.276843,0.377661,,,,,,
2.277308,0.707988,,,,,,
2.277774,0.931563,,,,,,
2.278239,1.128450,,,,,,
2.278705,1.261723,,,,,,
2.279170,1.358068,,,,,,
2.279636,1.340612,,,,,,
2.280101,1.160006,,,,,,
2.280567,1.160006,,,,,,
2.281033,0.297932,,,,,,
2.281498,-0.335531,,,,,,
2.281964,-0.841428,,,,,,
2.282429,-1.317784,,,,,,
2.282895,-1.689738,,,,,,
2.283360,-1.902403,,,,,,
2.283826,-2.066056,,,,,,
2.284291,-2.170962,,,,,,
2.284757,-2.330251,,,,,,
2.285222,-2.486351,,,,,,
2.285688,-2.438849,,,,,,
2.286153,-2.188922,,,,,,
2.286619,-1.749828,,,,,,
2.287084,-1.121065,,,,,,
2.287550,-0.530907,,,,,,
2.288015,-0.041123,,,,,,
2.288481,0.501701,,,,,,
2.288946,0.839078,,,,,,
2.289412,0.975372,,,,,,
2.289877,1.107637,,,,,,
2.290343,1.141878,,,,,,
2.290808,1.150607,,,,,,
2.291274,1.039155,,,,,,
2.291739,0.728969,,,,,,
2.292205,0.222065,,,,,,
2.292670,-0.454368,,,,,,
2.293136,-1.323827,,,,,,
2.293601,-2.106676,,,,,,
2.294067,-2.819364,,,,,,
2.294533,-3.457359,,,,,,
2.294998,-3.907866,,,,,,
2.295464,-4.248768,,,,,,
2.295929,-4.485771,,,,,,
2.296395,-4.708675,,,,,,
2.296860,-4.881727,,,,,,
2.297326,-4.799481,,,,,,
2.297791,-4.433570,,,,,,
2.298257,-3.816892,,,,,,
2.298722,-2.920912,,,,,,
2.299188,-1.928084,,,,,,
2.299653,-1.013474,,,,,,
2.300119,0.011246,,,,,,
2.300584,0.962615,,,,,,
2.301050,1.703838,,,,,,
2.301515,2.458320,,,,,,
2.301981,3.137942,,,,,,
2.302446,3.787182,,,,,,
2.302912,4.335378,,,,,,
2.303377,4.643214,,,,,,
2.303843,4.725795,,,,,,
2.304308,4.574060,,,,,,
2.304774,4.147051,,,,,,
2.305239,3.690501,,,,,,
2.305705,3.257450,,,,,,
2.306170,2.798886,,,,,,
2.306636,2.504479,,,,,,
2.307101,2.246998,,,,,,
2.307567,2.246998,,,,,,
2.308032,1.609842,,,,,,
2.308498,1.168063,,,,,,
2.308964,0.820615,,,,,,
2.309429,0.659815,,,,,,
2.309895,0.662501,,,,,,
2.310360,0.852506,,,,,,
2.310826,1.100252,,,,,,
2.311291,1.206836,,,,,,
2.311757,1.206836,,,,,,
2.312222,1.446357,,,,,,
2.312688,1.298985,,,,,,
2.313153,1.174105,,,,,,
2.313619,1.051911,,,,,,
2.314084,0.908232,,,,,,
2.314550,0.762539,,,,,,
2.315015,0.482567,,,,,,
2.315481,0.050187,,,,,,
2.315946,-0.510430,,,,,,
2.316412,-1.209018,,,,,,
2.316877,-1.884779,,,,,,
2.317343,-2.409308,,,,,,
2.317808,-2.894728,,,,,,
2.318274,-3.192493,,,,,,
2.318739,-3.374609,,,,,,
2.319205,-3.480522,,,,,,
2.319670,-3.531884,,,,,,
2.320136,-3.625376,,,,,,
2.320601,-3.558740,,,,,,
2.321067,-3.214481,,,,,,
2.321532,-2.645808,,,,,,
2.321998,-1.898878,,,,,,
2.322464,-0.971679,,,,,,
2.322929,-0.102892,,,,,,
2.323395,0.759518,,,,,,
2.323860,1.593057,,,,,,
2.324326,2.194629,,,,,,
2.324791,2.739803,,,,,,
2.325257,3.256779,,,,,,
2.325722,3.716014,,,,,,
2.326188,4.130266,,,,,,
2.326653,4.400000,,,,,,
2.327119,4.466636,,,,,,
2.327584,4.343771,,,,,,
2.328050,3.985245,,,,,,
2.328515,3.522652,,,,,,
2.328981,3.162112,,,,,,
2.329446,2.772030,,,,,,
2.329912,2.427604,,,,,,
2.330377,2.195804,,,,,,
2.330843,1.945541,,,,,,
2.331308,1.663554,,,,,,
2.331774,1.265751,,,,,,
2.332239,0.929046,,,,,,
2.332705,0.714199,,,,,,
2.333170,0.651759,,,,,,
2.333636,0.733669,,,,,,
2.334101,0.953887,,,,,,
2.334567,1.061982,,,,,,
2.335032,1.096727,,,,,,
2.335498,1.128283,,,,,,
2.335964,0.892622,,,,,,
2.336429,0.567330,,,,,,
2.336895,0.238178,,,,,,
2.337360,-0.128740,,,,,,
2.337826,-0.524865,,,,,,
2.338291,-0.984939,,,,,,
2.338757,-0.984939,,,,,,
2.339222,-2.337301,,,,,,
2.339688,-3.229084,,,,,,
2.340153,-4.162829,,,,,,
2.340619,-4.917311,,,,,,
2.341084,-5.485649,,,,,,
2.341550,-5.493874,,,,,,
2.342015,-5.494377,,,,,,
2.342481,-5.494377,,,,,,
2.342946,-5.494713,,,,,,
2.343412,-5.494713,,,,,,
2.343877,-5.495048,,,,,,
2.344343,-5.494881,,,,,,
2.344808,-5.243442,,,,,,
2.345274,-4.506416,,,,,,
2.345739,-3.574350,,,,,,
2.346205,-2.641444,,,,,,
2.346670,-1.805890,,,,,,
2.347136,-0.907897,,,,,,
2.347601,-0.246906,,,,,,
2.348067,0.238178,,,,,,
2.348532,0.710842,,,,,,
2.348998,1.098909,,,,,,
2.349463,1.399023,,,,,,
2.349929,1.573587,,,,,,
2.350395,1.548074,,,,,,
2.350860,1.293614,,,,,,
2.351326,0.824979,,,,,,
2.351791,0.170367,,,,,,
2.352257,-0.409384,,,,,,
2.352722,-0.971344,,,,,,
2.353188,-1.516854,,,,,,
2.353653,-1.936477,,,,,,
2.354119,-2.317494,,,,,,
2.354584,-2.666285,,,,,,
2.355050,-3.034211,,,,,,
2.355515,-3.396933,,,,,,
2.355981,-3.564782,,,,,,
2.356446,-3.491432,,,,,,
2.356912,-3.238148,,,,,,
2.357377,-2.819028,,,,,,
2.357843,-2.277882,,,,,,
2.358308,-1.770977,,,,,,
2.358774,-1.189883,,,,,,
2.359239,-0.695735,,,,,,
2.359705,-0.377829,,,,,,
2.360170,-0.045823,,,,,,
2.360636,0.350301,,,,,,
2.361101,0.748775,,,,,,
2.361567,1.053925,,,,,,
2.362032,1.281529,,,,,,
2.362498,1.388281,,,,,,
2.362963,1.372168,,,,,,
2.363429,1.209689,,,,,,
2.363895,1.112337,,,,,,
2.364360,1.064332,,,,,,
2.364826,1.054261,,,,,,
2.365291,1.206332,,,,,,
2.365757,1.206332,,,,,,
2.366222,1.672282,,,,,,
2.366688,1.862791,,,,,,
2.367153,1.960983,,,,,,
2.367619,2.177173,,,,,,
2.368084,2.577325,,,,,,
2.368550,3.122499,,,,,,
2.369015,3.810010,,,,,,
2.369481,4.505577,,,,,,
2.369946,5.064851,,,,,,
2.370412,5.499916,,,,,,
2.370877,5.499916,,,,,,
2.371343,5.499916,,,,,,
2.371808,5.499916,,,,,,
2.372274,5.499916,,,,,,
2.372739,5.499916,,,,,,
2.373205,5.499916,,,,,,
2.373670,5.499916,,,,,,
2.374136,5.499916,,,,,,
2.374601,3.253758,,,,,,
2.375067,4.027543,,,,,,
2.375532,2.958679,,,,,,
2.375998,2.253040,,,,,,
2.376463,1.588357,,,,,,
2.376929,0.990814,,,,,,
2.377395,0.506401,,,,,,
2.377860,0.099199,,,,,,
2.378326,-0.272755,,,,,,
2.378791,-0.676936,,,,,,
2.379257,-0.954894,,,,,,
2.379722,-0.999207,,,,,,
2.380188,-0.843946,,,,,,
2.380653,-0.490959,,,,,,
2.381119,-0.017121,,,,,,
2.381584,0.376150,,,,,,
2.382050,0.792081,,,,,,
2.382515,1.204654,,,,,,
2.382981,1.425544,,,,,,
2.383446,1.611856,,,,,,
2.383912,1.823346,,,,,,
2.384377,2.022080,,,,,,
2.384843,2.174990,,,,,,
2.385308,2.216114,,,,,,
2.385774,2.116075,,,,,,
2.386239,1.850202,,,,,,
2.386705,1.428565,,,,,,
2.387170,0.984436,,,,,,
2.387636,0.602411,,,,,,
2.388101,0.208301,,,,,,
2.388567,-0.089464,,,,,,
2.389032,-0.355337,,,,,,
2.389498,-0.608789,,,,,,
2.389963,-0.864256,,,,,,
2.390429,-1.228824,,,,,,
2.390894,-1.540352,,,,,,
2.391360,-1.705516,,,,,,
2.391826,-1.687556,,,,,,
2.392291,-1.543877,,,,,,
2.392757,-1.543877,,,,,,
2.393222,-1.108309,,,,,,
2.393688,-0.952880,,,,,,
2.394153,-0.749783,,,,,,
2.394619,-0.817929,,,,,,
2.395084,-0.898833,,,,,,
2.395550,-0.971008,,,,,,
2.396015,-1.123751,,,,,,
2.396481,-1.249638,,,,,,
2.396946,-1.249638,,,,,,
2.397412,-1.903075,,,,,,
2.397877,-2.430961,,,,,,
2.398343,-3.066102,,,,,,
2.398808,-3.811185,,,,,,
2.399274,-4.444984,,,,,,
2.399739,-4.995697,,,,,,
2.400205,-5.378897,,,,,,
2.400670,-5.493034,,,,,,
2.401136,-5.494209,,,,,,
2.401601,-5.494545,,,,,,
2.402067,-5.494545,,,,,,
2.402532,-5.494713,,,,,,
2.402998,-5.494545,,,,,,
2.403463,-5.120409,,,,,,
2.403929,-4.562310,,,,,,
2.404394,-3.810178,,,,,,
2.404860,-3.132235,,,,,,
2.405326,-2.539559,,,,,,
2.405791,-1.896361,,,,,,
2.406257,-1.476905,,,,,,
2.406722,-1.199954,,,,,,
2.407188,-0.921660,,,,,,
2.407653,-0.722255,,,,,,
2.408119,-0.578241,,,,,,
2.408584,-0.531914,,,,,,
2.409050,-0.700099,,,,,,
2.409515,-1.002731,,,,,,
2.409981,-1.456596,,,,,,
2.410446,-2.085527,,,,,,
2.410912,-2.660075,,,,,,
2.411377,-3.172686,,,,,,
2.411843,-3.593149,,,,,,
2.412308,-3.852476,,,,,,
2.412774,-4.029221,,,,,,
2.413239,-4.144198,,,,,,
2.413705,-4.333364,,,,,,
2.414170,-4.530251,,,,,,
2.414636,-4.552239,,,,,,
2.415101,-4.363241,,,,,,
2.415567,-3.986252,,,,,,
2.416032,-3.429999,,,,,,
2.416498,-2.860990,,,,,,
2.416963,-2.340154,,,,,,
2.417429,-1.707698,,,,,,
2.417894,-1.232181,,,,,,
2.418360,-0.897322,,,,,,
2.418826,-0.532753,,,,,,
2.419291,-0.170703,,,,,,
2.419757,0.181109,,,,,,
2.420222,0.488609,,,,,,
2.420688,0.691371,,,,,,
2.421153,0.756497,,,,,,
2.421619,0.666194,,,,,,
2.422084,0.456382,,,,,,
2.422550,0.338048,,,,,,
2.423015,0.289876,,,,,,
2.423481,0.305150,,,,,,
2.423946,0.305150,,,,,,
2.424412,0.724605,,,,,,
2.424877,1.029755,,,,,,
2.425343,1.282200,,,,,,
2.425808,1.493523,,,,,,
2.426274,1.828717,,,,,,
2.426739,2.322194,,,,,,
2.427205,2.991577,,,,,,
2.427670,3.828138,,,,,,
2.428136,4.705653,,,,,,
2.428601,5.350698,,,,,,
2.429067,5.499916,,,,,,
2.429532,5.499916,,,,,,
2.429998,5.499916,,,,,,
2.430463,5.499916,,,,,,
2.430929,5.499916,,,,,,
2.431394,5.499916,,,,,,
2.431860,5.499916,,,,,,
2.432325,5.499916,,,,,,
2.432791,5.499916,,,,,,
2.433257,5.499916,,,,,,
2.433722,2.928466,,,,,,
2.434188,4.010758,,,,,,
2.434653,3.209781,,,,,,
2.435119,2.506828,,,,,,
2.435584,2.057664,,,,,,
2.436050,1.600443,,,,,,
2.436515,1.169070,,,,,,
2.436981,0.793423,,,,,,
2.437446,0.403342,,,,,,
2.437912,0.141497,,,,,,
2.438377,0.087114,,,,,,
2.438843,0.214008,,,,,,
2.439308,0.519829,,,,,,
2.439774,0.943145,,,,,,
2.440239,1.283879,,,,,,
2.440705,1.655161,,,,,,
2.441170,2.018723,,,,,,
2.441636,2.156359,,,,,,
2.442101,2.267811,,,,,,
2.442567,2.362142,,,,,,
2.443032,2.433646,,,,,,
2.443498,2.456306,,,,,,
2.443963,2.364492,,,,,,
2.444429,2.113222,,,,,,
2.444894,1.739757,,,,,,
2.445360,1.186862,,,,,,
2.445825,0.602747,,,,,,
2.446291,0.138140,,,,,,
2.446757,-0.336706,,,,,,
2.447222,-0.699092,,,,,,
2.447688,-0.934081,,,,,,
2.448153,-1.140200,,,,,,
2.448619,-1.334905,,,,,,
2.449084,-1.522393,,,,,,
2.449550,-1.645426,,,,,,
2.450015,-1.633845,,,,,,
2.450481,-1.419501,,,,,,
2.450946,-1.419501,,,,,,
2.451412,-0.525200,,,,,,
2.451877,-0.056565,,,,,,
2.452343,0.363729,,,,,,
2.452808,0.763546,,,,,,
2.453274,0.939452,,,,,,
2.453739,1.035798,,,,,,
2.454205,1.133150,,,,,,
2.454670,1.179477,,,,,,
2.455136,1.179477,,,,,,
2.455601,1.122408,,,,,,
2.456067,0.865263,,,,,,
2.456532,0.365072,,,,,,
2.456998,-0.309850,,,,,,
2.457463,-1.070375,,,,,,
2.457929,-1.740093,,,,,,
2.458394,-2.417868,,,,,,
2.458860,-2.994263,,,,,,
2.459325,-3.478004,,,,,,
2.459791,-3.942107,,,,,,
2.460256,-4.377676,,,,,,
2.460722,-4.846311,,,,,,
2.461188,-5.231693,,,,,,
2.461653,-5.428580,,,,,,
2.462119,-5.410452,,,,,,
2.462584,-5.206516,,,,,,
2.463050,-4.822644,,,,,,
2.463515,-4.447669,,,,,,
2.463981,-4.102403,,,,,,
2.464446,-3.694026,,,,,,
2.464912,-3.447791,,,,,,
2.465377,-3.285985,,,,,,
2.465843,-3.101350,,,,,,
2.466308,-2.937865,,,,,,
2.466774,-2.757931,,,,,,
2.467239,-2.662593,,,,,,
2.467705,-2.683070,,,,,,
2.468170,-2.851591,,,,,,
2.468636,-3.169665,,,,,,
2.469101,-3.600198,,,,,,
2.469567,-3.919951,,,,,,
2.470032,-4.188174,,,,,,
2.470498,-4.386404,,,,,,
2.470963,-4.421317,,,,,,
2.471429,-4.407385,,,,,,
2.471894,-4.362402,,,,,,
2.472360,-4.370291,,,,,,
2.472825,-4.328832,,,,,,
2.473291,-4.124727,,,,,,
2.473756,-3.729107,,,,,,
2.474222,-3.176547,,,,,,
2.474688,-2.466880,,,,,,
2.475153,-1.776684,,,,,,
2.475619,-1.165713,,,,,,
2.476084,-0.506401,,,,,,
2.476550,-0.039948,,,,,,
2.477015,0.248249,,,,,,
2.477481,0.551720,,,,,,
2.477946,0.551720,,,,,,
2.478412,1.041840,,,,,,
2.478877,1.191897,,,,,,
2.479343,1.209018,,,,,,
2.479808,1.063325,,,,,,
2.480274,0.731655,,,,,,
2.480739,0.253285,,,,,,
2.481205,-0.170703,,,,,,
2.481670,-0.536950,,,,,,
2.482136,-0.536950,,,,,,
2.482601,-0.983764,,,,,,
2.483067,-1.059632,,,,,,
2.483532,-1.069032,,,,,,
2.483998,-1.105455,,,,,,
2.484463,-1.109316,,,,,,
2.484929,-0.965301,,,,,,
2.485394,-0.645045,,,,,,
2.485860,-0.128405,,,,,,
2.486325,0.576562,,,,,,
2.486791,1.321141,,,,,,
2.487256,1.961654,,,,,,
2.487722,2.645136,,,,,,
2.488188,3.154055,,,,,,
2.488653,3.473640,,,,,,
2.489119,3.794568,,,,,,
2.489584,4.087968,,,,,,
2.490050,4.348470,,,,,,
2.490515,4.482078,,,,,,
2.490981,4.482750,,,,,,
2.491446,4.306172,,,,,,
2.491912,3.944961,,,,,,
2.492377,3.403143,,,,,,
2.492843,2.852598,,,,,,
2.493308,2.408133,,,,,,
2.493774,1.991867,,,,,,
2.494239,1.678996,,,,,,
2.494705,1.427893,,,,,,
2.495170,1.205661,,,,,,
2.495636,0.977050,,,,,,
2.496101,0.726787,,,,,,
2.496567,0.629267,,,,,,
2.497032,0.696407,,,,,,
2.497498,0.901183,,,,,,
2.497963,1.274647,,,,,,
2.498429,1.731365,,,,,,
2.498894,2.071763,,,,,,
2.499360,2.457145,,,,,,
2.499825,2.737789,,,,,,
2.500291,2.828428,,,,,,
2.500756,2.884154,,,,,,
2.501222,2.906981,,,,,,
2.501687,2.916381,,,,,,
2.502153,2.897246,,,,,,
2.502619,2.779416,,,,,,
2.503084,2.534356,,,,,,
2.503550,2.165423,,,,,,
2.504015,1.619242,,,,,,
2.504481,1.069032,,,,,,
2.504946,0.613825,,,,,,
2.505412,0.191516,,,,,,
2.505877,-0.087449,,,,,,
2.506343,-0.238682,,,,,,
2.506808,-0.365743,,,,,,
2.507274,-0.465110,,,,,,
2.507739,-0.605264,,,,,,
2.508205,-0.642359,,,,,,
2.508670,-0.507240,,,,,,
2.509136,-0.507240,,,,,,
2.509601,0.244892,,,,,,
2.510067,0.806180,,,,,,
2.510532,1.295964,,,,,,
2.510998,1.778363,,,,,,
2.511463,2.226184,,,,,,
2.511929,2.416861,,,,,,
2.512394,2.552483,,,,,,
2.512860,2.658900,,,,,,
2.513325,2.696834,,,,,,
2.513791,2.665949,,,,,,
2.514256,2.525292,,,,,,
2.514722,2.220813,,,,,,
2.515187,1.754864,,,,,,
2.515653,1.093538,,,,,,
2.516119,0.378836,,,,,,
2.516584,-0.261341,,,,,,
2.517050,-0.873655,,,,,,
2.517515,-1.337758,,,,,,
2.517981,-1.684367,,,,,,
2.518446,-1.968704,,,,,,
2.518912,-2.198993,,,,,,
2.519377,-2.461509,,,,,,
2.519843,-2.650004,,,,,,
2.520308,-2.657557,,,,,,
2.520774,-2.476951,,,,,,
2.521239,-2.128496,,,,,,
2.521705,-1.651133,,,,,,
2.522170,-1.228153,,,,,,
2.522636,-0.839414,,,,,,
2.523101,-0.409384,,,,,,
2.523567,-0.230121,,,,,,
2.524032,-0.112963,,,,,,
2.524498,0.021820,,,,,,
2.524963,0.131090,,,,,,
2.525429,0.221393,,,,,,
2.525894,0.205112,,,,,,
2.526360,0.091814,,,,,,
2.526825,-0.129747,,,,,,
2.527291,-0.551720,,,,,,
2.527756,-1.111330,,,,,,
2.528222,-1.561166,,,,,,
2.528687,-1.978103,,,,,,
2.529153,-2.274861,,,,,,
2.529619,-2.430793,,,,,,
2.530084,-2.548455,,,,,,
2.530550,-2.662928,,,,,,
2.531015,-2.829435,,,,,,
2.531481,-2.957671,,,,,,
2.531946,-2.911681,,,,,,
2.532412,-2.687266,,,,,,
2.532877,-2.300710,,,,,,
2.533343,-1.786755,,,,,,
2.533808,-1.310063,,,,,,
2.534274,-0.854520,,,,,,
2.534739,-0.304311,,,,,,
2.535205,0.034409,,,,,,
2.535670,0.203265,,,,,,
2.536136,0.203265,,,,,,
2.536601,0.538964,,,,,,
2.537067,0.634974,,,,,,
2.537532,0.639002,,,,,,
2.537998,0.516136,,,,,,
2.538463,0.238849,,,,,,
2.538929,-0.197894,,,,,,
2.539394,-0.807858,,,,,,
2.539860,-1.334569,,,,,,
2.540325,-1.334569,,,,,,
2.540791,-2.217792,,,,,,
2.541256,-2.422904,,,,,,
2.541722,-2.581689,,,,,,
2.542187,-2.718990,,,,,,
2.542653,-2.861158,,,,,,
2.543118,-3.012894,,,,,,
2.543584,-3.048142,,,,,,
2.544050,-2.851255,,,,,,
2.544515,-2.469230,,,,,,
2.544981,-1.924056,,,,,,
2.545446,-1.364950,,,,,,
2.545912,-0.871977,,,,,,
2.546377,-0.312367,,,,,,
2.546843,0.099702,,,,,,
2.547308,0.296254,,,,,,
2.547774,0.509087,,,,,,
2.548239,0.668376,,,,,,
2.548705,0.796445,,,,,,
2.549170,0.844114,,,,,,
2.549636,0.736187,,,,,,
2.550101,0.490623,,,,,,
2.550567,0.097856,,,,,,
2.551032,-0.448829,,,,,,
2.551498,-1.001221,,,,,,
2.551963,-1.466499,,,,,,
2.552429,-1.865309,,,,,,
2.552894,-2.106172,,,,,,
2.553360,-2.292653,,,,,,
2.553825,-2.425254,,,,,,
2.554291,-2.563561,,,,,,
2.554756,-2.685756,,,,,,
2.555222,-2.677195,,,,,,
2.555687,-2.492393,,,,,,
2.556153,-2.124132,,,,,,
2.556618,-1.582650,,,,,,
2.557084,-0.960433,,,,,,
2.557550,-0.406027,,,,,,
2.558015,0.244053,,,,,,
2.558481,0.815579,,,,,,
2.558946,1.185183,,,,,,
2.559412,1.539178,,,,,,
2.559877,1.904921,,,,,,
2.560343,2.248341,,,,,,
2.560808,2.530999,,,,,,
2.561274,2.735103,,,,,,
2.561739,2.810300,,,,,,
2.562205,2.734768,,,,,,
2.562670,2.462516,,,,,,
2.563136,2.167773,,,,,,
2.563601,1.939834,,,,,,
2.564067,1.723980,,,,,,
2.564532,1.652140,,,,,,
2.564998,1.643412,,,,,,
2.565463,1.628305,,,,,,
2.565929,1.614878,,,,,,
2.566394,1.556130,,,,,,
2.566860,1.566537,,,,,,
2.567325,1.566537,,,,,,
2.567791,1.995895,,,,,,
2.568256,2.385306,,,,,,
2.568722,2.832456,,,,,,
2.569187,3.162448,,,,,,
2.569653,3.502510,,,,,,
2.570118,3.754955,,,,,,
2.570584,3.730114,,,,,,
2.571050,3.626047,,,,,,
2.571515,3.509224,,,,,,
2.571981,3.334997,,,,,,
2.572446,3.112093,,,,,,
2.572912,2.790158,,,,,,
2.573377,2.334279,,,,,,
2.573843,1.758892,,,,,,
2.574308,1.029755,,,,,,
2.574774,0.254292,,,,,,
2.575239,-0.420966,,,,,,
2.575705,-0.984436,,,,,,
2.576170,-1.371664,,,,,,
2.576636,-1.601953,,,,,,
2.577101,-1.769970,,,,,,
2.577567,-1.872023,,,,,,
2.578032,-1.976928,,,,,,
2.578498,-1.963333,,,,,,
2.578963,-1.785412,,,,,,
2.579429,-1.379553,,,,,,
2.579894,-0.809201,,,,,,
2.580360,-0.118334,,,,,,
2.580825,0.524193,,,,,,
2.581291,1.145235,,,,,,
2.581756,1.768292,,,,,,
2.582222,2.150988,,,,,,
2.582687,2.434318,,,,,,
2.583153,2.674342,,,,,,
2.583618,2.870726,,,,,,
2.584084,2.991913,,,,,,
2.584549,2.985534,,,,,,
2.585015,2.816342,,,,,,
2.585481,2.501457,,,,,,
2.585946,1.989853,,,,,,
2.586412,1.366125,,,,,,
2.586877,0.771267,,,,,,
2.587343,0.206622,,,,,,
2.587808,-0.269062,,,,,,
2.588274,-0.648066,,,,,,
2.588739,-1.008270,,,,,,
2.589205,-1.331548,,,,,,
2.589670,-1.685374,,,,,,
2.590136,-1.969375,,,,,,
2.590601,-2.107179,,,,,,
2.591067,-2.072770,,,,,,
2.591532,-1.832074,,,,,,
2.591998,-1.439643,,,,,,
2.592463,-1.074739,,,,,,
2.592929,-0.720577,,,,,,
2.593394,-0.273426,,,,,,
2.593860,-0.022660,,,,,,
2.594325,-0.022660,,,,,,
2.594791,0.320592,,,,,,
2.595256,0.474174,,,,,,
2.595722,0.643030,,,,,,
2.596187,0.732158,,,,,,
2.596653,0.695399,,,,,,
2.597118,0.509758,,,,,,
2.597584,0.171710,,,,,,
2.598049,-0.290547,,,,,,
2.598515,-0.290547,,,,,,
2.598981,-1.099580,,,,,,
2.599446,-1.397009,,,,,,
2.599912,-1.540856,,,,,,
2.600377,-1.675471,,,,,,
2.600843,-1.792462,,,,,,
2.601308,-1.935805,,,,,,
2.601774,-2.059846,,,,,,
2.602239,-2.033829,,,,,,
2.602705,-1.865309,,,,,,
2.603170,-1.541024,,,,,,
2.603636,-1.078431,,,,,,
2.604101,-0.629267,,,,,,
2.604567,-0.256641,,,,,,
2.605032,0.166339,,,,,,
2.605498,0.432547,,,,,,
2.605963,0.540475,,,,,,
2.606429,0.637156,,,,,,
2.606894,0.688014,,,,,,
2.607360,0.743740,,,,,,
2.607825,0.728298,,,,,,
2.608291,0.605097,,,,,,
2.608756,0.327474,,,,,,
2.609222,-0.076036,,,,,,
2.609687,-0.630274,,,,,,
2.610153,-1.132479,,,,,,
2.610618,-1.586343,,,,,,
2.611084,-1.974914,,,,,,
2.611549,-2.195636,,,,,,
2.612015,-2.361303,,,,,,
2.612481,-2.500786,,,,,,
2.612946,-2.667124,,,,,,
2.613412,-2.800229,,,,,,
2.613877,-2.787976,,,,,,
2.614343,-2.611902,,,,,,
2.614808,-2.284428,,,,,,
2.615274,-1.770642,,,,,,
2.615739,-1.232853,,,,,,
2.616205,-0.771603,,,,,,
2.616670,-0.243885,,,,,,
2.617136,0.153582,,,,,,
2.617601,0.340230,,,,,,
2.618067,0.518822,,,,,,
2.618532,0.650080,,,,,,
2.618998,0.774624,,,,,,
2.619463,0.833371,,,,,,
2.619929,0.790402,,,,,,
2.620394,0.610468,,,,,,
2.620860,0.268727,,,,,,
2.621325,0.268727,,,,,,
2.621791,-0.702785,,,,,,
2.622256,-1.108644,,,,,,
2.622722,-1.495201,,,,,,
2.623187,-1.666911,,,,,,
2.623653,-1.739757,,,,,,
2.624118,-1.790112,,,,,,
2.624584,-1.847852,,,,,,
2.625049,-1.913313,,,,,,
2.625515,-1.913313,,,,,,
2.625980,-1.636698,,,,,,
2.626446,-1.248631,,,,,,
2.626912,-0.675929,,,,,,
2.627377,-0.036423,,,,,,
2.627843,0.508415,,,,,,
2.628308,1.099245,,,,,,
2.628774,1.597757,,,,,,
2.629239,1.864637,,,,,,
2.629705,2.098283,,,,,,
2.630170,2.305409,,,,,,
2.630636,2.438346,,,,,,
2.631101,2.526299,,,,,,
2.631567,2.494743,,,,,,
2.632032,2.309438,,,,,,
2.632498,1.975082,,,,,,
2.632963,1.462806,,,,,,
2.633429,0.893294,,,,,,
2.633894,0.411566,,,,,,
2.634360,-0.068147,,,,,,
2.634825,-0.381186,,,,,,
2.635291,-0.584283,,,,,,
2.635756,-0.759518,,,,,,
2.636222,-0.902190,,,,,,
2.636687,-1.073899,,,,,,
2.637153,-1.141543,,,,,,
2.637618,-1.034119,,,,,,
2.638084,-0.747433,,,,,,
2.638549,-0.329152,,,,,,
2.639015,0.205615,,,,,,
2.639480,0.662501,,,,,,
2.639946,1.108812,,,,,,
2.640412,1.552773,,,,,,
2.640877,1.771649,,,,,,
2.641343,1.918013,,,,,,
2.641808,2.071763,,,,,,
2.642274,2.158709,,,,,,
2.642739,2.221149,,,,,,
2.643205,2.184894,,,,,,
2.643670,2.010330,,,,,,
2.644136,1.703166,,,,,,
2.644601,1.224460,,,,,,
2.645067,0.675761,,,,,,
2.645532,0.207630,,,,,,
2.645998,-0.241199,,,,,,
2.646463,-0.577737,,,,,,
2.646929,-0.752300,,,,,,
2.647394,-0.890440,,,,,,
2.647860,-1.007263,,,,,,
2.648325,-1.165042,,,,,,
2.648791,-1.213718,,,,,,
2.649256,-1.121401,,,,,,
2.649722,-0.850156,,,,,,
2.650187,-0.438590,,,,,,
2.650653,0.105074,,,,,,
2.651118,0.592340,,,,,,
2.651584,1.045533,,,,,,
2.652049,1.518196,,,,,,
2.652515,1.518196,,,,,,
2.652980,1.871015,,,,,,
2.653446,1.987839,,,,,,
2.653912,2.055482,,,,,,
2.654377,2.077806,,,,,,
2.654843,2.023087,,,,,,
2.655308,1.839124,,,,,,
2.655774,1.501579,,,,,,
2.656239,0.997528,,,,,,
2.656705,0.412741,,,,,,
2.657170,-0.127230,,,,,,
2.657636,-0.633463,,,,,,
2.658101,-1.044190,,,,,,
2.658567,-1.252323,,,,,,
2.659032,-1.417487,,,,,,
2.659498,-1.565194,,,,,,
2.659963,-1.734051,,,,,,
2.660429,-1.889143,,,,,,
2.660894,-1.886961,,,,,,
2.661360,-1.699809,,,,,,
2.661825,-1.349676,,,,,,
2.662291,-0.871641,,,,,,
2.662756,-0.374807,,,,,,
2.663222,0.081071,,,,,,
2.663687,0.600732,,,,,,
2.664153,0.928038,,,,,,
2.664618,1.145571,,,,,,
2.665084,1.376196,,,,,,
2.665549,1.581308,,,,,,
2.666015,1.765270,,,,,,
2.666480,1.910292,,,,,,
2.666946,1.945205,,,,,,
2.667411,1.838117,,,,,,
2.667877,1.584665,,,,,,
2.668343,1.178134,,,,,,
2.668808,0.822629,,,,,,
2.669274,0.503044,,,,,,
2.669739,0.222065,,,,,,
2.670205,0.077043,,,,,,
2.670670,-0.035584,,,,,,
2.671136,-0.149554,,,,,,
2.671601,-0.301625,,,,,,
2.672067,-0.452018,,,,,,
2.672532,-0.479881,,,,,,
2.672998,-0.361044,,,,,,
2.673463,-0.107591,,,,,,
2.673929,0.250599,,,,,,
2.674394,0.628260,,,,,,
2.674860,0.903868,,,,,,
2.675325,1.220768,,,,,,
2.675791,1.390463,,,,,,
2.676256,1.339940,,,,,,
2.676722,1.282536,,,,,,
2.677187,1.197604,,,,,,
2.677653,1.069703,,,,,,
2.678118,0.858549,,,,,,
2.678584,0.544335,,,,,,
2.679049,0.097520,,,,,,
2.679515,0.097520,,,,,,
2.679980,-1.190723,,,,,,
2.680446,-1.857252,,,,,,
2.680911,-2.416022,,,,,,
2.681377,-2.898085,,,,,,
2.681843,-3.195850,,,,,,
2.682308,-3.363531,,,,,,
2.682774,-3.483375,,,,,,
2.683239,-3.560418,,,,,,
2.683705,-3.560418,,,,,,
2.684170,-3.469276,,,,,,
2.684636,-3.148348,,,,,,
2.685101,-2.629358,,,,,,
2.685567,-1.944198,,,,,,
2.686032,-1.214557,,,,,,
2.686498,-0.544671,,,,,,
2.686963,0.177752,,,,,,
2.687429,0.811887,,,,,,
2.687894,1.209354,,,,,,
2.688360,1.588357,,,,,,
2.688825,1.941512,,,,,,
2.689291,2.256397,,,,,,
2.689756,2.486687,,,,,,
2.690222,2.609552,,,,,,
2.690687,2.574640,,,,,,
2.691153,2.377249,,,,,,
2.691618,1.972396,,,,,,
2.692084,1.489662,,,,,,
2.692549,1.041169,,,,,,
2.693015,0.588479,,,,,,
2.693480,0.273762,,,,,,
2.693946,0.013931,,,,,,
2.694411,-0.250599,,,,,,
2.694877,-0.561456,,,,,,
2.695343,-0.927367,,,,,,
2.695808,-1.208011,,,,,,
2.696274,-1.339605,,,,,,
2.696739,-1.316609,,,,,,
2.697205,-1.120058,,,,,,
2.697670,-0.842100,,,,,,
2.698136,-0.607111,,,,,,
2.698601,-0.335531,,,,,,
2.699067,-0.085435,,,,,,
2.699532,-0.045151,,,,,,
2.699998,-0.040787,,,,,,
2.700463,-0.012589,,,,,,
2.700929,0.009903,,,,,,
2.701394,0.014939,,,,,,
2.701860,-0.084932,,,,,,
2.702325,-0.283833,,,,,,
2.702791,-0.596033,,,,,,
2.703256,-1.062989,,,,,,
2.703722,-1.572580,,,,,,
2.704187,-1.961990,,,,,,
2.704653,-2.321019,,,,,,
2.705118,-2.515221,,,,,,
2.705584,-2.548959,,,,,,
2.706049,-2.541238,,,,,,
2.706515,-2.516228,,,,,,
2.706980,-2.516899,,,,,,
2.707446,-2.467216,,,,,,
2.707911,-2.279561,,,,,,
2.708377,-1.897871,,,,,,
2.708842,-1.353704,,,,,,
2.709308,-0.690364,,,,,,
2.709774,-0.092149,,,,,,
2.710239,0.508415,,,,,,
2.710705,0.508415,,,,,,
2.711170,1.514839,,,,,,
2.711636,1.800519,,,,,,
2.712101,2.102647,,,,,,
2.712567,2.357778,,,,,,
2.713032,2.571283,,,,,,
2.713498,2.682734,,,,,,
2.713963,2.687770,,,,,,
2.714429,2.525628,,,,,,
2.714894,2.177844,,,,,,
2.715360,1.711559,,,,,,
2.715825,1.270787,,,,,,
2.716291,0.837736,,,,,,
2.716756,0.507408,,,,,,
2.717222,0.271748,,,,,,
2.717687,0.059251,,,,,,
2.718153,-0.106920,,,,,,
2.718618,-0.313039,,,,,,
2.719084,-0.449500,,,,,,
2.719549,-0.442618,,,,,,
2.720015,-0.258152,,,,,,
2.720480,0.082918,,,,,,
2.720946,0.547021,,,,,,
2.721411,0.966644,,,,,,
2.721877,1.367300,,,,,,
2.722342,1.791455,,,,,,
2.722808,1.991196,,,,,,
2.723274,2.050950,,,,,,
2.723739,2.095598,,,,,,
2.724205,2.107683,,,,,,
2.724670,2.099290,,,,,,
2.725136,1.978439,,,,,,
2.725601,1.728008,,,,,,
2.726067,1.362768,,,,,,
2.726532,0.835050,,,,,,
2.726998,0.171710,,,,,,
2.727463,-0.449332,,,,,,
2.727929,-1.004578,,,,,,
2.728394,-1.467506,,,,,,
2.728860,-1.750500,,,,,,
2.729325,-2.005127,,,,,,
2.729791,-2.186236,,,,,,
2.730256,-2.374563,,,,,,
2.730722,-2.505821,,,,,,
2.731187,-2.466209,,,,,,
2.731653,-2.248341,,,,,,
2.732118,-1.847852,,,,,,
2.732584,-1.289586,,,,,,
2.733049,-0.720073,,,,,,
2.733515,-0.234485,,,,,,
2.733980,0.350301,,,,,,
2.734446,0.754147,,,,,,
2.734911,0.958251,,,,,,
2.735377,1.151278,,,,,,
2.735842,1.321813,,,,,,
2.736308,1.458442,,,,,,
2.736774,1.519539,,,,,,
2.737239,1.458778,,,,,,
2.737705,1.458778,,,,,,
2.738170,0.950195,,,,,,
2.738636,0.449668,,,,,,
2.739101,-0.040787,,,,,,
2.739567,-0.475853,,,,,,
2.740032,-0.843778,,,,,,
2.740498,-1.019348,,,,,,
2.740963,-1.140536,,,,,,
2.741429,-1.294957,,,,,,
2.741894,-1.453071,,,,,,
2.742360,-1.607492,,,,,,
2.742825,-1.663218,,,,,,
2.743291,-1.560494,,,,,,
2.743756,-1.285222,,,,,,
2.744222,-0.864927,,,,,,
2.744687,-0.396963,,,,,,
2.745153,-0.013596,,,,,,
2.745618,0.445304,,,,,,
2.746084,0.801144,,,,,,
2.746549,0.954223,,,,,,
2.747015,1.093538,,,,,,
2.747480,1.215396,,,,,,
2.747946,1.332219,,,,,,
2.748411,1.390967,,,,,,
2.748877,1.346319,,,,,,
2.749342,1.147585,,,,,,
2.749808,0.820279,,,,,,
2.750273,0.332845,,,,,,
2.750739,-0.186481,,,,,,
2.751205,-0.646387,,,,,,
2.751670,-1.043687,,,,,,
2.752136,-1.252323,,,,,,
2.752601,-1.330877,,,,,,
2.753067,-1.386435,,,,,,
2.753532,-1.426886,,,,,,
2.753998,-1.501411,,,,,,
2.754463,-1.439979,,,,,,
2.754929,-1.203983,,,,,,
2.755394,-0.791745,,,,,,
2.755860,-0.216693,,,,,,
2.756325,0.445304,,,,,,
2.756791,1.030762,,,,,,
2.757256,1.633341,,,,,,
2.757722,2.187243,,,,,,
2.758187,2.505318,,,,,,
2.758653,2.749203,,,,,,
2.759118,2.944411,,,,,,
2.759584,3.105715,,,,,,
2.760049,3.174701,,,,,,
2.760515,3.121828,,,,,,
2.760980,2.904295,,,,,,
2.761446,2.546441,,,,,,
2.761911,1.995895,,,,,,
2.762377,1.383246,,,,,,
2.762842,0.822293,,,,,,
2.763308,0.251942,,,,,,
2.763773,-0.167010,,,,,,
2.764239,-0.478874,,,,,,
2.764705,-0.478874,,,,,,
2.765170,-1.096391,,,,,,
2.765636,-1.402716,,,,,,
2.766101,-1.596750,,,,,,
2.766567,-1.633005,,,,,,
2.767032,-1.513832,,,,,,
2.767498,-1.227649,,,,,,
2.767963,-0.828336,,,,,,
2.768429,-0.469139,,,,,,
2.768894,-0.469139,,,,,,
2.769360,0.253285,,,,,,
2.769825,0.403342,,,,,,
2.770291,0.493309,,,,,,
2.770756,0.611307,,,,,,
2.771222,0.709834,,,,,,
2.771687,0.784024,,,,,,
2.772153,0.795941,,,,,,
2.772618,0.692042,,,,,,
2.773084,0.439933,,,,,,
2.773549,0.050187,,,,,,
2.774015,-0.420462,,,,,,
2.774480,-0.817426,,,,,,
2.774946,-1.192569,,,,,,
2.775411,-1.416480,,,,,,
2.775877,-1.510475,,,,,,
2.776342,-1.582315,,,,,,
2.776808,-1.657008,,,,,,
2.777273,-1.748486,,,,,,
2.777739,-1.748150,,,,,,
2.778205,-1.620249,,,,,,
2.778670,-1.312245,,,,,,
2.779136,-0.877684,,,,,,
2.779601,-0.329152,,,,,,
2.780067,0.186816,,,,,,
2.780532,0.647898,,,,,,
2.780998,1.121065,,,,,,
2.781463,1.386603,,,,,,
2.781929,1.502251,,,,,,
2.782394,1.601114,,,,,,
2.782860,1.659190,,,,,,
2.783325,1.684535,,,,,,
2.783791,1.605478,,,,,,
2.784256,1.415640,,,,,,
2.784722,1.071885,,,,,,
2.785187,0.569848,,,,,,
2.785653,-0.045487,,,,,,
2.786118,-0.635645,,,,,,
2.786584,-1.195422,,,,,,
2.787049,-1.645930,,,,,,
2.787515,-1.908278,,,,,,
2.787980,-2.111040,,,,,,
2.788446,-2.305409,,,,,,
2.788911,-2.532174,,,,,,
2.789377,-2.673335,,,,,,
2.789842,-2.686259,,,,,,
2.790308,-2.528481,,,,,,
2.790773,-2.193118,,,,,,
2.791239,-1.691249,,,,,,
2.791704,-1.187533,,,,,,
2.792170,-0.717220,,,,,,
2.792636,-0.192859,,,,,,
2.793101,0.162142,,,,,,
2.793567,0.357015,,,,,,
2.794032,0.542992,,,,,,
2.794498,0.710842,,,,,,
2.794963,0.853178,,,,,,
2.795429,0.925017,,,,,,
2.795894,0.925017,,,,,,
2.796360,0.735683,,,,,,
2.796825,0.396796,,,,,,
2.797291,-0.068986,,,,,,
2.797756,-0.525200,,,,,,
2.798222,-0.949523,,,,,,
2.798687,-1.301335,,,,,,
2.799153,-1.458442,,,,,,
2.799618,-1.580468,,,,,,
2.800084,-1.667918,,,,,,
2.800549,-1.785916,,,,,,
2.801015,-1.846845,,,,,,
2.801480,-1.769635,,,,,,
2.801946,-1.538674,,,,,,
2.802411,-1.134493,,,,,,
2.802877,-0.577737,,,,,,
2.803342,0.016953,,,,,,
2.803808,0.550713,,,,,,
2.804273,1.133822,,,,,,
2.804739,1.558480,,,,,,
2.805204,1.804547,,,,,,
2.805670,2.026108,,,,,,
2.806136,2.218799,,,,,,
2.806601,2.387991,,,,,,
2.807067,2.513375,,,,,,
2.807532,2.528985,,,,,,
2.807998,2.411490,,,,,,
2.808463,2.130175,,,,,,
2.808929,1.702831,,,,,,
2.809394,1.242924,,,,,,
2.809860,0.818433,,,,,,
2.810325,0.439261,,,,,,
2.810791,0.223072,,,,,,
2.811256,0.086107,,,,,,
2.811722,-0.033066,,,,,,
2.812187,-0.169360,,,,,,
2.812653,-0.307668,,,,,,
2.813118,-0.299611,,,,,,
2.813584,-0.159625,,,,,,
2.814049,0.136797,,,,,,
2.814515,0.561791,,,,,,
2.814980,1.042847,,,,,,
2.815446,1.455756,,,,,,
2.815911,1.900557,,,,,,
2.816377,2.239612,,,,,,
2.816842,2.368185,,,,,,
2.817308,2.446067,,,,,,
2.817773,2.504479,,,,,,
2.818239,2.536034,,,,,,
2.818704,2.481651,,,,,,
2.819170,2.344686,,,,,,
2.819636,2.079820,,,,,,
2.820101,1.649119,,,,,,
2.820567,1.035798,,,,,,
2.821032,0.394614,,,,,,
2.821498,-0.187823,,,,,,
2.821963,-0.749111,,,,,,
2.822429,-1.154971,,,,,,
2.822894,-1.154971,,,,,,
2.823360,-1.687221,,,,,,
2.823825,-1.914656,,,,,,
2.824291,-2.144610,,,,,,
2.824756,-2.220142,,,,,,
2.825222,-2.150652,,,,,,
2.825687,-1.890822,,,,,,
2.826153,-1.453407,,,,,,
2.826618,-0.928542,,,,,,
2.827084,-0.928542,,,,,,
2.827549,0.051865,,,,,,
2.828015,0.534600,,,,,,
2.828480,0.757168,,,,,,
2.828946,0.935424,,,,,,
2.829411,1.109819,,,,,,
2.829877,1.248463,,,,,,
2.830342,1.331548,,,,,,
2.830808,1.310063,,,,,,
2.831273,1.149096,,,,,,
2.831739,0.853849,,,,,,
2.832204,0.352651,,,,,,
2.832670,-0.216358,,,,,,
2.833135,-0.736019,,,,,,
2.833601,-1.258198,,,,,,
2.834067,-1.638041,,,,,,
2.834532,-1.874037,,,,,,
2.834998,-2.090227,,,,,,
2.835463,-2.292988,,,,,,
2.835929,-2.509178,,,,,,
2.836394,-2.648997,,,,,,
2.836860,-2.628687,,,,,,
2.837325,-2.421057,,,,,,
2.837791,-2.044404,,,,,,
2.838256,-1.548409,,,,,,
2.838722,-1.054429,,,,,,
2.839187,-0.567163,,,,,,
2.839653,-0.040787,,,,,,
2.840118,0.235828,,,,,,
2.840584,0.413916,,,,,,
2.841049,0.595361,,,,,,
2.841515,0.738033,,,,,,
2.841980,0.855192,,,,,,
2.842446,0.871977,,,,,,
2.842911,0.797787,,,,,,
2.843377,0.595193,,,,,,
2.843842,0.233814,,,,,,
2.844308,-0.238514,,,,,,
2.844773,-0.639673,,,,,,
2.845239,-1.016831,,,,,,
2.845704,-1.288579,,,,,,
2.846170,-1.415137,,,,,,
2.846635,-1.496880,,,,,,
2.847101,-1.566201,,,,,,
2.847567,-1.637873,,,,,,
2.848032,-1.622934,,,,,,
2.848498,-1.457771,,,,,,
2.848963,-1.119722,,,,,,
2.849429,-0.637659,,,,,,
2.849894,-0.021653,,,,,,
2.850360,0.566827,,,,,,
2.850825,1.114015,,,,,,
2.851291,1.707698,,,,,,
2.851756,2.077134,,,,,,
2.852222,2.265126,,,,,,
2.852687,2.445060,,,,,,
2.853153,2.569268,,,,,,
2.853618,2.639094,,,,,,
2.854084,2.639094,,,,,,
2.854549,2.460334,,,,,,
2.855015,2.160388,,,,,,
2.855480,1.692760,,,,,,
2.855946,1.089174,,,,,,
2.856411,0.503044,,,,,,
2.856877,-0.060258,,,,,,
2.857342,-0.530739,,,,,,
2.857808,-0.832700,,,,,,
2.858273,-1.091356,,,,,,
2.858739,-1.306371,,,,,,
2.859204,-1.529610,,,,,,
2.859670,-1.684703,,,,,,
2.860135,-1.690745,,,,,,
2.860601,-1.519875,,,,,,
2.861066,-1.183505,,,,,,
2.861532,-0.688350,,,,,,
2.861998,-0.178759,,,,,,
2.862463,0.308171,,,,,,
2.862929,0.867109,,,,,,
2.863394,1.274647,,,,,,
2.863860,1.481941,,,,,,
2.864325,1.698466,,,,,,
2.864791,1.901228,,,,,,
2.865256,2.085863,,,,,,
2.865722,2.189258,,,,,,
2.866187,2.198993,,,,,,
2.866653,2.089220,,,,,,
2.867118,1.831739,,,,,,
2.867584,1.419501,,,,,,
2.868049,0.970672,,,,,,
2.868515,0.573205,,,,,,
2.868980,0.213336,,,,,,
2.869446,0.028702,,,,,,
2.869911,-0.096345,,,,,,
2.870377,-0.237842,,,,,,
2.870842,-0.444633,,,,,,
2.871308,-0.654780,,,,,,
2.871773,-0.801144,,,,,,
2.872239,-0.819608,,,,,,
2.872704,-0.682979,,,,,,
2.873170,-0.407034,,,,,,
2.873635,-0.083421,,,,,,
2.874101,0.167681,,,,,,
2.874566,0.476860,,,,,,
2.875032,0.703120,,,,,,
2.875498,0.724269,,,,,,
2.875963,0.692042,,,,,,
2.876429,0.694392,,,,,,
2.876894,0.682979,,,,,,
2.877360,0.618021,,,,,,
2.877825,0.490623,,,,,,
2.878291,0.268223,,,,,,
2.878756,-0.086946,,,,,,
2.879222,-0.579583,,,,,,
2.879687,-1.130129,,,,,,
2.880153,-1.595911,,,,,,
2.880618,-2.008652,,,,,,
2.881084,-2.008652,,,,,,
2.881549,-2.459831,,,,,,
2.882015,-2.623987,,,,,,
2.882480,-2.773709,,,,,,
2.882946,-2.894896,,,,,,
2.883411,-2.894224,,,,,,
2.883877,-2.772366,,,,,,
2.884342,-2.446738,,,,,,
2.884808,-1.962661,,,,,,
2.885273,-1.420844,,,,,,
2.885739,-0.924849,,,,,,
2.886204,-0.368261,,,,,,
2.886670,0.134112,,,,,,
2.887135,0.410727,,,,,,
2.887601,0.602579,,,,,,
2.888066,0.806851,,,,,,
2.888532,0.986450,,,,,,
2.888998,1.104952,,,,,,
2.889463,1.153964,,,,,,
2.889929,1.086488,,,,,,
2.890394,0.883726,,,,,,
2.890860,0.520165,,,,,,
2.891325,0.093828,,,,,,
2.891791,-0.295583,,,,,,
2.892256,-0.650080,,,,,,
2.892722,-0.838407,,,,,,
2.893187,-0.928374,,,,,,
2.893653,-1.010956,,,,,,
2.894118,-1.069703,,,,,,
2.894584,-1.161013,,,,,,
2.895049,-1.142885,,,,,,
2.895515,-1.025055,,,,,,
2.895980,-0.739544,,,,,,
2.896446,-0.315389,,,,,,
2.896911,0.185809,,,,,,
2.897377,0.638163,,,,,,
2.897842,1.072389,,,,,,
2.898308,1.497383,,,,,,
2.898773,1.686717,,,,,,
2.899239,1.767285,,,,,,
2.899704,1.811093,,,,,,
2.900170,1.848859,,,,,,
2.900635,1.855573,,,,,,
2.901101,1.776349,,,,,,
2.901566,1.591043,,,,,,
2.902032,1.288243,,,,,,
2.902497,0.824308,,,,,,
2.902963,0.277790,,,,,,
2.903429,-0.266041,,,,,,
2.903894,-0.756832,,,,,,
2.904360,-1.085817,,,,,,
2.904825,-1.230503,,,,,,
2.905291,-1.303517,,,,,,
2.905756,-1.365286,,,,,,
2.906222,-1.456092,,,,,,
2.906687,-1.450385,,,,,,
2.907153,-1.323156,,,,,,
2.907618,-1.064332,,,,,,
2.908084,-1.064332,,,,,,
2.908549,-0.049180,,,,,,
2.909015,0.489616,,,,,,
2.909480,1.004242,,,,,,
2.909946,1.559152,,,,,,
2.910411,1.893507,,,,,,
2.910877,2.085527,,,,,,
2.911342,2.249683,,,,,,
2.911808,2.391348,,,,,,
2.912273,2.391348,,,,,,
2.912739,2.494743,,,,,,
2.913204,2.408804,,,,,,
2.913670,2.159716,,,,,,
2.914135,1.746807,,,,,,
2.914601,1.204318,,,,,,
2.915066,0.651759,,,,,,
2.915532,0.125719,,,,,,
2.915997,-0.283833,,,,,,
2.916463,-0.566323,,,,,,
2.916929,-0.792416,,,,,,
2.917394,-0.971847,,,,,,
2.917860,-1.177798,,,,,,
2.918325,-1.313085,,,,,,
2.918791,-1.320302,,,,,,
2.919256,-1.189883,,,,,,
2.919722,-0.874327,,,,,,
2.920187,-0.429191,,,,,,
2.920653,0.003189,,,,,,
2.921118,0.418448,,,,,,
2.921584,0.891783,,,,,,
2.922049,1.183841,,,,,,
2.922515,1.321141,,,,,,
2.922980,1.418830,,,,,,
2.923446,1.480262,,,,,,
2.923911,1.561501,,,,,,
2.924377,1.569558,,,,,,
2.924842,1.494697,,,,,,
2.925308,1.308721,,,,,,
2.925773,0.998871,,,,,,
2.926239,0.561456,,,,,,
2.926704,0.136126,,,,,,
2.927170,-0.264866,,,,,,
2.927635,-0.566491,,,,,,
2.928101,-0.683650,,,,,,
2.928566,-0.743236,,,,,,
2.929032,-0.778988,,,,,,
2.929497,-0.831693,,,,,,
2.929963,-0.848814,,,,,,
2.930429,-0.749111,,,,,,
2.930894,-0.521843,,,,,,
2.931360,-0.170871,,,,,,
2.931825,0.324117,,,,,,
2.932291,0.820951,,,,,,
2.932756,1.227146,,,,,,
2.933222,1.665568,,,,,,
2.933687,1.962325,,,,,,
2.934153,2.036851,,,,,,
2.934618,2.066392,,,,,,
2.935084,2.048264,,,,,,
2.935549,2.002274,,,,,,
2.936015,1.866987,,,,,,
2.936480,1.620584,,,,,,
2.936946,1.233021,,,,,,
2.937411,0.687678,,,,,,
2.937877,-0.004196,,,,,,
2.938342,-0.715206,,,,,,
2.938808,-1.388785,,,,,,
2.939273,-1.388785,,,,,,
2.939739,-2.486351,,,,,,
2.940204,-2.862501,,,,,,
2.940670,-3.222873,,,,,,
2.941135,-3.583078,,,,,,
2.941601,-3.877317,,,,,,
2.942066,-4.020996,,,,,,
2.942532,-3.999344,,,,,,
2.942997,-3.791211,,,,,,
2.943463,-3.376120,,,,,,
2.943928,-2.870222,,,,,,
2.944394,-2.377249,,,,,,
2.944860,-1.806394,,,,,,
2.945325,-1.283879,,,,,,
2.945791,-0.949523,,,,,,
2.946256,-0.646220,,,,,,
2.946722,-0.347616,,,,,,
2.947187,-0.062943,,,,,,
2.947653,0.191852,,,,,,
2.948118,0.373129,,,,,,
2.948584,0.445975,,,,,,
2.949049,0.368597,,,,,,
2.949515,0.146029,,,,,,
2.949980,-0.136126,,,,,,
2.950446,-0.380179,,,,,,
2.950911,-0.591165,,,,,,
2.951377,-0.609125,,,,,,
2.951842,-0.604089,,,,,,
2.952308,-0.632624,,,,,,
2.952773,-0.672908,,,,,,
2.953239,-0.746426,,,,,,
2.953704,-0.701106,,,,,,
2.954170,-0.572534,,,,,,
2.954635,-0.324117,,,,,,
2.955101,0.043473,,,,,,
2.955566,0.473838,,,,,,
2.956032,0.833371,,,,,,
2.956497,1.194919,,,,,,
2.956963,1.515175,,,,,,
2.957428,1.600443,,,,,,
2.957894,1.596078,,,,,,
2.958360,1.578958,,,,,,
2.958825,1.527260,,,,,,
2.959291,1.459281,,,,,,
2.959756,1.306371,,,,,,
2.960222,1.061646,,,,,,
2.960687,0.710170,,,,,,
2.961153,0.221393,,,,,,
2.961618,-0.293568,,,,,,
2.962084,-0.737362,,,,,,
2.962549,-1.139193,,,,,,
2.963015,-1.386938,,,,,,
2.963480,-1.462638,,,,,,
2.963946,-1.506783,,,,,,
2.964411,-1.533806,,,,,,
2.964877,-1.560494,,,,,,
2.965342,-1.465156,,,,,,
2.965808,-1.248631,,,,,,
2.966273,-1.248631,,,,,,
2.966739,-0.380514,,,,,,
2.967204,0.218708,,,,,,
2.967670,0.764553,,,,,,
2.968135,1.270787,,,,,,
2.968601,1.790448,,,,,,
2.969066,2.069078,,,,,,
2.969532,2.209400,,,,,,
2.969997,2.322026,,,,,,
2.970463,2.322026,,,,,,
2.970928,2.439689,,,,,,
2.971394,2.399237,,,,,,
2.971860,2.259754,,,,,,
2.972325,1.971725,,,,,,
2.972791,1.512993,,,,,,
2.973256,0.963958,,,,,,
2.973722,0.424659,,,,,,
2.974187,-0.107591,,,,,,
2.974653,-0.541314,,,,,,
2.975118,-0.799130,,,,,,
2.975584,-1.030426,,,,,,
2.976049,-1.243931,,,,,,
2.976515,-1.448035,,,,,,
2.976980,-1.556298,,,,,,
2.977446,-1.522896,,,,,,
2.977911,-1.312078,,,,,,
2.978377,-0.941131,,,,,,
2.978842,-0.455711,,,,,,
2.979308,0.044144,,,,,,
2.979773,0.535607,,,,,,
2.980239,1.068025,,,,,,
2.980704,1.398352,,,,,,
2.981170,1.587015,,,,,,
2.981635,1.745464,,,,,,
2.982101,1.882429,,,,,,
2.982566,1.987839,,,,,,
2.983032,2.021744,,,,,,
2.983497,1.963668,,,,,,
2.983963,1.767620,,,,,,
2.984428,1.405402,,,,,,
2.984894,0.915618,,,,,,
2.985359,0.419120,,,,,,
2.985825,-0.070329,,,,,,
2.986291,-0.468803,,,,,,
2.986756,-0.698756,,,,,,
2.987222,-0.831357,,,,,,
2.987687,-0.955230,,,,,,
2.988153,-1.130297,,,,,,
2.988618,-1.251148,,,,,,
2.989084,-1.250309,,,,,,
2.989549,-1.119051,,,,,,
2.990015,-0.823636,,,,,,
2.990480,-0.402335,,,,,,
2.990946,0.060594,,,,,,
2.991411,0.477028,,,,,,
2.991877,0.950530,,,,,,
2.992342,1.270115,,,,,,
2.992808,1.385260,,,,,,
2.993273,1.473548,,,,,,
2.993739,1.554620,,,,,,
2.994204,1.611856,,,,,,
2.994670,1.593057,,,,,,
2.995135,1.521721,,,,,,
2.995601,1.334905,,,,,,
2.996066,1.003571,,,,,,
2.996532,0.537621,,,,,,
2.996997,0.075364,,,,,,
2.997463,0.075364,,,,,,
2.997928,-0.712520,,,,,,
2.998394,-0.896147,,,,,,
2.998859,-0.990143,,,,,,
2.999325,-1.072053,,,,,,
2.999791,-1.163363,,,,,,
3.000256,-1.214725,,,,,,
3.000722,-1.154467,,,,,,
3.001187,-0.980743,,,,,,
3.001653,-0.658808,,,,,,
3.002118,-0.224414,,,,,,
3.002584,0.209644,,,,,,
3.003049,0.586633,,,,,,
3.003515,0.989136,,,,,,
3.003980,1.262730,,,,,,
3.004446,1.301503,,,,,,
3.004911,1.281529,,,,,,
3.005377,1.239231,,,,,,
3.005842,1.179477,,,,,,
3.006308,1.050904,,,,,,
3.006773,0.885740,,,,,,
3.007239,0.614832,,,,,,
3.007704,0.233478,,,,,,
3.008170,-0.272419,,,,,,
3.008635,-0.824811,,,,,,
3.009101,-1.322316,,,,,,
3.009566,-1.759228,,,,,,
3.010032,-2.015702,,,,,,
3.010497,-2.172473,,,,,,
3.010963,-2.287617,,,,,,
3.011428,-2.404776,,,,,,
3.011894,-2.507332,,,,,,
3.012359,-2.480140,,,,,,
3.012825,-2.322866,,,,,,
3.013291,-2.008988,,,,,,
3.013756,-1.533806,,,,,,
3.014222,-1.011292,,,,,,
3.014687,-0.518654,,,,,,
3.015153,0.007553,,,,,,
3.015618,0.473167,,,,,,
3.016084,0.698085,,,,,,
3.016549,0.830350,,,,,,
3.017015,0.949187,,,,,,
3.017480,1.043183,,,,,,
3.017946,1.060639,,,,,,
3.018411,0.972015,,,,,,
3.018877,0.813565,,,,,,
3.019342,0.512276,,,,,,
3.019808,0.042802,,,,,,
3.020273,-0.490623,,,,,,
3.020739,-0.978729,,,,,,
3.021204,-1.442329,,,,,,
3.021670,-1.739086,,,,,,
3.022135,-1.898207,,,,,,
3.022601,-2.007645,,,,,,
3.023066,-2.117754,,,,,,
3.023532,-2.238941,,,,,,
3.023997,-2.236423,,,,,,
3.024463,-2.236423,,,,,,
3.024928,-1.827710,,,,,,
3.025394,-1.364446,,,,,,
3.025859,-0.809537,,,,,,
3.026325,-0.294240,,,,,,
3.026790,0.254124,,,,,,
3.027256,0.800137,,,,,,
3.027722,1.113008,,,,,,
3.028187,1.312413,,,,,,
3.028653,1.504768,,,,,,
3.029118,1.651469,,,,,,
3.029584,1.750835,,,,,,
3.030049,1.740093,,,,,,
3.030515,1.643748,,,,,,
3.030980,1.407416,,,,,,
3.031446,0.995514,,,,,,
3.031911,0.532921,,,,,,
3.032377,0.086107,,,,,,
3.032842,-0.344930,,,,,,
3.033308,-0.634302,,,,,,
3.033773,-0.784360,,,,,,
3.034239,-0.939452,,,,,,
3.034704,-1.075410,,,,,,
3.035170,-1.212039,,,,,,
3.035635,-1.248631,,,,,,
3.036101,-1.158999,,,,,,
3.036566,-0.896651,,,,,,
3.037032,-0.483742,,,,,,
3.037497,0.044648,,,,,,
3.037963,0.526879,,,,,,
3.038428,1.018006,,,,,,
3.038894,1.539345,,,,,,
3.039359,1.844495,,,,,,
3.039825,1.995224,,,,,,
3.040290,2.111711,,,,,,
3.040756,2.210910,,,,,,
3.041222,2.283589,,,,,,
3.041687,2.263783,,,,,,
3.042153,2.141924,,,,,,
3.042618,1.905928,,,,,,
3.043084,1.523568,,,,,,
3.043549,1.028412,,,,,,
3.044015,0.526543,,,,,,
3.044480,0.071000,,,,,,
3.044946,-0.279805,,,,,,
3.045411,-0.462089,,,,,,
3.045877,-0.605264,,,,,,
3.046342,-0.724773,,,,,,
3.046808,-0.862242,,,,,,
3.047273,-0.913603,,,,,,
3.047739,-0.827665,,,,,,
3.048204,-0.618021,,,,,,
3.048670,-0.247578,,,,,,
3.049135,0.257984,,,,,,
3.049601,0.756497,,,,,,
3.050066,1.205325,,,,,,
3.050532,1.723644,,,,,,
3.050997,2.074281,,,,,,
3.051463,2.074281,,,,,,
3.051928,2.352407,,,,,,
3.052394,2.455802,,,,,,
3.052859,2.536034,,,,,,
3.053325,2.529320,,,,,,
3.053790,2.415854,,,,,,
3.054256,2.193957,,,,,,
3.054722,1.802197,,,,,,
3.055187,1.259373,,,,,,
3.055653,1.259373,,,,,,
3.056118,0.140154,,,,,,
3.056584,-0.368429,,,,,,
3.057049,-0.703960,,,,,,
3.057515,-0.999710,,,,,,
3.057980,-1.318456,,,,,,
3.058446,-1.641398,,,,,,
3.058911,-1.909117,,,,,,
3.059377,-2.030808,,,,,,
3.059842,-2.022416,,,,,,
3.060308,-1.830900,,,,,,
3.060773,-1.491005,,,,,,
3.061239,-1.113008,,,,,,
3.061704,-0.783017,,,,,,
3.062170,-0.363729,,,,,,
3.062635,-0.068650,,,,,,
3.063101,0.031724,,,,,,
3.063566,0.105913,,,,,,
3.064032,0.180438,,,,,,
3.064497,0.266880,,,,,,
3.064963,0.309346,,,,,,
3.065428,0.286854,,,,,,
3.065894,0.158114,,,,,,
3.066359,-0.088121,,,,,,
3.066825,-0.465110,,,,,,
3.067290,-0.858885,,,,,,
3.067756,-1.225299,,,,,,
3.068221,-1.531121,,,,,,
3.068687,-1.618906,,,,,,
3.069153,-1.570230,,,,,,
3.069618,-1.631159,,,,,,
3.070084,-1.719112,,,,,,
3.070549,-1.779706,,,,,,
3.071015,-1.709545,,,,,,
3.071480,-1.511482,,,,,,
3.071946,-1.171084,,,,,,
3.072411,-0.673579,,,,,,
3.072877,-0.132433,,,,,,
3.073342,0.342245,,,,,,
3.073808,0.821622,,,,,,
3.074273,1.226474,,,,,,
3.074739,1.382910,,,,,,
3.075204,1.431586,,,,,,
3.075670,1.437964,,,,,,
3.076135,1.425208,,,,,,
3.076601,1.339940,,,,,,
3.077066,1.184176,,,,,,
3.077532,0.908232,,,,,,
3.077997,0.506401,,,,,,
3.078463,-0.050019,,,,,,
3.078928,-0.662837,,,,,,
3.079394,-1.249973,,,,,,
3.079859,-1.803204,,,,,,
3.080325,-2.171130,,,,,,
3.080790,-2.409812,,,,,,
3.081256,-2.632883,,,,,,
3.081721,-2.873075,,,,,,
3.082187,-3.071473,,,,,,
3.082653,-3.071473,,,,,,
3.083118,-3.003494,,,,,,
3.083584,-2.719997,,,,,,
3.084049,-2.237598,,,,,,
3.084515,-1.657343,,,,,,
3.084980,-1.099580,,,,,,
3.085446,-0.522850,,,,,,
3.085911,0.053880,,,,,,
3.086377,0.397299,,,,,,
3.086842,0.631281,,,,,,
3.087308,0.850156,,,,,,
3.087773,1.048554,,,,,,
3.088239,1.219089,,,,,,
3.088704,1.323827,,,,,,
3.089170,1.329198,,,,,,
3.089635,1.186526,,,,,,
3.090101,0.907561,,,,,,
3.090566,0.549371,,,,,,
3.091032,0.197726,,,,,,
3.091497,-0.146868,,,,,,
3.091963,-0.333181,,,,,,
3.092428,-0.399817,,,,,,
3.092894,-0.451347,,,,,,
3.093359,-0.538628,,,,,,
3.093825,-0.642359,,,,,,
3.094290,-0.639338,,,,,,
3.094756,-0.498848,,,,,,
3.095221,-0.175067,,,,,,
3.095687,0.250935,,,,,,
3.096153,0.738369,,,,,,
3.096618,1.220432,,,,,,
3.097084,1.687724,,,,,,
3.097549,2.145953,,,,,,
3.098015,2.410147,,,,,,
3.098480,2.530327,,,,,,
3.098946,2.625330,,,,,,
3.099411,2.709590,,,,,,
3.099877,2.772366,,,,,,
3.100342,2.748196,,,,,,
3.100808,2.649836,,,,,,
3.101273,2.399405,,,,,,
3.101739,2.009995,,,,,,
3.102204,1.514168,,,,,,
3.102670,1.031098,,,,,,
3.103135,0.586633,,,,,,
3.103601,0.219211,,,,,,
3.104066,0.006378,,,,,,
3.104532,-0.161303,,,,,,
3.104997,-0.332174,,,,,,
3.105463,-0.546014,,,,,,
3.105928,-0.634974,,,,,,
3.106394,-0.590494,,,,,,
3.106859,-0.415091,,,,,,
3.107325,-0.085100,,,,,,
3.107790,0.380514,,,,,,
3.108256,0.826322,,,,,,
3.108721,1.266758,,,,,,
3.109187,1.730694,,,,,,
3.109652,1.730694,,,,,,
3.110118,2.118090,,,,,,
3.110584,2.185229,,,,,,
3.111049,2.235584,,,,,,
3.111515,2.258076,,,,,,
3.111980,2.197314,,,,,,
3.112446,2.069749,,,,,,
3.112911,1.821836,,,,,,
3.113377,1.401038,,,,,,
3.113842,1.401038,,,,,,
3.114308,0.311025,,,,,,
3.114773,-0.233814,,,,,,
3.115239,-0.703792,,,,,,
3.115704,-0.986282,,,,,,
3.116170,-1.211704,,,,,,
3.116635,-1.418830,,,,,,
3.117101,-1.648112,,,,,,
3.117566,-1.781720,,,,,,
3.118032,-1.770977,,,,,,
3.118497,-1.636362,,,,,,
3.118963,-1.338094,,,,,,
3.119428,-0.898497,,,,,,
3.119894,-0.451347,,,,,,
3.120359,-0.033402,,,,,,
3.120825,0.431540,,,,,,
3.121290,0.727626,,,,,,
3.121756,0.840421,,,,,,
3.122221,0.903532,,,,,,
3.122687,0.949187,,,,,,
3.123152,0.970672,,,,,,
3.123618,0.922835,,,,,,
3.124084,0.799466,,,,,,
3.124549,0.573541,,,,,,
3.125015,0.183795,,,,,,
3.125480,-0.309850,,,,,,
3.125946,-0.824643,,,,,,
3.126411,-1.334569,,,,,,
3.126877,-1.778363,,,,,,
3.127342,-2.040040,,,,,,
3.127808,-2.218296,,,,,,
3.128273,-2.377920,,,,,,
3.128739,-2.558862,,,,,,
3.129204,-2.706233,,,,,,
3.129670,-2.679713,,,,,,
3.130135,-2.535027,,,,,,
3.130601,-2.240620,,,,,,
3.131066,-1.791791,,,,,,
3.131532,-1.306035,,,,,,
3.131997,-0.870634,,,,,,
3.132463,-0.369100,,,,,,
3.132928,0.017288,,,,,,
3.133394,0.192859,,,,,,
3.133859,0.292561,,,,,,
3.134325,0.367590,,,,,,
3.134790,0.448829,,,,,,
3.135256,0.461082,,,,,,
3.135721,0.403342,,,,,,
3.136187,0.262348,,,,,,
3.136652,-0.015946,,,,,,
3.137118,-0.478202,,,,,,
3.137584,-0.955062,,,,,,
3.138049,-1.425208,,,,,,
3.138515,-1.863462,,,,,,
3.138980,-2.116411,,,,,,
3.139446,-2.219806,,,,,,
3.139911,-2.296681,,,,,,
3.140377,-2.398566,,,,,,
3.140842,-2.398566,,,,,,
3.141308,-2.459831,,,,,,
3.141773,-2.311788,,,,,,
3.142239,-2.013016,,,,,,
3.142704,-1.547066,,,,,,
3.143170,-1.019348,,,,,,
3.143635,-0.518486,,,,,,
3.144101,0.027359,,,,,,
3.144566,0.517983,,,,,,
3.145032,0.756832,,,,,,
3.145497,0.925017,,,,,,
3.145963,1.060136,,,,,,
3.146428,1.164034,,,,,,
3.146894,1.224460,,,,,,
3.147359,1.209689,,,,,,
3.147825,1.111666,,,,,,
3.148290,0.899504,,,,,,
3.148756,0.517479,,,,,,
3.149221,0.093156,,,,,,
3.149687,-0.315724,,,,,,
3.150152,-0.711345,,,,,,
3.150618,-0.919982,,,,,,
3.151083,-0.992493,,,,,,
3.151549,-1.029084,,,,,,
3.152015,-1.043015,,,,,,
3.152480,-1.063996,,,,,,
3.152946,-0.978393,,,,,,
3.153411,-0.772946,,,,,,
3.153877,-0.419455,,,,,,
3.154342,0.082750,,,,,,
3.154808,0.658305,,,,,,
3.155273,1.195926,,,,,,
3.155739,1.736065,,,,,,
3.156204,2.263783,,,,,,
3.156670,2.529320,,,,,,
3.157135,2.673167,,,,,,
3.157601,2.757259,,,,,,
3.158066,2.810803,,,,,,
3.158532,2.831785,,,,,,
3.158997,2.742992,,,,,,
3.159463,2.599145,,,,,,
3.159928,2.342000,,,,,,
3.160394,1.911971,,,,,,
3.160859,1.392981,,,,,,
3.161325,0.884733,,,,,,
3.161790,0.366079,,,,,,
3.162256,-0.014939,,,,,,
3.162721,-0.222736,,,,,,
3.163187,-0.360372,,,,,,
3.163652,-0.469474,,,,,,
3.164118,-0.594522,,,,,,
3.164583,-0.623392,,,,,,
3.165049,-0.508583,,,,,,
3.165515,-0.275944,,,,,,
3.165980,0.116655,,,,,,
3.166446,0.627588,,,,,,
3.166911,1.102266,,,,,,
3.167377,1.579629,,,,,,
3.167842,1.579629,,,,,,
3.168308,2.407462,,,,,,
3.168773,2.532006,,,,,,
3.169239,2.619623,,,,,,
3.169704,2.690791,,,,,,
3.170170,2.731075,,,,,,
3.170635,2.672328,,,,,,
3.171101,2.549798,,,,,,
3.171566,2.310109,,,,,,
3.172032,1.912978,,,,,,
3.172497,1.382574,,,,,,
3.172963,0.850492,,,,,,
3.173428,0.288533,,,,,,
3.173894,-0.169360,,,,,,
3.174359,-0.454032,,,,,,
3.174825,-0.692042,,,,,,
3.175290,-0.900175,,,,,,
3.175756,-1.127779,,,,,,
3.176221,-1.266590,,,,,,
3.176687,-1.310735,,,,,,
3.177152,-1.221775,,,,,,
3.177618,-0.973693,,,,,,
3.178083,-0.601236,,,,,,
3.178549,-0.236164,,,,,,
3.179015,0.119677,,,,,,
3.179480,0.507073,,,,,,
3.179946,0.733669,,,,,,
3.180411,0.761196,,,,,,
3.180877,0.755657,,,,,,
3.181342,0.730312,,,,,,
3.181808,0.688685,,,,,,
3.182273,0.575555,,,,,,
3.182739,0.404013,,,,,,
3.183204,0.146700,,,,,,
3.183670,-0.238849,,,,,,
3.184135,-0.738033,,,,,,
3.184601,-1.266758,,,,,,
3.185066,-1.768627,,,,,,
3.185532,-2.179858,,,,,,
3.185997,-2.359457,,,,,,
3.186463,-2.414176,,,,,,
3.186928,-2.417197,,,,,,
3.187394,-2.462181,,,,,,
3.187859,-2.518242,,,,,,
3.188325,-2.456138,,,,,,
3.188790,-2.265293,,,,,,
3.189256,-1.942016,,,,,,
3.189721,-1.474891,,,,,,
3.190187,-0.963287,,,,,,
3.190652,-0.496330,,,,,,
3.191118,0.002518,,,,,,
3.191583,0.401328,,,,,,
3.192049,0.602075,,,,,,
3.192514,0.718059,,,,,,
3.192980,0.828336,,,,,,
3.193446,0.898833,,,,,,
3.193911,0.919310,,,,,,
3.194377,0.856535,,,,,,
3.194842,0.856535,,,,,,
3.195308,0.415259,,,,,,
3.195773,-0.012589,,,,,,
3.196239,-0.514458,,,,,,
3.196704,-1.016831,,,,,,
3.197170,-1.479591,,,,,,
3.197635,-1.774334,,,,,,
3.198101,-1.963333,,,,,,
3.198566,-2.142428,,,,,,
3.199032,-2.142428,,,,,,
3.199497,-2.495247,,,,,,
3.199963,-2.527474,,,,,,
3.200428,-2.486351,,,,,,
3.200894,-2.292988,,,,,,
3.201359,-1.950576,,,,,,
3.201825,-1.563348,,,,,,
3.202290,-1.195926,,,,,,
3.202756,-0.755489,,,,,,
3.203221,-0.370108,,,,,,
3.203687,-0.166003,,,,,,
3.204152,-0.045151,,,,,,
3.204618,0.088960,,,,,,
3.205083,0.252110,,,,,,
3.205549,0.379675,,,,,,
3.206014,0.469810,,,,,,
3.206480,0.502037,,,,,,
3.206946,0.437583,,,,,,
3.207411,0.252277,,,,,,
3.207877,0.026688,,,,,,
3.208342,-0.208301,,,,,,
3.208808,-0.395285,,,,,,
3.209273,-0.402335,,,,,,
3.209739,-0.309682,,,,,,
3.210204,-0.189502,,,,,,
3.210670,-0.062943,,,,,,
3.211135,0.031052,,,,,,
3.211601,0.230793,,,,,,
3.212066,0.468467,,,,,,
3.212532,0.806180,,,,,,
3.212997,1.253330,,,,,,
3.213463,1.713741,,,,,,
3.213928,2.099290,,,,,,
3.214394,2.480308,,,,,,
3.214859,2.802914,,,,,,
3.215325,2.866697,,,,,,
3.215790,2.770687,,,,,,
3.216256,2.588403,,,,,,
3.216721,2.382620,,,,,,
3.217187,2.135546,,,,,,
3.217652,1.791455,,,,,,
3.218118,1.382910,,,,,,
3.218583,0.895476,,,,,,
3.219049,0.264698,,,,,,
3.219514,-0.404349,,,,,,
3.219980,-1.062989,,,,,,
3.220445,-1.664393,,,,,,
3.220911,-2.078813,,,,,,
3.221377,-2.292653,,,,,,
3.221842,-2.397559,,,,,,
3.222308,-2.443885,,,,,,
3.222773,-2.440024,,,,,,
3.223239,-2.273518,,,,,,
3.223704,-1.962158,,,,,,
3.224170,-1.497719,,,,,,
3.224635,-0.846967,,,,,,
3.225101,-0.072679,,,,,,
3.225566,0.693721,,,,,,
3.226032,0.693721,,,,,,
3.226497,2.257740,,,,,,
3.226963,2.835813,,,,,,
3.227428,3.247715,,,,,,
3.227894,3.568978,,,,,,
3.228359,3.846601,,,,,,
3.228825,4.052384,,,,,,
3.229290,4.118853,,,,,,
3.229756,4.067155,,,,,,
3.230221,3.841230,,,,,,
3.230687,3.447791,,,,,,
3.231152,2.917723,,,,,,
3.231618,2.308095,,,,,,
3.232083,1.629145,,,,,,
3.232549,1.036469,,,,,,
3.233014,0.560113,,,,,,
3.233480,0.106249,,,,,,
3.233945,-0.368765,,,,,,
3.234411,-0.849485,,,,,,
3.234877,-1.232853,,,,,,
3.235342,-1.486809,,,,,,
3.235808,-1.623941,,,,,,
3.236273,-1.572244,,,,,,
3.236739,-1.374517,,,,,,
3.237204,-1.156985,,,,,,
3.237670,-0.894636,,,,,,
3.238135,-0.551049,,,,,,
3.238601,-0.333516,,,,,,
3.239066,-0.215686,,,,,,
3.239532,-0.116991,,,,,,
3.239997,-0.020981,,,,,,
3.240463,0.117998,,,,,,
3.240928,0.195544,,,,,,
3.241394,0.242710,,,,,,
3.241859,0.201251,,,,,,
3.242325,0.026017,,,,,,
3.242790,-0.250095,,,,,,
3.243256,-0.543999,,,,,,
3.243721,-0.877348,,,,,,
3.244187,-1.125093,,,,,,
3.244652,-1.209689,,,,,,
3.245118,-1.261555,,,,,,
3.245583,-1.333898,,,,,,
3.246049,-1.451057,,,,,,
3.246514,-1.511315,,,,,,
3.246980,-1.435615,,,,,,
3.247445,-1.296132,,,,,,
3.247911,-1.047547,,,,,,
3.248377,-0.653437,,,,,,
3.248842,-0.271748,,,,,,
3.249308,0.081071,,,,,,
3.249773,0.490623,,,,,,
3.250239,0.768582,,,,,,
3.250704,0.868956,,,,,,
3.251170,0.925353,,,,,,
3.251635,0.941131,,,,,,
3.252101,0.965972,,,,,,
3.252566,0.929381,,,,,,
3.253032,0.929381,,,,,,
3.253497,0.667201,,,,,,
3.253963,0.368933,,,,,,
3.254428,-0.057237,,,,,,
3.254894,-0.513787,,,,,,
3.255359,-0.994171,,,,,,
3.255825,-1.458442,,,,,,
3.256290,-1.733043,,,,,,
3.256756,-1.907103,,,,,,
3.257221,-1.907103,,,,,,
3.257687,-2.318166,,,,,,
3.258152,-2.512703,,,,,,
3.258618,-2.582864,,,,,,
3.259083,-2.566583,,,,,,
3.259549,-2.424918,,,,,,
3.260014,-2.132021,,,,,,
3.260480,-1.791623,,,,,,
3.260945,-1.466667,,,,,,
3.261411,-1.066682,,,,,,
3.261876,-0.745586,,,,,,
3.262342,-0.615335,,,,,,
3.262808,-0.535439,,,,,,
3.263273,-0.442451,,,,,,
3.263739,-0.345602,,,,,,
3.264204,-0.260670,,,,,,
3.264670,-0.218372,,,,,,
3.265135,-0.230121,,,,,,
3.265601,-0.330495,,,,,,
3.266066,-0.521172,,,,,,
3.266532,-0.734005,,,,,,
3.266997,-0.921324,,,,,,
3.267463,-1.072389,,,,,,
3.267928,-1.043519,,,,,,
3.268394,-0.905211,,,,,,
3.268859,-0.744747,,,,,,
3.269325,-0.613153,,,,,,
3.269790,-0.474342,,,,,,
3.270256,-0.195209,,,,,,
3.270721,0.151232,,,,,,
3.271187,0.590661,,,,,,
3.271652,1.121065,,,,,,
3.272118,1.681010,,,,,,
3.272583,2.160052,,,,,,
3.273049,2.635737,,,,,,
3.273514,3.021118,,,,,,
3.273980,3.166644,,,,,,
3.274445,3.173526,,,,,,
3.274911,3.118303,,,,,,
3.275376,3.019776,,,,,,
3.275842,2.865354,,,,,,
3.276308,2.611566,,,,,,
3.276773,2.273854,,,,,,
3.277239,1.826032,,,,,,
3.277704,1.222446,,,,,,
3.278170,0.558938,,,,,,
3.278635,-0.107591,,,,,,
3.279101,-0.759182,,,,,,
3.279566,-1.248295,,,,,,
3.280032,-1.583658,,,,,,
3.280497,-1.871519,,,,,,
3.280963,-2.139239,,,,,,
3.281428,-2.376577,,,,,,
3.281894,-2.439017,,,,,,
3.282359,-2.361471,,,,,,
3.282825,-2.130846,,,,,,
3.283290,-1.722972,,,,,,
3.283756,-1.189044,,,,,,
3.284221,-1.189044,,,,,,
3.284687,-0.057908,,,,,,
3.285152,0.567163,,,,,,
3.285618,0.987121,,,,,,
3.286083,1.300328,,,,,,
3.286549,1.591043,,,,,,
3.287014,1.852888,,,,,,
3.287480,2.081834,,,,,,
3.287945,2.250690,,,,,,
3.288411,2.343679,,,,,,
3.288876,2.317494,,,,,,
3.289342,2.120775,,,,,,
3.289808,1.838788,,,,,,
3.290273,1.521889,,,,,,
3.290739,1.174609,,,,,,
3.291204,0.901518,,,,,,
3.291670,0.774960,,,,,,
3.292135,0.671229,,,,,,
3.292601,0.540978,,,,,,
3.293066,0.379171,,,,,,
3.293532,0.312032,,,,,,
3.293997,0.349798,,,,,,
3.294463,0.489784,,,,,,
3.294928,0.756161,,,,,,
3.295394,1.104616,,,,,,
3.295859,1.446357,,,,,,
3.296325,1.787762,,,,,,
3.296790,2.150317,,,,,,
3.297256,2.329580,,,,,,
3.297721,2.363149,,,,,,
3.298187,2.338643,,,,,,
3.298652,2.286610,,,,,,
3.299118,2.210071,,,,,,
3.299583,2.071763,,,,,,
3.300049,1.891157,,,,,,
3.300514,1.608499,,,,,,
3.300980,1.178470,,,,,,
3.301445,0.639002,,,,,,
3.301911,0.095171,,,,,,
3.302376,-0.456886,,,,,,
3.302842,-0.925353,,,,,,
3.303307,-1.249638,,,,,,
3.303773,-1.494026,,,,,,
3.304239,-1.737911,,,,,,
3.304704,-2.004959,,,,,,
3.305170,-2.186236,,,,,,
3.305635,-2.198322,,,,,,
3.306101,-2.108019,,,,,,
3.306566,-1.872358,,,,,,
3.307032,-1.507454,,,,,,
3.307497,-1.119387,,,,,,
3.307963,-0.719234,,,,,,
3.308428,-0.267720,,,,,,
3.308894,0.039445,,,,,,
3.309359,0.180102,,,,,,
3.309825,0.238849,,,,,,
3.310290,0.320256,,,,,,
3.310756,0.407706,,,,,,
3.311221,0.407706,,,,,,
3.311687,0.302632,,,,,,
3.312152,0.146197,,,,,,
3.312618,-0.154925,,,,,,
3.313083,-0.595865,,,,,,
3.313549,-1.047883,,,,,,
3.314014,-1.500740,,,,,,
3.314480,-1.872694,,,,,,
3.314945,-2.074784,,,,,,
3.315411,-2.192950,,,,,,
3.315876,-2.307088,,,,,,
3.316342,-2.429282,,,,,,
3.316807,-2.509850,,,,,,
3.317273,-2.454124,,,,,,
3.317739,-2.285939,,,,,,
3.318204,-1.981964,,,,,,
3.318670,-1.553109,,,,,,
3.319135,-1.119051,,,,,,
3.319601,-0.703792,,,,,,
3.320066,-0.221393,,,,,,
3.320532,0.132769,,,,,,
3.320997,0.265034,,,,,,
3.321463,0.338888,,,,,,
3.321928,0.366415,,,,,,
3.322394,0.406699,,,,,,
3.322859,0.357351,,,,,,
3.323325,0.242878,,,,,,
3.323790,0.048005,,,,,,
3.324256,-0.268055,,,,,,
3.324721,-0.735180,,,,,,
3.325187,-1.248631,,,,,,
3.325652,-1.768292,,,,,,
3.326118,-2.248005,,,,,,
3.326583,-2.564569,,,,,,
3.327049,-2.788144,,,,,,
3.327514,-2.960861,,,,,,
3.327980,-3.141970,,,,,,
3.328445,-3.275242,,,,,,
3.328911,-3.253758,,,,,,
3.329376,-3.096315,,,,,,
3.329842,-2.783108,,,,,,
3.330307,-2.276204,,,,,,
3.330773,-1.702831,,,,,,
3.331239,-1.194247,,,,,,
3.331704,-0.622553,,,,,,
3.332170,-0.088121,,,,,,
3.332635,0.236164,,,,,,
3.333101,0.454032,,,,,,
3.333566,0.644373,,,,,,
3.334032,0.857542,,,,,,
3.334497,1.028244,,,,,,
3.334963,1.101259,,,,,,
3.335428,1.129458,,,,,,
3.335894,1.033616,,,,,,
3.336359,0.781338,,,,,,
3.336825,0.480552,,,,,,
3.337290,0.168017,,,,,,
3.337756,-0.140826,,,,,,
3.338221,-0.140826,,,,,,
3.338687,-0.298939,,,,,,
3.339152,-0.251606,,,,,,
3.339618,-0.233814,,,,,,
3.340083,-0.222736,,,,,,
3.340549,-0.050523,,,,,,
3.341014,0.180102,,,,,,
3.341480,0.526711,,,,,,
3.341945,1.033448,,,,,,
3.342411,1.033448,,,,,,
3.342876,2.080827,,,,,,
3.343342,2.635065,,,,,,
3.343807,3.157748,,,,,,
3.344273,3.455848,,,,,,
3.344738,3.641489,,,,,,
3.345204,3.772412,,,,,,
3.345670,3.871443,,,,,,
3.346135,3.938918,,,,,,
3.346601,3.888228,,,,,,
3.347066,3.782483,,,,,,
3.347532,3.556893,,,,,,
3.347997,3.154055,,,,,,
3.348463,2.681727,,,,,,
3.348928,2.180194,,,,,,
3.349394,1.662211,,,,,,
3.349859,1.278172,,,,,,
3.350325,1.021698,,,,,,
3.350790,0.770932,,,,,,
3.351256,0.525536,,,,,,
3.351721,0.263355,,,,,,
3.352187,0.127398,,,,,,
3.352652,0.113970,,,,,,
3.353118,0.233478,,,,,,
3.353583,0.476524,,,,,,
3.354049,0.833707,,,,,,
3.354514,1.156649,,,,,,
3.354980,1.523903,,,,,,
3.355445,1.918685,,,,,,
3.355911,2.118761,,,,,,
3.356376,2.193286,,,,,,
3.356842,2.230884,,,,,,
3.357307,2.242634,,,,,,
3.357773,2.235080,,,,,,
3.358238,2.141588,,,,,,
3.358704,1.976089,,,,,,
3.359170,1.733043,,,,,,
3.359635,1.346990,,,,,,
3.360101,0.864591,,,,,,
3.360566,0.353658,,,,,,
3.361032,-0.160632,,,,,,
3.361497,-0.583612,,,,,,
3.361963,-0.833539,,,,,,
3.362428,-1.044526,,,,,,
3.362894,-1.237552,,,,,,
3.363359,-1.437964,,,,,,
3.363825,-1.539849,,,,,,
3.364290,-1.500069,,,,,,
3.364756,-1.368811,,,,,,
3.365221,-1.083803,,,,,,
3.365687,-0.673579,,,,,,
3.366152,-0.297932,,,,,,
3.366618,0.079057,,,,,,
3.367083,0.514794,,,,,,
3.367549,0.756832,,,,,,
3.368014,0.834379,,,,,,
3.368480,0.837064,,,,,,
3.368945,0.824308,,,,,,
3.369411,0.824308,,,,,,
3.369876,0.683314,,,,,,
3.370342,0.493645,,,,,,
3.370807,0.251270,,,,,,
3.371273,-0.105745,,,,,,
3.371738,-0.573877,,,,,,
3.372204,-1.083803,,,,,,
3.372670,-1.634516,,,,,,
3.373135,-2.088212,,,,,,
3.373601,-2.327230,,,,,,
3.374066,-2.478630,,,,,,
3.374532,-2.614252,,,,,,
3.374997,-2.765988,,,,,,
3.375463,-2.866361,,,,,,
3.375928,-2.831113,,,,,,
3.376394,-2.720333,,,,,,
3.376859,-2.477623,,,,,,
3.377325,-2.073106,,,,,,
3.377790,-1.662547,,,,,,
3.378256,-1.284550,,,,,,
3.378721,-0.834043,,,,,,
3.379187,-0.516472,,,,,,
3.379652,-0.377996,,,,,,
3.380118,-0.311696,,,,,,
3.380583,-0.285176,,,,,,
3.381049,-0.247242,,,,,,
3.381514,-0.268727,,,,,,
3.381980,-0.370108,,,,,,
3.382445,-0.551720,,,,,,
3.382911,-0.837400,,,,,,
3.383376,-1.256016,,,,,,
3.383842,-1.697459,,,,,,
3.384307,-2.159045,,,,,,
3.384773,-2.576318,,,,,,
3.385238,-2.794186,,,,,,
3.385704,-2.916381,,,,,,
3.386169,-3.049317,,,,,,
3.386635,-3.181918,,,,,,
3.387101,-3.270039,,,,,,
3.387566,-3.203403,,,,,,
3.388032,-3.021622,,,,,,
3.388497,-2.715633,,,,,,
3.388963,-2.258747,,,,,,
3.389428,-1.751507,,,,,,
3.389894,-1.278676,,,,,,
3.390359,-0.763546,,,,,,
3.390825,-0.294575,,,,,,
3.391290,0.004196,,,,,,
3.391756,0.220554,,,,,,
3.392221,0.371618,,,,,,
3.392687,0.534936,,,,,,
3.393152,0.630945,,,,,,
3.393618,0.663005,,,,,,
3.394083,0.626917,,,,,,
3.394549,0.494652,,,,,,
3.395014,0.213672,,,,,,
3.395480,-0.105241,,,,,,
3.395945,-0.445304,,,,,,
3.396411,-0.445304,,,,,,
3.396876,-0.945830,,,,,,
3.397342,-0.985107,,,,,,
3.397807,-1.010956,,,,,,
3.398273,-1.090013,,,,,,
3.398738,-1.147250,,,,,,
3.399204,-1.039826,,,,,,
3.399669,-0.833539,,,,,,
3.400135,-0.514626,,,,,,
3.400601,-0.514626,,,,,,
3.401066,0.470146,,,,,,
3.401532,0.943816,,,,,,
3.401997,1.435279,,,,,,
3.402463,1.900557,,,,,,
3.402928,2.145617,,,,,,
3.403394,2.301045,,,,,,
3.403859,2.423575,,,,,,
3.404325,2.526970,,,,,,
3.404790,2.569940,,,,,,
3.405256,2.525963,,,,,,
3.405721,2.432303,,,,,,
3.406187,2.211414,,,,,,
3.406652,1.844495,,,,,,
3.407118,1.422187,,,,,,
3.407583,0.981750,,,,,,
3.408049,0.541985,,,,,,
3.408514,0.275105,,,,,,
3.408980,0.154925,,,,,,
3.409445,0.086946,,,,,,
3.409911,-0.005875,,,,,,
3.410376,-0.085771,,,,,,
3.410842,-0.010910,,,,,,
3.411307,0.187823,,,,,,
3.411773,0.516808,,,,,,
3.412238,1.002228,,,,,,
3.412704,1.581643,,,,,,
3.413169,2.136889,,,,,,
3.413635,2.744335,,,,,,
3.414101,3.343389,,,,,,
3.414566,3.742535,,,,,,
3.415032,3.986252,,,,,,
3.415497,4.150744,,,,,,
3.415963,4.261860,,,,,,
3.416428,4.344442,,,,,,
3.416894,4.317922,,,,,,
3.417359,4.208148,,,,,,
3.417825,3.955367,,,,,,
3.418290,3.527352,,,,,,
3.418756,2.984192,,,,,,
3.419221,2.386984,,,,,,
3.419687,1.757214,,,,,,
3.420152,1.215732,,,,,,
3.420618,0.826322,,,,,,
3.421083,0.501366,,,,,,
3.421549,0.162982,,,,,,
3.422014,-0.223072,,,,,,
3.422480,-0.472496,,,,,,
3.422945,-0.598383,,,,,,
3.423411,-0.598383,,,,,,
3.423876,-0.507744,,,,,,
3.424342,-0.240528,,,,,,
3.424807,-0.000504,,,,,,
3.425273,0.273762,,,,,,
3.425738,0.588647,,,,,,
3.426204,0.761196,,,,,,
3.426669,0.803830,,,,,,
3.427135,0.787716,,,,,,
3.427600,0.787716,,,,,,
3.428066,0.737697,,,,,,
3.428532,0.776974,,,,,,
3.428997,0.735683,,,,,,
3.429463,0.493141,,,,,,
3.429928,0.111955,,,,,,
3.430394,-0.331167,,,,,,
3.430859,-0.784024,,,,,,
3.431325,-1.258030,,,,,,
3.431790,-1.649119,,,,,,
3.432256,-1.887129,,,,,,
3.432721,-2.043900,,,,,,
3.433187,-2.170459,,,,,,
3.433652,-2.368856,,,,,,
3.434118,-2.436835,,,,,,
3.434583,-2.344686,,,,,,
3.435049,-2.174823,,,,,,
3.435514,-1.845838,,,,,,
3.435980,-1.371832,,,,,,
3.436445,-0.877180,,,,,,
3.436911,-0.382361,,,,,,
3.437376,0.117998,,,,,,
3.437842,0.426673,,,,,,
3.438307,0.567498,,,,,,
3.438773,0.603418,,,,,,
3.439238,0.588479,,,,,,
3.439704,0.605768,,,,,,
3.440169,0.528054,,,,,,
3.440635,0.338888,,,,,,
3.441100,0.081743,,,,,,
3.441566,-0.331334,,,,,,
3.442032,-0.849485,,,,,,
3.442497,-1.353704,,,,,,
3.442963,-1.900893,,,,,,
3.443428,-2.386313,,,,,,
3.443894,-2.683238,,,,,,
3.444359,-2.898589,,,,,,
3.444825,-3.079866,,,,,,
3.445290,-3.289845,,,,,,
3.445756,-3.446784,,,,,,
3.446221,-3.405493,,,,,,
3.446687,-3.263828,,,,,,
3.447152,-3.010040,,,,,,
3.447618,-2.607034,,,,,,
3.448083,-2.158877,,,,,,
3.448549,-1.743618,,,,,,
3.449014,-1.261051,,,,,,
3.449480,-0.908904,,,,,,
3.449945,-0.734844,,,,,,
3.450411,-0.625910,,,,,,
3.450876,-0.584283,,,,,,
3.451342,-0.536614,,,,,,
3.451807,-0.552056,,,,,,
3.452273,-0.639338,,,,,,
3.452738,-0.776303,,,,,,
3.453204,-1.032776,,,,,,
3.453669,-1.438636,,,,,,
3.454135,-1.846677,,,,,,
3.454600,-1.846677,,,,,,
3.455066,-2.668467,,,,,,
3.455532,-2.892546,,,,,,
3.455997,-3.009369,,,,,,
3.456463,-3.107057,,,,,,
3.456928,-3.204746,,,,,,
3.457394,-3.263828,,,,,,
3.457859,-3.113771,,,,,,
3.458325,-2.837491,,,,,,
3.458790,-2.435492,,,,,,
3.459256,-1.879072,,,,,,
3.459721,-1.264912,,,,,,
3.460187,-0.673243,,,,,,
3.460652,-0.001511,,,,,,
3.461118,0.609964,,,,,,
3.461583,0.997192,,,,,,
3.462049,1.310903,,,,,,
3.462514,1.586511,,,,,,
3.462980,1.821332,,,,,,
3.463445,1.965682,,,,,,
3.463911,2.029465,,,,,,
3.464376,2.036347,,,,,,
3.464842,1.911971,,,,,,
3.465307,1.600443,,,,,,
3.465773,1.243931,,,,,,
3.466238,0.842100,,,,,,
3.466704,0.426505,,,,,,
3.467169,0.208469,,,,,,
3.467635,0.094499,,,,,,
3.468100,-0.006210,,,,,,
3.468566,-0.096178,,,,,,
3.469031,-0.184802,,,,,,
3.469497,-0.154589,,,,,,
3.469963,-0.000671,,,,,,
3.470428,0.269734,,,,,,
3.470894,0.671565,,,,,,
3.471359,1.135500,,,,,,
3.471825,1.602457,,,,,,
3.472290,2.159716,,,,,,
3.472756,2.735103,,,,,,
3.473221,3.069795,,,,,,
3.473687,3.293034,,,,,,
3.474152,3.469612,,,,,,
3.474618,3.641154,,,,,,
3.475083,3.816052,,,,,,
3.475549,3.871778,,,,,,
3.476014,3.880171,,,,,,
3.476480,3.794568,,,,,,
3.476945,3.550179,,,,,,
3.477411,3.212131,,,,,,
3.477876,2.841855,,,,,,
3.478342,2.434318,,,,,,
3.478807,2.146288,,,,,,
3.479273,1.979782,,,,,,
3.479738,1.842145,,,,,,
3.480204,1.683024,,,,,,
3.480669,1.488655,,,,,,
3.481135,1.390967,,,,,,
3.481600,1.390967,,,,,,
3.482066,1.519539,,,,,,
3.482531,1.732036,,,,,,
3.482997,2.032486,,,,,,
3.483463,2.272511,,,,,,
3.483928,2.551141,,,,,,
3.484394,2.851926,,,,,,
3.484859,2.954986,,,,,,
3.485325,2.913359,,,,,,
3.485790,2.913359,,,,,,
3.486256,2.702876,,,,,,
3.486721,2.577157,,,,,,
3.487187,2.378592,,,,,,
3.487652,2.144945,,,,,,
3.488118,1.835431,,,,,,
3.488583,1.392981,,,,,,
3.489049,0.849149,,,,,,
3.489514,0.304982,,,,,,
3.489980,-0.272755,,,,,,
3.490445,-0.764553,,,,,,
3.490911,-1.083803,,,,,,
3.491376,-1.344305,,,,,,
3.491842,-1.601450,,,,,,
3.492307,-1.871519,,,,,,
3.492773,-2.019226,,,,,,
3.493238,-2.006638,,,,,,
3.493704,-1.861280,,,,,,
3.494169,-1.581643,,,,,,
3.494635,-1.179980,,,,,,
3.495100,-0.776974,,,,,,
3.495566,-0.358022,,,,,,
3.496031,0.103731,,,,,,
3.496497,0.455711,,,,,,
3.496963,0.649744,,,,,,
3.497428,0.789395,,,,,,
3.497894,0.895811,,,,,,
3.498359,0.980575,,,,,,
3.498825,0.953216,,,,,,
3.499290,0.848142,,,,,,
3.499756,0.644373,,,,,,
3.500221,0.296590,,,,,,
3.500687,-0.174395,,,,,,
3.501152,-0.676600,,,,,,
3.501618,-1.210193,,,,,,
3.502083,-1.703166,,,,,,
3.502549,-2.043900,,,,,,
3.503014,-2.326558,,,,,,
3.503480,-2.585382,,,,,,
3.503945,-2.877440,,,,,,
3.504411,-3.060731,,,,,,
3.504876,-3.086076,,,,,,
3.505342,-3.064759,,,,,,
3.505807,-2.913359,,,,,,
3.506273,-2.600824,,,,,,
3.506738,-2.274525,,,,,,
3.507204,-1.968200,,,,,,
3.507669,-1.552605,,,,,,
3.508135,-1.292439,,,,,,
3.508600,-1.214725,,,,,,
3.509066,-1.223117,,,,,,
3.509531,-1.203311,,,,,,
3.509997,-1.140871,,,,,,
3.510462,-1.141039,,,,,,
3.510928,-1.209018,,,,,,
3.511394,-1.315770,,,,,,
3.511859,-1.540688,,,,,,
3.512325,-1.874708,,,,,,
3.512790,-1.874708,,,,,,
3.513256,-2.629358,,,,,,
3.513721,-2.990570,,,,,,
3.514187,-3.157244,,,,,,
3.514652,-3.222202,,,,,,
3.515118,-3.266178,,,,,,
3.515583,-3.308309,,,,,,
3.516049,-3.301762,,,,,,
3.516514,-3.126360,,,,,,
3.516980,-2.850416,,,,,,
3.517445,-2.427939,,,,,,
3.517911,-1.858930,,,,,,
3.518376,-1.266926,,,,,,
3.518842,-0.707820,,,,,,
3.519307,-0.052873,,,,,,
3.519773,0.509758,,,,,,
3.520238,0.856367,,,,,,
3.520704,1.078767,,,,,,
3.521169,1.243259,,,,,,
3.521635,1.394995,,,,,,
3.522100,1.478080,,,,,,
3.522566,1.473548,,,,,,
3.523031,1.392645,,,,,,
3.523497,1.184176,,,,,,
3.523962,0.817594,,,,,,
3.524428,0.398642,,,,,,
3.524894,-0.077379,,,,,,
3.525359,-0.569512,,,,,,
3.525825,-0.899504,,,,,,
3.526290,-1.089342,,,,,,
3.526756,-1.251820,,,,,,
3.527221,-1.445686,,,,,,
3.527687,-1.643076,,,,,,
3.528152,-1.671275,,,,,,
3.528618,-1.620752,,,,,,
3.529083,-1.433265,,,,,,
3.529549,-1.107973,,,,,,
3.530014,-0.731991,,,,,,
3.530480,-0.372625,,,,,,
3.530945,0.065293,,,,,,
3.531411,0.465782,,,,,,
3.531876,0.697078,,,,,,
3.532342,0.820951,,,,,,
3.532807,0.865095,,,,,,
3.533273,0.927031,,,,,,
3.533738,0.995346,,,,,,
3.534204,1.025727,,,,,,
3.534669,1.041840,,,,,,
3.535135,0.983261,,,,,,
3.535600,0.799466,,,,,,
3.536066,0.555749,,,,,,
3.536531,0.251606,,,,,,
3.536997,-0.041459,,,,,,
3.537462,-0.174228,,,,,,
3.537928,-0.170703,,,,,,
3.538394,-0.133776,,,,,,
3.538859,-0.074189,,,,,,
3.539325,-0.018967,,,,,,
3.539790,-0.018967,,,,,,
3.540256,0.471656,,,,,,
3.540721,0.841764,,,,,,
3.541187,1.358068,,,,,,
3.541652,1.950912,,,,,,
3.542118,2.489708,,,,,,
3.542583,3.050324,,,,,,
3.543049,3.615305,,,,,,
3.543514,3.950332,,,,,,
3.543980,4.155779,,,,,,
3.544445,4.256321,,,,,,
3.544911,4.305501,,,,,,
3.545376,4.333700,,,,,,
3.545842,4.230976,,,,,,
3.546307,4.061112,,,,,,
3.546773,3.801953,,,,,,
3.547238,3.381659,,,,,,
3.547704,2.868711,,,,,,
3.548169,2.324208,,,,,,
3.548635,1.687724,,,,,,
3.549100,1.166217,,,,,,
3.549566,0.802152,,,,,,
3.550031,0.486595,,,,,,
3.550497,0.181781,,,,,,
3.550962,-0.123033,,,,,,
3.551428,-0.306996,,,,,,
3.551893,-0.329488,,,,,,
3.552359,-0.259831,,,,,,
3.552825,-0.050187,,,,,,
3.553290,0.280812,,,,,,
3.553756,0.592004,,,,,,
3.554221,0.946502,,,,,,
3.554687,1.353872,,,,,,
3.555152,1.600443,,,,,,
3.555618,1.721798,,,,,,
3.556083,1.784405,,,,,,
3.556549,1.806561,,,,,,
3.557014,1.850874,,,,,,
3.557480,1.830732,,,,,,
3.557945,1.765606,,,,,,
3.558411,1.628641,,,,,,
3.558876,1.373510,,,,,,
3.559342,1.005921,,,,,,
3.559807,0.621881,,,,,,
3.560273,0.152911,,,,,,
3.560738,-0.242206,,,,,,
3.561204,-0.487266,,,,,,
3.561669,-0.679286,,,,,,
3.562135,-0.866438,,,,,,
3.562600,-1.092699,,,,,,
3.563066,-1.226307,,,,,,
3.563531,-1.225803,,,,,,
3.563997,-1.181827,,,,,,
3.564462,-1.037476,,,,,,
3.564928,-0.730144,,,,,,
3.565393,-0.444633,,,,,,
3.565859,-0.175402,,,,,,
3.566325,0.174899,,,,,,
3.566790,0.174899,,,,,,
3.567256,0.428519,,,,,,
3.567721,0.385550,,,,,,
3.568187,0.263691,,,,,,
3.568652,0.176074,,,,,,
3.569118,-0.001678,,,,,,
3.569583,-0.239521,,,,,,
3.570049,-0.509422,,,,,,
3.570514,-0.907729,,,,,,
3.570980,-0.907729,,,,,,
3.571445,-1.923720,,,,,,
3.571911,-2.512200,,,,,,
3.572376,-3.077348,,,,,,
3.572842,-3.419257,,,,,,
3.573307,-3.637125,,,,,,
3.573773,-3.795239,,,,,,
3.574238,-3.968124,,,,,,
3.574704,-4.099046,,,,,,
3.575169,-4.077226,,,,,,
3.575635,-3.939925,,,,,,
3.576100,-3.683452,,,,,,
3.576566,-3.250065,,,,,,
3.577031,-2.777066,,,,,,
3.577497,-2.326223,,,,,,
3.577962,-1.751843,,,,,,
3.578428,-1.269780,,,,,,
3.578893,-0.981750,,,,,,
3.579359,-0.750454,,,,,,
3.579825,-0.574548,,,,,,
3.580290,-0.406699,,,,,,
3.580756,-0.257649,,,,,,
3.581221,-0.186816,,,,,,
3.581687,-0.163653,,,,,,
3.582152,-0.242542,,,,,,
3.582618,-0.455375,,,,,,
3.583083,-0.706142,,,,,,
3.583549,-1.006928,,,,,,
3.584014,-1.314427,,,,,,
3.584480,-1.445350,,,,,,
3.584945,-1.490166,,,,,,
3.585411,-1.512154,,,,,,
3.585876,-1.540017,,,,,,
3.586342,-1.566033,,,,,,
3.586807,-1.429908,,,,,,
3.587273,-1.196597,,,,,,
3.587738,-0.872313,,,,,,
3.588204,-0.425498,,,,,,
3.588669,0.086442,,,,,,
3.589135,0.552392,,,,,,
3.589600,1.081453,,,,,,
3.590066,1.526589,,,,,,
3.590531,1.777356,,,,,,
3.590997,1.899550,,,,,,
3.591462,1.922713,,,,,,
3.591928,1.908614,,,,,,
3.592393,1.865980,,,,,,
3.592859,1.734051,,,,,,
3.593324,1.538338,,,,,,
3.593790,1.242588,,,,,,
3.594256,0.796780,,,,,,
3.594721,0.313375,,,,,,
3.595187,-0.188830,,,,,,
3.595652,-0.705135,,,,,,
3.596118,-1.070375,,,,,,
3.596583,-1.267765,,,,,,
3.597049,-1.406073,,,,,,
3.597514,-1.554284,,,,,,
3.597980,-1.554284,,,,,,
3.598445,-1.648447,,,,,,
3.598911,-1.467170,,,,,,
3.599376,-1.168399,,,,,,
3.599842,-0.732662,,,,,,
3.600307,-0.194537,,,,,,
3.600773,0.317739,,,,,,
3.601238,0.913939,,,,,,
3.601704,1.499229,,,,,,
3.602169,1.877058,,,,,,
3.602635,2.148806,,,,,,
3.603100,2.354757,,,,,,
3.603566,2.539727,,,,,,
3.604031,2.683742,,,,,,
3.604497,2.725032,,,,,,
3.604962,2.719661,,,,,,
3.605428,2.618952,,,,,,
3.605893,2.360464,,,,,,
3.606359,2.041886,,,,,,
3.606824,1.674296,,,,,,
3.607290,1.254002,,,,,,
3.607756,0.933074,,,,,,
3.608221,0.753140,,,,,,
3.608687,0.589822,,,,,,
3.609152,0.418112,,,,,,
3.609618,0.195544,,,,,,
3.610083,0.094331,,,,,,
3.610549,0.145525,,,,,,
3.611014,0.283162,,,,,,
3.611480,0.538964,,,,,,
3.611945,0.881880,,,,,,
3.612411,1.208011,,,,,,
3.612876,1.583993,,,,,,
3.613342,2.001266,,,,,,
3.613807,2.217792,,,,,,
3.614273,2.311788,,,,,,
3.614738,2.335958,,,,,,
3.615204,2.335958,,,,,,
3.615669,2.321859,,,,,,
3.616135,2.241291,,,,,,
3.616600,2.126146,,,,,,
3.617066,1.948898,,,,,,
3.617531,1.654490,,,,,,
3.617997,1.270115,,,,,,
3.618462,0.875334,,,,,,
3.618928,0.441947,,,,,,
3.619393,0.100877,,,,,,
3.619859,-0.106920,,,,,,
3.620324,-0.261006,,,,,,
3.620790,-0.422644,,,,,,
3.621255,-0.652766,,,,,,
3.621721,-0.778653,,,,,,
3.622187,-0.734173,,,,,,
3.622652,-0.611810,,,,,,
3.623118,-0.376150,,,,,,
3.623583,-0.042466,,,,,,
3.624049,0.284337,,,,,,
3.624514,0.616175,,,,,,
3.624980,0.616175,,,,,,
3.625445,1.237888,,,,,,
3.625911,1.308721,,,,,,
3.626376,1.300832,,,,,,
3.626842,1.244938,,,,,,
3.627307,1.182162,,,,,,
3.627773,1.049897,,,,,,
3.628238,0.888090,,,,,,
3.628704,0.663676,,,,,,
3.629169,0.663676,,,,,,
3.629635,-0.166674,,,,,,
3.630100,-0.620706,,,,,,
3.630566,-1.130800,,,,,,
3.631031,-1.574090,,,,,,
3.631497,-1.839796,,,,,,
3.631962,-2.050278,,,,,,
3.632428,-2.205371,,,,,,
3.632893,-2.385138,,,,,,
3.633359,-2.501793,,,,,,
3.633824,-2.431968,,,,,,
3.634290,-2.244648,,,,,,
3.634755,-1.929091,,,,,,
3.635221,-1.472709,,,,,,
3.635687,-1.030930,,,,,,
3.636152,-0.573205,,,,,,
3.636618,-0.018296,,,,,,
3.637083,0.380514,,,,,,
3.637549,0.580591,,,,,,
3.638014,0.680629,,,,,,
3.638480,0.691371,,,,,,
3.638945,0.716884,,,,,,
3.639411,0.659144,,,,,,
3.639876,0.534936,,,,,,
3.640342,0.370443,,,,,,
3.640807,0.070665,,,,,,
3.641273,-0.387228,,,,,,
3.641738,-0.863584,,,,,,
3.642204,-1.396338,,,,,,
3.642669,-1.897704,,,,,,
3.643135,-2.226184,,,,,,
3.643600,-2.477790,,,,,,
3.644066,-2.688441,,,,,,
3.644531,-2.932158,,,,,,
3.644997,-3.131563,,,,,,
3.645462,-3.154894,,,,,,
3.645928,-3.062577,,,,,,
3.646393,-2.876432,,,,,,
3.646859,-2.533013,,,,,,
3.647324,-2.165591,,,,,,
3.647790,-1.810086,,,,,,
3.648255,-1.350851,,,,,,
3.648721,-0.972015,,,,,,
3.649187,-0.776471,,,,,,
3.649652,-0.661158,,,,,,
3.650118,-0.600397,,,,,,
3.650583,-0.513451,,,,,,
3.651049,-0.465782,,,,,,
3.651514,-0.509255,,,,,,
3.651980,-0.554070,,,,,,
3.652445,-0.687007,,,,,,
3.652911,-0.959762,,,,,,
3.653376,-1.258701,,,,,,
3.653842,-1.571237,,,,,,
3.654307,-1.894179,,,,,,
3.654773,-2.046921,,,,,,
3.655238,-2.083848,,,,,,
3.655704,-2.067399,,,,,,
3.656169,-2.067399,,,,,,
3.656635,-2.087205,,,,,,
3.657100,-1.922377,,,,,,
3.657566,-1.655497,,,,,,
3.658031,-1.289921,,,,,,
3.658497,-0.788724,,,,,,
3.658962,-0.235828,,,,,,
3.659428,0.261006,,,,,,
3.659893,0.854520,,,,,,
3.660359,1.405066,,,,,,
3.660824,1.730358,,,,,,
3.661290,1.942855,,,,,,
3.661755,2.082338,,,,,,
3.662221,2.198657,,,,,,
3.662686,2.281910,,,,,,
3.663152,2.253712,,,,,,
3.663618,2.204700,,,,,,
3.664083,2.066056,,,,,,
3.664549,1.753521,,,,,,
3.665014,1.399359,,,,,,
3.665480,1.005249,,,,,,
3.665945,0.561791,,,,,,
3.666411,0.270069,,,,,,
3.666876,0.099535,,,,,,
3.667342,-0.049851,,,,,,
3.667807,-0.182956,,,,,,
3.668273,-0.326802,,,,,,
3.668738,-0.313375,,,,,,
3.669204,-0.160632,,,,,,
3.669669,0.090135,,,,,,
3.670135,0.464439,,,,,,
3.670600,0.929381,,,,,,
3.671066,1.303685,,,,,,
3.671531,1.758221,,,,,,
3.671997,2.224506,,,,,,
3.672462,2.476951,,,,,,
3.672928,2.627344,,,,,,
3.673393,2.699519,,,,,,
3.673859,2.747860,,,,,,
3.674324,2.824399,,,,,,
3.674790,2.811643,,,,,,
3.675255,2.727718,,,,,,
3.675721,2.596124,,,,,,
3.676186,2.320851,,,,,,
3.676652,1.964340,,,,,,
3.677118,1.587686,,,,,,
3.677583,1.168063,,,,,,
3.678049,0.831693,,,,,,
3.678514,0.648737,,,,,,
3.678980,0.478370,,,,,,
3.679445,0.318074,,,,,,
3.679911,0.115312,,,,,,
3.680376,0.020981,,,,,,
3.680842,0.082246,,,,,,
3.681307,0.205280,,,,,,
3.681773,0.432212,,,,,,
3.682238,0.772610,,,,,,
3.682704,1.071382,,,,,,
3.683169,1.071382,,,,,,
3.683635,1.750164,,,,,,
3.684100,1.951415,,,,,,
3.684566,2.003281,,,,,,
3.685031,1.965011,,,,,,
3.685497,1.889815,,,,,,
3.685962,1.823850,,,,,,
3.686428,1.690242,,,,,,
3.686893,1.493019,,,,,,
3.687359,1.260716,,,,,,
3.687824,0.894972,,,,,,
3.688290,0.423987,,,,,,
3.688755,-0.048508,,,,,,
3.689221,-0.592676,,,,,,
3.689686,-1.052583,,,,,,
3.690152,-1.321645,,,,,,
3.690618,-1.505104,,,,,,
3.691083,-1.682017,,,,,,
3.691549,-1.868833,,,,,,
3.692014,-1.950912,,,,,,
3.692480,-1.860441,,,,,,
3.692945,-1.677150,,,,,,
3.693411,-1.377035,,,,,,
3.693876,-0.940795,,,,,,
3.694342,-0.515969,,,,,,
3.694807,-0.102220,,,,,,
3.695273,0.399313,,,,,,
3.695738,0.744747,,,,,,
3.696204,0.915450,,,,,,
3.696669,0.988128,,,,,,
3.697135,0.983764,,,,,,
3.697600,0.986114,,,,,,
3.698066,0.907561,,,,,,
3.698531,0.750454,,,,,,
3.698997,0.531914,,,,,,
3.699462,0.202426,,,,,,
3.699928,-0.266377,,,,,,
3.700393,-0.738705,,,,,,
3.700859,-1.274815,,,,,,
3.701324,-1.776684,,,,,,
3.701790,-2.088212,,,,,,
3.702255,-2.275196,,,,,,
3.702721,-2.401419,,,,,,
3.703186,-2.525460,,,,,,
3.703652,-2.597635,,,,,,
3.704117,-2.529152,,,,,,
3.704583,-2.371542,,,,,,
3.705049,-2.109697,,,,,,
3.705514,-1.687053,,,,,,
3.705980,-1.226139,,,,,,
3.706445,-0.806516,,,,,,
3.706911,-0.291722,,,,,,
3.707376,0.135958,,,,,,
3.707842,0.378164,,,,,,
3.708307,0.539132,,,,,,
3.708773,0.627588,,,,,,
3.709238,0.747097,,,,,,
3.709704,0.819272,,,,,,
3.710169,0.819272,,,,,,
3.710635,0.754314,,,,,,
3.711100,0.602747,,,,,,
3.711566,0.301961,,,,,,
3.712031,-0.031891,,,,,,
3.712497,-0.412909,,,,,,
3.712962,-0.815915,,,,,,
3.713428,-1.050568,,,,,,
3.713893,-1.181491,,,,,,
3.714359,-1.181491,,,,,,
3.714824,-1.466163,,,,,,
3.715290,-1.597086,,,,,,
3.715755,-1.556466,,,,,,
3.716221,-1.420172,,,,,,
3.716686,-1.193240,,,,,,
3.717152,-0.810880,,,,,,
3.717617,-0.387060,,,,,,
3.718083,-0.005539,,,,,,
3.718549,0.445640,,,,,,
3.719014,0.876677,,,,,,
3.719480,1.100587,,,,,,
3.719945,1.209689,,,,,,
3.720411,1.241917,,,,,,
3.720876,1.252323,,,,,,
3.721342,1.238224,,,,,,
3.721807,1.150607,,,,,,
3.722273,1.025727,,,,,,
3.722738,0.803494,,,,,,
3.723204,0.475685,,,,,,
3.723669,0.106920,,,,,,
3.724135,-0.306325,,,,,,
3.724600,-0.745754,,,,,,
3.725066,-1.010452,,,,,,
3.725531,-1.142885,,,,,,
3.725997,-1.227649,,,,,,
3.726462,-1.346822,,,,,,
3.726928,-1.459113,,,,,,
3.727393,-1.392645,,,,,,
3.727859,-1.211704,,,,,,
3.728324,-0.956909,,,,,,
3.728790,-0.573541,,,,,,
3.729255,-0.115145,,,,,,
3.729721,0.292897,,,,,,
3.730186,0.751125,,,,,,
3.730652,1.187198,,,,,,
3.731117,1.431250,,,,,,
3.731583,1.562509,,,,,,
3.732049,1.587015,,,,,,
3.732514,1.569894,,,,,,
3.732980,1.559823,,,,,,
3.733445,1.449714,,,,,,
3.733911,1.292607,,,,,,
3.734376,1.044358,,,,,,
3.734842,0.669886,,,,,,
3.735307,0.229114,,,,,,
3.735773,-0.231128,,,,,,
3.736238,-0.757504,,,,,,
3.736704,-1.159670,,,,,,
3.737169,-1.398688,,,,,,
3.737635,-1.554116,,,,,,
3.738100,-1.705013,,,,,,
3.738566,-1.919356,,,,,,
3.739031,-1.977096,,,,,,
3.739497,-1.875380,,,,,,
3.739962,-1.708873,,,,,,
3.740428,-1.430243,,,,,,
3.740893,-1.024384,,,,,,
3.741359,-1.024384,,,,,,
3.741824,-0.244892,,,,,,
3.742290,0.207630,,,,,,
3.742755,0.477867,,,,,,
3.743221,0.631617,,,,,,
3.743686,0.707820,,,,,,
3.744152,0.740215,,,,,,
3.744617,0.784360,,,,,,
3.745083,0.768414,,,,,,
3.745548,0.724605,,,,,,
3.746014,0.633967,,,,,,
3.746480,0.397971,,,,,,
3.746945,0.095842,,,,,,
3.747411,-0.183291,,,,,,
3.747876,-0.519829,,,,,,
3.748342,-0.780667,,,,,,
3.748807,-0.862913,,,,,,
3.749273,-0.870466,,,,,,
3.749738,-0.861402,,,,,,
3.750204,-0.924346,,,,,,
3.750669,-0.871138,,,,,,
3.751135,-0.654780,,,,,,
3.751600,-0.377157,,,,,,
3.752066,-0.004868,,,,,,
3.752531,0.472999,,,,,,
3.752997,0.923674,,,,,,
3.753462,1.374853,,,,,,
3.753928,1.891829,,,,,,
3.754393,2.224842,,,,,,
3.754859,2.411490,,,,,,
3.755324,2.500114,,,,,,
3.755790,2.523613,,,,,,
3.756255,2.536370,,,,,,
3.756721,2.474601,,,,,,
3.757186,2.343008,,,,,,
3.757652,2.161395,,,,,,
3.758117,1.833082,,,,,,
3.758583,1.398688,,,,,,
3.759048,0.929717,,,,,,
3.759514,0.371618,,,,,,
3.759980,-0.144518,,,,,,
3.760445,-0.498009,,,,,,
3.760911,-0.761196,,,,,,
3.761376,-0.979400,,,,,,
3.761842,-1.234195,,,,,,
3.762307,-1.430579,,,,,,
3.762773,-1.406744,,,,,,
3.763238,-1.290761,,,,,,
3.763704,-1.075074,,,,,,
3.764169,-0.717388,,,,,,
3.764635,-0.321263,,,,,,
3.765100,0.071672,,,,,,
3.765566,0.586465,,,,,,
3.766031,0.981415,,,,,,
3.766497,1.226810,,,,,,
3.766962,1.387945,,,,,,
3.767428,1.478920,,,,,,
3.767893,1.605814,,,,,,
3.768359,1.605814,,,,,,
3.768824,1.682185,,,,,,
3.769290,1.648112,,,,,,
3.769755,1.507118,,,,,,
3.770221,1.208347,,,,,,
3.770686,0.912932,,,,,,
3.771152,0.538796,,,,,,
3.771617,0.146868,,,,,,
3.772083,-0.061936,,,,,,
3.772548,-0.061936,,,,,,
3.773014,-0.305989,,,,,,
3.773480,-0.458396,,,,,,
3.773945,-0.618524,,,,,,
3.774411,-0.596704,,,,,,
3.774876,-0.483909,,,,,,
3.775342,-0.299947,,,,,,
3.775807,0.017624,,,,,,
3.776273,0.349966,,,,,,
3.776738,0.629435,,,,,,
3.777204,1.013642,,,,,,
3.777669,1.310735,,,,,,
3.778135,1.394324,,,,,,
3.778600,1.400366,,,,,,
3.779066,1.298985,,,,,,
3.779531,1.190890,,,,,,
3.779997,1.053254,,,,,,
3.780462,0.835050,,,,,,
3.780928,0.582940,,,,,,
3.781393,0.261006,,,,,,
3.781859,-0.219043,,,,,,
3.782324,-0.715206,,,,,,
3.782790,-1.249638,,,,,,
3.783255,-1.812100,,,,,,
3.783721,-2.162737,,,,,,
3.784186,-2.342336,,,,,,
3.784652,-2.505318,,,,,,
3.785117,-2.667796,,,,,,
3.785583,-2.811139,,,,,,
3.786048,-2.771862,,,,,,
3.786514,-2.567590,,,,,,
3.786979,-2.276036,,,,,,
3.787445,-1.846006,,,,,,
3.787911,-1.347662,,,,,,
3.788376,-0.866438,,,,,,
3.788842,-0.302968,,,,,,
3.789307,0.232471,,,,,,
3.789773,0.542824,,,,,,
3.790238,0.760189,,,,,,
3.790704,0.884565,,,,,,
3.791169,0.966308,,,,,,
3.791635,1.017670,,,,,,
3.792100,0.957916,,,,,,
3.792566,0.862242,,,,,,
3.793031,0.691035,,,,,,
3.793497,0.346273,,,,,,
3.793962,-0.080735,,,,,,
3.794428,-0.529229,,,,,,
3.794893,-1.063325,,,,,,
3.795359,-1.467338,,,,,,
3.795824,-1.735058,,,,,,
3.796290,-1.927245,,,,,,
3.796755,-2.128832,,,,,,
3.797221,-2.365499,,,,,,
3.797686,-2.443717,,,,,,
3.798152,-2.342000,,,,,,
3.798617,-2.156023,,,,,,
3.799083,-1.836103,,,,,,
3.799548,-1.836103,,,,,,
3.800014,-0.956405,,,,,,
3.800479,-0.442115,,,,,,
3.800945,0.140826,,,,,,
3.801411,0.512612,,,,,,
3.801876,0.769085,,,,,,
3.802342,0.960601,,,,,,
3.802807,1.119722,,,,,,
3.803273,1.284886,,,,,,
3.803738,1.352697,,,,,,
3.804204,1.378882,,,,,,
3.804669,1.363439,,,,,,
3.805135,1.202304,,,,,,
3.805600,0.933074,,,,,,
3.806066,0.665019,,,,,,
3.806531,0.292897,,,,,,
3.806997,-0.007889,,,,,,
3.807462,-0.155932,,,,,,
3.807928,-0.270909,,,,,,
3.808393,-0.385550,,,,,,
3.808859,-0.557595,,,,,,
3.809324,-0.628931,,,,,,
3.809790,-0.576226,,,,,,
3.810255,-0.441276,,,,,,
3.810721,-0.214343,,,,,,
3.811186,0.110613,,,,,,
3.811652,0.389914,,,,,,
3.812117,0.701946,,,,,,
3.812583,1.098573,,,,,,
3.813048,1.324331,,,,,,
3.813514,1.398016,,,,,,
3.813979,1.399023,,,,,,
3.814445,1.344976,,,,,,
3.814911,1.319799,,,,,,
3.815376,1.226474,,,,,,
3.815842,1.075242,,,,,,
3.816307,0.893797,,,,,,
3.816773,0.616175,,,,,,
3.817238,0.220386,,,,,,
3.817704,-0.198398,,,,,,
3.818169,-0.663172,,,,,,
3.818635,-1.065339,,,,,,
3.819100,-1.291936,,,,,,
3.819566,-1.440314,,,,,,
3.820031,-1.546395,,,,,,
3.820497,-1.690074,,,,,,
3.820962,-1.741772,,,,,,
3.821428,-1.614542,,,,,,
3.821893,-1.377874,,,,,,
3.822359,-1.044358,,,,,,
3.822824,-0.582437,,,,,,
3.823290,-0.106920,,,,,,
3.823755,0.344930,,,,,,
3.824221,0.908232,,,,,,
3.824686,1.334569,,,,,,
3.825152,1.592386,,,,,,
3.825617,1.746807,,,,,,
3.826083,1.841138,,,,,,
3.826548,1.943526,,,,,,
3.827014,1.980789,,,,,,
3.827479,1.943526,,,,,,
3.827945,1.876387,,,,,,
3.828410,1.694102,,,,,,
3.828876,1.389624,,,,,,
3.829342,1.053925,,,,,,
3.829807,0.649409,,,,,,
3.830273,0.240192,,,,,,
3.830738,0.001846,,,,,,
3.831204,-0.153246,,,,,,
3.831669,-0.304982,,,,,,
3.832135,-0.509087,,,,,,
3.832600,-0.676936,,,,,,
3.833066,-0.658137,,,,,,
3.833531,-0.564141,,,,,,
3.833997,-0.380346,,,,,,
3.834462,-0.065293,,,,,,
3.834928,0.269566,,,,,,
3.835393,0.558267,,,,,,
3.835859,0.972686,,,,,,
3.836324,1.270115,,,,,,
3.836790,1.390631,,,,,,
3.837255,1.415473,,,,,,
3.837721,1.346654,,,,,,
3.838186,1.270787,,,,,,
3.838652,1.169406,,,,,,
3.839117,0.990143,,,,,,
3.839583,0.787381,,,,,,
3.840048,0.503380,,,,,,
3.840514,0.101884,,,,,,
3.840979,-0.328817,,,,,,
3.841445,-0.829007,,,,,,
3.841910,-1.332891,,,,,,
3.842376,-1.659190,,,,,,
3.842842,-1.854231,,,,,,
3.843307,-1.976761,,,,,,
3.843773,-2.086030,,,,,,
3.844238,-2.202853,,,,,,
3.844704,-2.129168,,,,,,
3.845169,-1.931609,,,,,,
3.845635,-1.650797,,,,,,
3.846100,-1.254505,,,,,,
3.846566,-0.791745,,,,,,
3.847031,-0.363394,,,,,,
3.847497,0.154925,,,,,,
3.847962,0.639338,,,,,,
3.848428,0.930053,,,,,,
3.848893,1.117372,,,,,,
3.849359,1.207004,,,,,,
3.849824,1.299321,,,,,,
3.850290,1.373175,,,,,,
3.850755,1.343297,,,,,,
3.851221,1.283879,,,,,,
3.851686,1.167224,,,,,,
3.852152,0.903197,,,,,,
3.852617,0.604425,,,,,,
3.853083,0.247913,,,,,,
3.853548,-0.173388,,,,,,
3.854014,-0.466789,,,,,,
3.854479,-0.630945,,,,,,
3.854945,-0.752468,,,,,,
3.855410,-0.888426,,,,,,
3.855876,-1.041001,,,,,,
3.856342,-1.022034,,,,,,
3.856807,-0.885405,,,,,,
3.857273,-0.706142,,,,,,
3.857738,-0.409384,,,,,,
3.858204,-0.049516,,,,,,
3.858669,0.244221,,,,,,
3.859135,0.598718,,,,,,
3.859600,0.974029,,,,,,
3.860066,1.143221,,,,,,
3.860531,1.216403,,,,,,
3.860997,1.169406,,,,,,
3.861462,1.099916,,,,,,
3.861928,1.029587,,,,,,
3.862393,0.858885,,,,,,
3.862859,0.664851,,,,,,
3.863324,0.432212,,,,,,
3.863790,0.082750,,,,,,
3.864255,-0.321096,,,,,,
3.864721,-0.731487,,,,,,
3.865186,-1.228321,,,,,,
3.865652,-1.565530,,,,,,
3.866117,-1.732372,,,,,,
3.866583,-1.841138,,,,,,
3.867048,-1.923888,,,,,,
3.867514,-2.025101,,,,,,
3.867979,-1.972396,,,,,,
3.868445,-1.733043,,,,,,
3.868910,-1.428229,,,,,,
3.869376,-0.994507,,,,,,
3.869841,-0.445975,,,,,,
3.870307,0.050523,,,,,,
3.870773,0.580926,,,,,,
3.871238,1.158328,,,,,,
3.871704,1.538338,,,,,,
3.872169,1.787594,,,,,,
3.872635,1.946212,,,,,,
3.873100,2.013016,,,,,,
3.873566,2.096269,,,,,,
3.874031,2.089220,,,,,,
3.874497,2.018051,,,,,,
3.874962,1.888472,,,,,,
3.875428,1.631327,,,,,,
3.875893,1.243763,,,,,,
3.876359,0.837736,,,,,,
3.876824,0.314717,,,,,,
3.877290,-0.131426,,,,,,
3.877755,-0.399313,,,,,,
3.878221,-0.584619,,,,,,
3.878686,-0.724269,,,,,,
3.879152,-0.917967,,,,,,
3.879617,-1.013977,,,,,,
3.880083,-0.926024,,,,,,
3.880548,-0.773953,,,,,,
3.881014,-0.553567,,,,,,
3.881479,-0.188159,,,,,,
3.881945,0.166003,,,,,,
3.882410,0.514794,,,,,,
3.882876,0.950530,,,,,,
3.883341,1.244938,,,,,,
3.883807,1.372168,,,,,,
3.884273,1.423529,,,,,,
3.884738,1.368475,,,,,,
3.885204,1.342626,,,,,,
3.885669,1.243091,,,,,,
3.886135,1.065339,,,,,,
3.886600,0.853849,,,,,,
3.887066,0.536614,,,,,,
3.887531,0.103227,,,,,,
3.887997,-0.316396,,,,,,
3.888462,-0.807187,,,,,,
3.888928,-1.283543,,,,,,
3.889393,-1.561837,,,,,,
3.889859,-1.741436,,,,,,
3.890324,-1.893507,,,,,,
3.890790,-2.095766,,,,,,
3.891255,-2.214771,,,,,,
3.891721,-2.136553,,,,,,
3.892186,-1.958633,,,,,,
3.892652,-1.709209,,,,,,
3.893117,-1.309728,,,,,,
3.893583,-0.899840,,,,,,
3.894048,-0.508751,,,,,,
3.894514,-0.005539,,,,,,
3.894979,0.363058,,,,,,
3.895445,0.571862,,,,,,
3.895910,0.722927,,,,,,
3.896376,0.776638,,,,,,
3.896841,0.822965,,,,,,
3.897307,0.857877,,,,,,
3.897773,0.826993,,,,,,
3.898238,0.778485,,,,,,
3.898704,0.643702,,,,,,
3.899169,0.390417,,,,,,
3.899635,0.128069,,,,,,
3.900100,-0.187488,,,,,,
3.900566,-0.559442,,,,,,
3.901031,-0.760861,,,,,,
3.901497,-0.859556,,,,,,
3.901962,-0.934752,,,,,,
3.902428,-1.027070,,,,,,
3.902893,-1.153628,,,,,,
3.903359,-1.092195,,,,,,
3.903824,-0.905882,,,,,,
3.904290,-0.675090,,,,,,
3.904755,-0.357519,,,,,,
3.905221,0.022660,,,,,,
3.905686,0.353491,,,,,,
3.906152,0.768246,,,,,,
3.906617,1.097566,,,,,,
3.907083,1.218418,,,,,,
3.907548,1.239231,,,,,,
3.908014,1.168399,,,,,,
3.908479,1.065339,,,,,,
3.908945,0.958251,,,,,,
3.909410,0.764218,,,,,,
3.909876,0.544335,,,,,,
3.910341,0.295918,,,,,,
3.910807,-0.106249,,,,,,
3.911272,-0.525872,,,,,,
3.911738,-0.943648,,,,,,
3.912204,-1.415473,,,,,,
3.912669,-1.732372,,,,,,
3.913135,-1.886961,,,,,,
3.913600,-1.994553,,,,,,
3.914066,-2.122454,,,,,,
3.914531,-2.266468,,,,,,
3.914997,-2.209064,,,,,,
3.915462,-2.002945,,,,,,
3.915928,-1.711223,,,,,,
3.916393,-1.321309,,,,,,
3.916859,-0.843610,,,,,,
3.917324,-0.425330,,,,,,
3.917790,0.068986,,,,,,
3.918255,0.557763,,,,,,
3.918721,0.839078,,,,,,
3.919186,1.014313,,,,,,
3.919652,1.078096,,,,,,
3.920117,1.101930,,,,,,
3.920583,1.095552,,,,,,
3.921048,1.006928,,,,,,
3.921514,0.875334,,,,,,
3.921979,0.690532,,,,,,
3.922445,0.360372,,,,,,
3.922910,-0.015946,,,,,,
3.923376,-0.415763,,,,,,
3.923841,-0.888426,,,,,,
3.924307,-1.248295,,,,,,
3.924772,-1.441825,,,,,,
3.925238,-1.562173,,,,,,
3.925704,-1.651133,,,,,,
3.926169,-1.780713,,,,,,
3.926635,-1.760403,,,,,,
3.927100,-1.571908,,,,,,
3.927566,-1.323995,,,,,,
3.928031,-0.968154,,,,,,
3.928497,-0.515801,,,,,,
3.928962,-0.089464,,,,,,
3.929428,0.394110,,,,,,
3.929893,0.931060,,,,,,
3.930359,1.258869,,,,,,
3.930824,1.486641,,,,,,
3.931290,1.596918,,,,,,
3.931755,1.653483,,,,,,
3.932221,1.726665,,,,,,
3.932686,1.723980,,,,,,
3.933152,1.663554,,,,,,
3.933617,1.578958,,,,,,
3.934083,1.393652,,,,,,
3.934548,1.112001,,,,,,
3.935014,0.836057,,,,,,
3.935479,0.462425,,,,,,
3.935945,0.160967,,,,,,
3.936410,0.012253,,,,,,
3.936876,-0.062608,,,,,,
3.937341,-0.125719,,,,,,
3.937807,-0.249928,,,,,,
3.938272,-0.278798,,,,,,
3.938738,-0.118669,,,,,,
3.939204,0.122698,,,,,,
3.939669,0.445975,,,,,,
3.940135,0.864591,,,,,,
3.940600,1.267262,,,,,,
3.941066,1.675639,,,,,,
3.941531,2.155352,,,,,,
3.941997,2.457145,,,,,,
3.942462,2.610224,,,,,,
3.942928,2.682399,,,,,,
3.943393,2.671321,,,,,,
3.943859,2.671153,,,,,,
3.944324,2.595453,,,,,,
3.944790,2.476280,,,,,,
3.945255,2.320516,,,,,,
3.945721,2.054643,,,,,,
3.946186,1.686717,,,,,,
3.946652,1.311574,,,,,,
3.947117,0.845121,,,,,,
3.947583,0.416770,,,,,,
3.948048,0.146197,,,,,,
3.948514,-0.030381,,,,,,
3.948979,-0.179095,,,,,,
3.949445,-0.382864,,,,,,
3.949910,-0.503044,,,,,,
3.950376,-0.442954,,,,,,
3.950841,-0.284337,,,,,,
3.951307,-0.046830,,,,,,
3.951772,0.294575,,,,,,
3.952238,0.607614,,,,,,
3.952703,0.922164,,,,,,
3.953169,1.347326,,,,,,
3.953635,1.619074,,,,,,
3.954100,1.712902,,,,,,
3.954566,1.738079,,,,,,
3.955031,1.671946,,,,,,
3.955497,1.616388,,,,,,
3.955962,1.495705,,,,,,
3.956428,1.320470,,,,,,
3.956893,1.117708,,,,,,
3.957359,0.822629,,,,,,
3.957824,0.383871,,,,,,
3.958290,-0.081071,,,,,,
3.958755,-0.618189,,,,,,
3.959221,-1.140032,,,,,,
3.959686,-1.490669,,,,,,
3.960152,-1.739086,,,,,,
3.960617,-1.902907,,,,,,
3.961083,-2.099962,,,,,,
3.961548,-2.284260,,,,,,
3.962014,-2.272007,,,,,,
3.962479,-2.138231,,,,,,
3.962945,-1.948562,,,,,,
3.963410,-1.619074,,,,,,
3.963876,-1.283207,,,,,,
3.964341,-0.974029,,,,,,
3.964807,-0.534600,,,,,,
3.965272,-0.164157,,,,,,
3.965738,0.003189,,,,,,
3.966203,0.064958,,,,,,
3.966669,0.042130,,,,,,
3.967135,0.026688,,,,,,
3.967600,-0.027527,,,,,,
3.968066,-0.199908,,,,,,
3.968531,-0.372122,,,,,,
3.968997,-0.602411,,,,,,
3.969462,-0.971847,,,,,,
3.969928,-1.366293,,,,,,
3.970393,-1.782055,,,,,,
3.970859,-2.246326,,,,,,
3.971324,-2.527474,,,,,,
3.971790,-2.708248,,,,,,
3.972255,-2.806943,,,,,,
3.972721,-2.901106,,,,,,
3.973186,-3.013397,,,,,,
3.973652,-2.915709,,,,,,
3.974117,-2.672663,,,,,,
3.974583,-2.345022,,,,,,
3.975048,-1.890150,,,,,,
3.975514,-1.361089,,,,,,
3.975979,-0.896315,,,,,,
3.976445,-0.317067,,,,,,
3.976910,0.251942,,,,,,
3.977376,0.600732,,,,,,
3.977841,0.850492,,,,,,
3.978307,0.999207,,,,,,
3.978772,1.105623,,,,,,
3.979238,1.209018,,,,,,
3.979703,1.198611,,,,,,
3.980169,1.132479,,,,,,
3.980634,1.000214,,,,,,
3.981100,0.720073,,,,,,
3.981566,0.373465,,,,,,
3.982031,-0.025681,,,,,,
3.982497,-0.518486,,,,,,
3.982962,-0.887083,,,,,,
3.983428,-1.141711,,,,,,
3.983893,-1.367132,,,,,,
3.984359,-1.594736,,,,,,
3.984824,-1.885451,,,,,,
3.985290,-2.018051,,,,,,
3.985755,-1.992370,,,,,,
3.986221,-1.886625,,,,,,
3.986686,-1.676310,,,,,,
3.987152,-1.349172,,,,,,
3.987617,-1.069703,,,,,,
3.988083,-0.689693,,,,,,
3.988548,-0.258656,,,,,,
3.989014,-0.025681,,,,,,
3.989479,0.129412,,,,,,
3.989945,0.202258,,,,,,
3.990410,0.246235,,,,,,
3.990876,0.332509,,,,,,
3.991341,0.343252,,,,,,
3.991807,0.316732,,,,,,
3.992272,0.292393,,,,,,
3.992738,0.149218,,,,,,
3.993203,-0.042634,,,,,,
3.993669,-0.217700,,,,,,
3.994134,-0.483574,,,,,,
3.994600,-0.653101,,,,,,
3.995066,-0.650919,,,,,,
3.995531,-0.606439,,,,,,
3.995997,-0.528222,,,,,,
3.996462,-0.526207,,,,,,
3.996928,-0.412406,,,,,,
3.997393,-0.127062,,,,,,
3.997859,0.220386,,,,,,
3.998324,0.631281,,,,,,
3.998790,1.134157,,,,,,
3.999255,1.587350,,,,,,
3.999721,2.039200,,,,,,
4.000186,2.568261,,,,,,
4.000652,2.873411,,,,,,
4.001117,3.034546,,,,,,
4.001583,3.081544,,,,,,
4.002048,3.046632,,,,,,
4.002514,3.015076,,,,,,
4.002979,2.901442,,,,,,
4.003445,2.695827,,,,,,
4.003910,2.476616,,,,,,
4.004376,2.134874,,,,,,
4.004841,1.685374,,,,,,
4.005307,1.231174,,,,,,
4.005772,0.683146,,,,,,
4.006238,0.195041,,,,,,
4.006703,-0.111788,,,,,,
4.007169,-0.340902,,,,,,
4.007634,-0.530571,,,,,,
4.008100,-0.727459,,,,,,
4.008566,-0.881712,,,,,,
4.009031,-0.888426,,,,,,
4.009497,-0.799130,,,,,,
4.009962,-0.619867,,,,,,
4.010428,-0.308507,,,,,,
4.010893,0.012253,,,,,,
4.011359,0.330159,,,,,,
4.011824,0.812222,,,,,,
4.012290,1.178134,,,,,,
4.012755,1.405402,,,,,,
4.013221,1.563851,,,,,,
4.013686,1.647944,,,,,,
4.014152,1.770977,,,,,,
4.014617,1.862287,,,,,,
4.015083,1.892500,,,,,,
4.015548,1.893172,,,,,,
4.016014,1.833753,,,,,,
4.016479,1.660868,,,,,,
4.016945,1.457435,,,,,,
4.017410,1.166720,,,,,,
4.017876,0.858549,,,,,,
4.018341,0.703792,,,,,,
4.018807,0.703792,,,,,,
4.019272,0.551049,,,,,,
4.019738,0.424155,,,,,,
4.020203,0.334188,,,,,,
4.020669,0.428519,,,,,,
4.021134,0.609461,,,,,,
4.021600,0.833707,,,,,,
4.022065,1.174105,,,,,,
4.022531,1.510475,,,,,,
4.022997,1.778698,,,,,,
4.023462,2.128161,,,,,,
4.023928,2.361807,,,,,,
4.024393,2.406455,,,,,,
4.024859,2.334951,,,,,,
4.025324,2.120439,,,,,,
4.025790,1.911971,,,,,,
4.026255,1.661875,,,,,,
4.026721,1.314427,,,,,,
4.027186,0.927031,,,,,,
4.027652,0.504051,,,,,,
4.028117,-0.040787,,,,,,
4.028583,-0.584283,,,,,,
4.029048,-1.175113,,,,,,
4.029514,-1.816129,,,,,,
4.029979,-2.260258,,,,,,
4.030445,-2.551644,,,,,,
4.030910,-2.785290,,,,,,
4.031376,-3.039918,,,,,,
4.031841,-3.261311,,,,,,
4.032307,-3.264332,,,,,,
4.032772,-3.122164,,,,,,
4.033238,-2.913024,,,,,,
4.033703,-2.544091,,,,,,
4.034169,-2.111376,,,,,,
4.034634,-1.719615,,,,,,
4.035100,-1.228992,,,,,,
4.035565,-0.743740,,,,,,
4.036031,-0.449668,,,,,,
4.036497,-0.236835,,,,,,
4.036962,-0.124041,,,,,,
4.037428,-0.036088,,,,,,
4.037893,0.065629,,,,,,
4.038359,0.090471,,,,,,
4.038824,0.049180,,,,,,
4.039290,-0.071336,,,,,,
4.039755,-0.313375,,,,,,
4.040221,-0.597208,,,,,,
4.040686,-0.943145,,,,,,
4.041152,-1.408255,,,,,,
4.041617,-1.408255,,,,,,
4.042083,-1.886122,,,,,,
4.042548,-2.007813,,,,,,
4.043014,-2.136553,,,,,,
4.043479,-2.298024,,,,,,
4.043945,-2.303059,,,,,,
4.044410,-2.159548,,,,,,
4.044876,-1.948226,,,,,,
4.045341,-1.659861,,,,,,
4.045807,-1.290929,,,,,,
4.046272,-0.956909,,,,,,
4.046738,-0.549538,,,,,,
4.047203,-0.144518,,,,,,
4.047669,0.083085,,,,,,
4.048134,0.229450,,,,,,
4.048600,0.279805,,,,,,
4.049065,0.273091,,,,,,
4.049531,0.286183,,,,,,
4.049997,0.286183,,,,,,
4.050462,0.078721,,,,,,
4.050928,-0.094835,,,,,,
4.051393,-0.392767,,,,,,
4.051859,-0.751797,,,,,,
4.052324,-1.120729,,,,,,
4.052790,-1.580972,,,,,,
4.053255,-1.930434,,,,,,
4.053721,-2.124468,,,,,,
4.054186,-2.248676,,,,,,
4.054652,-2.368856,,,,,,
4.055117,-2.548119,,,,,,
4.055583,-2.554162,,,,,,
4.056048,-2.377417,,,,,,
4.056514,-2.119097,,,,,,
4.056979,-1.759228,,,,,,
4.057445,-1.271458,,,,,,
4.057910,-0.840253,,,,,,
4.058376,-0.345434,,,,,,
4.058841,0.218708,,,,,,
4.059307,0.593011,,,,,,
4.059772,0.851164,,,,,,
4.060238,1.021027,,,,,,
4.060703,1.132479,,,,,,
4.061169,1.269780,,,,,,
4.061634,1.343633,,,,,,
4.062100,1.384253,,,,,,
4.062565,1.379553,,,,,,
4.063031,1.237217,,,,,,
4.063496,1.022370,,,,,,
4.063962,0.819944,,,,,,
4.064428,0.493645,,,,,,
4.064893,0.242206,,,,,,
4.065359,0.164660,,,,,,
4.065824,0.148043,,,,,,
4.066290,0.135454,,,,,,
4.066755,0.008225,,,,,,
4.067221,-0.028702,,,,,,
4.067686,0.123369,,,,,,
4.068152,0.363729,,,,,,
4.068617,0.659815,,,,,,
4.069083,1.053086,,,,,,
4.069548,1.403388,,,,,,
4.070014,1.738415,,,,,,
4.070479,2.163073,,,,,,
4.070945,2.395209,,,,,,
4.071410,2.509514,,,,,,
4.071876,2.557183,,,,,,
4.072341,2.491722,,,,,,
4.072807,2.491722,,,,,,
4.073272,2.348211,,,,,,
4.073738,2.192279,,,,,,
4.074203,2.005295,,,,,,
4.074669,1.728679,,,,,,
4.075134,1.372671,,,,,,
4.075600,1.021363,,,,,,
4.076065,0.583780,,,,,,
4.076531,0.187488,,,,,,
4.076996,-0.025010,,,,,,
4.077462,-0.143343,,,,,,
4.077928,-0.230121,,,,,,
4.078393,-0.368093,,,,,,
4.078859,-0.450340,,,,,,
4.079324,-0.299947,,,,,,
4.079790,-0.029038,,,,,,
4.080255,0.302296,,,,,,
4.080721,0.743069,,,,,,
4.081186,1.198779,,,,,,
4.081652,1.627298,,,,,,
4.082117,2.152331,,,,,,
4.082583,2.513542,,,,,,
4.083048,2.693141,,,,,,
4.083514,2.768673,,,,,,
4.083979,2.713619,,,,,,
4.084445,2.637079,,,,,,
4.084910,2.497429,,,,,,
4.085376,2.284260,,,,,,
4.085841,2.047257,,,,,,
4.086307,1.724651,,,,,,
4.086772,1.264073,,,,,,
4.087238,0.799466,,,,,,
4.087703,0.261006,,,,,,
4.088169,-0.309850,,,,,,
4.088634,-0.692546,,,,,,
4.089100,-0.970504,,,,,,
4.089565,-1.195254,,,,,,
4.090031,-1.451728,,,,,,
4.090496,-1.715251,,,,,,
4.090962,-1.741100,,,,,,
4.091428,-1.618906,,,,,,
4.091893,-1.415473,,,,,,
4.092359,-1.071885,,,,,,
4.092824,-0.680629,,,,,,
4.093290,-0.309514,,,,,,
4.093755,0.207965,,,,,,
4.094221,0.646723,,,,,,
4.094686,0.881712,,,,,,
4.095152,1.054597,,,,,,
4.095617,1.112001,,,,,,
4.096083,1.151949,,,,,,
4.096548,1.168734,,,,,,
4.097014,1.095216,,,,,,
4.097479,0.997528,,,,,,
4.097945,0.852338,,,,,,
4.098410,0.561120,,,,,,
4.098876,0.277287,,,,,,
4.099341,-0.055222,,,,,,
4.099807,-0.491966,,,,,,
4.100272,-0.783352,,,,,,
4.100738,-0.972015,,,,,,
4.101203,-1.131136,,,,,,
4.101669,-1.316945,,,,,,
4.102134,-1.564858,,,,,,
4.102600,-1.671946,,,,,,
4.103065,-1.627802,,,,,,
4.103531,-1.542199,,,,,,
4.103996,-1.542199,,,,,,
4.104462,-1.137682,,,,,,
4.104927,-0.959930,,,,,,
4.105393,-0.691371,,,,,,
4.105859,-0.430701,,,,,,
4.106324,-0.410559,,,,,,
4.106790,-0.450843,,,,,,
4.107255,-0.606439,,,,,,
4.107721,-0.824979,,,,,,
4.108186,-1.021363,,,,,,
4.108652,-1.301503,,,,,,
4.109117,-1.609842,,,,,,
4.109583,-1.910628,,,,,,
4.110048,-2.326223,,,,,,
4.110514,-2.774716,,,,,,
4.110979,-3.189975,,,,,,
4.111445,-3.658274,,,,,,
4.111910,-3.973495,,,,,,
4.112376,-4.108782,,,,,,
4.112841,-4.130938,,,,,,
4.113307,-4.110124,,,,,,
4.113772,-4.083604,,,,,,
4.114238,-3.881010,,,,,,
4.114703,-3.470619,,,,,,
4.115169,-2.971099,,,,,,
4.115634,-2.370871,,,,,,
4.116100,-1.671946,,,,,,
4.116565,-1.018677,,,,,,
4.117031,-0.297261,,,,,,
4.117496,0.481056,,,,,,
4.117962,1.041169,,,,,,
4.118427,1.466163,,,,,,
4.118893,1.800519,,,,,,
4.119359,2.052293,,,,,,
4.119824,2.305409,,,,,,
4.120290,2.438346,,,,,,
4.120755,2.496925,,,,,,
4.121221,2.509514,,,,,,
4.121686,2.366506,,,,,,
4.122152,2.103990,,,,,,
4.122617,1.828717,,,,,,
4.123083,1.410941,,,,,,
4.123548,1.041169,,,,,,
4.124014,0.802823,,,,,,
4.124479,0.589990,,,,,,
4.124945,0.391928,,,,,,
4.125410,0.126055,,,,,,
4.125876,-0.024338,,,,,,
4.126341,0.004868,,,,,,
4.126807,0.004868,,,,,,
4.127272,0.348287,,,,,,
4.127738,0.669215,,,,,,
4.128203,0.952544,,,,,,
4.128669,1.280186,,,,,,
4.129134,1.703838,,,,,,
4.129600,1.956954,,,,,,
4.130065,2.083513,,,,,,
4.130531,2.151324,,,,,,
4.130996,2.120775,,,,,,
4.131462,2.121447,,,,,,
4.131927,2.066728,,,,,,
4.132393,1.939834,,,,,,
4.132859,1.810590,,,,,,
4.133324,1.609171,,,,,,
4.133790,1.314427,,,,,,
4.134255,1.042847,,,,,,
4.134721,0.696742,,,,,,
4.135186,0.696742,,,,,,
4.135652,0.236835,,,,,,
4.136117,0.145190,,,,,,
4.136583,0.077714,,,,,,
4.137048,-0.061936,,,,,,
4.137514,-0.140154,,,,,,
4.137979,-0.046494,,,,,,
4.138445,0.167346,,,,,,
4.138910,0.437247,,,,,,
4.139376,0.801816,,,,,,
4.139841,1.159335,,,,,,
4.140307,1.498726,,,,,,
4.140772,1.952087,,,,,,
4.141238,2.256733,,,,,,
4.141703,2.383291,,,,,,
4.142169,2.399908,,,,,,
4.142634,2.320180,,,,,,
4.143100,2.228031,,,,,,
4.143565,2.057496,,,,,,
4.144031,1.786587,,,,,,
4.144496,1.485634,,,,,,
4.144962,1.093538,,,,,,
4.145427,0.574884,,,,,,
4.145893,0.036759,,,,,,
4.146358,-0.584619,,,,,,
4.146824,-1.233021,,,,,,
4.147290,-1.698299,,,,,,
4.147755,-2.053971,,,,,,
4.148221,-2.383963,,,,,,
4.148686,-2.728054,,,,,,
4.149152,-3.015076,,,,,,
4.149617,-3.083223,,,,,,
4.150083,-3.017594,,,,,,
4.150548,-2.847562,,,,,,
4.151014,-2.540063,,,,,,
4.151479,-2.209400,,,,,,
4.151945,-1.905928,,,,,,
4.152410,-1.432258,,,,,,
4.152876,-1.036973,,,,,,
4.153341,-0.800137,,,,,,
4.153807,-0.641352,,,,,,
4.154272,-0.558099,,,,,,
4.154738,-0.452689,,,,,,
4.155203,-0.360540,,,,,,
4.155669,-0.318746,,,,,,
4.156134,-0.283833,,,,,,
4.156600,-0.273426,,,,,,
4.157065,-0.382864,,,,,,
4.157531,-0.520500,,,,,,
4.157996,-0.520500,,,,,,
4.158462,-1.013977,,,,,,
4.158927,-1.122576,,,,,,
4.159393,-1.148928,,,,,,
4.159858,-1.123415,,,,,,
4.160324,-1.113008,,,,,,
4.160790,-1.155642,,,,,,
4.161255,-1.027070,,,,,,
4.161721,-0.805341,,,,,,
4.162186,-0.556085,,,,,,
4.162652,-0.220554,,,,,,
4.163117,0.127398,,,,,,
4.163583,0.394614,,,,,,
4.164048,0.725948,,,,,,
4.164514,1.020356,,,,,,
4.164979,1.115694,,,,,,
4.165445,1.110658,,,,,,
4.165910,0.980743,,,,,,
4.166376,0.835050,,,,,,
4.166841,0.710674,,,,,,
4.167307,0.495323,,,,,,
4.167772,0.263523,,,,,,
4.168238,0.034073,,,,,,
4.168703,-0.308507,,,,,,
4.169169,-0.653437,,,,,,
4.169634,-1.011292,,,,,,
4.170100,-1.430579,,,,,,
4.170565,-1.697124,,,,,,
4.171031,-1.801022,,,,,,
4.171496,-1.845167,,,,,,
4.171962,-1.875380,,,,,,
4.172427,-1.913817,,,,,,
4.172893,-1.759396,,,,,,
4.173358,-1.438972,,,,,,
4.173824,-1.065675,,,,,,
4.174290,-0.578241,,,,,,
4.174755,-0.000504,,,,,,
4.175221,0.516136,,,,,,
4.175686,1.081453,,,,,,
4.176152,1.683360,,,,,,
4.176617,2.068742,,,,,,
4.177083,2.356435,,,,,,
4.177548,2.521935,,,,,,
4.178014,2.604181,,,,,,
4.178479,2.689448,,,,,,
4.178945,2.688106,,,,,,
4.179410,2.620294,,,,,,
4.179876,2.498436,,,,,,
4.180341,2.242802,,,,,,
4.180807,1.915999,,,,,,
4.181272,1.559487,,,,,,
4.181738,1.053254,,,,,,
4.182203,0.655451,,,,,,
4.182669,0.397299,,,,,,
4.183134,0.192523,,,,,,
4.183600,-0.020981,,,,,,
4.184065,-0.288869,,,,,,
4.184531,-0.423148,,,,,,
4.184996,-0.369436,,,,,,
4.185462,-0.258656,,,,,,
4.185927,-0.051194,,,,,,
4.186393,0.220722,,,,,,
4.186858,0.447654,,,,,,
4.187324,0.757000,,,,,,
4.187789,1.149264,,,,,,
4.188255,1.353201,,,,,,
4.188721,1.467170,,,,,,
4.189186,1.467170,,,,,,
4.189652,1.421851,,,,,,
4.190117,1.397009,,,,,,
4.190583,1.314092,,,,,,
4.191048,1.188876,,,,,,
4.191514,1.049561,,,,,,
4.191979,0.802487,,,,,,
4.192445,0.452354,,,,,,
4.192910,0.126055,,,,,,
4.193376,-0.311360,,,,,,
4.193841,-0.689693,,,,,,
4.194307,-0.904204,,,,,,
4.194772,-1.054261,,,,,,
4.195238,-1.167391,,,,,,
4.195703,-1.357900,,,,,,
4.196169,-1.464820,,,,,,
4.196634,-1.364446,,,,,,
4.197100,-1.171923,,,,,,
4.197565,-0.947509,,,,,,
4.198031,-0.595361,,,,,,
4.198496,-0.269230,,,,,,
4.198962,0.052201,,,,,,
4.199427,0.508415,,,,,,
4.199893,0.811551,,,,,,
4.200358,0.960601,,,,,,
4.200824,1.028244,,,,,,
4.201289,0.958587,,,,,,
4.201755,0.923339,,,,,,
4.202221,0.837736,,,,,,
4.202686,0.671901,,,,,,
4.203152,0.504723,,,,,,
4.203617,0.260670,,,,,,
4.204083,-0.097520,,,,,,
4.204548,-0.440940,,,,,,
4.205014,-0.878691,,,,,,
4.205479,-1.346990,,,,,,
4.205945,-1.611688,,,,,,
4.206410,-1.790280,,,,,,
4.206876,-1.906935,,,,,,
4.207341,-2.052125,,,,,,
4.207807,-2.167605,,,,,,
4.208272,-2.091066,,,,,,
4.208738,-1.927413,,,,,,
4.209203,-1.736400,,,,,,
4.209669,-1.424033,,,,,,
4.210134,-1.124086,,,,,,
4.210600,-0.850828,,,,,,
4.211065,-0.429862,,,,,,
4.211531,-0.120348,,,,,,
4.211996,-0.120348,,,,,,
4.212462,0.100877,,,,,,
4.212927,0.053880,,,,,,
4.213393,0.004196,,,,,,
4.213858,-0.052873,,,,,,
4.214324,-0.199237,,,,,,
4.214789,-0.381186,,,,,,
4.215255,-0.617853,,,,,,
4.215721,-0.949187,,,,,,
4.216186,-1.296803,,,,,,
4.216652,-1.691585,,,,,,
4.217117,-2.148638,,,,,,
4.217583,-2.403433,,,,,,
4.218048,-2.540734,,,,,,
4.218514,-2.641947,,,,,,
4.218979,-2.779416,,,,,,
4.219445,-2.893385,,,,,,
4.219910,-2.779248,,,,,,
4.220376,-2.779248,,,,,,
4.220841,-2.201846,,,,,,
4.221307,-1.780713,,,,,,
4.221772,-1.303349,,,,,,
4.222238,-0.866438,,,,,,
4.222703,-0.304982,,,,,,
4.223169,0.194202,,,,,,
4.223634,0.526711,,,,,,
4.224100,0.779995,,,,,,
4.224565,0.912261,,,,,,
4.225031,1.005585,,,,,,
4.225496,1.133822,,,,,,
4.225962,1.165881,,,,,,
4.226427,1.152285,,,,,,
4.226893,1.113680,,,,,,
4.227358,0.923003,,,,,,
4.227824,0.723934,,,,,,
4.228289,0.509422,,,,,,
4.228755,0.187320,,,,,,
4.229220,0.011078,,,,,,
4.229686,-0.010910,,,,,,
4.230152,0.008896,,,,,,
4.230617,0.024002,,,,,,
4.231083,-0.002182,,,,,,
4.231548,0.167681,,,,,,
4.232014,0.508080,,,,,,
4.232479,0.905547,,,,,,
4.232945,1.353368,,,,,,
4.233410,1.871687,,,,,,
4.233876,2.327565,,,,,,
4.234341,2.844541,,,,,,
4.234807,3.361517,,,,,,
4.235272,3.650217,,,,,,
4.235738,3.838209,,,,,,
4.236203,3.923476,,,,,,
4.236669,3.914076,,,,,,
4.237134,3.880842,,,,,,
4.237600,3.769726,,,,,,
4.238065,3.595163,,,,,,
4.238531,3.378973,,,,,,
4.238996,3.009033,,,,,,
4.239462,2.604852,,,,,,
4.239927,2.180194,,,,,,
4.240393,1.639048,,,,,,
4.240858,1.177295,,,,,,
4.241324,0.878859,,,,,,
4.241789,0.632959,,,,,,
4.242255,0.388571,,,,,,
4.242720,0.090806,,,,,,
4.243186,0.090806,,,,,,
4.243652,-0.004868,,,,,,
4.244117,0.140490,,,,,,
4.244583,0.357351,,,,,,
4.245048,0.651087,,,,,,
4.245514,0.921324,,,,,,
4.245979,1.247288,,,,,,
4.246445,1.638041,,,,,,
4.246910,1.827375,,,,,,
4.247376,1.926070,,,,,,
4.247841,1.920699,,,,,,
4.248307,1.838117,,,,,,
4.248772,1.754528,,,,,,
4.249238,1.614542,,,,,,
4.249703,1.429236,,,,,,
4.250169,1.226474,,,,,,
4.250634,0.915450,,,,,,
4.251100,0.513787,,,,,,
4.251565,0.513787,,,,,,
4.252031,-0.382193,,,,,,
4.252496,-0.820615,,,,,,
4.252962,-1.141039,,,,,,
4.253427,-1.358404,,,,,,
4.253893,-1.464652,,,,,,
4.254358,-1.631998,,,,,,
4.254824,-1.714580,,,,,,
4.255289,-1.582315,,,,,,
4.255755,-1.386770,,,,,,
4.256220,-1.137011,,,,,,
4.256686,-0.810544,,,,,,
4.257152,-0.520668,,,,,,
4.257617,-0.200244,,,,,,
4.258083,0.239857,,,,,,
4.258548,0.500023,,,,,,
4.259014,0.628092,,,,,,
4.259479,0.678279,,,,,,
4.259945,0.606104,,,,,,
4.260410,0.568505,,,,,,
4.260876,0.449668,,,,,,
4.261341,0.270741,,,,,,
4.261807,0.073350,,,,,,
4.262272,-0.195544,,,,,,
4.262738,-0.591333,,,,,,
4.263203,-0.983093,,,,,,
4.263669,-1.483955,,,,,,
4.264134,-1.963333,,,,,,
4.264600,-2.290639,,,,,,
4.265065,-2.547616,,,,,,
4.265531,-2.769680,,,,,,
4.265996,-3.046967,,,,,,
4.266462,-3.274571,,,,,,
4.266927,-3.285313,,,,,,
4.267393,-3.150530,,,,,,
4.267858,-2.953140,,,,,,
4.268324,-2.643458,,,,,,
4.268789,-2.347707,,,,,,
4.269255,-2.048936,,,,,,
4.269720,-1.602457,,,,,,
4.270186,-1.281361,,,,,,
4.270651,-1.107637,,,,,,
4.271117,-0.978393,,,,,,
4.271583,-0.964294,,,,,,
4.272048,-0.933745,,,,,,
4.272514,-0.942809,,,,,,
4.272979,-1.065171,,,,,,
4.273445,-1.154971,,,,,,
4.273910,-1.282872,,,,,,
4.274376,-1.282872,,,,,,
4.274841,-1.780377,,,,,,
4.275307,-2.086870,,,,,,
4.275772,-2.427436,,,,,,
4.276238,-2.595453,,,,,,
4.276703,-2.673335,,,,,,
4.277169,-2.705226,,,,,,
4.277634,-2.760281,,,,,,
4.278100,-2.796704,,,,,,
4.278565,-2.622309,,,,,,
4.279031,-2.281575,,,,,,
4.279496,-1.889143,,,,,,
4.279962,-1.380896,,,,,,
4.280427,-0.851499,,,,,,
4.280893,-0.324453,,,,,,
4.281358,0.317403,,,,,,
4.281824,0.861570,,,,,,
4.282289,1.209689,,,,,,
4.282755,1.448707,,,,,,
4.283220,1.542702,,,,,,
4.283686,1.596246,,,,,,
4.284151,1.590372,,,,,,
4.284617,1.472206,,,,,,
4.285083,1.335912,,,,,,
4.285548,1.144900,,,,,,
4.286014,0.817594,,,,,,
4.286479,0.460410,,,,,,
4.286945,0.060258,,,,,,
4.287410,-0.432883,,,,,,
4.287876,-0.758511,,,,,,
4.288341,-0.987289,,,,,,
4.288807,-1.125093,,,,,,
4.289272,-1.254337,,,,,,
4.289738,-1.402380,,,,,,
4.290203,-1.339605,,,,,,
4.290669,-1.112673,,,,,,
4.291134,-0.810880,,,,,,
4.291600,-0.392935,,,,,,
4.292065,0.088792,,,,,,
4.292531,0.508080,,,,,,
4.292996,1.057282,,,,,,
4.293462,1.614542,,,,,,
4.293927,1.970718,,,,,,
4.294393,2.233234,,,,,,
4.294858,2.394034,,,,,,
4.295324,2.522942,,,,,,
4.295789,2.684077,,,,,,
4.296255,2.725536,,,,,,
4.296720,2.730404,,,,,,
4.297186,2.730404,,,,,,
4.297651,2.528985,,,,,,
4.298117,2.308431,,,,,,
4.298583,2.033494,,,,,,
4.299048,1.625284,,,,,,
4.299514,1.313756,,,,,,
4.299979,1.117708,,,,,,
4.300445,0.938445,,,,,,
4.300910,0.769924,,,,,,
4.301376,0.525536,,,,,,
4.301841,0.440269,,,,,,
4.302307,0.536950,,,,,,
4.302772,0.722255,,,,,,
4.303238,0.979065,,,,,,
4.303703,1.332555,,,,,,
4.304169,1.617899,,,,,,
4.304634,1.975082,,,,,,
4.305100,2.392691,,,,,,
4.305565,2.392691,,,,,,
4.306031,2.673671,,,,,,
4.306496,2.653864,,,,,,
4.306962,2.556847,,,,,,
4.307427,2.490043,,,,,,
4.307893,2.344350,,,,,,
4.308358,2.138231,,,,,,
4.308824,1.942687,,,,,,
4.309289,1.662715,,,,,,
4.309755,1.310399,,,,,,
4.310220,0.954223,,,,,,
4.310686,0.508751,,,,,,
4.311151,0.129244,,,,,,
4.311617,-0.097520,,,,,,
4.312082,-0.286183,,,,,,
4.312548,-0.445304,,,,,,
4.313014,-0.648066,,,,,,
4.313479,-0.707149,,,,,,
4.313945,-0.568505,,,,,,
4.314410,-0.348455,,,,,,
4.314876,-0.033738,,,,,,
4.315341,0.387732,,,,,,
4.315807,0.761868,,,,,,
4.316272,1.158663,,,,,,
4.316738,1.652476,,,,,,
4.317203,1.929259,,,,,,
4.317669,2.057328,,,,,,
4.318134,2.079149,,,,,,
4.318600,1.997238,,,,,,
4.319065,1.950240,,,,,,
4.319531,1.866987,,,,,,
4.319996,1.715251,,,,,,
4.320462,1.572076,,,,,,
4.320927,1.322484,,,,,,
4.321393,0.990814,,,,,,
4.321858,0.690028,,,,,,
4.322324,0.283665,,,,,,
4.322789,-0.093828,,,,,,
4.323255,-0.305821,,,,,,
4.323720,-0.468132,,,,,,
4.324186,-0.643534,,,,,,
4.324651,-0.888426,,,,,,
4.325117,-1.102098,,,,,,
4.325582,-1.153292,,,,,,
4.326048,-1.123583,,,,,,
4.326514,-1.057618,,,,,,
4.326979,-0.902358,,,,,,
4.327445,-0.795102,,,,,,
4.327910,-0.703792,,,,,,
4.328376,-0.703792,,,,,,
4.328841,-0.398642,,,,,,
4.329307,-0.481559,,,,,,
4.329772,-0.629603,,,,,,
4.330238,-0.901350,,,,,,
4.330703,-1.143893,,,,,,
4.331169,-1.408591,,,,,,
4.331634,-1.741772,,,,,,
4.332100,-2.088212,,,,,,
4.332565,-2.461173,,,,,,
4.333031,-2.915877,,,,,,
4.333496,-3.347082,,,,,,
4.333962,-3.848951,,,,,,
4.334427,-4.345785,,,,,,
4.334893,-4.619715,,,,,,
4.335358,-4.737545,,,,,,
4.335824,-4.763394,,,,,,
4.336289,-4.739559,,,,,,
4.336755,-4.739559,,,,,,
4.337220,-4.304829,,,,,,
4.337686,-3.821759,,,,,,
4.338151,-3.288502,,,,,,
4.338617,-2.636912,,,,,,
4.339082,-1.968872,,,,,,
4.339548,-1.350515,,,,,,
4.340013,-0.636316,,,,,,
4.340479,-0.025849,,,,,,
4.340945,0.380346,,,,,,
4.341410,0.680293,,,,,,
4.341876,0.821622,,,,,,
4.342341,0.934752,,,,,,
4.342807,0.989136,,,,,,
4.343272,0.916289,,,,,,
4.343738,0.749783,,,,,,
4.344203,0.533593,,,,,,
4.344669,0.156603,,,,,,
4.345134,-0.246738,,,,,,
4.345600,-0.715877,,,,,,
4.346065,-1.309392,,,,,,
4.346531,-1.740764,,,,,,
4.346996,-2.045579,,,,,,
4.347462,-2.303395,,,,,,
4.347927,-2.600153,,,,,,
4.348393,-2.869047,,,,,,
4.348858,-2.902617,,,,,,
4.349324,-2.765652,,,,,,
4.349789,-2.540398,,,,,,
4.350255,-2.200336,,,,,,
4.350720,-1.801526,,,,,,
4.351186,-1.430411,,,,,,
4.351651,-0.944152,,,,,,
4.352117,-0.447318,,,,,,
4.352582,-0.131090,,,,,,
4.353048,0.121187,,,,,,
4.353513,0.278294,,,,,,
4.353979,0.399313,,,,,,
4.354445,0.547692,,,,,,
4.354910,0.613489,,,,,,
4.355376,0.642359,,,,,,
4.355841,0.655116,,,,,,
4.356307,0.574548,,,,,,
4.356772,0.456382,,,,,,
4.357238,0.305989,,,,,,
4.357703,0.084092,,,,,,
4.358169,0.001175,,,,,,
4.358634,0.048173,,,,,,
4.359100,0.164996,,,,,,
4.359565,0.164996,,,,,,
4.360031,0.382361,,,,,,
4.360496,0.651759,,,,,,
4.360962,1.053590,,,,,,
4.361427,1.494362,,,,,,
4.361893,2.007980,,,,,,
4.362358,2.577325,,,,,,
4.362824,3.073152,,,,,,
4.363289,3.630076,,,,,,
4.363755,4.194385,,,,,,
4.364220,4.553246,,,,,,
4.364686,4.811063,,,,,,
4.365151,4.943999,,,,,,
4.365617,4.941146,,,,,,
4.366082,4.937789,,,,,,
4.366548,4.821805,,,,,,
4.367013,4.630793,,,,,,
4.367479,4.392111,,,,,,
4.367945,4.020493,,,,,,
4.368410,3.583749,,,,,,
4.368876,3.116457,,,,,,
4.369341,2.506157,,,,,,
4.369807,1.943862,,,,,,
4.370272,1.519875,,,,,,
4.370738,1.157321,,,,,,
4.371203,0.844785,,,,,,
4.371669,0.491798,,,,,,
4.372134,0.275105,,,,,,
4.372600,0.235157,,,,,,
4.373065,0.265705,,,,,,
4.373531,0.338552,,,,,,
4.373996,0.526879,,,,,,
4.374462,0.681971,,,,,,
4.374927,0.888762,,,,,,
4.375393,1.178470,,,,,,
4.375858,1.295964,,,,,,
4.376324,1.322484,,,,,,
4.376789,1.265248,,,,,,
4.377255,1.126436,,,,,,
4.377720,1.019516,,,,,,
4.378186,0.883223,,,,,,
4.378651,0.710506,,,,,,
4.379117,0.537621,,,,,,
4.379582,0.276112,,,,,,
4.380048,-0.037095,,,,,,
4.380513,-0.345266,,,,,,
4.380979,-0.761196,,,,,,
4.381444,-1.143557,,,,,,
4.381910,-1.359747,,,,,,
4.382376,-1.496040,,,,,,
4.382841,-1.608835,,,,,,
4.383307,-1.803708,,,,,,
4.383772,-1.887465,,,,,,
4.384238,-1.769970,,,,,,
4.384703,-1.553780,,,,,,
4.385169,-1.289921,,,,,,
4.385634,-0.946838,,,,,,
4.386100,-0.630610,,,,,,
4.386565,-0.291554,,,,,,
4.387031,0.144854,,,,,,
4.387496,0.369772,,,,,,
4.387962,0.470817,,,,,,
4.388427,0.480552,,,,,,
4.388893,0.343587,,,,,,
4.389358,0.210651,,,,,,
4.389824,0.041123,,,,,,
4.390289,-0.192187,,,,,,
4.390755,-0.192187,,,,,,
4.391220,-0.754818,,,,,,
4.391686,-1.162356,,,,,,
4.392151,-1.550591,,,,,,
4.392617,-2.023758,,,,,,
4.393082,-2.488533,,,,,,
4.393548,-2.761791,,,,,,
4.394013,-2.928466,,,,,,
4.394479,-3.020111,,,,,,
4.394944,-3.169497,,,,,,
4.395410,-3.272892,,,,,,
4.395876,-3.102693,,,,,,
4.396341,-2.788144,,,,,,
4.396807,-2.418708,,,,,,
4.397272,-1.928420,,,,,,
4.397738,-1.423529,,,,,,
4.398203,-0.942473,,,,,,
4.398669,-0.300954,,,,,,
4.399134,0.195544,,,,,,
4.399600,0.541650,,,,,,
4.400065,0.814237,,,,,,
4.400531,0.944320,,,,,,
4.400996,1.058961,,,,,,
4.401462,1.131136,,,,,,
4.401927,1.105959,,,,,,
4.402393,1.041169,,,,,,
4.402858,0.908904,,,,,,
4.403324,0.617182,,,,,,
4.403789,0.323949,,,,,,
4.404255,-0.053544,,,,,,
4.404720,-0.528893,,,,,,
4.405186,-0.861906,,,,,,
4.405651,-1.089845,,,,,,
4.406117,-1.284550,,,,,,
4.406582,-1.497719,,,,,,
4.407048,-1.702495,,,,,,
4.407513,-1.689403,,,,,,
4.407979,-1.518196,,,,,,
4.408444,-1.281193,,,,,,
4.408910,-0.950866,,,,,,
4.409376,-0.585458,,,,,,
4.409841,-0.249256,,,,,,
4.410307,0.211994,,,,,,
4.410772,0.625238,,,,,,
4.411238,0.834714,,,,,,
4.411703,0.991485,,,,,,
4.412169,1.036973,,,,,,
4.412634,1.032776,,,,,,
4.413100,1.028412,,,,,,
4.413565,1.028412,,,,,,
4.414031,0.863249,,,,,,
4.414496,0.739376,,,,,,
4.414962,0.490623,,,,,,
4.415427,0.228107,,,,,,
4.415893,-0.070329,,,,,,
4.416358,-0.466789,,,,,,
4.416824,-0.732662,,,,,,
4.417289,-0.875669,,,,,,
4.417755,-0.955230,,,,,,
4.418220,-1.010285,,,,,,
4.418686,-1.075746,,,,,,
4.419151,-0.964630,,,,,,
4.419617,-0.684489,,,,,,
4.420082,-0.345266,,,,,,
4.420548,0.076707,,,,,,
4.421013,0.527382,,,,,,
4.421479,0.932235,,,,,,
4.421944,0.932235,,,,,,
4.422410,1.905928,,,,,,
4.422875,2.150149,,,,,,
4.423341,2.322530,,,,,,
4.423807,2.351064,,,,,,
4.424272,2.282246,,,,,,
4.424738,2.227527,,,,,,
4.425203,2.074281,,,,,,
4.425669,1.875715,,,,,,
4.426134,1.665400,,,,,,
4.426600,1.328191,,,,,,
4.427065,0.939620,,,,,,
4.427531,0.551385,,,,,,
4.427996,0.042634,,,,,,
4.428462,-0.373129,,,,,,
4.428927,-0.648066,,,,,,
4.429393,-0.831357,,,,,,
4.429858,-0.983093,,,,,,
4.430324,-1.162188,,,,,,
4.430789,-1.198276,,,,,,
4.431255,-1.020356,,,,,,
4.431720,-0.757839,,,,,,
4.432186,-0.443290,,,,,,
4.432651,-0.051194,,,,,,
4.433117,0.268894,,,,,,
4.433582,0.661662,,,,,,
4.434048,1.115526,,,,,,
4.434513,1.342626,,,,,,
4.434979,1.452735,,,,,,
4.435444,1.481437,,,,,,
4.435910,1.411780,,,,,,
4.436375,1.339269,,,,,,
4.436841,1.194919,,,,,,
4.437307,1.006088,,,,,,
4.437772,0.800641,,,,,,
4.438238,0.500191,,,,,,
4.438703,0.113298,,,,,,
4.439169,-0.252110,,,,,,
4.439634,-0.753811,,,,,,
4.440100,-1.209689,,,,,,
4.440565,-1.481437,,,,,,
4.441031,-1.673289,,,,,,
4.441496,-1.782727,,,,,,
4.441962,-1.909621,,,,,,
4.442427,-1.929427,,,,,,
4.442893,-1.782727,,,,,,
4.443358,-1.524910,,,,,,
4.443824,-1.224292,,,,,,
4.444289,-0.856870,,,,,,
4.444755,-0.856870,,,,,,
4.445220,-0.161975,,,,,,
4.445686,0.317403,,,,,,
4.446151,0.631281,,,,,,
4.446617,0.822629,,,,,,
4.447082,0.961273,,,,,,
4.447548,0.985779,,,,,,
4.448013,1.030259,,,,,,
4.448479,1.026734,,,,,,
4.448944,0.947845,,,,,,
4.449410,0.867109,,,,,,
4.449875,0.711513,,,,,,
4.450341,0.449165,,,,,,
4.450807,0.171710,,,,,,
4.451272,-0.200580,,,,,,
4.451738,-0.579583,,,,,,
4.452203,-0.796612,,,,,,
4.452669,-0.937774,,,,,,
4.453134,-1.031098,,,,,,
4.453600,-1.157992,,,,,,
4.454065,-1.194247,,,,,,
4.454531,-1.045869,,,,,,
4.454996,-0.771939,,,,,,
4.455462,-0.454368,,,,,,
4.455927,-0.061601,,,,,,
4.456393,0.304646,,,,,,
4.456858,0.642695,,,,,,
4.457324,1.107973,,,,,,
4.457789,1.429572,,,,,,
4.458255,1.585000,,,,,,
4.458720,1.636698,,,,,,
4.459186,1.570230,,,,,,
4.459651,1.493523,,,,,,
4.460117,1.366796,,,,,,
4.460582,1.145571,,,,,,
4.461048,0.927031,,,,,,
4.461513,0.656123,,,,,,
4.461979,0.287022,,,,,,
4.462444,-0.084932,,,,,,
4.462910,-0.506737,,,,,,
4.463375,-0.977890,,,,,,
4.463841,-1.275151,,,,,,
4.464306,-1.457435,,,,,,
4.464772,-1.576272,,,,,,
4.465238,-1.687556,,,,,,
4.465703,-1.735225,,,,,,
4.466169,-1.569894,,,,,,
4.466634,-1.283207,,,,,,
4.467100,-0.926696,,,,,,
4.467565,-0.491127,,,,,,
4.468031,-0.064790,,,,,,
4.468496,0.312032,,,,,,
4.468962,0.822293,,,,,,
4.469427,1.243763,,,,,,
4.469893,1.487648,,,,,,
4.470358,1.651469,,,,,,
4.470824,1.707195,,,,,,
4.471289,1.723140,,,,,,
4.471755,1.730022,,,,,,
4.472220,1.635019,,,,,,
4.472686,1.493690,,,,,,
4.473151,1.323659,,,,,,
4.473617,1.035126,,,,,,
4.474082,0.725277,,,,,,
4.474548,0.334188,,,,,,
4.475013,-0.138476,,,,,,
4.475479,-0.484245,,,,,,
4.475944,-0.484245,,,,,,
4.476410,-0.949859,,,,,,
4.476875,-1.170413,,,,,,
4.477341,-1.402884,,,,,,
4.477806,-1.428733,,,,,,
4.478272,-1.305867,,,,,,
4.478738,-1.095216,,,,,,
4.479203,-0.821118,,,,,,
4.479669,-0.511101,,,,,,
4.480134,-0.247913,,,,,,
4.480600,0.108598,,,,,,
4.481065,0.449668,,,,,,
4.481531,0.596536,,,,,,
4.481996,0.663508,,,,,,
4.482462,0.590661,,,,,,
4.482927,0.473838,,,,,,
4.483393,0.377157,,,,,,
4.483858,0.209308,,,,,,
4.484324,0.009903,,,,,,
4.484789,-0.188327,,,,,,
4.485255,-0.481895,,,,,,
4.485720,-0.783017,,,,,,
4.486186,-1.112001,,,,,,
4.486651,-1.517525,,,,,,
4.487117,-1.793469,,,,,,
4.487582,-1.930602,,,,,,
4.488048,-1.974075,,,,,,
4.488513,-1.971054,,,,,,
4.488979,-2.001602,,,,,,
4.489444,-1.923049,,,,,,
4.489910,-1.675975,,,,,,
4.490375,-1.365118,,,,,,
4.490841,-0.973526,,,,,,
4.491306,-0.517479,,,,,,
4.491772,-0.124376,,,,,,
4.492238,0.350973,,,,,,
4.492703,0.863249,,,,,,
4.493169,1.148592,,,,,,
4.493634,1.348669,,,,,,
4.494100,1.419165,,,,,,
4.494565,1.405066,,,,,,
4.495031,1.400702,,,,,,
4.495496,1.313420,,,,,,
4.495962,1.172091,,,,,,
4.496427,1.016327,,,,,,
4.496893,0.753140,,,,,,
4.497358,0.437079,,,,,,
4.497824,0.097185,,,,,,
4.498289,-0.377157,,,,,,
4.498755,-0.377157,,,,,,
4.499220,-0.970672,,,,,,
4.499686,-1.129122,,,,,,
4.500151,-1.258030,,,,,,
4.500617,-1.430915,,,,,,
4.501082,-1.486641,,,,,,
4.501548,-1.300328,,,,,,
4.502013,-1.007263,,,,,,
4.502479,-0.639673,,,,,,
4.502944,-0.183459,,,,,,
4.503410,0.217868,,,,,,
4.503875,0.666865,,,,,,
4.504341,1.212375,,,,,,
4.504806,1.564858,,,,,,
4.505272,1.807568,,,,,,
4.505737,1.962325,,,,,,
4.506203,1.974746,,,,,,
4.506669,2.016709,,,,,,
4.507134,2.016709,,,,,,
4.507600,1.917174,,,,,,
4.508065,1.797833,,,,,,
4.508531,1.609171,,,,,,
4.508996,1.323491,,,,,,
4.509462,1.020356,,,,,,
4.509927,0.580591,,,,,,
4.510393,0.166003,,,,,,
4.510858,-0.094499,,,,,,
4.511324,-0.293568,,,,,,
4.511789,-0.467796,,,,,,
4.512255,-0.715877,,,,,,
4.512720,-0.901183,,,,,,
4.513186,-0.869627,,,,,,
4.513651,-0.733333,,,,,,
4.514117,-0.575555,,,,,,
4.514582,-0.290379,,,,,,
4.515048,-0.047837,,,,,,
4.515513,0.183124,,,,,,
4.515979,0.537621,,,,,,
4.516444,0.761868,,,,,,
4.516910,0.849653,,,,,,
4.517375,0.880705,,,,,,
4.517841,0.787381,,,,,,
4.518306,0.722255,,,,,,
4.518772,0.633967,,,,,,
4.519237,0.483574,,,,,,
4.519703,0.336202,,,,,,
4.520169,0.136797,,,,,,
4.520634,-0.132097,,,,,,
4.521100,-0.374807,,,,,,
4.521565,-0.703960,,,,,,
4.522031,-1.086152,,,,,,
4.522496,-1.265415,,,,,,
4.522962,-1.349676,,,,,,
4.523427,-1.368475,,,,,,
4.523893,-1.395499,,,,,,
4.524358,-1.394995,,,,,,
4.524824,-1.184848,,,,,,
4.525289,-0.839414,,,,,,
4.525755,-0.493309,,,,,,
4.526220,-0.050187,,,,,,
4.526686,0.382528,,,,,,
4.527151,0.777646,,,,,,
4.527617,1.299321,,,,,,
4.528082,1.689906,,,,,,
4.528548,1.904585,,,,,,
4.529013,2.050278,,,,,,
4.529479,2.036851,,,,,,
4.529944,2.036851,,,,,,
4.530410,1.889143,,,,,,
4.530875,1.701488,,,,,,
4.531341,1.468177,,,,,,
4.531806,1.189548,,,,,,
4.532272,0.788052,,,,,,
4.532737,0.376822,,,,,,
4.533203,-0.090806,,,,,,
4.533669,-0.666194,,,,,,
4.534134,-1.070710,,,,,,
4.534600,-1.365118,,,,,,
4.535065,-1.619074,,,,,,
4.535531,-1.876722,,,,,,
4.535996,-2.115572,,,,,,
4.536462,-2.129839,,,,,,
4.536927,-1.962158,,,,,,
4.537393,-1.739757,,,,,,
4.537858,-1.443336,,,,,,
4.538324,-1.082795,,,,,,
4.538789,-0.761532,,,,,,
4.539255,-0.326467,,,,,,
4.539720,0.076036,,,,,,
4.540186,0.310353,,,,,,
4.540651,0.477699,,,,,,
4.541117,0.550378,,,,,,
4.541582,0.550378,,,,,,
4.542048,0.581598,,,,,,
4.542513,0.547356,,,,,,
4.542979,0.476524,,,,,,
4.543444,0.400656,,,,,,
4.543910,0.218540,,,,,,
4.544375,0.022324,,,,,,
4.544841,-0.199908,,,,,,
4.545306,-0.539300,,,,,,
4.545772,-0.789395,,,,,,
4.546237,-0.897993,,,,,,
4.546703,-0.955901,,,,,,
4.547168,-1.026734,,,,,,
4.547634,-1.138186,,,,,,
4.548100,-1.057618,,,,,,
4.548565,-0.822126,,,,,,
4.549031,-0.528725,,,,,,
4.549496,-0.205783,,,,,,
4.549962,0.143511,,,,,,
4.550427,0.424826,,,,,,
4.550893,0.779324,,,,,,
4.551358,1.132479,,,,,,
4.551824,1.255177,,,,,,
4.552289,1.284550,,,,,,
4.552755,1.188540,,,,,,
4.553220,0.997864,,,,,,
4.553686,0.798123,,,,,,
4.554151,0.545678,,,,,,
4.554617,0.252781,,,,,,
4.555082,-0.044648,,,,,,
4.555548,-0.437583,,,,,,
4.556013,-0.844450,,,,,,
4.556479,-1.243259,,,,,,
4.556944,-1.741100,,,,,,
4.557410,-2.150149,,,,,,
4.557875,-2.376577,,,,,,
4.558341,-2.505821,,,,,,
4.558806,-2.571115,,,,,,
4.559272,-2.651850,,,,,,
4.559737,-2.572122,,,,,,
4.560203,-2.264454,,,,,,
4.560668,-1.840299,,,,,,
4.561134,-1.840299,,,,,,
4.561600,-0.842100,,,,,,
4.562065,-0.331838,,,,,,
4.562531,0.220722,,,,,,
4.562996,0.850492,,,,,,
4.563462,1.290257,,,,,,
4.563927,1.653483,,,,,,
4.564393,1.923217,,,,,,
4.564858,2.070420,,,,,,
4.565324,2.218799,,,,,,
4.565789,2.313466,,,,,,
4.566255,2.328908,,,,,,
4.566720,2.304738,,,,,,
4.567186,2.184894,,,,,,
4.567651,1.977768,,,,,,
4.568117,1.755367,,,,,,
4.568582,1.395666,,,,,,
4.569048,1.016999,,,,,,
4.569513,0.762539,,,,,,
4.569979,0.580591,,,,,,
4.570444,0.420127,,,,,,
4.570910,0.194369,,,,,,
4.571375,0.028702,,,,,,
4.571841,0.068650,,,,,,
4.572306,0.177081,,,,,,
4.572772,0.297429,,,,,,
4.573237,0.488945,,,,,,
4.573703,0.669886,,,,,,
4.574168,0.861906,,,,,,
4.574634,1.158663,,,,,,
4.575100,1.294957,,,,,,
4.575565,1.314763,,,,,,
4.576031,1.271794,,,,,,
4.576496,1.109987,,,,,,
4.576962,0.957244,,,,,,
4.577427,0.757839,,,,,,
4.577893,0.521340,,,,,,
4.578358,0.280476,,,,,,
4.578824,-0.001175,,,,,,
4.579289,-0.362387,,,,,,
4.579755,-0.698421,,,,,,
4.580220,-1.096727,,,,,,
4.580686,-1.486976,,,,,,
4.581151,-1.711223,,,,,,
4.581617,-1.819654,,,,,,
4.582082,-1.864805,,,,,,
4.582548,-1.939834,,,,,,
4.583013,-1.945205,,,,,,
4.583479,-1.724483,,,,,,
4.583944,-1.724483,,,,,,
4.584410,-0.920150,,,,,,
4.584875,-0.405692,,,,,,
4.585341,0.065293,,,,,,
4.585806,0.537789,,,,,,
4.586272,1.114183,,,,,,
4.586737,1.558816,,,,,,
4.587203,1.831907,,,,,,
4.587668,2.025269,,,,,,
4.588134,2.074449,,,,,,
4.588599,2.074449,,,,,,
4.589065,2.012345,,,,,,
4.589531,1.867659,,,,,,
4.589996,1.680674,,,,,,
4.590462,1.433265,,,,,,
4.590927,1.063828,,,,,,
4.591393,0.675593,,,,,,
4.591858,0.215015,,,,,,
4.592324,0.215015,,,,,,
4.592789,-0.744076,,,,,,
4.593255,-1.076417,,,,,,
4.593720,-1.328695,,,,,,
4.594186,-1.602457,,,,,,
4.594651,-1.872023,,,,,,
4.595117,-1.925399,,,,,,
4.595582,-1.783062,,,,,,
4.596048,-1.559991,,,,,,
4.596513,-1.244602,,,,,,
4.596979,-0.919478,,,,,,
4.597444,-0.601740,,,,,,
4.597910,-0.127733,,,,,,
4.598375,0.299611,,,,,,
4.598841,0.562463,,,,,,
4.599306,0.777981,,,,,,
4.599772,0.887419,,,,,,
4.600237,0.959258,,,,,,
4.600703,1.026062,,,,,,
4.601168,1.001556,,,,,,
4.601634,0.963287,,,,,,
4.602099,0.910246,,,,,,
4.602565,0.746426,,,,,,
4.603031,0.547021,,,,,,
4.603496,0.307332,,,,,,
4.603962,-0.039780,,,,,,
4.604427,-0.271412,,,,,,
4.604893,-0.413748,,,,,,
4.605358,-0.508751,,,,,,
4.605824,-0.631952,,,,,,
4.606289,-0.803494,,,,,,
4.606755,-0.793759,,,,,,
4.607220,-0.618860,,,,,,
4.607686,-0.387228,,,,,,
4.608151,-0.099535,,,,,,
4.608617,0.213336,,,,,,
4.609082,0.455711,,,,,,
4.609548,0.791745,,,,,,
4.610013,1.104952,,,,,,
4.610479,1.216068,,,,,,
4.610944,1.235874,,,,,,
4.611410,1.143893,,,,,,
4.611875,0.977722,,,,,,
4.612341,0.809537,,,,,,
4.612806,0.561456,,,,,,
4.613272,0.296086,,,,,,
4.613737,0.036423,,,,,,
4.614203,-0.296590,,,,,,
4.614668,-0.656794,,,,,,
4.615134,-0.656794,,,,,,
4.615599,-1.486641,,,,,,
4.616065,-1.823682,,,,,,
4.616531,-2.008820,,,,,,
4.616996,-2.113725,,,,,,
4.617462,-2.138735,,,,,,
4.617927,-2.185397,,,,,,
4.618393,-2.065721,,,,,,
4.618858,-1.752850,,,,,,
4.619324,-1.350347,,,,,,
4.619789,-0.908904,,,,,,
4.620255,-0.398474,,,,,,
4.620720,0.044144,,,,,,
4.621186,0.548363,,,,,,
4.621651,1.098238,,,,,,
4.622117,1.430579,,,,,,
4.622582,1.673625,,,,,,
4.623048,1.792126,,,,,,
4.623513,1.792126,,,,,,
4.623979,1.783062,,,,,,
4.624444,1.682353,,,,,,
4.624910,1.484962,,,,,,
4.625375,1.280522,,,,,,
4.625841,0.979400,,,,,,
4.626306,0.606439,,,,,,
4.626772,0.198566,,,,,,
4.627237,-0.347280,,,,,,
4.627703,-0.876509,,,,,,
4.628168,-1.264073,,,,,,
4.628634,-1.601617,,,,,,
4.629099,-1.856413,,,,,,
4.629565,-2.130175,,,,,,
4.630030,-2.285100,,,,,,
4.630496,-2.229709,,,,,,
4.630962,-2.092576,,,,,,
4.631427,-1.876722,,,,,,
4.631893,-1.553109,,,,,,
4.632358,-1.265415,,,,,,
4.632824,-0.939956,,,,,,
4.633289,-0.478202,,,,,,
4.633755,-0.181781,,,,,,
4.634220,0.009903,,,,,,
4.634686,0.150896,,,,,,
4.635151,0.185138,,,,,,
4.635617,0.242206,,,,,,
4.636082,0.267048,,,,,,
4.636548,0.211994,,,,,,
4.637013,0.173053,,,,,,
4.637479,0.079057,,,,,,
4.637944,-0.103227,,,,,,
4.638410,-0.276448,,,,,,
4.638875,-0.556252,,,,,,
4.639341,-0.857710,,,,,,
4.639806,-0.996689,,,,,,
4.640272,-1.076081,,,,,,
4.640737,-1.149599,,,,,,
4.641203,-1.250645,,,,,,
4.641668,-1.304356,,,,,,
4.642134,-1.153964,,,,,,
4.642599,-0.886748,,,,,,
4.643065,-0.582940,,,,,,
4.643530,-0.237507,,,,,,
4.643996,0.065629,,,,,,
4.644462,0.349462,,,,,,
4.644927,0.752468,,,,,,
4.645393,1.008270,,,,,,
4.645858,1.121065,,,,,,
4.646324,1.121065,,,,,,
4.646789,1.119387,,,,,,
4.647255,1.057954,,,,,,
4.647720,0.985779,,,,,,
4.648186,0.849821,,,,,,
4.648651,0.686000,,,,,,
4.649117,0.506737,,,,,,
4.649582,0.232136,,,,,,
4.650048,-0.047166,,,,,,
4.650513,-0.405020,,,,,,
4.650979,-0.791073,,,,,,
4.651444,-1.022705,,,,,,
4.651910,-1.132815,,,,,,
4.652375,-1.192569,,,,,,
4.652841,-1.268437,,,,,,
4.653306,-1.301503,,,,,,
4.653772,-1.094545,,,,,,
4.654237,-0.704463,,,,,,
4.654703,-0.252613,,,,,,
4.655168,0.303304,,,,,,
4.655634,0.876341,,,,,,
4.656099,1.386938,,,,,,
4.656565,1.991028,,,,,,
4.657030,2.528985,,,,,,
4.657496,2.862669,,,,,,
4.657962,3.115785,,,,,,
4.658427,3.210452,,,,,,
4.658893,3.254429,,,,,,
4.659358,3.266850,,,,,,
4.659824,3.176547,,,,,,
4.660289,2.993927,,,,,,
4.660755,2.800061,,,,,,
4.661220,2.467887,,,,,,
4.661686,2.087205,,,,,,
4.662151,1.636362,,,,,,
4.662617,1.060472,,,,,,
4.663082,0.599557,,,,,,
4.663548,0.254963,,,,,,
4.664013,-0.022324,,,,,,
4.664479,-0.290883,,,,,,
4.664944,-0.559609,,,,,,
4.665410,-0.647730,,,,,,
4.665875,-0.563470,,,,,,
4.666341,-0.420798,,,,,,
4.666806,-0.208972,,,,,,
4.667272,0.045991,,,,,,
4.667737,0.270237,,,,,,
4.668203,0.597375,,,,,,
4.668668,0.906218,,,,,,
4.669134,1.072724,,,,,,
4.669599,1.189548,,,,,,
4.670065,1.206165,,,,,,
4.670530,1.152956,,,,,,
4.670996,1.130465,,,,,,
4.671461,1.061646,,,,,,
4.671927,0.948180,,,,,,
4.672393,0.822797,,,,,,
4.672858,0.636988,,,,,,
4.673324,0.430198,,,,,,
4.673789,0.190509,,,,,,
4.674255,-0.162814,,,,,,
4.674720,-0.416938,,,,,,
4.675186,-0.539971,,,,,,
4.675651,-0.628595,,,,,,
4.676117,-0.739040,,,,,,
4.676582,-0.885908,,,,,,
4.677048,-0.873823,,,,,,
4.677513,-0.873823,,,,,,
4.677979,-0.405020,,,,,,
4.678444,-0.111620,,,,,,
4.678910,0.209644,,,,,,
4.679375,0.483909,,,,,,
4.679841,0.822629,,,,,,
4.680306,1.165042,,,,,,
4.680772,1.309056,,,,,,
4.681237,1.360082,,,,,,
4.681703,1.291432,,,,,,
4.682168,1.112337,,,,,,
4.682634,0.945495,,,,,,
4.683099,0.711177,,,,,,
4.683565,0.426337,,,,,,
4.684030,0.133776,,,,,,
4.684496,-0.220722,,,,,,
4.684961,-0.620539,,,,,,
4.685427,-1.031769,,,,,,
4.685893,-1.526925,,,,,,
4.686358,-1.953262,,,,,,
4.686824,-2.225513,,,,,,
4.687289,-2.393698,,,,,,
4.687755,-2.513542,,,,,,
4.688220,-2.694820,,,,,,
4.688686,-2.717647,,,,,,
4.689151,-2.508675,,,,,,
4.689617,-2.184558,,,,,,
4.690082,-1.810590,,,,,,
4.690548,-1.355215,,,,,,
4.691013,-0.957076,,,,,,
4.691479,-0.503883,,,,,,
4.691944,0.007553,,,,,,
4.692410,0.337209,,,,,,
4.692875,0.547692,,,,,,
4.693341,0.661494,,,,,,
4.693806,0.645716,,,,,,
4.694272,0.622889,,,,,,
4.694737,0.531411,,,,,,
4.695203,0.368933,,,,,,
4.695668,0.185473,,,,,,
4.696134,-0.085771,,,,,,
4.696599,-0.407202,,,,,,
4.697065,-0.734005,,,,,,
4.697530,-1.169741,,,,,,
4.697996,-1.611185,,,,,,
4.698461,-1.880751,,,,,,
4.698927,-2.065888,,,,,,
4.699393,-2.205539,,,,,,
4.699858,-2.414847,,,,,,
4.700324,-2.414847,,,,,,
4.700789,-2.380606,,,,,,
4.701255,-2.118425,,,,,,
4.701720,-1.807233,,,,,,
4.702186,-1.417655,,,,,,
4.702651,-1.048219,,,,,,
4.703117,-0.654108,,,,,,
4.703582,-0.162982,,,,,,
4.704048,0.166339,,,,,,
4.704513,0.379171,,,,,,
4.704979,0.508080,,,,,,
4.705444,0.498344,,,,,,
4.705910,0.478874,,,,,,
4.706375,0.424826,,,,,,
4.706841,0.294240,,,,,,
4.707306,0.139986,,,,,,
4.707772,-0.063615,,,,,,
4.708237,-0.337545,,,,,,
4.708703,-0.337545,,,,,,
4.709168,-0.978729,,,,,,
4.709634,-1.380560,,,,,,
4.710099,-1.629648,,,,,,
4.710565,-1.725826,,,,,,
4.711030,-1.750164,,,,,,
4.711496,-1.877394,,,,,,
4.711961,-1.973068,,,,,,
4.712427,-1.814954,,,,,,
4.712892,-1.492683,,,,,,
4.713358,-1.137514,,,,,,
4.713824,-0.708324,,,,,,
4.714289,-0.268055,,,,,,
4.714755,0.156268,,,,,,
4.715220,0.715373,,,,,,
4.715686,1.155306,,,,,,
4.716151,1.446860,,,,,,
4.716617,1.673960,,,,,,
4.717082,1.761913,,,,,,
4.717548,1.820661,,,,,,
4.718013,1.854231,,,,,,
4.718479,1.806897,,,,,,
4.718944,1.733043,,,,,,
4.719410,1.612863,,,,,,
4.719875,1.372839,,,,,,
4.720341,1.150271,,,,,,
4.720806,0.844953,,,,,,
4.721272,0.451011,,,,,,
4.721737,0.185138,,,,,,
4.722203,0.039445,,,,,,
4.722668,-0.068650,,,,,,
4.723134,-0.200916,,,,,,
4.723599,-0.327474,,,,,,
4.724065,-0.248585,,,,,,
4.724530,-0.021653,,,,,,
4.724996,0.247242,,,,,,
4.725461,0.578576,,,,,,
4.725927,0.906554,,,,,,
4.726392,1.202304,,,,,,
4.726858,1.618402,,,,,,
4.727324,1.974914,,,,,,
4.727789,2.134203,,,,,,
4.728255,2.244984,,,,,,
4.728720,2.230213,,,,,,
4.729186,2.148302,,,,,,
4.729651,2.071763,,,,,,
4.730117,1.948898,,,,,,
4.730582,1.766613,,,,,,
4.731048,1.569390,,,,,,
4.731513,1.569390,,,,,,
4.731979,0.988464,,,,,,
4.732444,0.657130,,,,,,
4.732910,0.220722,,,,,,
4.733375,-0.099702,,,,,,
4.733841,-0.305318,,,,,,
4.734306,-0.444633,,,,,,
4.734772,-0.574884,,,,,,
4.735237,-0.749615,,,,,,
4.735703,-0.752636,,,,,,
4.736168,-0.533928,,,,,,
4.736634,-0.228946,,,,,,
4.737099,0.114977,,,,,,
4.737565,0.495323,,,,,,
4.738030,0.837064,,,,,,
4.738496,1.269108,,,,,,
4.738961,1.725994,,,,,,
4.739427,1.976425,,,,,,
4.739892,2.157534,,,,,,
4.740358,2.224842,,,,,,
4.740823,2.177173,,,,,,
4.741289,2.131518,,,,,,
4.741755,1.994553,,,,,,
4.742220,1.797833,,,,,,
4.742686,1.591043,,,,,,
4.743151,1.288914,,,,,,
4.743617,0.933745,,,,,,
4.744082,0.566491,,,,,,
4.744548,0.088457,,,,,,
4.745013,-0.326467,,,,,,
4.745479,-0.608789,,,,,,
4.745944,-0.807187,,,,,,
4.746410,-0.971344,,,,,,
4.746875,-1.165042,,,,,,
4.747341,-1.258030,,,,,,
4.747806,-1.136004,,,,,,
4.748272,-0.920989,,,,,,
4.748737,-0.672404,,,,,,
4.749203,-0.364065,,,,,,
4.749668,-0.122698,,,,,,
4.750134,0.185138,,,,,,
4.750599,0.563806,,,,,,
4.751065,0.750790,,,,,,
4.751530,0.829007,,,,,,
4.751996,0.829679,,,,,,
4.752461,0.695399,,,,,,
4.752927,0.563638,,,,,,
4.753392,0.379843,,,,,,
4.753858,0.158785,,,,,,
4.754323,-0.061936,,,,,,
4.754789,-0.329152,,,,,,
4.755255,-0.660151,,,,,,
4.755720,-0.965637,,,,,,
4.756186,-1.369818,,,,,,
4.756651,-1.748486,,,,,,
4.757117,-1.958297,,,,,,
4.757582,-2.076295,,,,,,
4.758048,-2.143938,,,,,,
4.758513,-2.260594,,,,,,
4.758979,-2.286107,,,,,,
4.759444,-2.084184,,,,,,
4.759910,-1.716258,,,,,,
4.760375,-1.310735,,,,,,
4.760841,-0.857542,,,,,,
4.761306,-0.463096,,,,,,
4.761772,-0.030381,,,,,,
4.762237,0.491295,,,,,,
4.762703,0.491295,,,,,,
4.763168,1.038819,,,,,,
4.763634,1.154971,,,,,,
4.764099,1.129122,,,,,,
4.764565,1.072389,,,,,,
4.765030,0.966979,,,,,,
4.765496,0.761196,,,,,,
4.765961,0.535943,,,,,,
4.766427,0.258656,,,,,,
4.766892,-0.098863,,,,,,
4.767358,-0.464103,,,,,,
4.767823,-0.910246,,,,,,
4.768289,-1.373510,,,,,,
4.768755,-1.695781,,,,,,
4.769220,-1.928084,,,,,,
4.769686,-2.090562,,,,,,
4.770151,-2.288289,,,,,,
4.770617,-2.416693,,,,,,
4.771082,-2.333608,,,,,,
4.771548,-2.068742,,,,,,
4.772013,-1.749157,,,,,,
4.772479,-1.369818,,,,,,
4.772944,-0.995850,,,,,,
4.773410,-0.630274,,,,,,
4.773875,-0.123033,,,,,,
4.774341,0.270237,,,,,,
4.774806,0.493309,,,,,,
4.775272,0.632288,,,,,,
4.775737,0.649073,,,,,,
4.776203,0.642359,,,,,,
4.776668,0.606104,,,,,,
4.777134,0.505394,,,,,,
4.777599,0.392935,,,,,,
4.778065,0.235492,,,,,,
4.778530,-0.003861,,,,,,
4.778996,-0.254963,,,,,,
4.779461,-0.560113,,,,,,
4.779927,-0.929549,,,,,,
4.780392,-1.166384,,,,,,
4.780858,-1.300328,,,,,,
4.781323,-1.389288,,,,,,
4.781789,-1.504097,,,,,,
4.782254,-1.598093,,,,,,
4.782720,-1.486137,,,,,,
4.783186,-1.219425,,,,,,
4.783651,-0.876341,,,,,,
4.784117,-0.484749,,,,,,
4.784582,-0.106249,,,,,,
4.785048,0.241199,,,,,,
4.785513,0.241199,,,,,,
4.785979,1.087160,,,,,,
4.786444,1.288075,,,,,,
4.786910,1.401038,,,,,,
4.787375,1.390295,,,,,,
4.787841,1.315770,,,,,,
4.788306,1.228489,,,,,,
4.788772,1.068696,,,,,,
4.789237,0.862577,,,,,,
4.789703,0.648066,,,,,,
4.790168,0.357687,,,,,,
4.790634,0.044144,,,,,,
4.791099,-0.340902,,,,,,
4.791565,-0.789395,,,,,,
4.792030,-1.114015,,,,,,
4.792496,-1.322988,,,,,,
4.792961,-1.457099,,,,,,
4.793427,-1.548577,,,,,,
4.793892,-1.548577,,,,,,
4.794358,-1.553109,,,,,,
4.794823,-1.290593,,,,,,
4.795289,-0.947005,,,,,,
4.795754,-0.554070,,,,,,
4.796220,-0.136126,,,,,,
4.796686,0.249592,,,,,,
4.797151,0.727626,,,,,,
4.797617,1.210697,,,,,,
4.798082,1.520714,,,,,,
4.798548,1.740429,,,,,,
4.799013,1.820661,,,,,,
4.799479,1.832746,,,,,,
4.799944,1.845838,,,,,,
4.800410,1.784405,,,,,,
4.800875,1.671611,,,,,,
4.801341,1.579629,,,,,,
4.801806,1.393317,,,,,,
4.802272,1.201633,,,,,,
4.802737,0.977386,,,,,,
4.803203,0.660487,,,,,,
4.803668,0.409888,,,,,,
4.804134,0.285176,,,,,,
4.804599,0.225757,,,,,,
4.805065,0.157946,,,,,,
4.805530,0.047837,,,,,,
4.805996,0.098528,,,,,,
4.806461,0.351980,,,,,,
4.806927,0.674586,,,,,,
4.807392,1.047044,,,,,,
4.807858,1.446693,,,,,,
4.808323,1.772992,,,,,,
4.808789,2.153674,,,,,,
4.809254,2.568597,,,,,,
4.809720,2.773373,,,,,,
4.810186,2.870726,,,,,,
4.810651,2.839506,,,,,,
4.811117,2.686427,,,,,,
4.811582,2.522103,,,,,,
4.812048,2.290639,,,,,,
4.812513,1.995895,,,,,,
4.812979,1.687724,,,,,,
4.813444,1.318120,,,,,,
4.813910,0.907225,,,,,,
4.814375,0.467796,,,,,,
4.814841,-0.091478,,,,,,
4.815306,-0.588312,,,,,,
4.815772,-0.930220,,,,,,
4.816237,-1.191394,,,,,,
4.816703,-1.191394,,,,,,
4.817168,-1.652811,,,,,,
4.817634,-1.767285,,,,,,
4.818099,-1.638376,,,,,,
4.818565,-1.380560,,,,,,
4.819030,-1.049226,,,,,,
4.819496,-0.645716,,,,,,
4.819961,-0.289204,,,,,,
4.820427,0.114473,,,,,,
4.820892,0.594690,,,,,,
4.821358,0.916625,,,,,,
4.821823,1.149935,,,,,,
4.822289,1.271122,,,,,,
4.822754,1.233524,,,,,,
4.823220,1.204150,,,,,,
4.823685,1.107637,,,,,,
4.824151,0.927703,,,,,,
4.824617,0.723262,,,,,,
4.825082,0.467460,,,,,,
4.825548,0.119341,,,,,,
4.826013,-0.229282,,,,,,
4.826479,-0.709499,,,,,,
4.826944,-1.192905,,,,,,
4.827410,-1.528267,,,,,,
4.827875,-1.788937,,,,,,
4.828341,-1.983810,,,,,,
4.828806,-2.198993,,,,,,
4.829272,-2.334951,,,,,,
4.829737,-2.239277,,,,,,
4.830203,-2.010330,,,,,,
4.830668,-1.755367,,,,,,
4.831134,-1.406912,,,,,,
4.831599,-1.097230,,,,,,
4.832065,-0.767910,,,,,,
4.832530,-0.319921,,,,,,
4.832996,0.007050,,,,,,
4.833461,0.201587,,,,,,
4.833927,0.324788,,,,,,
4.834392,0.280812,,,,,,
4.834858,0.221729,,,,,,
4.835323,0.136126,,,,,,
4.835789,-0.013596,,,,,,
4.836254,-0.198734,,,,,,
4.836720,-0.419455,,,,,,
4.837185,-0.705806,,,,,,
4.837651,-0.991653,,,,,,
4.838117,-1.357229,,,,,,
4.838582,-1.756542,,,,,,
4.839048,-2.000092,,,,,,
4.839513,-2.148638,,,,,,
4.839979,-2.248676,,,,,,
4.840444,-2.382284,,,,,,
4.840910,-2.467216,,,,,,
4.841375,-2.328573,,,,,,
4.841841,-2.023255,,,,,,
4.842306,-1.672953,,,,,,
4.842772,-1.241917,,,,,,
4.843237,-0.825315,,,,,,
4.843703,-0.432547,,,,,,
4.844168,0.087785,,,,,,
4.844634,0.495659,,,,,,
4.845099,0.754482,,,,,,
4.845565,0.948852,,,,,,
4.846030,0.985443,,,,,,
4.846496,0.958419,,,,,,
4.846961,0.922667,,,,,,
4.847427,0.810880,,,,,,
4.847892,0.810880,,,,,,
4.848358,0.481559,,,,,,
4.848823,0.239185,,,,,,
4.849289,-0.016953,,,,,,
4.849754,-0.326467,,,,,,
4.850220,-0.717891,,,,,,
4.850685,-0.977386,,,,,,
4.851151,-1.122744,,,,,,
4.851617,-1.199283,,,,,,
4.852082,-1.289418,,,,,,
4.852548,-1.393149,,,,,,
4.853013,-1.281193,,,,,,
4.853479,-0.965972,,,,,,
4.853944,-0.593179,,,,,,
4.854410,-0.191516,,,,,,
4.854875,0.242878,,,,,,
4.855341,0.616846,,,,,,
4.855806,1.085817,,,,,,
4.856272,1.510140,,,,,,
4.856737,1.750835,,,,,,
4.857203,1.906264,,,,,,
4.857668,1.934463,,,,,,
4.858134,1.856916,,,,,,
4.858599,1.795148,,,,,,
4.859065,1.656336,,,,,,
4.859530,1.471031,,,,,,
4.859996,1.292943,,,,,,
4.860461,1.022370,,,,,,
4.860927,0.739544,,,,,,
4.861392,0.431540,,,,,,
4.861858,0.023835,,,,,,
4.862323,-0.309346,,,,,,
4.862789,-0.497002,,,,,,
4.863254,-0.611475,,,,,,
4.863720,-0.724102,,,,,,
4.864185,-0.877012,,,,,,
4.864651,-0.850156,,,,,,
4.865116,-0.603082,,,,,,
4.865582,-0.246235,,,,,,
4.866048,0.132097,,,,,,
4.866513,0.550042,,,,,,
4.866979,0.918303,,,,,,
4.867444,1.364446,,,,,,
4.867910,1.824353,,,,,,
4.868375,2.078813,,,,,,
4.868841,2.250019,,,,,,
4.869306,2.315816,,,,,,
4.869772,2.251026,,,,,,
4.870237,2.174823,,,,,,
4.870703,2.174823,,,,,,
4.871168,1.870344,,,,,,
4.871634,1.665904,,,,,,
4.872099,1.390967,,,,,,
4.872565,1.089174,,,,,,
4.873030,0.765896,,,,,,
4.873496,0.340902,,,,,,
4.873961,-0.054215,,,,,,
4.874427,-0.294743,,,,,,
4.874892,-0.462593,,,,,,
4.875358,-0.585122,,,,,,
4.875823,-0.727962,,,,,,
4.876289,-0.757839,,,,,,
4.876754,-0.575219,,,,,,
4.877220,-0.274098,,,,,,
4.877685,0.046159,,,,,,
4.878151,0.379171,,,,,,
4.878616,0.674250,,,,,,
4.879082,0.674250,,,,,,
4.879548,1.441321,,,,,,
4.880013,1.662882,,,,,,
4.880479,1.779034,,,,,,
4.880944,1.786419,,,,,,
4.881410,1.656168,,,,,,
4.881875,1.491676,,,,,,
4.882341,1.299657,,,,,,
4.882806,1.029084,,,,,,
4.883272,0.737697,,,,,,
4.883737,0.400656,,,,,,
4.884203,0.007385,,,,,,
4.884668,-0.373465,,,,,,
4.885134,-0.842435,,,,,,
4.885599,-1.304860,,,,,,
4.886065,-1.631662,,,,,,
4.886530,-1.844160,,,,,,
4.886996,-1.999252,,,,,,
4.887461,-2.183719,,,,,,
4.887927,-2.273182,,,,,,
4.888392,-2.123293,,,,,,
4.888858,-1.811429,,,,,,
4.889323,-1.439979,,,,,,
4.889789,-1.036133,,,,,,
4.890254,-0.648066,,,,,,
4.890720,-0.228443,,,,,,
4.891185,0.291722,,,,,,
4.891651,0.659144,,,,,,
4.892116,0.888426,,,,,,
4.892582,1.053925,,,,,,
4.893048,1.086656,,,,,,
4.893513,1.081956,,,,,,
4.893979,1.011292,,,,,,
4.894444,0.885740,,,,,,
4.894910,0.720241,,,,,,
4.895375,0.512779,,,,,,
4.895841,0.228779,,,,,,
4.896306,-0.058244,,,,,,
4.896772,-0.447990,,,,,,
4.897237,-0.866270,,,,,,
4.897703,-1.190555,,,,,,
4.898168,-1.429068,,,,,,
4.898634,-1.616220,,,,,,
4.899099,-1.844160,,,,,,
4.899565,-2.022416,,,,,,
4.900030,-1.995560,,,,,,
4.900496,-1.796490,,,,,,
4.900961,-1.540688,,,,,,
4.901427,-1.250477,,,,,,
4.901892,-1.250477,,,,,,
4.902358,-0.716548,,,,,,
4.902823,-0.311696,,,,,,
4.903289,-0.018967,,,,,,
4.903754,0.120516,,,,,,
4.904220,0.218036,,,,,,
4.904685,0.175738,,,,,,
4.905151,0.108598,,,,,,
4.905616,0.008225,,,,,,
4.906082,-0.127733,,,,,,
4.906547,-0.285512,,,,,,
4.907013,-0.454871,,,,,,
4.907479,-0.668879,,,,,,
4.907944,-0.888090,,,,,,
4.908410,-1.175113,,,,,,
4.908875,-1.508797,,,,,,
4.909341,-1.748150,,,,,,
4.909806,-1.906600,,,,,,
4.910272,-1.906600,,,,,,
4.910737,-1.981460,,,,,,
4.911203,-2.012009,,,,,,
4.911668,-1.857923,,,,,,
4.912134,-1.532631,,,,,,
4.912599,-1.175616,,,,,,
4.913065,-0.787884,,,,,,
4.913530,-0.433219,,,,,,
4.913996,-0.105745,,,,,,
4.914461,0.336538,,,,,,
4.914927,0.715206,,,,,,
4.915392,0.931395,,,,,,
4.915858,1.080446,,,,,,
4.916323,1.095216,,,,,,
4.916789,1.043183,,,,,,
4.917254,0.981079,,,,,,
4.917720,0.847807,,,,,,
4.918185,0.697749,,,,,,
4.918651,0.549035,,,,,,
4.919116,0.337545,,,,,,
4.919582,0.138140,,,,,,
4.920047,-0.081071,,,,,,
4.920513,-0.386389,,,,,,
4.920979,-0.594522,,,,,,
4.921444,-0.693721,,,,,,
4.921910,-0.715541,,,,,,
4.922375,-0.738369,,,,,,
4.922841,-0.772274,,,,,,
4.923306,-0.608453,,,,,,
4.923772,-0.262181,,,,,,
4.924237,0.171374,,,,,,
4.924703,0.639673,,,,,,
4.925168,1.090852,,,,,,
4.925634,1.449714,,,,,,
4.926099,1.909117,,,,,,
4.926565,2.333608,,,,,,
4.927030,2.549462,,,,,,
4.927496,2.664607,,,,,,
4.927961,2.661921,,,,,,
4.928427,2.522942,,,,,,
4.928892,2.349050,,,,,,
4.929358,2.096437,,,,,,
4.929823,1.800183,,,,,,
4.930289,1.489326,,,,,,
4.930754,1.102937,,,,,,
4.931220,0.692714,,,,,,
4.931685,0.260670,,,,,,
4.932151,-0.244724,,,,,,
4.932616,-0.674586,,,,,,
4.933082,-0.674586,,,,,,
4.933547,-1.202304,,,,,,
4.934013,-1.361929,,,,,,
4.934479,-1.544717,,,,,,
4.934944,-1.573251,,,,,,
4.935410,-1.376532,,,,,,
4.935875,-1.032105,,,,,,
4.936341,-0.636316,,,,,,
4.936806,-0.204608,,,,,,
4.937272,0.175738,,,,,,
4.937737,0.659815,,,,,,
4.938203,1.186023,,,,,,
4.938668,1.540688,,,,,,
4.939134,1.819318,,,,,,
4.939599,1.986496,,,,,,
4.940065,2.043565,,,,,,
4.940530,2.096605,,,,,,
4.940996,2.075120,,,,,,
4.941461,1.976089,,,,,,
4.941927,1.871687,,,,,,
4.942392,1.705180,,,,,,
4.942858,1.478920,,,,,,
4.943323,1.226139,,,,,,
4.943789,0.878523,,,,,,
4.944254,0.537453,,,,,,
4.944720,0.311025,,,,,,
4.945185,0.119173,,,,,,
4.945651,-0.022995,,,,,,
4.946116,-0.233814,,,,,,
4.946582,-0.361044,,,,,,
4.947047,-0.282322,,,,,,
4.947513,-0.101213,,,,,,
4.947978,0.117327,,,,,,
4.948444,0.386053,,,,,,
4.948910,0.578576,,,,,,
4.949375,0.798795,,,,,,
4.949841,1.114015,,,,,,
4.950306,1.260716,,,,,,
4.950772,1.298985,,,,,,
4.951237,1.265415,,,,,,
4.951703,1.104112,,,,,,
4.952168,0.935088,,,,,,
4.952634,0.730312,,,,,,
4.953099,0.438590,,,,,,
4.953565,0.157946,,,,,,
4.954030,-0.150896,,,,,,
4.954496,-0.505730,,,,,,
4.954961,-0.848478,,,,,,
4.955427,-1.283375,,,,,,
4.955892,-1.283375,,,,,,
4.956358,-2.004288,,,,,,
4.956823,-2.212421,,,,,,
4.957289,-2.356771,,,,,,
4.957754,-2.455802,,,,,,
4.958220,-2.497765,,,,,,
4.958685,-2.347707,,,,,,
4.959151,-2.029297,,,,,,
4.959616,-1.643748,,,,,,
4.960082,-1.208347,,,,,,
4.960547,-0.781170,,,,,,
4.961013,-0.367590,,,,,,
4.961478,0.171038,,,,,,
4.961944,0.595026,,,,,,
4.962410,0.897154,,,,,,
4.962875,1.137850,,,,,,
4.963341,1.223117,,,,,,
4.963806,1.263401,,,,,,
4.964272,1.263401,,,,,,
4.964737,1.249638,,,,,,
4.965203,1.135836,,,,,,
4.965668,1.001053,,,,,,
4.966134,0.784024,,,,,,
4.966599,0.539971,,,,,,
4.967065,0.193027,,,,,,
4.967530,-0.214679,,,,,,
4.967996,-0.539132,,,,,,
4.968461,-0.787716,,,,,,
4.968927,-1.030594,,,,,,
4.969392,-1.312078,,,,,,
4.969858,-1.597589,,,,,,
4.970323,-1.721630,,,,,,
4.970789,-1.683360,,,,,,
4.971254,-1.604471,,,,,,
4.971720,-1.484291,,,,,,
4.972185,-1.380560,,,,,,
4.972651,-1.278508,,,,,,
4.973116,-1.071382,,,,,,
4.973582,-0.924010,,,,,,
4.974047,-0.910918,,,,,,
4.974513,-0.952880,,,,,,
4.974978,-1.106630,,,,,,
4.975444,-1.269108,,,,,,
4.975910,-1.426719,,,,,,
4.976375,-1.613870,,,,,,
4.976841,-1.803204,,,,,,
4.977306,-1.954437,,,,,,
4.977772,-2.145617,,,,,,
4.978237,-2.304570,,,,,,
4.978703,-2.485679,,,,,,
4.979168,-2.714290,,,,,,
4.979634,-2.816678,,,,,,
4.980099,-2.786130,,,,,,
4.980565,-2.669306,,,,,,
4.981030,-2.539727,,,,,,
4.981496,-2.395041,,,,,,
4.981961,-2.068742,,,,,,
4.982427,-1.551431,,,,,,
4.982892,-0.947173,,,,,,
4.983358,-0.289036,,,,,,
4.983823,0.346105,,,,,,
4.984289,0.929046,,,,,,
4.984754,1.589700,,,,,,
4.985220,2.206378,,,,,,
4.985685,2.616434,,,,,,
4.986151,2.898253,,,,,,
4.986616,3.029175,,,,,,
4.987082,3.029175,,,,,,
4.987547,2.976638,,,,,,
4.988013,2.840513,,,,,,
4.988478,2.607202,,,,,,
4.988944,2.327901,,,,,,
4.989409,1.976761,,,,,,
4.989875,1.587686,,,,,,
4.990341,1.158663,,,,,,
4.990806,0.635309,,,,,,
4.991272,0.178424,,,,,,
4.991737,-0.159289,,,,,,
4.992203,-0.421805,,,,,,
4.992668,-0.668376,,,,,,
4.993134,-0.906889,,,,,,
4.993599,-0.975036,,,,,,
4.994065,-0.823636,,,,,,
4.994530,-0.554742,,,,,,
4.994996,-0.239521,,,,,,
4.995461,-0.239521,,,,,,
4.995927,0.444968,,,,,,
4.996392,0.857542,,,,,,
4.996858,1.299657,,,,,,
4.997323,1.636698,,,,,,
4.997789,1.886625,,,,,,
4.998254,2.033158,,,,,,
4.998720,2.077470,,,,,,
4.999185,2.132189,,,,,,
4.999651,2.140917,,,,,,
5.000116,2.102647,,,,,,
5.000582,2.037522,,,,,,
5.001047,1.946212,,,,,,
5.001513,1.813611,,,,,,
5.001978,1.644419,,,,,,
5.002444,1.377539,,,,,,
5.002909,1.119722,,,,,,
5.003375,0.949691,,,,,,
5.003841,0.837064,,,,,,
5.004306,0.755489,,,,,,
5.004772,0.618860,,,,,,
5.005237,0.604089,,,,,,
5.005703,0.739040,,,,,,
5.006168,0.950195,,,,,,
5.006634,1.152956,,,,,,
5.007099,1.370153,,,,,,
5.007565,1.519036,,,,,,
5.008030,1.703166,,,,,,
5.008496,1.906600,,,,,,
5.008961,1.959640,,,,,,
5.009427,1.916335,,,,,,
5.009892,1.766278,,,,,,
5.010358,1.486305,,,,,,
5.010823,1.188876,,,,,,
5.011289,0.856031,,,,,,
5.011754,0.480217,,,,,,
5.012220,0.093828,,,,,,
5.012685,-0.332509,,,,,,
5.013151,-0.767910,,,,,,
5.013616,-1.186191,,,,,,
5.014082,-1.679835,,,,,,
5.014547,-2.148302,,,,,,
5.015013,-2.467720,,,,,,
5.015478,-2.680217,,,,,,
5.015944,-2.795361,,,,,,
5.016409,-2.928466,,,,,,
5.016875,-2.931487,,,,,,
5.017341,-2.693141,,,,,,
5.017806,-2.292317,,,,,,
5.018272,-2.292317,,,,,,
5.018737,-1.321477,,,,,,
5.019203,-0.835386,,,,,,
5.019668,-0.317739,,,,,,
5.020134,0.276448,,,,,,
5.020599,0.711177,,,,,,
5.021065,1.031098,,,,,,
5.021530,1.269276,,,,,,
5.021996,1.343969,,,,,,
5.022461,1.366796,,,,,,
5.022927,1.358404,,,,,,
5.023392,1.259373,,,,,,
5.023858,1.119387,,,,,,
5.024323,0.926696,,,,,,
5.024789,0.665522,,,,,,
5.025254,0.378164,,,,,,
5.025720,0.003525,,,,,,
5.026185,-0.429358,,,,,,
5.026651,-0.781674,,,,,,
5.027116,-1.058625,,,,,,
5.027582,-1.290929,,,,,,
5.028047,-1.558312,,,,,,
5.028513,-1.811261,,,,,,
5.028978,-1.854566,,,,,,
5.029444,-1.720623,,,,,,
5.029909,-1.507454,,,,,,
5.030375,-1.268269,,,,,,
5.030840,-1.033783,,,,,,
5.031306,-0.794430,,,,,,
5.031772,-0.443961,,,,,,
5.032237,-0.184634,,,,,,
5.032703,-0.037766,,,,,,
5.033168,0.046159,,,,,,
5.033634,0.007721,,,,,,
5.034099,-0.059251,,,,,,
5.034565,-0.164324,,,,,,
5.035030,-0.321767,,,,,,
5.035496,-0.489784,,,,,,
5.035961,-0.666194,,,,,,
5.036427,-0.907897,,,,,,
5.036892,-1.114015,,,,,,
5.037358,-1.376532,,,,,,
5.037823,-1.683360,,,,,,
5.038289,-1.903243,,,,,,
5.038754,-2.005631,,,,,,
5.039220,-2.040040,,,,,,
5.039685,-2.076799,,,,,,
5.040151,-2.122454,,,,,,
5.040616,-1.976257,,,,,,
5.041082,-1.646769,,,,,,
5.041547,-1.256687,,,,,,
5.042013,-0.818936,,,,,,
5.042478,-0.406363,,,,,,
5.042944,-0.028870,,,,,,
5.043409,0.451682,,,,,,
5.043875,0.859220,,,,,,
5.044340,1.089509,,,,,,
5.044806,1.256687,,,,,,
5.045272,1.280858,,,,,,
5.045737,1.208011,,,,,,
5.046203,1.100923,,,,,,
5.046668,0.936767,,,,,,
5.047134,0.715206,,,,,,
5.047599,0.489784,,,,,,
5.048065,0.193698,,,,,,
5.048530,-0.095506,,,,,,
5.048996,-0.431876,,,,,,
5.049461,-0.431876,,,,,,
5.049927,-1.201297,,,,,,
5.050392,-1.426215,,,,,,
5.050858,-1.524239,,,,,,
5.051323,-1.605310,,,,,,
5.051789,-1.732708,,,,,,
5.052254,-1.696788,,,,,,
5.052720,-1.417823,,,,,,
5.053185,-1.014145,,,,,,
5.053651,-0.568170,,,,,,
5.054116,-0.096178,,,,,,
5.054582,0.359030,,,,,,
5.055047,0.908904,,,,,,
5.055513,1.450050,,,,,,
5.055978,1.826032,,,,,,
5.056444,2.151659,,,,,,
5.056909,2.349050,,,,,,
5.057375,2.438682,,,,,,
5.057840,2.513207,,,,,,
5.058306,2.523949,,,,,,
5.058772,2.454459,,,,,,
5.059237,2.371542,,,,,,
5.059703,2.219471,,,,,,
5.060168,2.011002,,,,,,
5.060634,1.781720,,,,,,
5.061099,1.457771,,,,,,
5.061565,1.137850,,,,,,
5.062030,0.895308,,,,,,
5.062496,0.721248,,,,,,
5.062961,0.511772,,,,,,
5.063427,0.236835,,,,,,
5.063892,0.081407,,,,,,
5.064358,0.139147,,,,,,
5.064823,0.316060,,,,,,
5.065289,0.525200,,,,,,
5.065754,0.741726,,,,,,
5.066220,0.908232,,,,,,
5.066685,1.140871,,,,,,
5.067151,1.415137,,,,,,
5.067616,1.546059,,,,,,
5.068082,1.573922,,,,,,
5.068547,1.548745,,,,,,
5.069013,1.422522,,,,,,
5.069478,1.292943,,,,,,
5.069944,1.138521,,,,,,
5.070409,0.980911,,,,,,
5.070875,0.809537,,,,,,
5.071340,0.618189,,,,,,
5.071806,0.404013,,,,,,
5.072271,0.404013,,,,,,
5.072737,-0.049348,,,,,,
5.073203,-0.281147,,,,,,
5.073668,-0.415091,,,,,,
5.074134,-0.478202,,,,,,
5.074599,-0.478538,,,,,,
5.075065,-0.523857,,,,,,
5.075530,-0.481895,,,,,,
5.075996,-0.266880,,,,,,
5.076461,0.073014,,,,,,
5.076927,0.436240,,,,,,
5.077392,0.817594,,,,,,
5.077858,1.121065,,,,,,
5.078323,1.462135,,,,,,
5.078789,1.848020,,,,,,
5.079254,2.068070,,,,,,
5.079720,2.150317,,,,,,
5.080185,2.152331,,,,,,
5.080651,2.152331,,,,,,
5.081116,1.766613,,,,,,
5.081582,1.482780,,,,,,
5.082047,1.110155,,,,,,
5.082513,0.687343,,,,,,
5.082978,0.244221,,,,,,
5.083444,-0.210651,,,,,,
5.083909,-0.663005,,,,,,
5.084375,-1.184176,,,,,,
5.084840,-1.714244,,,,,,
5.085306,-2.135882,,,,,,
5.085771,-2.455299,,,,,,
5.086237,-2.687434,,,,,,
5.086703,-2.881132,,,,,,
5.087168,-2.995270,,,,,,
5.087634,-2.928298,,,,,,
5.088099,-2.670146,,,,,,
5.088565,-2.342168,,,,,,
5.089030,-1.970886,,,,,,
5.089496,-1.613367,,,,,,
5.089961,-1.228153,,,,,,
5.090427,-0.724605,,,,,,
5.090892,-0.280140,,,,,,
5.091358,0.032731,,,,,,
5.091823,0.262684,,,,,,
5.092289,0.378500,,,,,,
5.092754,0.440269,,,,,,
5.093220,0.470481,,,,,,
5.093685,0.419455,,,,,,
5.094151,0.318746,,,,,,
5.094616,0.091142,,,,,,
5.095082,-0.139147,,,,,,
5.095547,-0.314717,,,,,,
5.096013,-0.588983,,,,,,
5.096478,-0.930220,,,,,,
5.096944,-1.205493,,,,,,
5.097409,-1.414130,,,,,,
5.097875,-1.580636,,,,,,
5.098340,-1.782223,,,,,,
5.098806,-1.948394,,,,,,
5.099271,-1.952255,,,,,,
5.099737,-1.821668,,,,,,
5.100202,-1.595911,,,,,,
5.100668,-1.349004,,,,,,
5.101134,-1.139528,,,,,,
5.101599,-0.946838,,,,,,
5.102065,-0.631281,,,,,,
5.102530,-0.392432,,,,,,
5.102996,-0.268727,,,,,,
5.103461,-0.268727,,,,,,
5.103927,-0.264027,,,,,,
5.104392,-0.372122,,,,,,
5.104858,-0.481559,,,,,,
5.105323,-0.641352,,,,,,
5.105789,-0.823301,,,,,,
5.106254,-0.988128,,,,,,
5.106720,-1.182666,,,,,,
5.107185,-1.354711,,,,,,
5.107651,-1.590875,,,,,,
5.108116,-1.866651,,,,,,
5.108582,-2.046586,,,,,,
5.109047,-2.128496,,,,,,
5.109513,-2.140749,,,,,,
5.109978,-2.119936,,,,,,
5.110444,-2.108354,,,,,,
5.110909,-1.915831,,,,,,
5.111375,-1.550423,,,,,,
5.111840,-1.082795,,,,,,
5.112306,-0.583612,,,,,,
5.112771,-0.086107,,,,,,
5.113237,0.381186,,,,,,
5.113702,0.931395,,,,,,
5.114168,1.445182,,,,,,
5.114634,1.813275,,,,,,
5.115099,2.105333,,,,,,
5.115565,2.253880,,,,,,
5.116030,2.304738,,,,,,
5.116496,2.316655,,,,,,
5.116961,2.270497,,,,,,
5.117427,2.151995,,,,,,
5.117892,2.009995,,,,,,
5.118358,1.794980,,,,,,
5.118823,1.558816,,,,,,
5.119289,1.292943,,,,,,
5.119754,0.934249,,,,,,
5.120220,0.600397,,,,,,
5.120685,0.334188,,,,,,
5.121151,0.131762,,,,,,
5.121616,-0.052537,,,,,,
5.122082,-0.258991,,,,,,
5.122547,-0.321263,,,,,,
5.123013,-0.197055,,,,,,
5.123478,0.037095,,,,,,
5.123944,0.318074,,,,,,
5.124409,0.598383,,,,,,
5.124875,0.836057,,,,,,
5.125340,1.152956,,,,,,
5.125806,1.521889,,,,,,
5.126271,1.738079,,,,,,
5.126737,1.883772,,,,,,
5.127202,1.940841,,,,,,
5.127668,1.913313,,,,,,
5.128134,1.861952,,,,,,
5.128599,1.766613,,,,,,
5.129065,1.621927,,,,,,
5.129530,1.462638,,,,,,
5.129996,1.272801,,,,,,
5.130461,1.075410,,,,,,
5.130927,0.849821,,,,,,
5.131392,0.529564,,,,,,
5.131858,0.239857,,,,,,
5.132323,0.031388,,,,,,
5.132789,-0.106584,,,,,,
5.133254,-0.188830,,,,,,
5.133720,-0.248585,,,,,,
5.134185,-0.279469,,,,,,
5.134651,-0.279469,,,,,,
5.135116,0.129076,,,,,,
5.135582,0.464439,,,,,,
5.136047,0.814237,,,,,,
5.136513,1.110155,,,,,,
5.136978,1.456428,,,,,,
5.137444,1.843488,,,,,,
5.137909,2.097948,,,,,,
5.138375,2.268147,,,,,,
5.138840,2.342336,,,,,,
5.139306,2.279896,,,,,,
5.139771,2.207721,,,,,,
5.140237,2.093584,,,,,,
5.140702,1.901228,,,,,,
5.141168,1.672282,,,,,,
5.141633,1.419501,,,,,,
5.142099,1.117037,,,,,,
5.142565,0.813565,,,,,,
5.143030,0.397299,,,,,,
5.143496,0.004532,,,,,,
5.143961,-0.299611,,,,,,
5.144427,-0.536614,,,,,,
5.144892,-0.724773,,,,,,
5.145358,-0.950866,,,,,,
5.145823,-1.108980,,,,,,
5.146289,-1.065843,,,,,,
5.146754,-0.875669,,,,,,
5.147220,-0.673243,,,,,,
5.147685,-0.419959,,,,,,
5.148151,-0.215015,,,,,,
5.148616,-0.004196,,,,,,
5.149082,0.287190,,,,,,
5.149547,0.469810,,,,,,
5.150013,0.531411,,,,,,
5.150478,0.524025,,,,,,
5.150944,0.365911,,,,,,
5.151409,0.187823,,,,,,
5.151875,-0.003525,,,,,,
5.152340,-0.258320,,,,,,
5.152806,-0.525872,,,,,,
5.153271,-0.792752,,,,,,
5.153737,-1.071382,,,,,,
5.154202,-1.333059,,,,,,
5.154668,-1.667582,,,,,,
5.155133,-2.035340,,,,,,
5.155599,-2.294331,,,,,,
5.156065,-2.453620,,,,,,
5.156530,-2.561715,,,,,,
5.156996,-2.724025,,,,,,
5.157461,-2.724025,,,,,,
5.157927,-2.607706,,,,,,
5.158392,-2.280903,,,,,,
5.158858,-1.901732,,,,,,
5.159323,-1.496208,,,,,,
5.159789,-1.123415,,,,,,
5.160254,-0.759014,,,,,,
5.160720,-0.301625,,,,,,
5.161185,0.054887,,,,,,
5.161651,0.293904,,,,,,
5.162116,0.462425,,,,,,
5.162582,0.496330,,,,,,
5.163047,0.444968,,,,,,
5.163513,0.368093,,,,,,
5.163978,0.228443,,,,,,
5.164444,0.027863,,,,,,
5.164909,-0.194369,,,,,,
5.165375,-0.446647,,,,,,
5.165840,-0.446647,,,,,,
5.166306,-1.031434,,,,,,
5.166771,-1.437293,,,,,,
5.167237,-1.757214,,,,,,
5.167702,-2.007141,,,,,,
5.168168,-2.168276,,,,,,
5.168633,-2.325216,,,,,,
5.169099,-2.485008,,,,,,
5.169565,-2.444724,,,,,,
5.170030,-2.209064,,,,,,
5.170496,-1.884108,,,,,,
5.170961,-1.539010,,,,,,
5.171427,-1.192065,,,,,,
5.171892,-0.855528,,,,,,
5.172358,-0.395285,,,,,,
5.172823,0.013260,,,,,,
5.173289,0.321096,,,,,,
5.173754,0.569177,,,,,,
5.174220,0.713863,,,,,,
5.174685,0.754482,,,,,,
5.175151,0.786374,,,,,,
5.175616,0.767071,,,,,,
5.176082,0.695064,,,,,,
5.176547,0.614160,,,,,,
5.177013,0.478538,,,,,,
5.177478,0.346609,,,,,,
5.177944,0.154925,,,,,,
5.178409,-0.118669,,,,,,
5.178875,-0.366751,,,,,,
5.179340,-0.506401,,,,,,
5.179806,-0.585962,,,,,,
5.180271,-0.619699,,,,,,
5.180737,-0.648066,,,,,,
5.181202,-0.549538,,,,,,
5.181668,-0.317739,,,,,,
5.182133,0.021653,,,,,,
5.182599,0.373129,,,,,,
5.183064,0.730983,,,,,,
5.183530,1.039490,,,,,,
5.183996,1.419837,,,,,,
5.184461,1.809918,,,,,,
5.184927,2.041550,,,,,,
5.185392,2.217456,,,,,,
5.185858,2.291981,,,,,,
5.186323,2.246326,,,,,,
5.186789,2.158038,,,,,,
5.187254,2.031144,,,,,,
5.187720,1.856916,,,,,,
5.188185,1.668254,,,,,,
5.188651,1.668254,,,,,,
5.189116,1.214054,,,,,,
5.189582,0.940795,,,,,,
5.190047,0.592004,,,,,,
5.190513,0.246235,,,,,,
5.190978,-0.000504,,,,,,
5.191444,-0.184131,,,,,,
5.191909,-0.329992,,,,,,
5.192375,-0.482902,,,,,,
5.192840,-0.535271,,,,,,
5.193306,-0.397635,,,,,,
5.193771,-0.121523,,,,,,
5.194237,0.194537,,,,,,
5.194702,0.489616,,,,,,
5.195168,0.763546,,,,,,
5.195633,1.111666,,,,,,
5.196099,1.478248,,,,,,
5.196564,1.730694,,,,,,
5.197030,1.730694,,,,,,
5.197496,1.989517,,,,,,
5.197961,1.949569,,,,,,
5.198427,1.863630,,,,,,
5.198892,1.736065,,,,,,
5.199358,1.553445,,,,,,
5.199823,1.337591,,,,,,
5.200289,1.088167,,,,,,
5.200754,0.813901,,,,,,
5.201220,0.522179,,,,,,
5.201685,0.139147,,,,,,
5.202151,-0.242206,,,,,,
5.202616,-0.558770,,,,,,
5.203082,-0.787045,,,,,,
5.203547,-0.961776,,,,,,
5.204013,-1.167056,,,,,,
5.204478,-1.285557,,,,,,
5.204944,-1.190219,,,,,,
5.205409,-0.947845,,,,,,
5.205875,-0.640848,,,,,,
5.206340,-0.335531,,,,,,
5.206806,-0.061936,,,,,,
5.207271,0.257984,,,,,,
5.207737,0.637659,,,,,,
5.208202,0.891447,,,,,,
5.208668,1.058625,,,,,,
5.209133,1.155810,,,,,,
5.209599,1.130800,,,,,,
5.210064,1.056947,,,,,,
5.210530,0.928374,,,,,,
5.210996,0.764553,,,,,,
5.211461,0.573877,,,,,,
5.211927,0.339223,,,,,,
5.212392,0.062776,,,,,,
5.212858,-0.192187,,,,,,
5.213323,-0.546014,,,,,,
5.213789,-0.917296,,,,,,
5.214254,-1.225299,,,,,,
5.214720,-1.447364,,,,,,
5.215185,-1.604639,,,,,,
5.215651,-1.782223,,,,,,
5.216116,-1.898711,,,,,,
5.216582,-1.828382,,,,,,
5.217047,-1.563180,,,,,,
5.217513,-1.221103,,,,,,
5.217978,-0.856870,,,,,,
5.218444,-0.551553,,,,,,
5.218909,-0.211322,,,,,,
5.219375,0.222736,,,,,,
5.219840,0.222736,,,,,,
5.220306,0.741054,,,,,,
5.220771,0.872313,,,,,,
5.221237,0.878523,,,,,,
5.221702,0.819272,,,,,,
5.222168,0.700771,,,,,,
5.222633,0.536614,,,,,,
5.223099,0.335531,,,,,,
5.223564,0.111284,,,,,,
5.224030,-0.150225,,,,,,
5.224495,-0.427848,,,,,,
5.224961,-0.769924,,,,,,
5.225427,-1.138186,,,,,,
5.225892,-1.469856,,,,,,
5.226358,-1.744961,,,,,,
5.226823,-1.930266,,,,,,
5.227289,-2.117250,,,,,,
5.227754,-2.280903,,,,,,
5.228220,-2.254719,,,,,,
5.228685,-2.033661,,,,,,
5.229151,-1.703166,,,,,,
5.229616,-1.347662,,,,,,
5.230082,-1.056947,,,,,,
5.230547,-0.748775,,,,,,
5.231013,-0.327810,,,,,,
5.231478,0.019303,,,,,,
5.231944,0.247578,,,,,,
5.232409,0.420462,,,,,,
5.232875,0.486931,,,,,,
5.233340,0.492638,,,,,,
5.233806,0.469810,,,,,,
5.234271,0.391089,,,,,,
5.234737,0.304646,,,,,,
5.235202,0.215015,,,,,,
5.235668,0.089128,,,,,,
5.236133,-0.032395,,,,,,
5.236599,-0.201587,,,,,,
5.237064,-0.421134,,,,,,
5.237530,-0.584619,,,,,,
5.237995,-0.705974,,,,,,
5.238461,-0.741894,,,,,,
5.238927,-0.767910,,,,,,
5.239392,-0.811551,,,,,,
5.239858,-0.689693,,,,,,
5.240323,-0.394949,,,,,,
5.240789,0.004196,,,,,,
5.241254,0.429526,,,,,,
5.241720,0.806851,,,,,,
5.242185,1.108980,,,,,,
5.242651,1.108980,,,,,,
5.243116,1.890486,,,,,,
5.243582,2.112047,,,,,,
5.244047,2.244984,,,,,,
5.244513,2.275196,,,,,,
5.244978,2.177508,,,,,,
5.245444,2.042893,,,,,,
5.245909,1.825696,,,,,,
5.246375,1.558145,,,,,,
5.246840,1.267765,,,,,,
5.247306,0.929549,,,,,,
5.247771,0.577905,,,,,,
5.248237,0.179431,,,,,,
5.248702,-0.283833,,,,,,
5.249168,-0.703288,,,,,,
5.249633,-1.056275,,,,,,
5.250099,-1.359075,,,,,,
5.250564,-1.591379,,,,,,
5.251030,-1.591379,,,,,,
5.251495,-1.918181,,,,,,
5.251961,-1.809583,,,,,,
5.252427,-1.545388,,,,,,
5.252892,-1.224125,,,,,,
5.253358,-0.885237,,,,,,
5.253823,-0.585962,,,,,,
5.254289,-0.190845,,,,,,
5.254754,0.224079,,,,,,
5.255220,0.517479,,,,,,
5.255685,0.755825,,,,,,
5.256151,0.907561,,,,,,
5.256616,0.955566,,,,,,
5.257082,0.971679,,,,,,
5.257547,0.942138,,,,,,
5.258013,0.845792,,,,,,
5.258478,0.748104,,,,,,
5.258944,0.607446,,,,,,
5.259409,0.443626,,,,,,
5.259875,0.251942,,,,,,
5.260340,-0.034577,,,,,,
5.260806,-0.316060,,,,,,
5.261271,-0.544167,,,,,,
5.261737,-0.719234,,,,,,
5.262202,-0.847974,,,,,,
5.262668,-1.022370,,,,,,
5.263133,-1.100252,,,,,,
5.263599,-1.007935,,,,,,
5.264064,-0.781003,,,,,,
5.264530,-0.501366,,,,,,
5.264995,-0.210986,,,,,,
5.265461,0.028702,,,,,,
5.265926,0.315053,,,,,,
5.266392,0.678447,,,,,,
5.266858,0.906218,,,,,,
5.267323,1.049897,,,,,,
5.267789,1.113680,,,,,,
5.268254,1.071382,,,,,,
5.268720,0.989471,,,,,,
5.269185,0.873320,,,,,,
5.269651,0.703120,,,,,,
5.270116,0.545678,,,,,,
5.270582,0.350973,,,,,,
5.271047,0.146197,,,,,,
5.271513,-0.056733,,,,,,
5.271978,-0.359365,,,,,,
5.272444,-0.650919,,,,,,
5.272909,-0.878355,,,,,,
5.273375,-1.039155,,,,,,
5.273840,-1.039155,,,,,,
5.274306,-1.244602,,,,,,
5.274771,-1.274144,,,,,,
5.275237,-1.107301,,,,,,
5.275702,-0.768414,,,,,,
5.276168,-0.350637,,,,,,
5.276633,0.076707,,,,,,
5.277099,0.461418,,,,,,
5.277564,0.864591,,,,,,
5.278030,1.378546,,,,,,
5.278495,1.770306,,,,,,
5.278961,2.054978,,,,,,
5.279426,2.274525,,,,,,
5.279892,2.350393,,,,,,
5.280358,2.380606,,,,,,
5.280823,2.367178,,,,,,
5.281289,2.267811,,,,,,
5.281754,2.096941,,,,,,
5.282220,2.096941,,,,,,
5.282685,1.676310,,,,,,
5.283151,1.412451,,,,,,
5.283616,1.042176,,,,,,
5.284082,0.645380,,,,,,
5.284547,0.289540,,,,,,
5.285013,-0.001846,,,,,,
5.285478,-0.266712,,,,,,
5.285944,-0.531075,,,,,,
5.286409,-0.764218,,,,,,
5.286875,-0.837736,,,,,,
5.287340,-0.739208,,,,,,
5.287806,-0.567498,,,,,,
5.288271,-0.356008,,,,,,
5.288737,-0.172717,,,,,,
5.289202,-0.006546,,,,,,
5.289668,0.232639,,,,,,
5.290133,0.417441,,,,,,
5.290599,0.502708,,,,,,
5.291064,0.513954,,,,,,
5.291530,0.418112,,,,,,
5.291995,0.284504,,,,,,
5.292461,0.140490,,,,,,
5.292926,-0.032563,,,,,,
5.293392,-0.261677,,,,,,
5.293858,-0.476860,,,,,,
5.294323,-0.700771,,,,,,
5.294789,-0.915618,,,,,,
5.295254,-1.179141,,,,,,
5.295720,-1.476905,,,,,,
5.296185,-1.705852,,,,,,
5.296651,-1.853391,,,,,,
5.297116,-1.931106,,,,,,
5.297582,-2.019898,,,,,,
5.298047,-2.076463,,,,,,
5.298513,-1.961990,,,,,,
5.298978,-1.694102,,,,,,
5.299444,-1.335241,,,,,,
5.299909,-0.936095,,,,,,
5.300375,-0.585122,,,,,,
5.300840,-0.278462,,,,,,
5.301306,0.100877,,,,,,
5.301771,0.428687,,,,,,
5.302237,0.630274,,,,,,
5.302702,0.758175,,,,,,
5.303168,0.762539,,,,,,
5.303633,0.651759,,,,,,
5.304099,0.500023,,,,,,
5.304564,0.301289,,,,,,
5.305030,0.301289,,,,,,
5.305495,-0.237339,,,,,,
5.305961,-0.535943,,,,,,
5.306426,-0.815244,,,,,,
5.306892,-1.140871,,,,,,
5.307357,-1.537331,,,,,,
5.307823,-1.859098,,,,,,
5.308289,-2.104326,,,,,,
5.308754,-2.261097,,,,,,
5.309220,-2.405783,,,,,,
5.309685,-2.536202,,,,,,
5.310151,-2.498772,,,,,,
5.310616,-2.256397,,,,,,
5.311082,-1.875547,,,,,,
5.311547,-1.444511,,,,,,
5.312013,-1.012802,,,,,,
5.312478,-0.610803,,,,,,
5.312944,-0.114977,,,,,,
5.313409,0.359030,,,,,,
5.313875,0.747601,,,,,,
5.314340,1.083467,,,,,,
5.314806,1.332555,,,,,,
5.315271,1.470192,,,,,,
5.315737,1.574929,,,,,,
5.316202,1.625620,,,,,,
5.316668,1.624277,,,,,,
5.317133,1.578958,,,,,,
5.317599,1.495705,,,,,,
5.318064,1.389456,,,,,,
5.318530,1.243931,,,,,,
5.318995,0.971344,,,,,,
5.319461,0.698085,,,,,,
5.319926,0.481559,,,,,,
5.320392,0.328817,,,,,,
5.320857,0.199908,,,,,,
5.321323,0.018631,,,,,,
5.321789,-0.042466,,,,,,
5.322254,0.059251,,,,,,
5.322720,0.290211,,,,,,
5.323185,0.553567,,,,,,
5.323651,0.814908,,,,,,
5.324116,1.025559,,,,,,
5.324582,1.305028,,,,,,
5.325047,1.615885,,,,,,
5.325513,1.831403,,,,,,
5.325978,1.993210,,,,,,
5.326444,2.080323,,,,,,
5.326909,2.075120,,,,,,
5.327375,2.039536,,,,,,
5.327840,1.977432,,,,,,
5.328306,1.886793,,,,,,
5.328771,1.758892,,,,,,
5.329237,1.598428,,,,,,
5.329702,1.438300,,,,,,
5.330168,1.247288,,,,,,
5.330633,0.956573,,,,,,
5.331099,0.668544,,,,,,
5.331564,0.433555,,,,,,
5.332030,0.254627,,,,,,
5.332495,0.142840,,,,,,
5.332961,-0.008225,,,,,,
5.333426,-0.062608,,,,,,
5.333892,0.031724,,,,,,
5.334357,0.261006,,,,,,
5.334823,0.545006,,,,,,
5.335289,0.824308,,,,,,
5.335754,1.040162,,,,,,
5.336220,1.040162,,,,,,
5.336685,1.584329,,,,,,
5.337151,1.733379,,,,,,
5.337616,1.802533,,,,,,
5.338082,1.788266,,,,,,
5.338547,1.619913,,,,,,
5.339013,1.403723,,,,,,
5.339478,1.144900,,,,,,
5.339944,0.818936,,,,,,
5.340409,0.460243,,,,,,
5.340875,0.064790,,,,,,
5.341340,-0.317571,,,,,,
5.341806,-0.734005,,,,,,
5.342271,-1.179477,,,,,,
5.342737,-1.602792,,,,,,
5.343202,-1.970214,,,,,,
5.343668,-2.244984,,,,,,
5.344133,-2.433310,,,,,,
5.344599,-2.626337,,,,,,
5.345064,-2.762966,,,,,,
5.345530,-2.699184,,,,,,
5.345995,-2.448753,,,,,,
5.346461,-2.110369,,,,,,
5.346926,-1.750668,,,,,,
5.347392,-1.410101,,,,,,
5.347857,-1.068696,,,,,,
5.348323,-0.630610,,,,,,
5.348788,-0.315724,,,,,,
5.349254,-0.088457,,,,,,
5.349720,0.076371,,,,,,
5.350185,0.109270,,,,,,
5.350651,0.066300,,,,,,
5.351116,-0.011078,,,,,,
5.351582,-0.131762,,,,,,
5.352047,-0.304982,,,,,,
5.352513,-0.501701,,,,,,
5.352978,-0.731991,,,,,,
5.353444,-0.949523,,,,,,
5.353909,-1.243595,,,,,,
5.354375,-1.575937,,,,,,
5.354840,-1.870680,,,,,,
5.355306,-2.083680,,,,,,
5.355771,-2.238270,,,,,,
5.356237,-2.389670,,,,,,
5.356702,-2.542916,,,,,,
5.357168,-2.511192,,,,,,
5.357633,-2.314809,,,,,,
5.358099,-2.021073,,,,,,
5.358564,-1.689067,,,,,,
5.359030,-1.689067,,,,,,
5.359495,-1.106630,,,,,,
5.359961,-0.691371,,,,,,
5.360426,-0.357015,,,,,,
5.360892,-0.138476,,,,,,
5.361357,0.024506,,,,,,
5.361823,0.058915,,,,,,
5.362288,-0.000504,,,,,,
5.362754,-0.093156,,,,,,
5.363220,-0.200244,,,,,,
5.363685,-0.344259,,,,,,
5.364151,-0.495659,,,,,,
5.364616,-0.692378,,,,,,
5.365082,-0.864591,,,,,,
5.365547,-1.085817,,,,,,
5.366013,-1.363104,,,,,,
5.366478,-1.600107,,,,,,
5.366944,-1.798169,,,,,,
5.367409,-1.798169,,,,,,
5.367875,-1.948562,,,,,,
5.368340,-2.004120,,,,,,
5.368806,-1.917342,,,,,,
5.369271,-1.620249,,,,,,
5.369737,-1.178134,,,,,,
5.370202,-0.675761,,,,,,
5.370668,-0.205280,,,,,,
5.371133,0.248920,,,,,,
5.371599,0.817258,,,,,,
5.372064,1.368811,,,,,,
5.372530,1.771649,,,,,,
5.372995,2.129503,,,,,,
5.373461,2.381949,,,,,,
5.373926,2.532341,,,,,,
5.374392,2.650507,,,,,,
5.374857,2.676356,,,,,,
5.375323,2.651514,,,,,,
5.375788,2.621637,,,,,,
5.376254,2.548791,,,,,,
5.376720,2.444388,,,,,,
5.377185,2.307759,,,,,,
5.377651,2.075792,,,,,,
5.378116,1.857923,,,,,,
5.378582,1.692088,,,,,,
5.379047,1.599100,,,,,,
5.379513,1.478248,,,,,,
5.379978,1.326513,,,,,,
5.380444,1.261051,,,,,,
5.380909,1.371832,,,,,,
5.381375,1.594400,,,,,,
5.381840,1.838788,,,,,,
5.382306,2.066392,,,,,,
5.382771,2.215778,,,,,,
5.383237,2.433478,,,,,,
5.383702,2.666285,,,,,,
5.384168,2.765316,,,,,,
5.384633,2.779416,,,,,,
5.385099,2.728054,,,,,,
5.385564,2.559197,,,,,,
5.386030,2.351064,,,,,,
5.386495,2.105333,,,,,,
5.386961,1.827375,,,,,,
5.387426,1.524575,,,,,,
5.387892,1.239567,,,,,,
5.388357,0.941131,,,,,,
5.388823,0.639002,,,,,,
5.389288,0.257984,,,,,,
5.389754,-0.085435,,,,,,
5.390219,-0.085435,,,,,,
5.390685,-0.589319,,,,,,
5.391151,-0.748272,,,,,,
5.391616,-0.908568,,,,,,
5.392082,-0.970001,,,,,,
5.392547,-0.874998,,,,,,
5.393013,-0.601068,,,,,,
5.393478,-0.255299,,,,,,
5.393944,0.085100,,,,,,
5.394409,0.356680,,,,,,
5.394875,0.697749,,,,,,
5.395340,1.086152,,,,,,
5.395806,1.336919,,,,,,
5.396271,1.496208,,,,,,
5.396737,1.582315,,,,,,
5.397202,1.527092,,,,,,
5.397668,1.413123,,,,,,
5.398133,1.234867,,,,,,
5.398599,0.995850,,,,,,
5.399064,0.729641,,,,,,
5.399530,0.438087,,,,,,
5.399995,0.128405,,,,,,
5.400461,-0.214008,,,,,,
5.400926,-0.650248,,,,,,
5.401392,-1.101930,,,,,,
5.401857,-1.501411,,,,,,
5.402323,-1.833082,,,,,,
5.402788,-2.084855,,,,,,
5.403254,-2.360800,,,,,,
5.403719,-2.563561,,,,,,
5.404185,-2.599817,,,,,,
5.404651,-2.465537,,,,,,
5.405116,-2.187579,,,,,,
5.405582,-1.894179,,,,,,
5.406047,-1.652308,,,,,,
5.406513,-1.385931,,,,,,
5.406978,-1.026062,,,,,,
5.407444,-0.764218,,,,,,
5.407909,-0.587304,,,,,,
5.408375,-0.495323,,,,,,
5.408840,-0.532250,,,,,,
5.409306,-0.634974,,,,,,
5.409771,-0.773953,,,,,,
5.410237,-0.938781,,,,,,
5.410702,-1.120226,,,,,,
5.411168,-1.313420,,,,,,
5.411633,-1.513161,,,,,,
5.412099,-1.718273,,,,,,
5.412564,-1.984817,,,,,,
5.413030,-2.277546,,,,,,
5.413495,-2.518074,,,,,,
5.413961,-2.682063,,,,,,
5.414426,-2.773205,,,,,,
5.414892,-2.831785,,,,,,
5.415357,-2.813321,,,,,,
5.415823,-2.610895,,,,,,
5.416288,-2.254047,,,,,,
5.416754,-1.744961,,,,,,
5.417219,-1.283207,,,,,,
5.417685,-0.883726,,,,,,
5.418151,-0.475517,,,,,,
5.418616,0.054551,,,,,,
5.419082,0.477531,,,,,,
5.419547,0.798795,,,,,,
5.420013,1.043687,,,,,,
5.420478,1.174105,,,,,,
5.420944,1.206165,,,,,,
5.421409,1.206165,,,,,,
5.421875,1.084810,,,,,,
5.422340,0.942473,,,,,,
5.422806,0.777310,,,,,,
5.423271,0.588312,,,,,,
5.423737,0.406531,,,,,,
5.424202,0.140490,,,,,,
5.424668,-0.157946,,,,,,
5.425133,-0.426169,,,,,,
5.425599,-0.651087,,,,,,
5.426064,-0.807187,,,,,,
5.426530,-0.936263,,,,,,
5.426995,-1.057450,,,,,,
5.427461,-1.015991,,,,,,
5.427926,-0.805509,,,,,,
5.428392,-0.458061,,,,,,
5.428857,-0.077379,,,,,,
5.429323,0.256306,,,,,,
5.429788,0.565820,,,,,,
5.430254,0.972686,,,,,,
5.430719,1.332723,,,,,,
5.431185,1.585672,,,,,,
5.431650,1.756878,,,,,,
5.432116,1.801862,,,,,,
5.432582,1.766613,,,,,,
5.433047,1.678996,,,,,,
5.433513,1.541360,,,,,,
5.433978,1.357397,,,,,,
5.434444,1.161013,,,,,,
5.434909,0.935424,,,,,,
5.435375,0.721920,,,,,,
5.435840,0.447654,,,,,,
5.436306,0.119341,,,,,,
5.436771,-0.162646,,,,,,
5.437237,-0.406363,,,,,,
5.437702,-0.571527,,,,,,
5.438168,-0.706477,,,,,,
5.438633,-0.843778,,,,,,
5.439099,-0.829007,,,,,,
5.439564,-0.629938,,,,,,
5.440030,-0.320592,,,,,,
5.440495,0.046159,,,,,,
5.440961,0.398642,,,,,,
5.441426,0.705135,,,,,,
5.441892,1.082460,,,,,,
5.442357,1.455924,,,,,,
5.442823,1.691081,,,,,,
5.443288,1.849531,,,,,,
5.443754,1.889143,,,,,,
5.444219,1.889143,,,,,,
5.444685,1.690410,,,,,,
5.445150,1.515846,,,,,,
5.445616,1.305028,,,,,,
5.446082,1.054429,,,,,,
5.446547,0.790738,,,,,,
5.447013,0.550881,,,,,,
5.447478,0.274434,,,,,,
5.447944,-0.111955,,,,,,
5.448409,-0.442451,,,,,,
5.448875,-0.724102,,,,,,
5.449340,-0.936095,,,,,,
5.449806,-1.093538,,,,,,
5.450271,-1.256352,,,,,,
5.450737,-1.303014,,,,,,
5.451202,-1.160342,,,,,,
5.451668,-0.881041,,,,,,
5.452133,-0.511269,,,,,,
5.452599,-0.511269,,,,,,
5.453064,0.122698,,,,,,
5.453530,0.472496,,,,,,
5.453995,0.849485,,,,,,
5.454461,1.105959,,,,,,
5.454926,1.296971,,,,,,
5.455392,1.401709,,,,,,
5.455857,1.367803,,,,,,
5.456323,1.303014,,,,,,
5.456788,1.201633,,,,,,
5.457254,1.052247,,,,,,
5.457719,0.865934,,,,,,
5.458185,0.684993,,,,,,
5.458650,0.497002,,,,,,
5.459116,0.297932,,,,,,
5.459582,-0.018296,,,,,,
5.460047,-0.320089,,,,,,
5.460513,-0.590326,,,,,,
5.460978,-0.805173,,,,,,
5.461444,-0.952544,,,,,,
5.461909,-1.108812,,,,,,
5.462375,-1.160006,,,,,,
5.462840,-1.045869,,,,,,
5.463306,-0.795438,,,,,,
5.463771,-0.494987,,,,,,
5.464237,-0.192355,,,,,,
5.464702,0.029038,,,,,,
5.465168,0.280476,,,,,,
5.465633,0.595361,,,,,,
5.466099,0.787381,,,,,,
5.466564,0.897826,,,,,,
5.467030,0.935424,,,,,,
5.467495,0.836393,,,,,,
5.467961,0.682979,,,,,,
5.468426,0.468467,,,,,,
5.468892,0.216358,,,,,,
5.469357,-0.063951,,,,,,
5.469823,-0.372122,,,,,,
5.470288,-0.667872,,,,,,
5.470754,-0.939117,,,,,,
5.471219,-1.296803,,,,,,
5.471685,-1.657176,,,,,,
5.472150,-1.951247,,,,,,
5.472616,-2.171801,,,,,,
5.473081,-2.315984,,,,,,
5.473547,-2.460166,,,,,,
5.474013,-2.519921,,,,,,
5.474478,-2.389334,,,,,,
5.474944,-2.070420,,,,,,
5.475409,-2.070420,,,,,,
5.475875,-1.212711,,,,,,
5.476340,-0.809537,,,,,,
5.476806,-0.402670,,,,,,
5.477271,0.117998,,,,,,
5.477737,0.524529,,,,,,
5.478202,0.855192,,,,,,
5.478668,1.134157,,,,,,
5.479133,1.276829,,,,,,
5.479599,1.329870,,,,,,
5.480064,1.341115,,,,,,
5.480530,1.303349,,,,,,
5.480995,1.214054,,,,,,
5.481461,1.082460,,,,,,
5.481926,0.943145,,,,,,
5.482392,0.806516,,,,,,
5.482857,0.575891,,,,,,
5.483323,0.277455,,,,,,
5.483788,0.030045,,,,,,
5.484254,-0.180774,,,,,,
5.484719,-0.333181,,,,,,
5.485185,-0.469474,,,,,,
5.485650,-0.597040,,,,,,
5.486116,-0.562127,,,,,,
5.486581,-0.341238,,,,,,
5.487047,-0.022995,,,,,,
5.487513,0.306661,,,,,,
5.487978,0.601404,,,,,,
5.488444,0.879698,,,,,,
5.488909,1.262562,,,,,,
5.489375,1.544717,,,,,,
5.489840,1.736065,,,,,,
5.490306,1.858259,,,,,,
5.490771,1.860609,,,,,,
5.491237,1.756207,,,,,,
5.491702,1.607828,,,,,,
5.492168,1.406073,,,,,,
5.492633,1.158328,,,,,,
5.493099,0.889433,,,,,,
5.493564,0.593347,,,,,,
5.494030,0.316396,,,,,,
5.494495,-0.014267,,,,,,
5.494961,-0.415930,,,,,,
5.495426,-0.781674,,,,,,
5.495892,-1.068696,,,,,,
5.496357,-1.274144,,,,,,
5.496823,-1.432929,,,,,,
5.497288,-1.567880,,,,,,
5.497754,-1.530953,,,,,,
5.498219,-1.332891,,,,,,
5.498685,-0.998535,,,,,,
5.499150,-0.632959,,,,,,
5.499616,-0.296254,,,,,,
5.500081,-0.001511,,,,,,
5.500547,0.414588,,,,,,
5.501012,0.808194,,,,,,
5.501478,1.080613,,,,,,
5.501944,1.301671,,,,,,
5.502409,1.416144,,,,,,
5.502875,1.416144,,,,,,
5.503340,1.340948,,,,,,
5.503806,1.229664,,,,,,
5.504271,1.076417,,,,,,
5.504737,0.891279,,,,,,
5.505202,0.680461,,,,,,
5.505668,0.502037,,,,,,
5.506133,0.272419,,,,,,
5.506599,0.272419,,,,,,
5.507064,-0.330831,,,,,,
5.507530,-0.558099,,,,,,
5.507995,-0.714870,,,,,,
5.508461,-0.840085,,,,,,
5.508926,-0.984771,,,,,,
5.509392,-1.011292,,,,,,
5.509857,-0.871641,,,,,,
5.510323,-0.579248,,,,,,
5.510788,-0.233982,,,,,,
5.511254,0.045487,,,,,,
5.511719,0.279469,,,,,,
5.512185,0.574548,,,,,,
5.512650,0.846632,,,,,,
5.513116,0.963287,,,,,,
5.513581,1.032105,,,,,,
5.514047,0.994842,,,,,,
5.514512,0.841093,,,,,,
5.514978,0.619867,,,,,,
5.515444,0.365576,,,,,,
5.515909,0.079728,,,,,,
5.516375,-0.238514,,,,,,
5.516840,-0.557763,,,,,,
5.517306,-0.850492,,,,,,
5.517771,-1.132815,,,,,,
5.518237,-1.500069,,,,,,
5.518702,-1.838117,,,,,,
5.519168,-2.139406,,,,,,
5.519633,-2.341665,,,,,,
5.520099,-2.478965,,,,,,
5.520564,-2.639765,,,,,,
5.521030,-2.688441,,,,,,
5.521495,-2.529152,,,,,,
5.521961,-2.195972,,,,,,
5.522426,-1.782055,,,,,,
5.522892,-1.404730,,,,,,
5.523357,-1.069032,,,,,,
5.523823,-0.674418,,,,,,
5.524288,-0.228443,,,,,,
5.524754,0.084428,,,,,,
5.525219,0.328145,,,,,,
5.525685,0.488609,,,,,,
5.526150,0.532921,,,,,,
5.526616,0.529732,,,,,,
5.527081,0.457725,,,,,,
5.527547,0.364065,,,,,,
5.528012,0.238178,,,,,,
5.528478,0.089128,,,,,,
5.528944,-0.066300,,,,,,
5.529409,-0.066300,,,,,,
5.529875,-0.444297,,,,,,
5.530340,-0.674418,,,,,,
5.530806,-0.895811,,,,,,
5.531271,-1.040833,,,,,,
5.531737,-1.121736,,,,,,
5.532202,-1.219425,,,,,,
5.532668,-1.237888,,,,,,
5.533133,-1.090517,,,,,,
5.533599,-0.756832,,,,,,
5.534064,-0.319753,,,,,,
5.534530,0.119341,,,,,,
5.534995,0.471489,,,,,,
5.535461,0.848478,,,,,,
5.535926,1.309560,,,,,,
5.536392,1.636362,,,,,,
5.536857,1.877729,,,,,,
5.537323,2.061524,,,,,,
5.537788,2.061524,,,,,,
5.538254,2.080827,,,,,,
5.538719,1.975082,,,,,,
5.539185,1.832410,,,,,,
5.539650,1.641566,,,,,,
5.540116,1.415473,,,,,,
5.540581,1.189548,,,,,,
5.541047,0.957244,,,,,,
5.541512,0.633631,,,,,,
5.541978,0.286519,,,,,,
5.542443,-0.024338,,,,,,
5.542909,-0.299611,,,,,,
5.543375,-0.482902,,,,,,
5.543840,-0.627253,,,,,,
5.544306,-0.693217,,,,,,
5.544771,-0.606104,,,,,,
5.545237,-0.400656,,,,,,
5.545702,-0.073014,,,,,,
5.546168,0.295918,,,,,,
5.546633,0.586633,,,,,,
5.547099,0.897154,,,,,,
5.547564,1.309056,,,,,,
5.548030,1.619913,,,,,,
5.548495,1.859266,,,,,,
5.548961,2.036851,,,,,,
5.549426,2.104997,,,,,,
5.549892,2.098619,,,,,,
5.550357,2.029465,,,,,,
5.550823,1.907942,,,,,,
5.551288,1.757549,,,,,,
5.551754,1.579965,,,,,,
5.552219,1.385931,,,,,,
5.552685,1.196597,,,,,,
5.553150,0.958587,,,,,,
5.553616,0.655787,,,,,,
5.554081,0.389242,,,,,,
5.554547,0.131090,,,,,,
5.555012,-0.053376,,,,,,
5.555478,-0.224414,,,,,,
5.555943,-0.403006,,,,,,
5.556409,-0.436072,,,,,,
5.556875,-0.307668,,,,,,
5.557340,-0.059586,,,,,,
5.557806,0.225757,,,,,,
5.558271,0.436240,,,,,,
5.558737,0.573205,,,,,,
5.559202,0.845792,,,,,,
5.559668,1.056443,,,,,,
5.560133,1.146578,,,,,,
5.560599,1.146578,,,,,,
5.561064,1.099245,,,,,,
5.561530,0.924178,,,,,,
5.561995,0.701442,,,,,,
5.562461,0.430869,,,,,,
5.562926,0.143175,,,,,,
5.563392,-0.164492,,,,,,
5.563857,-0.534264,,,,,,
5.564323,-0.827497,,,,,,
5.564788,-1.114351,,,,,,
5.565254,-1.480934,,,,,,
5.565719,-1.785748,,,,,,
5.566185,-2.056657,,,,,,
5.566650,-2.265629,,,,,,
5.567116,-2.401419,,,,,,
5.567581,-2.538720,,,,,,
5.568047,-2.543923,,,,,,
5.568512,-2.372213,,,,,,
5.568978,-2.372213,,,,,,
5.569443,-1.596078,,,,,,
5.569909,-1.195254,,,,,,
5.570375,-0.873152,,,,,,
5.570840,-0.435904,,,,,,
5.571306,-0.008225,,,,,,
5.571771,0.266377,,,,,,
5.572237,0.493980,,,,,,
5.572702,0.616510,,,,,,
5.573168,0.600565,,,,,,
5.573633,0.530907,,,,,,
5.574099,0.403342,,,,,,
5.574564,0.214008,,,,,,
5.575030,0.016617,,,,,,
5.575495,-0.188159,,,,,,
5.575961,-0.385885,,,,,,
5.576426,-0.608118,,,,,,
5.576892,-0.925353,,,,,,
5.577357,-1.205493,,,,,,
5.577823,-1.456092,,,,,,
5.578288,-1.659861,,,,,,
5.578754,-1.791455,,,,,,
5.579219,-1.948562,,,,,,
5.579685,-2.000931,,,,,,
5.580150,-1.884443,,,,,,
5.580616,-1.609003,,,,,,
5.581081,-1.266087,,,,,,
5.581547,-0.937606,,,,,,
5.582012,-0.676936,,,,,,
5.582478,-0.362051,,,,,,
5.582943,0.007889,,,,,,
5.583409,0.248249,,,,,,
5.583874,0.428519,,,,,,
5.584340,0.524025,,,,,,
5.584806,0.515129,,,,,,
5.585271,0.447486,,,,,,
5.585737,0.348119,,,,,,
5.586202,0.207294,,,,,,
5.586668,0.052201,,,,,,
5.587133,-0.123033,,,,,,
5.587599,-0.280140,,,,,,
5.588064,-0.435569,,,,,,
5.588530,-0.690700,,,,,,
5.588995,-0.908064,,,,,,
5.589461,-1.088167,,,,,,
5.589926,-1.221775,,,,,,
5.590392,-1.298985,,,,,,
5.590857,-1.342290,,,,,,
5.591323,-1.271962,,,,,,
5.591788,-1.271962,,,,,,
5.592254,-0.684825,,,,,,
5.592719,-0.227939,,,,,,
5.593185,0.196887,,,,,,
5.593650,0.522850,,,,,,
5.594116,0.850492,,,,,,
5.594581,1.260716,,,,,,
5.595047,1.521553,,,,,,
5.595512,1.711223,,,,,,
5.595978,1.830732,,,,,,
5.596443,1.809583,,,,,,
5.596909,1.725994,,,,,,
5.597374,1.589029,,,,,,
5.597840,1.406409,,,,,,
5.598306,1.186191,,,,,,
5.598771,0.976043,,,,,,
5.599237,0.774960,,,,,,
5.599702,0.569848,,,,,,
5.600168,0.275776,,,,,,
5.600633,-0.001511,,,,,,
5.601099,-0.238514,,,,,,
5.601564,-0.418448,,,,,,
5.602030,-0.535271,,,,,,
5.602495,-0.624231,,,,,,
5.602961,-0.663172,,,,,,
5.603426,-0.555077,,,,,,
5.603892,-0.268055,,,,,,
5.604357,0.123873,,,,,,
5.604823,0.543664,,,,,,
5.605288,0.890776,,,,,,
5.605754,1.220935,,,,,,
5.606219,1.636027,,,,,,
5.606685,1.951583,,,,,,
5.607150,2.173480,,,,,,
5.607616,2.318166,,,,,,
5.608081,2.326726,,,,,,
5.608547,2.257404,,,,,,
5.609012,2.114733,,,,,,
5.609478,1.938827,,,,,,
5.609943,1.707866,,,,,,
5.610409,1.459281,,,,,,
5.610874,1.213550,,,,,,
5.611340,0.985946,,,,,,
5.611806,0.688518,,,,,,
5.612271,0.337209,,,,,,
5.612737,0.041291,,,,,,
5.613202,-0.212329,,,,,,
5.613668,-0.391257,,,,,,
5.614133,-0.573541,,,,,,
5.614599,-0.710842,,,,,,
5.615064,-0.695399,,,,,,
5.615530,-0.502708,,,,,,
5.615995,-0.196216,,,,,,
5.616461,0.159625,,,,,,
5.616926,0.439933,,,,,,
5.617392,0.686671,,,,,,
5.617857,1.024720,,,,,,
5.618323,1.295293,,,,,,
5.618788,1.453407,,,,,,
5.619254,1.553445,,,,,,
5.619719,1.540017,,,,,,
5.620185,1.411780,,,,,,
5.620650,1.228992,,,,,,
5.621116,1.003403,,,,,,
5.621581,0.733669,,,,,,
5.622047,0.426841,,,,,,
5.622512,0.136126,,,,,,
5.622978,0.136126,,,,,,
5.623443,-0.468803,,,,,,
5.623909,-0.870298,,,,,,
5.624374,-1.198276,,,,,,
5.624840,-1.507622,,,,,,
5.625305,-1.739590,,,,,,
5.625771,-1.949233,,,,,,
5.626237,-2.151659,,,,,,
5.626702,-2.204868,,,,,,
5.627168,-2.070420,,,,,,
5.627633,-1.789105,,,,,,
5.628099,-1.462806,,,,,,
5.628564,-1.166720,,,,,,
5.629030,-0.907225,,,,,,
5.629495,-0.558938,,,,,,
5.629961,-0.249928,,,,,,
5.630426,-0.038437,,,,,,
5.630892,0.123369,,,,,,
5.631357,0.178424,,,,,,
5.631823,0.131258,,,,,,
5.632288,0.030381,,,,,,
5.632754,-0.122026,,,,,,
5.633219,-0.306996,,,,,,
5.633685,-0.528557,,,,,,
5.634150,-0.748104,,,,,,
5.634616,-0.941131,,,,,,
5.635081,-1.155306,,,,,,
5.635547,-1.454917,,,,,,
5.636012,-1.716930,,,,,,
5.636478,-1.938491,,,,,,
5.636943,-2.077638,,,,,,
5.637409,-2.170962,,,,,,
5.637874,-2.257069,,,,,,
5.638340,-2.173144,,,,,,
5.638805,-1.945541,,,,,,
5.639271,-1.579294,,,,,,
5.639737,-1.153292,,,,,,
5.640202,-0.762203,,,,,,
5.640668,-0.451347,,,,,,
5.641133,-0.050523,,,,,,
5.641599,0.354330,,,,,,
5.642064,0.647059,,,,,,
5.642530,0.889433,,,,,,
5.642995,1.042847,,,,,,
5.643461,1.088502,,,,,,
5.643926,1.075074,,,,,,
5.644392,0.997528,,,,,,
5.644857,0.900175,,,,,,
5.645323,0.775967,,,,,,
5.645788,0.775967,,,,,,
5.646254,0.475853,,,,,,
5.646719,0.344091,,,,,,
5.647185,0.103899,,,,,,
5.647650,-0.118334,,,,,,
5.648116,-0.311696,,,,,,
5.648581,-0.462928,,,,,,
5.649047,-0.557595,,,,,,
5.649512,-0.669886,,,,,,
5.649978,-0.671061,,,,,,
5.650443,-0.498344,,,,,,
5.650909,-0.179767,,,,,,
5.651374,0.220722,,,,,,
5.651840,0.579919,,,,,,
5.652305,0.859220,,,,,,
5.652771,1.182498,,,,,,
5.653237,1.547402,,,,,,
5.653702,1.730022,,,,,,
5.654168,1.730022,,,,,,
5.654633,1.954269,,,,,,
5.655099,1.878065,,,,,,
5.655564,1.732372,,,,,,
5.656030,1.541360,,,,,,
5.656495,1.325170,,,,,,
5.656961,1.074403,,,,,,
5.657426,0.791745,,,,,,
5.657892,0.559442,,,,,,
5.658357,0.352316,,,,,,
5.658823,0.048173,,,,,,
5.659288,-0.223072,,,,,,
5.659754,-0.460746,,,,,,
5.660219,-0.662165,,,,,,
5.660685,-0.779492,,,,,,
5.661150,-0.883223,,,,,,
5.661616,-0.919982,,,,,,
5.662081,-0.751125,,,,,,
5.662547,-0.434226,,,,,,
5.663012,-0.025681,,,,,,
5.663478,0.371786,,,,,,
5.663943,0.686671,,,,,,
5.664409,1.011963,,,,,,
5.664874,1.421851,,,,,,
5.665340,1.670268,,,,,,
5.665805,1.844831,,,,,,
5.666271,1.947555,,,,,,
5.666736,1.905257,,,,,,
5.667202,1.779034,,,,,,
5.667668,1.562173,,,,,,
5.668133,1.315099,,,,,,
5.668599,1.029755,,,,,,
5.669064,0.690028,,,,,,
5.669530,0.341238,,,,,,
5.669995,0.044144,,,,,,
5.670461,-0.338216,,,,,,
5.670926,-0.740719,,,,,,
5.671392,-1.102266,,,,,,
5.671857,-1.427893,,,,,,
5.672323,-1.676814,,,,,,
5.672788,-1.882765,,,,,,
5.673254,-2.050614,,,,,,
5.673719,-2.008652,,,,,,
5.674185,-1.784909,,,,,,
5.674650,-1.455924,,,,,,
5.675116,-1.069032,,,,,,
5.675581,-0.752972,,,,,,
5.676047,-0.429862,,,,,,
5.676512,0.033234,,,,,,
5.676978,0.033234,,,,,,
5.677443,0.605432,,,,,,
5.677909,0.798459,,,,,,
5.678374,0.861234,,,,,,
5.678840,0.822965,,,,,,
5.679305,0.707988,,,,,,
5.679771,0.581262,,,,,,
5.680236,0.420798,,,,,,
5.680702,0.243885,,,,,,
5.681168,0.054551,,,,,,
5.681633,-0.098863,,,,,,
5.682099,-0.317403,,,,,,
5.682564,-0.599054,,,,,,
5.683030,-0.834714,,,,,,
5.683495,-1.077760,,,,,,
5.683961,-1.239063,,,,,,
5.684426,-1.343969,,,,,,
5.684892,-1.412787,,,,,,
5.685357,-1.324331,,,,,,
5.685823,-1.037644,,,,,,
5.686288,-0.630945,,,,,,
5.686754,-0.229114,,,,,,
5.687219,0.095842,,,,,,
5.687685,0.387228,,,,,,
5.688150,0.777310,,,,,,
5.688616,1.092866,,,,,,
5.689081,1.267933,,,,,,
5.689547,1.402884,,,,,,
5.690012,1.406409,,,,,,
5.690478,1.304356,,,,,,
5.690943,1.119722,,,,,,
5.691409,0.858885,,,,,,
5.691874,0.565148,,,,,,
5.692340,0.248081,,,,,,
5.692805,-0.094499,,,,,,
5.693271,-0.421805,,,,,,
5.693736,-0.755657,,,,,,
5.694202,-1.174273,,,,,,
5.694668,-1.537667,,,,,,
5.695133,-1.888304,,,,,,
5.695599,-2.155520,,,,,,
5.696064,-2.348211,,,,,,
5.696530,-2.518746,,,,,,
5.696995,-2.545266,,,,,,
5.697461,-2.354086,,,,,,
5.697926,-1.995392,,,,,,
5.698392,-1.559655,,,,,,
5.698857,-1.166049,,,,,,
5.699323,-0.849653,,,,,,
5.699788,-0.416434,,,,,,
5.700254,0.035416,,,,,,
5.700719,0.358358,,,,,,
5.701185,0.627588,,,,,,
5.701650,0.805173,,,,,,
5.702116,0.867277,,,,,,
5.702581,0.873320,,,,,,
5.703047,0.814237,,,,,,
5.703512,0.732662,,,,,,
5.703978,0.613489,,,,,,
5.704443,0.471824,,,,,,
5.704909,0.341238,,,,,,
5.705374,0.202258,,,,,,
5.705840,-0.029038,,,,,,
5.706305,-0.220722,,,,,,
5.706771,-0.402335,,,,,,
5.707236,-0.539300,,,,,,
5.707702,-0.611139,,,,,,
5.708167,-0.611139,,,,,,
5.708633,-0.634302,,,,,,
5.709099,-0.436408,,,,,,
5.709564,-0.071336,,,,,,
5.710030,0.378164,,,,,,
5.710495,0.790738,,,,,,
5.710961,1.096727,,,,,,
5.711426,1.468849,,,,,,
5.711892,1.866316,,,,,,
5.712357,2.117754,,,,,,
5.712823,2.311284,,,,,,
5.713288,2.435660,,,,,,
5.713754,2.414847,,,,,,
5.714219,2.333608,,,,,,
5.714685,2.185565,,,,,,
5.715150,1.995727,,,,,,
5.715616,1.777691,,,,,,
5.716081,1.540352,,,,,,
5.716547,1.317113,,,,,,
5.717012,1.078096,,,,,,
5.717478,0.755489,,,,,,
5.717943,0.444633,,,,,,
5.718409,0.143511,,,,,,
5.718874,-0.122698,,,,,,
5.719340,-0.299779,,,,,,
5.719805,-0.463432,,,,,,
5.720271,-0.515297,,,,,,
5.720736,-0.422812,,,,,,
5.721202,-0.160296,,,,,,
5.721667,0.199237,,,,,,
5.722133,0.538293,,,,,,
5.722599,0.795438,,,,,,
5.723064,1.078431,,,,,,
5.723530,1.453407,,,,,,
5.723995,1.689738,,,,,,
5.724461,1.873701,,,,,,
5.724926,1.965682,,,,,,
5.725392,1.947890,,,,,,
5.725857,1.858762,,,,,,
5.726323,1.692424,,,,,,
5.726788,1.487312,,,,,,
5.727254,1.247288,,,,,,
5.727719,0.972015,,,,,,
5.728185,0.724773,,,,,,
5.728650,0.477699,,,,,,
5.729116,0.154253,,,,,,
5.729581,-0.182116,,,,,,
5.730047,-0.478874,,,,,,
5.730512,-0.752804,,,,,,
5.730978,-0.752804,,,,,,
5.731443,-1.123583,,,,,,
5.731909,-1.238895,,,,,,
5.732374,-1.193912,,,,,,
5.732840,-0.987793,,,,,,
5.733305,-0.646891,,,,,,
5.733771,-0.276783,,,,,,
5.734236,-0.009232,,,,,,
5.734702,0.231128,,,,,,
5.735167,0.576898,,,,,,
5.735633,0.789227,,,,,,
5.736099,0.919646,,,,,,
5.736564,0.972351,,,,,,
5.737030,0.904707,,,,,,
5.737495,0.734340,,,,,,
5.737961,0.477195,,,,,,
5.738426,0.197223,,,,,,
5.738892,-0.128405,,,,,,
5.739357,-0.128405,,,,,,
5.739823,-0.813230,,,,,,
5.740288,-1.128115,,,,,,
5.740754,-1.524239,,,,,,
5.741219,-1.944198,,,,,,
5.741685,-2.305409,,,,,,
5.742150,-2.658396,,,,,,
5.742616,-2.923598,,,,,,
5.743081,-3.131228,,,,,,
5.743547,-3.305455,,,,,,
5.744012,-3.302770,,,,,,
5.744478,-3.130388,,,,,,
5.744943,-2.806607,,,,,,
5.745409,-2.416526,,,,,,
5.745874,-2.102312,,,,,,
5.746340,-1.811597,,,,,,
5.746805,-1.398184,,,,,,
5.747271,-1.042176,,,,,,
5.747736,-0.780331,,,,,,
5.748202,-0.561456,,,,,,
5.748667,-0.469474,,,,,,
5.749133,-0.451514,,,,,,
5.749598,-0.509422,,,,,,
5.750064,-0.618524,,,,,,
5.750530,-0.754818,,,,,,
5.750995,-0.913436,,,,,,
5.751461,-1.085481,,,,,,
5.751926,-1.213046,,,,,,
5.752392,-1.393988,,,,,,
5.752857,-1.631495,,,,,,
5.753323,-1.809079,,,,,,
5.753788,-1.984146,,,,,,
5.754254,-2.091066,,,,,,
5.754719,-2.163912,,,,,,
5.755185,-2.219806,,,,,,
5.755650,-2.112886,,,,,,
5.756116,-1.841978,,,,,,
5.756581,-1.442329,,,,,,
5.757047,-0.953552,,,,,,
5.757512,-0.534264,,,,,,
5.757978,-0.179431,,,,,,
5.758443,0.277790,,,,,,
5.758909,0.714199,,,,,,
5.759374,1.032441,,,,,,
5.759840,1.326848,,,,,,
5.760305,1.501076,,,,,,
5.760771,1.579294,,,,,,
5.761236,1.599100,,,,,,
5.761702,1.553780,,,,,,
5.762167,1.553780,,,,,,
5.762633,1.354376,,,,,,
5.763098,1.199619,,,,,,
5.763564,1.082795,,,,,,
5.764030,0.914946,,,,,,
5.764495,0.634974,,,,,,
5.764961,0.430869,,,,,,
5.765426,0.225422,,,,,,
5.765892,0.046159,,,,,,
5.766357,-0.064958,,,,,,
5.766823,-0.188830,,,,,,
5.767288,-0.205615,,,,,,
5.767754,-0.064958,,,,,,
5.768219,0.213672,,,,,,
5.768685,0.579080,,,,,,
5.769150,0.899336,,,,,,
5.769616,1.149599,,,,,,
5.770081,1.488655,,,,,,
5.770547,1.859602,,,,,,
5.771012,2.112718,,,,,,
5.771478,2.347036,,,,,,
5.771943,2.488701,,,,,,
5.772409,2.492561,,,,,,
5.772874,2.443717,,,,,,
5.773340,2.338643,,,,,,
5.773805,2.206043,,,,,,
5.774271,2.046754,,,,,,
5.774736,1.877729,,,,,,
5.775202,1.736065,,,,,,
5.775667,1.601114,,,,,,
5.776133,1.355215,,,,,,
5.776598,1.147921,,,,,,
5.777064,0.949020,,,,,,
5.777530,0.781338,,,,,,
5.777995,0.675929,,,,,,
5.778461,0.547356,,,,,,
5.778926,0.516136,,,,,,
5.779392,0.619196,,,,,,
5.779857,0.857877,,,,,,
5.780323,1.185855,,,,,,
5.780788,1.516854,,,,,,
5.781254,1.756207,,,,,,
5.781719,2.026108,,,,,,
5.782185,2.345357,,,,,,
5.782650,2.534859,,,,,,
5.783116,2.659907,,,,,,
5.783581,2.691463,,,,,,
5.784047,2.574640,,,,,,
5.784512,2.391348,,,,,,
5.784978,2.114733,,,,,,
5.785443,1.793805,,,,,,
5.785909,1.432593,,,,,,
5.786374,1.027405,,,,,,
5.786840,0.658808,,,,,,
5.787305,0.309010,,,,,,
5.787771,-0.143847,,,,,,
5.788236,-0.596872,,,,,,
5.788702,-0.999207,,,,,,
5.789167,-1.382910,,,,,,
5.789633,-1.696452,,,,,,
5.790098,-2.003281,,,,,,
5.790564,-2.216785,,,,,,
5.791029,-2.254887,,,,,,
5.791495,-2.126482,,,,,,
5.791961,-1.869001,,,,,,
5.792426,-1.563180,,,,,,
5.792892,-1.347326,,,,,,
5.793357,-1.347326,,,,,,
5.793823,-0.770428,,,,,,
5.794288,-0.550042,,,,,,
5.794754,-0.366415,,,,,,
5.795219,-0.211490,,,,,,
5.795685,-0.175067,,,,,,
5.796150,-0.215183,,,,,,
5.796616,-0.312367,,,,,,
5.797081,-0.440604,,,,,,
5.797547,-0.586969,,,,,,
5.798012,-0.754314,,,,,,
5.798478,-0.889097,,,,,,
5.798943,-0.983093,,,,,,
5.799409,-1.132143,,,,,,
5.799874,-1.349004,,,,,,
5.800340,-1.506111,,,,,,
5.800805,-1.662547,,,,,,
5.801271,-1.745296,,,,,,
5.801736,-1.816464,,,,,,
5.802202,-1.862623,,,,,,
5.802667,-1.770809,,,,,,
5.803133,-1.510307,,,,,,
5.803598,-1.138354,,,,,,
5.804064,-0.761868,,,,,,
5.804529,-0.454704,,,,,,
5.804995,-0.187488,,,,,,
5.805461,0.164996,,,,,,
5.805926,0.405356,,,,,,
5.806392,0.560449,,,,,,
5.806857,0.653101,,,,,,
5.807323,0.629267,,,,,,
5.807788,0.492470,,,,,,
5.808254,0.301625,,,,,,
5.808719,0.054887,,,,,,
5.809185,-0.224750,,,,,,
5.809650,-0.514794,,,,,,
5.810116,-0.812726,,,,,,
5.810581,-1.056611,,,,,,
5.811047,-1.350011,,,,,,
5.811512,-1.698802,,,,,,
5.811978,-2.003113,,,,,,
5.812443,-2.281407,,,,,,
5.812909,-2.472251,,,,,,
5.813374,-2.607370,,,,,,
5.813840,-2.683070,,,,,,
5.814305,-2.581186,,,,,,
5.814771,-2.320516,,,,,,
5.815236,-1.890150,,,,,,
5.815702,-1.433768,,,,,,
5.816167,-1.433768,,,,,,
5.816633,-0.670893,,,,,,
5.817098,-0.181109,,,,,,
5.817564,0.276112,,,,,,
5.818029,0.630610,,,,,,
5.818495,0.972015,,,,,,
5.818961,1.212039,,,,,,
5.819426,1.370825,,,,,,
5.819892,1.432258,,,,,,
5.820357,1.440650,,,,,,
5.820823,1.423194,,,,,,
5.821288,1.363104,,,,,,
5.821754,1.259373,,,,,,
5.822219,1.195590,,,,,,
5.822685,1.066682,,,,,,
5.823150,0.832029,,,,,,
5.823616,0.623896,,,,,,
5.824081,0.407034,,,,,,
5.824547,0.407034,,,,,,
5.825012,0.057237,,,,,,
5.825478,-0.105913,,,,,,
5.825943,-0.168017,,,,,,
5.826409,-0.074022,,,,,,
5.826874,0.152239,,,,,,
5.827340,0.448997,,,,,,
5.827805,0.674586,,,,,,
5.828271,0.820111,,,,,,
5.828736,1.047883,,,,,,
5.829202,1.255009,,,,,,
5.829667,1.329198,,,,,,
5.830133,1.403723,,,,,,
5.830598,1.383917,,,,,,
5.831064,1.257862,,,,,,
5.831529,1.081453,,,,,,
5.831995,0.869963,,,,,,
5.832460,0.648066,,,,,,
5.832926,0.409049,,,,,,
5.833392,0.181781,,,,,,
5.833857,0.015946,,,,,,
5.834323,-0.131762,,,,,,
5.834788,-0.352651,,,,,,
5.835254,-0.527382,,,,,,
5.835719,-0.686671,,,,,,
5.836185,-0.793423,,,,,,
5.836650,-0.850492,,,,,,
5.837116,-0.894133,,,,,,
5.837581,-0.830014,,,,,,
5.838047,-0.616510,,,,,,
5.838512,-0.257649,,,,,,
5.838978,0.191012,,,,,,
5.839443,0.593011,,,,,,
5.839909,0.900511,,,,,,
5.840374,1.239231,,,,,,
5.840840,1.606485,,,,,,
5.841305,1.809918,,,,,,
5.841771,1.968368,,,,,,
5.842236,2.047929,,,,,,
5.842702,2.004623,,,,,,
5.843167,1.872358,,,,,,
5.843633,1.642741,,,,,,
5.844098,1.386938,,,,,,
5.844564,1.097230,,,,,,
5.845029,0.776974,,,,,,
5.845495,0.469139,,,,,,
5.845960,0.198062,,,,,,
5.846426,-0.155428,,,,,,
5.846892,-0.497169,,,,,,
5.847357,-0.497169,,,,,,
5.847823,-1.124590,,,,,,
5.848288,-1.346487,,,,,,
5.848754,-1.575601,,,,,,
5.849219,-1.706355,,,,,,
5.849685,-1.686717,,,,,,
5.850150,-1.510811,,,,,,
5.850616,-1.198779,,,,,,
5.851081,-0.874830,,,,,,
5.851547,-0.646387,,,,,,
5.852012,-0.345266,,,,,,
5.852478,0.037430,,,,,,
5.852943,0.288533,,,,,,
5.853409,0.510094,,,,,,
5.853874,0.691371,,,,,,
5.854340,0.746258,,,,,,
5.854805,0.754482,,,,,,
5.855271,0.673243,,,,,,
5.855736,0.673243,,,,,,
5.856202,0.459068,,,,,,
5.856667,0.292561,,,,,,
5.857133,0.160967,,,,,,
5.857598,0.046159,,,,,,
5.858064,-0.170199,,,,,,
5.858529,-0.395956,,,,,,
5.858995,-0.594186,,,,,,
5.859460,-0.824979,,,,,,
5.859926,-0.946166,,,,,,
5.860391,-1.068360,,,,,,
5.860857,-1.151781,,,,,,
5.861323,-1.084474,,,,,,
5.861788,-0.851499,,,,,,
5.862254,-0.502205,,,,,,
5.862719,-0.125719,,,,,,
5.863185,0.143511,,,,,,
5.863650,0.420798,,,,,,
5.864116,0.801480,,,,,,
5.864581,1.061982,,,,,,
5.865047,1.246448,,,,,,
5.865512,1.389288,,,,,,
5.865978,1.416480,,,,,,
5.866443,1.373175,,,,,,
5.866909,1.245609,,,,,,
5.867374,1.056947,,,,,,
5.867840,0.868956,,,,,,
5.868305,0.650752,,,,,,
5.868771,0.422812,,,,,,
5.869236,0.235828,,,,,,
5.869702,-0.004196,,,,,,
5.870167,-0.295918,,,,,,
5.870633,-0.528557,,,,,,
5.871098,-0.788556,,,,,,
5.871564,-0.970672,,,,,,
5.872029,-1.098238,,,,,,
5.872495,-1.199283,,,,,,
5.872960,-1.158831,,,,,,
5.873426,-0.968322,,,,,,
5.873891,-0.636149,,,,,,
5.874357,-0.236164,,,,,,
5.874823,0.071000,,,,,,
5.875288,0.317739,,,,,,
5.875754,0.692714,,,,,,
5.876219,1.007431,,,,,,
5.876685,1.212039,,,,,,
5.877150,1.383581,,,,,,
5.877616,1.446693,,,,,,
5.878081,1.410773,,,,,,
5.878547,1.410773,,,,,,
5.879012,1.110994,,,,,,
5.879478,0.907057,,,,,,
5.879943,0.660151,,,,,,
5.880409,0.393606,,,,,,
5.880874,0.173724,,,,,,
5.881340,-0.096178,,,,,,
5.881805,-0.444297,,,,,,
5.882271,-0.723262,,,,,,
5.882736,-1.022034,,,,,,
5.883202,-1.290929,,,,,,
5.883667,-1.498054,,,,,,
5.884133,-1.700481,,,,,,
5.884598,-1.780041,,,,,,
5.885064,-1.709880,,,,,,
5.885529,-1.483452,,,,,,
5.885995,-1.169741,,,,,,
5.886460,-0.905882,,,,,,
5.886926,-0.728969,,,,,,
5.887391,-0.429191,,,,,,
5.887857,-0.144182,,,,,,
5.888323,0.031388,,,,,,
5.888788,0.198566,,,,,,
5.889254,0.272755,,,,,,
5.889719,0.261677,,,,,,
5.890185,0.198901,,,,,,
5.890650,0.071839,,,,,,
5.891116,-0.077714,,,,,,
5.891581,-0.230457,,,,,,
5.892047,-0.399985,,,,,,
5.892512,-0.508080,,,,,,
5.892978,-0.631281,,,,,,
5.893443,-0.828000,,,,,,
5.893909,-0.980072,,,,,,
5.894374,-1.139864,,,,,,
5.894840,-1.291936,,,,,,
5.895305,-1.367132,,,,,,
5.895771,-1.450385,,,,,,
5.896236,-1.416815,,,,,,
5.896702,-1.216739,,,,,,
5.897167,-0.877684,,,,,,
5.897633,-0.446647,,,,,,
5.898098,-0.043137,,,,,,
5.898564,0.255970,,,,,,
5.899029,0.600732,,,,,,
5.899495,0.990143,,,,,,
5.899960,1.218418,,,,,,
5.900426,1.410101,,,,,,
5.900891,1.520546,,,,,,
5.901357,1.520546,,,,,,
5.901822,1.427222,,,,,,
5.902288,1.270451,,,,,,
5.902754,1.062486,,,,,,
5.903219,0.843107,,,,,,
5.903685,0.582940,,,,,,
5.904150,0.371115,,,,,,
5.904616,0.181109,,,,,,
5.905081,-0.137133,,,,,,
5.905547,-0.413748,,,,,,
5.906012,-0.675090,,,,,,
5.906478,-0.926696,,,,,,
5.906943,-1.099916,,,,,,
5.907409,-1.234867,,,,,,
5.907874,-1.241581,,,,,,
5.908340,-1.091188,,,,,,
5.908805,-0.790402,,,,,,
5.909271,-0.370947,,,,,,
5.909736,-0.370947,,,,,,
5.910202,0.314046,,,,,,
5.910667,0.631617,,,,,,
5.911133,1.044526,,,,,,
5.911598,1.300328,,,,,,
5.912064,1.511315,,,,,,
5.912529,1.656168,,,,,,
5.912995,1.663890,,,,,,
5.913460,1.607492,,,,,,
5.913926,1.463813,,,,,,
5.914391,1.267765,,,,,,
5.914857,1.037140,,,,,,
5.915322,0.791745,,,,,,
5.915788,0.566491,,,,,,
5.916254,0.368933,,,,,,
5.916719,0.079728,,,,,,
5.917185,-0.199573,,,,,,
5.917650,-0.451682,,,,,,
5.918116,-0.688685,,,,,,
5.918581,-0.874662,,,,,,
5.919047,-1.042176,,,,,,
5.919512,-1.133654,,,,,,
5.919978,-1.079438,,,,,,
5.920443,-0.862913,,,,,,
5.920909,-0.517311,,,,,,
5.921374,-0.128740,,,,,,
5.921840,0.159625,,,,,,
5.922305,0.440940,,,,,,
5.922771,0.808865,,,,,,
5.923236,1.068360,,,,,,
5.923702,1.256687,,,,,,
5.924167,1.401373,,,,,,
5.924633,1.410437,,,,,,
5.925098,1.357733,,,,,,
5.925564,1.208682,,,,,,
5.926029,1.023041,,,,,,
5.926495,0.806012,,,,,,
5.926960,0.563470,,,,,,
5.927426,0.347616,,,,,,
5.927891,0.185809,,,,,,
5.928357,-0.046494,,,,,,
5.928822,-0.308339,,,,,,
5.929288,-0.503380,,,,,,
5.929754,-0.715373,,,,,,
5.930219,-0.867277,,,,,,
5.930685,-1.013474,,,,,,
5.931150,-1.100252,,,,,,
5.931616,-1.042679,,,,,,
5.932081,-0.834043,,,,,,
5.932547,-0.834043,,,,,,
5.933012,-0.106920,,,,,,
5.933478,0.186481,,,,,,
5.933943,0.430365,,,,,,
5.934409,0.771603,,,,,,
5.934874,1.037476,,,,,,
5.935340,1.193240,,,,,,
5.935805,1.305699,,,,,,
5.936271,1.300664,,,,,,
5.936736,1.200961,,,,,,
5.937202,1.020356,,,,,,
5.937667,0.797620,,,,,,
5.938133,0.549538,,,,,,
5.938598,0.254292,,,,,,
5.939064,-0.013260,,,,,,
5.939529,-0.224079,,,,,,
5.939995,-0.484916,,,,,,
5.940460,-0.801816,,,,,,
5.940926,-0.801816,,,,,,
5.941391,-1.289921,,,,,,
5.941857,-1.477241,,,,,,
5.942322,-1.639719,,,,,,
5.942788,-1.755032,,,,,,
5.943253,-1.713909,,,,,,
5.943719,-1.525917,,,,,,
5.944185,-1.177798,,,,,,
5.944650,-0.747265,,,,,,
5.945116,-0.385550,,,,,,
5.945581,-0.080232,,,,,,
5.946047,0.318074,,,,,,
5.946512,0.656962,,,,,,
5.946978,0.878019,,,,,,
5.947443,1.077760,,,,,,
5.947909,1.155306,,,,,,
5.948374,1.113680,,,,,,
5.948840,1.003235,,,,,,
5.949305,0.816922,,,,,,
5.949771,0.610803,,,,,,
5.950236,0.350973,,,,,,
5.950702,0.091478,,,,,,
5.951167,-0.113298,,,,,,
5.951633,-0.346944,,,,,,
5.952098,-0.661494,,,,,,
5.952564,-0.923003,,,,,,
5.953029,-1.192065,,,,,,
5.953495,-1.415808,,,,,,
5.953960,-1.589197,,,,,,
5.954426,-1.734386,,,,,,
5.954891,-1.690074,,,,,,
5.955357,-1.496880,,,,,,
5.955822,-1.179812,,,,,,
5.956288,-0.761532,,,,,,
5.956753,-0.384207,,,,,,
5.957219,-0.106584,,,,,,
5.957685,0.272755,,,,,,
5.958150,0.647059,,,,,,
5.958616,0.889769,,,,,,
5.959081,1.116030,,,,,,
5.959547,1.249973,,,,,,
5.960012,1.282872,,,,,,
5.960478,1.233860,,,,,,
5.960943,1.100252,,,,,,
5.961409,0.959091,,,,,,
5.961874,0.783352,,,,,,
5.962340,0.555749,,,,,,
5.962805,0.402670,,,,,,
5.963271,0.252781,,,,,,
5.963736,0.252781,,,,,,
5.964202,-0.232807,,,,,,
5.964667,-0.423148,,,,,,
5.965133,-0.613657,,,,,,
5.965598,-0.741390,,,,,,
5.966064,-0.885069,,,,,,
5.966529,-0.901518,,,,,,
5.966995,-0.768582,,,,,,
5.967460,-0.490455,,,,,,
5.967926,-0.108934,,,,,,
5.968391,0.244892,,,,,,
5.968857,0.488273,,,,,,
5.969322,0.783688,,,,,,
5.969788,1.121736,,,,,,
5.970253,1.274815,,,,,,
5.970719,1.410437,,,,,,
5.971185,1.469856,,,,,,
5.971650,1.391974,,,,,,
5.972116,1.255009,,,,,,
5.972581,1.046540,,,,,,
5.973047,0.803494,,,,,,
5.973512,0.553063,,,,,,
5.973978,0.261677,,,,,,
5.974443,0.036591,,,,,,
5.974909,-0.143511,,,,,,
5.975374,-0.410056,,,,,,
5.975840,-0.648737,,,,,,
5.976305,-0.857542,,,,,,
5.976771,-1.049729,,,,,,
5.977236,-1.148928,,,,,,
5.977702,-1.237888,,,,,,
5.978167,-1.243595,,,,,,
5.978633,-1.077424,,,,,,
5.979098,-0.758175,,,,,,
5.979564,-0.316396,,,,,,
5.980029,0.125383,,,,,,
5.980495,0.456718,,,,,,
5.980960,0.781003,,,,,,
5.981426,1.187533,,,,,,
5.981891,1.409094,,,,,,
5.982357,1.577279,,,,,,
5.982822,1.675303,,,,,,
5.983288,1.622263,,,,,,
5.983753,1.491005,,,,,,
5.984219,1.248295,,,,,,
5.984684,0.956573,,,,,,
5.985150,0.642695,,,,,,
5.985616,0.274769,,,,,,
5.986081,-0.092821,,,,,,
5.986547,-0.384207,,,,,,
5.987012,-0.768582,,,,,,
5.987478,-1.172427,,,,,,
5.987943,-1.518868,,,,,,
5.988409,-1.866987,,,,,,
5.988874,-2.130510,,,,,,
5.989340,-2.351736,,,,,,
5.989805,-2.521767,,,,,,
5.990271,-2.494911,,,,,,
5.990736,-2.305409,,,,,,
5.991202,-1.980957,,,,,,
5.991667,-1.574258,,,,,,
5.992133,-1.259037,,,,,,
5.992598,-0.941466,,,,,,
5.993064,-0.479545,,,,,,
5.993529,-0.124544,,,,,,
5.993995,0.152239,,,,,,
5.994460,0.435904,,,,,,
5.994926,0.435904,,,,,,
5.995391,0.670558,,,,,,
5.995857,0.670893,,,,,,
5.996322,0.629938,,,,,,
5.996788,0.575219,,,,,,
5.997253,0.475853,,,,,,
5.997719,0.358358,,,,,,
5.998184,0.316732,,,,,,
5.998650,0.202594,,,,,,
5.999116,0.014939,,,,,,
5.999581,-0.122362,,,,,,
6.000047,-0.310353,,,,,,
6.000512,-0.467124,,,,,,
6.000978,-0.589654,,,,,,
6.001443,-0.677272,,,,,,
6.001909,-0.607111,,,,,,
6.002374,-0.374807,,,,,,
6.002840,-0.030045,,,,,,
6.003305,0.349630,,,,,,
6.003771,0.606775,,,,,,
6.004236,0.812726,,,,,,
6.004702,1.117037,,,,,,
6.005167,1.357397,,,,,,
6.005633,1.472877,,,,,,
6.006098,1.588357,,,,,,
6.006564,1.586679,,,,,,
6.007029,1.491005,,,,,,
6.007495,1.330205,,,,,,
6.007960,1.094881,,,,,,
6.008426,0.870466,,,,,,
6.008891,0.641016,,,,,,
6.009357,0.403006,,,,,,
6.009822,0.223407,,,,,,
6.010288,0.017288,,,,,,
6.010753,-0.252613,,,,,,
6.011219,-0.463096,,,,,,
6.011684,-0.696574,,,,,,
6.012150,-0.876844,,,,,,
6.012616,-1.009277,,,,,,
6.013081,-1.118044,,,,,,
6.013547,-1.081453,,,,,,
6.014012,-0.866438,,,,,,
6.014478,-0.523018,,,,,,
6.014943,-0.104906,,,,,,
6.015409,0.253620,,,,,,
6.015874,0.498344,,,,,,
6.016340,0.846799,,,,,,
6.016805,1.185351,,,,,,
6.017271,1.366796,,,,,,
6.017736,1.366796,,,,,,
6.018202,1.587854,,,,,,
6.018667,1.535653,,,,,,
6.019133,1.410437,,,,,,
6.019598,1.201297,,,,,,
6.020064,0.980911,,,,,,
6.020529,0.736355,,,,,,
6.020995,0.474846,,,,,,
6.021460,0.258656,,,,,,
6.021926,0.061265,,,,,,
6.022391,-0.227436,,,,,,
6.022857,-0.460914,,,,,,
6.023322,-0.683650,,,,,,
6.023788,-0.893462,,,,,,
6.024253,-1.030762,,,,,,
6.024719,-1.151614,,,,,,
6.025184,-1.153964,,,,,,
6.025650,-1.014313,,,,,,
6.026115,-1.014313,,,,,,
6.026581,-0.288029,,,,,,
6.027047,0.085603,,,,,,
6.027512,0.331167,,,,,,
6.027978,0.656123,,,,,,
6.028443,1.021027,,,,,,
6.028909,1.217075,,,,,,
6.029374,1.377371,,,,,,
6.029840,1.470695,,,,,,
6.030305,1.428565,,,,,,
6.030771,1.318456,,,,,,
6.031236,1.107637,,,,,,
6.031702,0.863920,,,,,,
6.032167,0.614496,,,,,,
6.032633,0.344259,,,,,,
6.033098,0.109941,,,,,,
6.033564,-0.112291,,,,,,
6.034029,-0.405188,,,,,,
6.034495,-0.666697,,,,,,
6.034960,-0.917296,,,,,,
6.035426,-1.171923,,,,,,
6.035891,-1.345983,,,,,,
6.036357,-1.523232,,,,,,
6.036822,-1.596750,,,,,,
6.037288,-1.533974,,,,,,
6.037753,-1.292103,,,,,,
6.038219,-0.912932,,,,,,
6.038684,-0.518822,,,,,,
6.039150,-0.242206,,,,,,
6.039615,0.052033,,,,,,
6.040081,0.430869,,,,,,
6.040547,0.656458,,,,,,
6.041012,0.832700,,,,,,
6.041478,0.938277,,,,,,
6.041943,0.935088,,,,,,
6.042409,0.860563,,,,,,
6.042874,0.695735,,,,,,
6.043340,0.493812,,,,,,
6.043805,0.283497,,,,,,
6.044271,0.026017,,,,,,
6.044736,-0.196887,,,,,,
6.045202,-0.392264,,,,,,
6.045667,-0.667536,,,,,,
6.046133,-0.950195,,,,,,
6.046598,-1.185183,,,,,,
6.047064,-1.436286,,,,,,
6.047529,-1.614542,,,,,,
6.047995,-1.729351,,,,,,
6.048460,-1.797833,,,,,,
6.048926,-1.797833,,,,,,
6.049391,-1.574090,,,,,,
6.049857,-1.228489,,,,,,
6.050322,-0.836393,,,,,,
6.050788,-0.547021,,,,,,
6.051253,-0.269734,,,,,,
6.051719,0.127230,,,,,,
6.052184,0.387900,,,,,,
6.052650,0.591669,,,,,,
6.053115,0.741054,,,,,,
6.053581,0.782681,,,,,,
6.054047,0.762539,,,,,,
6.054512,0.637659,,,,,,
6.054978,0.469810,,,,,,
6.055443,0.279133,,,,,,
6.055909,0.067979,,,,,,
6.056374,-0.123705,,,,,,
6.056840,-0.247745,,,,,,
6.057305,-0.459739,,,,,,
6.057771,-0.685664,,,,,,
6.058236,-0.849821,,,,,,
6.058702,-1.040162,,,,,,
6.059167,-1.168399,,,,,,
6.059633,-1.270115,,,,,,
6.060098,-1.326848,,,,,,
6.060564,-1.225132,,,,,,
6.061029,-1.003571,,,,,,
6.061495,-0.616510,,,,,,
6.061960,-0.154589,,,,,,
6.062426,0.193866,,,,,,
6.062891,0.497673,,,,,,
6.063357,0.927031,,,,,,
6.063822,1.277501,,,,,,
6.064288,1.526253,,,,,,
6.064753,1.756878,,,,,,
6.065219,1.843488,,,,,,
6.065684,1.853559,,,,,,
6.066150,1.765606,,,,,,
6.066615,1.609842,,,,,,
6.067081,1.431922,,,,,,
6.067546,1.214893,,,,,,
6.068012,0.967987,,,,,,
6.068478,0.785702,,,,,,
6.068943,0.534264,,,,,,
6.069409,0.220554,,,,,,
6.069874,-0.024506,,,,,,
6.070340,-0.308003,,,,,,
6.070805,-0.549538,,,,,,
6.071271,-0.753475,,,,,,
6.071736,-0.924514,,,,,,
6.072202,-0.932403,,,,,,
6.072667,-0.800473,,,,,,
6.073133,-0.533928,,,,,,
6.073598,-0.143343,,,,,,
6.074064,0.168017,,,,,,
6.074529,0.382528,,,,,,
6.074995,0.704463,,,,,,
6.075460,1.002060,,,,,,
6.075926,1.149599,,,,,,
6.076391,1.301503,,,,,,
6.076857,1.340612,,,,,,
6.077322,1.293278,,,,,,
6.077788,1.177295,,,,,,
6.078253,0.979065,,,,,,
6.078719,0.773785,,,,,,
6.079184,0.549035,,,,,,
6.079650,0.307332,,,,,,
6.080115,0.307332,,,,,,
6.080581,-0.044480,,,,,,
6.081046,-0.331167,,,,,,
6.081512,-0.535271,,,,,,
6.081978,-0.748104,,,,,,
6.082443,-0.950195,,,,,,
6.082909,-1.094881,,,,,,
6.083374,-1.193912,,,,,,
6.083840,-1.126101,,,,,,
6.084305,-0.914611,,,,,,
6.084771,-0.579751,,,,,,
6.085236,-0.131762,,,,,,
6.085702,0.254963,,,,,,
6.086167,0.513787,,,,,,
6.086633,0.853513,,,,,,
6.087098,1.192905,,,,,,
6.087564,1.382238,,,,,,
6.088029,1.568215,,,,,,
6.088495,1.657511,,,,,,
6.088960,1.617227,,,,,,
6.089426,1.515846,,,,,,
6.089891,1.309056,,,,,,
6.090357,1.080613,,,,,,
6.090822,0.818097,,,,,,
6.091288,0.524025,,,,,,
6.091753,0.279469,,,,,,
6.092219,0.032059,,,,,,
6.092684,-0.343923,,,,,,
6.093150,-0.662165,,,,,,
6.093615,-0.968994,,,,,,
6.094081,-1.288914,,,,,,
6.094546,-1.533639,,,,,,
6.095012,-1.767285,,,,,,
6.095478,-1.875044,,,,,,
6.095943,-1.808576,,,,,,
6.096409,-1.585672,,,,,,
6.096874,-1.241581,,,,,,
6.097340,-0.872648,,,,,,
6.097805,-0.622553,,,,,,
6.098271,-0.309010,,,,,,
6.098736,0.077714,,,,,,
6.099202,0.309010,,,,,,
6.099667,0.505058,,,,,,
6.100133,0.662501,,,,,,
6.100598,0.681132,,,,,,
6.101064,0.641016,,,,,,
6.101529,0.505730,,,,,,
6.101995,0.337881,,,,,,
6.102460,0.151400,,,,,,
6.102926,0.151400,,,,,,
6.103391,-0.248249,,,,,,
6.103857,-0.378500,,,,,,
6.104322,-0.611810,,,,,,
6.104788,-0.863249,,,,,,
6.105253,-1.063325,,,,,,
6.105719,-1.291600,,,,,,
6.106184,-1.458106,,,,,,
6.106650,-1.621424,,,,,,
6.107115,-1.672282,,,,,,
6.107581,-1.564187,,,,,,
6.108046,-1.308049,,,,,,
6.108512,-0.928206,,,,,,
6.108977,-0.504051,,,,,,
6.109443,-0.206622,,,,,,
6.109909,0.071672,,,,,,
6.110374,0.445472,,,,,,
6.110840,0.664515,,,,,,
6.111305,0.664515,,,,,,
6.111771,0.969329,,,,,,
6.112236,0.968658,,,,,,
6.112702,0.874327,,,,,,
6.113167,0.709331,,,,,,
6.113633,0.506737,,,,,,
6.114098,0.285847,,,,,,
6.114564,0.024506,,,,,,
6.115029,-0.184131,,,,,,
6.115495,-0.329488,,,,,,
6.115960,-0.548699,,,,,,
6.116426,-0.803159,,,,,,
6.116891,-0.975036,,,,,,
6.117357,-1.189380,,,,,,
6.117822,-1.331884,,,,,,
6.118288,-1.438972,,,,,,
6.118753,-1.479255,,,,,,
6.119219,-1.355383,,,,,,
6.119684,-1.075242,,,,,,
6.120150,-0.648905,,,,,,
6.120615,-0.168017,,,,,,
6.121081,0.211658,,,,,,
6.121546,0.549035,,,,,,
6.122012,0.985443,,,,,,
6.122477,1.310735,,,,,,
6.122943,1.545052,,,,,,
6.123409,1.754528,,,,,,
6.123874,1.835096,,,,,,
6.124340,1.811933,,,,,,
6.124805,1.706188,,,,,,
6.125271,1.519875,,,,,,
6.125736,1.304860,,,,,,
6.126202,1.049058,,,,,,
6.126667,0.787381,,,,,,
6.127133,0.604089,,,,,,
6.127598,0.366079,,,,,,
6.128064,0.056901,,,,,,
6.128529,-0.195544,,,,,,
6.128995,-0.475853,,,,,,
6.129460,-0.711009,,,,,,
6.129926,-0.909239,,,,,,
6.130391,-1.057954,,,,,,
6.130857,-1.018677,,,,,,
6.131322,-0.854353,,,,,,
6.131788,-0.539300,,,,,,
6.132253,-0.162646,,,,,,
6.132719,0.140154,,,,,,
6.133184,0.379843,,,,,,
6.133650,0.744411,,,,,,
6.134115,0.744411,,,,,,
6.134581,1.274815,,,,,,
6.135046,1.493019,,,,,,
6.135512,1.617563,,,,,,
6.135977,1.649454,,,,,,
6.136443,1.585000,,,,,,
6.136909,1.477577,,,,,,
6.137374,1.353704,,,,,,
6.137840,1.196262,,,,,,
6.138305,1.016327,,,,,,
6.138771,0.913603,,,,,,
6.139236,0.770596,,,,,,
6.139702,0.535943,,,,,,
6.140167,0.336202,,,,,,
6.140633,0.109102,,,,,,
6.141098,-0.093492,,,,,,
6.141564,-0.231464,,,,,,
6.142029,-0.405692,,,,,,
6.142495,-0.447654,,,,,,
6.142960,-0.342580,,,,,,
6.143426,-0.099702,,,,,,
6.143891,0.234150,,,,,,
6.144357,0.482231,,,,,,
6.144822,0.622721,,,,,,
6.145288,0.854017,,,,,,
6.145753,1.074403,,,,,,
6.146219,1.138186,,,,,,
6.146684,1.219425,,,,,,
6.147150,1.192233,,,,,,
6.147615,1.052583,,,,,,
6.148081,0.827665,,,,,,
6.148546,0.515465,,,,,,
6.149012,0.188495,,,,,,
6.149477,-0.142504,,,,,,
6.149943,-0.482231,,,,,,
6.150408,-0.738705,,,,,,
6.150874,-0.963958,,,,,,
6.151340,-1.269780,,,,,,
6.151805,-1.511147,,,,,,
6.152271,-1.748653,,,,,,
6.152736,-1.955276,,,,,,
6.153202,-2.073442,,,,,,
6.153667,-2.166766,,,,,,
6.154133,-2.120607,,,,,,
6.154598,-1.910124,,,,,,
6.155064,-1.542702,,,,,,
6.155529,-1.044190,,,,,,
6.155995,-0.581094,,,,,,
6.156460,-0.227100,,,,,,
6.156926,0.183124,,,,,,
6.157391,0.616510,,,,,,
6.157857,0.869963,,,,,,
6.158322,1.092699,,,,,,
6.158788,1.239902,,,,,,
6.159253,1.253330,,,,,,
6.159719,1.186526,,,,,,
6.160184,0.988128,,,,,,
6.160650,0.773953,,,,,,
6.161115,0.550378,,,,,,
6.161581,0.283162,,,,,,
6.162046,0.066300,,,,,,
6.162512,-0.111116,,,,,,
6.162977,-0.412406,,,,,,
6.163443,-0.694057,,,,,,
6.163908,-0.959594,,,,,,
6.164374,-1.244434,,,,,,
6.164840,-1.476570,,,,,,
6.165305,-1.476570,,,,,,
6.165771,-1.821836,,,,,,
6.166236,-1.796826,,,,,,
6.166702,-1.618570,,,,,,
6.167167,-1.294621,,,,,,
6.167633,-0.948516,,,,,,
6.168098,-0.740383,,,,,,
6.168564,-0.487602,,,,,,
6.169029,-0.139818,,,,,,
6.169495,0.063279,,,,,,
6.169960,0.225086,,,,,,
6.170426,0.367422,,,,,,
6.170891,0.387732,,,,,,
6.171357,0.357687,,,,,,
6.171822,0.215351,,,,,,
6.172288,0.057237,,,,,,
6.172753,-0.114473,,,,,,
6.173219,-0.329992,,,,,,
6.173684,-0.500526,,,,,,
6.174150,-0.615839,,,,,,
6.174615,-0.807019,,,,,,
6.175081,-1.003235,,,,,,
6.175546,-1.152956,,,,,,
6.176012,-1.344305,,,,,,
6.176477,-1.457603,,,,,,
6.176943,-1.534646,,,,,,
6.177408,-1.510979,,,,,,
6.177874,-1.314931,,,,,,
6.178340,-0.982086,,,,,,
6.178805,-0.527550,,,,,,
6.179271,-0.010910,,,,,,
6.179736,0.356344,,,,,,
6.180202,0.715541,,,,,,
6.180667,1.201297,,,,,,
6.181133,1.555459,,,,,,
6.181598,1.838117,,,,,,
6.182064,2.095933,,,,,,
6.182529,2.239612,,,,,,
6.182995,2.318837,,,,,,
6.183460,2.288624,,,,,,
6.183926,2.165087,,,,,,
6.184391,2.050278,,,,,,
6.184857,1.892500,,,,,,
6.185322,1.712230,,,,,,
6.185788,1.602792,,,,,,
6.186253,1.410101,,,,,,
6.186719,1.142550,,,,,,
6.187184,0.929549,,,,,,
6.187650,0.627420,,,,,,
6.188115,0.627420,,,,,,
6.188581,0.093660,,,,,,
6.189046,-0.128405,,,,,,
6.189512,-0.203601,,,,,,
6.189977,-0.139483,,,,,,
6.190443,0.045151,,,,,,
6.190908,0.303304,,,,,,
6.191374,0.446983,,,,,,
6.191839,0.507408,,,,,,
6.192305,0.699092,,,,,,
6.192771,0.809537,,,,,,
6.193236,0.797955,,,,,,
6.193702,0.802487,,,,,,
6.194167,0.718563,,,,,,
6.194633,0.555581,,,,,,
6.195098,0.338216,,,,,,
6.195564,0.053544,,,,,,
6.196029,-0.212665,,,,,,
6.196495,-0.212665,,,,,,
6.196960,-0.744076,,,,,,
6.197426,-0.894804,,,,,,
6.197891,-1.044358,,,,,,
6.198357,-1.234195,,,,,,
6.198822,-1.338430,,,,,,
6.199288,-1.465492,,,,,,
6.199753,-1.594400,,,,,,
6.200219,-1.647105,,,,,,
6.200684,-1.645090,,,,,,
6.201150,-1.476402,,,,,,
6.201615,-1.157321,,,,,,
6.202081,-0.674250,,,,,,
6.202546,-0.120348,,,,,,
6.203012,0.344930,,,,,,
6.203477,0.683314,,,,,,
6.203943,1.119722,,,,,,
6.204408,1.495369,,,,,,
6.204874,1.713237,,,,,,
6.205339,1.912642,,,,,,
6.205805,1.984482,,,,,,
6.206271,1.939498,,,,,,
6.206736,1.796826,,,,,,
6.207202,1.531960,,,,,,
6.207667,1.216068,,,,,,
6.208133,0.883391,,,,,,
6.208598,0.498344,,,,,,
6.209064,0.170199,,,,,,
6.209529,-0.189837,,,,,,
6.209995,-0.631281,,,,,,
6.210460,-1.016663,,,,,,
6.210926,-1.418326,,,,,,
6.211391,-1.848524,,,,,,
6.211857,-2.188418,,,,,,
6.212322,-2.484672,,,,,,
6.212788,-2.610559,,,,,,
6.213253,-2.560540,,,,,,
6.213719,-2.371206,,,,,,
6.214184,-2.036179,,,,,,
6.214650,-1.695445,,,,,,
6.215115,-1.473548,,,,,,
6.215581,-1.167727,,,,,,
6.216046,-0.785702,,,,,,
6.216512,-0.527214,,,,,,
6.216977,-0.252110,,,,,,
6.217443,-0.029877,,,,,,
6.217908,0.109102,,,,,,
6.218374,0.205951,,,,,,
6.218839,0.213336,,,,,,
6.219305,0.213336,,,,,,
6.219771,0.163653,,,,,,
6.220236,0.099535,,,,,,
6.220702,0.096345,,,,,,
6.221167,0.107256,,,,,,
6.221633,-0.004868,,,,,,
6.222098,-0.091814,,,,,,
6.222564,-0.154925,,,,,,
6.223029,-0.272755,,,,,,
6.223495,-0.366751,,,,,,
6.223960,-0.448661,,,,,,
6.224426,-0.444633,,,,,,
6.224891,-0.341070,,,,,,
6.225357,-0.130083,,,,,,
6.225822,0.209308,,,,,,
6.226288,0.558434,,,,,,
6.226753,0.761196,,,,,,
6.227219,0.964965,,,,,,
6.227684,0.964965,,,,,,
6.228150,1.382238,,,,,,
6.228615,1.480934,,,,,,
6.229081,1.529946,,,,,,
6.229546,1.450721,,,,,,
6.230012,1.324331,,,,,,
6.230477,1.114351,,,,,,
6.230943,0.859892,,,,,,
6.231408,0.584619,,,,,,
6.231874,0.295918,,,,,,
6.232339,0.057572,,,,,,
6.232805,-0.119677,,,,,,
6.233270,-0.381521,,,,,,
6.233736,-0.622553,,,,,,
6.234202,-0.818769,,,,,,
6.234667,-1.013977,,,,,,
6.235133,-1.159670,,,,,,
6.235598,-1.269780,,,,,,
6.236064,-1.286061,,,,,,
6.236529,-1.147250,,,,,,
6.236995,-0.867277,,,,,,
6.237460,-0.453529,,,,,,
6.237926,0.019638,,,,,,
6.238391,0.389578,,,,,,
6.238857,0.759182,,,,,,
6.239322,1.202976,,,,,,
6.239788,1.529274,,,,,,
6.240253,1.779706,,,,,,
6.240719,1.999252,,,,,,
6.241184,2.091737,,,,,,
6.241650,2.115404,,,,,,
6.242115,2.019394,,,,,,
6.242581,1.867659,,,,,,
6.243046,1.684535,,,,,,
6.243512,1.451057,,,,,,
6.243977,1.213382,,,,,,
6.244443,1.043854,,,,,,
6.244908,0.797284,,,,,,
6.245374,0.512444,,,,,,
6.245839,0.294575,,,,,,
6.246305,0.030045,,,,,,
6.246770,-0.193866,,,,,,
6.247236,-0.410056,,,,,,
6.247702,-0.564981,,,,,,
6.248167,-0.566827,,,,,,
6.248633,-0.436072,,,,,,
6.249098,-0.183627,,,,,,
6.249564,0.152575,,,,,,
6.250029,0.392599,,,,,,
6.250495,0.392599,,,,,,
6.250960,0.864591,,,,,,
6.251426,1.070542,,,,,,
6.251891,1.177462,,,,,,
6.252357,1.286229,,,,,,
6.252822,1.279515,,,,,,
6.253288,1.197604,,,,,,
6.253753,1.031434,,,,,,
6.254219,0.798123,,,,,,
6.254684,0.557763,,,,,,
6.255150,0.282490,,,,,,
6.255615,-0.004196,,,,,,
6.256081,-0.202594,,,,,,
6.256546,-0.459403,,,,,,
6.257012,-0.786709,,,,,,
6.257477,-1.042847,,,,,,
6.257943,-1.333898,,,,,,
6.258408,-1.608835,,,,,,
6.258874,-1.839460,,,,,,
6.259339,-1.994888,,,,,,
6.259805,-1.975418,,,,,,
6.260270,-1.809918,,,,,,
6.260736,-1.513497,,,,,,
6.261201,-1.112505,,,,,,
6.261667,-0.798627,,,,,,
6.262133,-0.574212,,,,,,
6.262598,-0.245899,,,,,,
6.263064,0.030045,,,,,,
6.263529,0.200244,,,,,,
6.263995,0.371115,,,,,,
6.264460,0.450172,,,,,,
6.264926,0.434562,,,,,,
6.265391,0.348959,,,,,,
6.265857,0.169024,,,,,,
6.266322,-0.020478,,,,,,
6.266788,-0.240024,,,,,,
6.267253,-0.449165,,,,,,
6.267719,-0.590661,,,,,,
6.268184,-0.756161,,,,,,
6.268650,-0.997528,,,,,,
6.269115,-1.170581,,,,,,
6.269581,-1.355383,,,,,,
6.270046,-1.546731,,,,,,
6.270512,-1.696956,,,,,,
6.270977,-1.845502,,,,,,
6.271443,-1.818479,,,,,,
6.271908,-1.667918,,,,,,
6.272374,-1.388952,,,,,,
6.272839,-0.993332,,,,,,
6.273305,-0.630610,,,,,,
6.273770,-0.394949,,,,,,
6.274236,-0.069993,,,,,,
6.274701,0.234821,,,,,,
6.275167,0.412741,,,,,,
6.275633,0.595026,,,,,,
6.276098,0.683314,,,,,,
6.276564,0.657465,,,,,,
6.277029,0.549706,,,,,,
6.277495,0.356176,,,,,,
6.277960,0.146532,,,,,,
6.278426,-0.077714,,,,,,
6.278891,-0.344594,,,,,,
6.279357,-0.505898,,,,,,
6.279822,-0.652430,,,,,,
6.280288,-0.893294,,,,,,
6.280753,-1.093706,,,,,,
6.281219,-1.254673,,,,,,
6.281684,-1.254673,,,,,,
6.282150,-1.568048,,,,,,
6.282615,-1.679667,,,,,,
6.283081,-1.643412,,,,,,
6.283546,-1.444343,,,,,,
6.284012,-1.106294,,,,,,
6.284477,-0.626749,,,,,,
6.284943,-0.147875,,,,,,
6.285408,0.212665,,,,,,
6.285874,0.637659,,,,,,
6.286339,1.103609,,,,,,
6.286805,1.403052,,,,,,
6.287270,1.696452,,,,,,
6.287736,1.938491,,,,,,
6.288201,2.047929,,,,,,
6.288667,2.098451,,,,,,
6.289133,2.053635,,,,,,
6.289598,1.962325,,,,,,
6.290064,1.855238,,,,,,
6.290529,1.672953,,,,,,
6.290995,1.549081,,,,,,
6.291460,1.450721,,,,,,
6.291926,1.239231,,,,,,
6.292391,1.041169,,,,,,
6.292857,0.862409,,,,,,
6.293322,0.631617,,,,,,
6.293788,0.453696,,,,,,
6.294253,0.269398,,,,,,
6.294719,0.176410,,,,,,
6.295184,0.240192,,,,,,
6.295650,0.410727,,,,,,
6.296115,0.706142,,,,,,
6.296581,1.022370,,,,,,
6.297046,1.211704,,,,,,
6.297512,1.396338,,,,,,
6.297977,1.660533,,,,,,
6.298443,1.760906,,,,,,
6.298908,1.819318,,,,,,
6.299374,1.848859,,,,,,
6.299839,1.754192,,,,,,
6.300305,1.607828,,,,,,
6.300770,1.358740,,,,,,
6.301236,1.068696,,,,,,
6.301701,0.793759,,,,,,
6.302167,0.472160,,,,,,
6.302632,0.175067,,,,,,
6.303098,-0.017960,,,,,,
6.303564,-0.284840,,,,,,
6.304029,-0.570520,,,,,,
6.304495,-0.570520,,,,,,
6.304960,-1.069032,,,,,,
6.305426,-1.281865,,,,,,
6.305891,-1.464820,,,,,,
6.306357,-1.569223,,,,,,
6.306822,-1.471870,,,,,,
6.307288,-1.250645,,,,,,
6.307753,-0.898497,,,,,,
6.308219,-0.475853,,,,,,
6.308684,-0.182284,,,,,,
6.309150,0.081407,,,,,,
6.309615,0.467124,,,,,,
6.310081,0.731487,,,,,,
6.310546,0.881712,,,,,,
6.311012,1.041169,,,,,,
6.311477,1.069368,,,,,,
6.311943,1.021195,,,,,,
6.312408,0.855863,,,,,,
6.312874,0.855863,,,,,,
6.313339,0.400656,,,,,,
6.313805,0.124712,,,,,,
6.314270,-0.168521,,,,,,
6.314736,-0.369772,,,,,,
6.315201,-0.636652,,,,,,
6.315667,-0.958755,,,,,,
6.316132,-1.216403,,,,,,
6.316598,-1.530114,,,,,,
6.317064,-1.803037,,,,,,
6.317529,-2.023758,,,,,,
6.317995,-2.193622,,,,,,
6.318460,-2.202686,,,,,,
6.318926,-2.061357,,,,,,
6.319391,-1.770138,,,,,,
6.319857,-1.371664,,,,,,
6.320322,-1.075410,,,,,,
6.320788,-0.833036,,,,,,
6.321253,-0.462257,,,,,,
6.321719,-0.147539,,,,,,
6.322184,0.034409,,,,,,
6.322650,0.233814,,,,,,
6.323115,0.326970,,,,,,
6.323581,0.331502,,,,,,
6.324046,0.250599,,,,,,
6.324512,0.076707,,,,,,
6.324977,-0.111620,,,,,,
6.325443,-0.313375,,,,,,
6.325908,-0.541985,,,,,,
6.326374,-0.693721,,,,,,
6.326839,-0.852506,,,,,,
6.327305,-1.092027,,,,,,
6.327770,-1.265751,,,,,,
6.328236,-1.456092,,,,,,
6.328701,-1.641062,,,,,,
6.329167,-1.783398,,,,,,
6.329632,-1.887129,,,,,,
6.330098,-1.849866,,,,,,
6.330564,-1.669596,,,,,,
6.331029,-1.352361,,,,,,
6.331495,-0.913268,,,,,,
6.331960,-0.517983,,,,,,
6.332426,-0.238514,,,,,,
6.332891,0.140154,,,,,,
6.333357,0.518486,,,,,,
6.333822,0.753140,,,,,,
6.334288,0.986282,,,,,,
6.334753,1.162692,,,,,,
6.335219,1.229664,,,,,,
6.335684,1.229664,,,,,,
6.336150,1.113008,,,,,,
6.336615,0.989303,,,,,,
6.337081,0.854520,,,,,,
6.337546,0.702785,,,,,,
6.338012,0.616175,,,,,,
6.338477,0.552392,,,,,,
6.338943,0.378836,,,,,,
6.339408,0.246906,,,,,,
6.339874,0.129747,,,,,,
6.340339,-0.033738,,,,,,
6.340805,-0.135790,,,,,,
6.341270,-0.206622,,,,,,
6.341736,-0.122530,,,,,,
6.342201,0.096849,,,,,,
6.342667,0.438926,,,,,,
6.343132,0.889769,,,,,,
6.343598,1.297978,,,,,,
6.344063,1.548074,,,,,,
6.344529,1.863294,,,,,,
6.344995,2.199664,,,,,,
6.345460,2.372549,,,,,,
6.345926,2.520256,,,,,,
6.346391,2.617609,,,,,,
6.346857,2.583032,,,,,,
6.347322,2.473762,,,,,,
6.347788,2.255390,,,,,,
6.348253,1.996567,,,,,,
6.348719,1.736736,,,,,,
6.349184,1.436622,,,,,,
6.349650,1.186862,,,,,,
6.350115,0.963958,,,,,,
6.350581,0.654948,,,,,,
6.351046,0.369100,,,,,,
6.351512,0.113634,,,,,,
6.351977,-0.180438,,,,,,
6.352443,-0.396963,,,,,,
6.352908,-0.608453,,,,,,
6.353374,-0.693721,,,,,,
6.353839,-0.630945,,,,,,
6.354305,-0.419120,,,,,,
6.354770,-0.067979,,,,,,
6.355236,0.306661,,,,,,
6.355701,0.534264,,,,,,
6.356167,0.781003,,,,,,
6.356632,1.102098,,,,,,
6.357098,1.267430,,,,,,
6.357563,1.386603,,,,,,
6.358029,1.452064,,,,,,
6.358495,1.399695,,,,,,
6.358960,1.266590,,,,,,
6.359426,1.008270,,,,,,
6.359891,0.705470,,,,,,
6.360357,0.410224,,,,,,
6.360822,0.061265,,,,,,
6.361288,-0.248753,,,,,,
6.361753,-0.504723,,,,,,
6.362219,-0.848310,,,,,,
6.362684,-1.196094,,,,,,
6.363150,-1.494530,,,,,,
6.363615,-1.853223,,,,,,
6.364081,-2.174487,,,,,,
6.364546,-2.460502,,,,,,
6.365012,-2.632380,,,,,,
6.365477,-2.621805,,,,,,
6.365943,-2.487190,,,,,,
6.366408,-2.181033,,,,,,
6.366874,-2.181033,,,,,,
6.367339,-1.539345,,,,,,
6.367805,-1.293278,,,,,,
6.368270,-0.913939,,,,,,
6.368736,-0.668879,,,,,,
6.369201,-0.479713,,,,,,
6.369667,-0.305486,,,,,,
6.370132,-0.231128,,,,,,
6.370598,-0.222065,,,,,,
6.371063,-0.336873,,,,,,
6.371529,-0.503716,,,,,,
6.371995,-0.673579,,,,,,
6.372460,-0.880705,,,,,,
6.372926,-1.085145,,,,,,
6.373391,-1.212375,,,,,,
6.373857,-1.439643,,,,,,
6.374322,-1.689067,,,,,,
6.374788,-1.883772,,,,,,
6.375253,-2.134874,,,,,,
6.375719,-2.364324,,,,,,
6.376184,-2.553491,,,,,,
6.376650,-2.660914,,,,,,
6.377115,-2.581689,,,,,,
6.377581,-2.370871,,,,,,
6.378046,-1.968872,,,,,,
6.378512,-1.455756,,,,,,
6.378977,-1.035462,,,,,,
6.379443,-0.660822,,,,,,
6.379908,-0.156435,,,,,,
6.380374,0.265034,,,,,,
6.380839,0.588647,,,,,,
6.381305,0.903197,,,,,,
6.381770,1.083467,,,,,,
6.382236,1.198276,,,,,,
6.382701,1.198779,,,,,,
6.383167,1.102770,,,,,,
6.383632,0.999542,,,,,,
6.384098,0.889265,,,,,,
6.384563,0.738369,,,,,,
6.385029,0.660151,,,,,,
6.385494,0.506401,,,,,,
6.385960,0.273762,,,,,,
6.386426,0.102556,,,,,,
6.386891,-0.107927,,,,,,
6.387357,-0.329992,,,,,,
6.387822,-0.536278,,,,,,
6.388288,-0.692546,,,,,,
6.388753,-0.645716,,,,,,
6.389219,-0.478202,,,,,,
6.389684,-0.478202,,,,,,
6.390150,0.160296,,,,,,
6.390615,0.459403,,,,,,
6.391081,0.647562,,,,,,
6.391546,0.938445,,,,,,
6.392012,1.201633,,,,,,
6.392477,1.327184,,,,,,
6.392943,1.485969,,,,,,
6.393408,1.564691,,,,,,
6.393874,1.578286,,,,,,
6.394339,1.525246,,,,,,
6.394805,1.377874,,,,,,
6.395270,1.237217,,,,,,
6.395736,1.063325,,,,,,
6.396201,0.879362,,,,,,
6.396667,0.824308,,,,,,
6.397132,0.777310,,,,,,
6.397598,0.641688,,,,,,
6.398063,0.641688,,,,,,
6.398529,0.569848,,,,,,
6.398994,0.498009,,,,,,
6.399460,0.469306,,,,,,
6.399926,0.467796,,,,,,
6.400391,0.599725,,,,,,
6.400857,0.861234,,,,,,
6.401322,1.222950,,,,,,
6.401788,1.707698,,,,,,
6.402253,2.150149,,,,,,
6.402719,2.453452,,,,,,
6.403184,2.819699,,,,,,
6.403650,3.164126,,,,,,
6.404115,3.341711,,,,,,
6.404581,3.491096,,,,,,
6.405046,3.542794,,,,,,
6.405512,3.446784,,,,,,
6.405977,3.294377,,,,,,
6.406443,3.017090,,,,,,
6.406908,2.691463,,,,,,
6.407374,2.352071,,,,,,
6.407839,1.982132,,,,,,
6.408305,1.672282,,,,,,
6.408770,1.398352,,,,,,
6.409236,1.008942,,,,,,
6.409701,0.671229,,,,,,
6.410167,0.356344,,,,,,
6.410632,0.010575,,,,,,
6.411098,-0.276448,,,,,,
6.411563,-0.560449,,,,,,
6.412029,-0.710506,,,,,,
6.412494,-0.704799,,,,,,
6.412960,-0.573205,,,,,,
6.413426,-0.320256,,,,,,
6.413891,-0.030381,,,,,,
6.414357,0.117662,,,,,,
6.414822,0.299275,,,,,,
6.415288,0.508751,,,,,,
6.415753,0.602747,,,,,,
6.416219,0.660822,,,,,,
6.416684,0.743740,,,,,,
6.417150,0.708827,,,,,,
6.417615,0.634974,,,,,,
6.418081,0.427848,,,,,,
6.418546,0.163989,,,,,,
6.419012,-0.096178,,,,,,
6.419477,-0.418448,,,,,,
6.419943,-0.689693,,,,,,
6.420408,-0.919310,,,,,,
6.420874,-0.919310,,,,,,
6.421339,-1.561501,,,,,,
6.421805,-1.815961,,,,,,
6.422270,-2.133196,,,,,,
6.422736,-2.418540,,,,,,
6.423201,-2.678706,,,,,,
6.423667,-2.800061,,,,,,
6.424132,-2.723354,,,,,,
6.424598,-2.513878,,,,,,
6.425063,-2.193622,,,,,,
6.425529,-1.777356,,,,,,
6.425994,-1.510475,,,,,,
6.426460,-1.271458,,,,,,
6.426925,-0.929046,,,,,,
6.427391,-0.731655,,,,,,
6.427857,-0.581933,,,,,,
6.428322,-0.406699,,,,,,
6.428788,-0.357015,,,,,,
6.429253,-0.394614,,,,,,
6.429719,-0.538964,,,,,,
6.430184,-0.733837,,,,,,
6.430650,-0.931060,,,,,,
6.431115,-1.136675,,,,,,
6.431581,-1.319463,,,,,,
6.432046,-1.514839,,,,,,
6.432512,-1.927749,,,,,,
6.432977,-2.314137,,,,,,
6.433443,-2.409308,,,,,,
6.433908,-2.715801,,,,,,
6.434374,-3.079866,,,,,,
6.434839,-3.279942,,,,,,
6.435305,-3.481697,,,,,,
6.435770,-3.544640,,,,,,
6.436236,-3.380148,,,,,,
6.436701,-3.152544,,,,,,
6.437167,-2.868376,,,,,,
6.437632,-2.641444,,,,,,
6.438098,-2.525124,,,,,,
6.438563,-2.288792,,,,,,
6.439029,-2.140749,,,,,,
6.439494,-2.090059,,,,,,
6.439960,-1.984482,,,,,,
6.440425,-1.950576,,,,,,
6.440891,-1.993545,,,,,,
6.441357,-2.074281,,,,,,
6.441822,-2.188586,,,,,,
6.442288,-2.268986,,,,,,
6.442753,-2.330755,,,,,,
6.443219,-2.383963,,,,,,
6.443684,-2.307591,,,,,,
6.444150,-2.235584,,,,,,
6.444615,-2.206882,,,,,,
6.445081,-2.099794,,,,,,
6.445546,-2.000931,,,,,,
6.446012,-1.916335,,,,,,
6.446477,-1.748150,,,,,,
6.446943,-1.568551,,,,,,
6.447408,-1.224125,,,,,,
6.447874,-0.753475,,,,,,
6.448339,-0.155261,,,,,,
6.448805,0.572534,,,,,,
6.449270,1.205325,,,,,,
6.449736,1.693431,,,,,,
6.450201,2.314809,,,,,,
6.450667,2.908995,,,,,,
6.451132,3.298405,,,,,,
6.451598,3.664317,,,,,,
6.452063,3.664317,,,,,,
6.452529,4.085954,,,,,,
6.452994,4.108782,,,,,,
6.453460,3.993805,,,,,,
6.453925,3.822766,,,,,,
6.454391,3.609262,,,,,,
6.454857,3.316533,,,,,,
6.455322,3.102358,,,,,,
6.455788,2.830442,,,,,,
6.456253,2.444892,,,,,,
6.456719,2.092576,,,,,,
6.457184,1.731365,,,,,,
6.457650,1.290761,,,,,,
6.458115,0.899504,,,,,,
6.458581,0.558434,,,,,,
6.459046,0.373129,,,,,,
6.459512,0.306325,,,,,,
6.459977,0.395285,,,,,,
6.460443,0.640681,,,,,,
6.460908,0.825650,,,,,,
6.461374,0.944991,,,,,,
6.461839,1.152621,,,,,,
6.462305,1.374517,,,,,,
6.462770,1.482277,,,,,,
6.463236,1.626627,,,,,,
6.463701,1.759564,,,,,,
6.464167,1.848188,,,,,,
6.464632,1.890822,,,,,,
6.465098,1.879072,,,,,,
6.465563,1.882094,,,,,,
6.466029,1.891829,,,,,,
6.466494,1.912642,,,,,,
6.466960,2.020737,,,,,,
6.467425,2.168444,,,,,,
6.467891,2.258412,,,,,,
6.468356,2.392523,,,,,,
6.468822,2.512200,,,,,,
6.469288,2.586725,,,,,,
6.469753,2.692805,,,,,,
6.470219,2.781765,,,,,,
6.470684,2.966903,,,,,,
6.471150,3.233280,,,,,,
6.471615,3.548165,,,,,,
6.472081,3.944289,,,,,,
6.472546,4.287037,,,,,,
6.473012,4.477379,,,,,,
6.473477,4.662013,,,,,,
6.473943,4.848661,,,,,,
6.474408,4.839261,,,,,,
6.474874,4.839261,,,,,,
6.475339,4.580774,,,,,,
6.475805,4.244404,,,,,,
6.476270,3.821424,,,,,,
6.476736,3.225727,,,,,,
6.477201,2.575982,,,,,,
6.477667,1.895186,,,,,,
6.478132,1.150607,,,,,,
6.478598,0.444297,,,,,,
6.479063,-0.179431,,,,,,
6.479529,-0.897322,,,,,,
6.479994,-1.553948,,,,,,
6.480460,-2.177340,,,,,,
6.480925,-2.760113,,,,,,
6.481391,-3.216159,,,,,,
6.481856,-3.618662,,,,,,
6.482322,-3.845594,,,,,,
6.482788,-3.841230,,,,,,
6.483253,-3.841230,,,,,,
6.483719,-3.330968,,,,,,
6.484184,-2.896071,,,,,,
6.484650,-2.541070,,,,,,
6.485115,-2.142260,,,,,,
6.485581,-1.653315,,,,,,
6.486046,-1.303349,,,,,,
6.486512,-0.970001,,,,,,
6.486977,-0.626749,,,,,,
6.487443,-0.379507,,,,,,
6.487908,-0.205783,,,,,,
6.488374,-0.195209,,,,,,
6.488839,-0.217700,,,,,,
6.489305,-0.289372,,,,,,
6.489770,-0.443961,,,,,,
6.490236,-0.573541,,,,,,
6.490701,-0.690364,,,,,,
6.491167,-0.931395,,,,,,
6.491632,-1.193912,,,,,,
6.492098,-1.445518,,,,,,
6.492563,-1.861280,,,,,,
6.493029,-2.201678,,,,,,
6.493494,-2.515892,,,,,,
6.493960,-2.787137,,,,,,
6.494425,-2.897246,,,,,,
6.494891,-2.858137,,,,,,
6.495356,-2.661585,,,,,,
6.495822,-2.357107,,,,,,
6.496288,-2.183551,,,,,,
6.496753,-2.000427,,,,,,
6.497219,-1.704845,,,,,,
6.497684,-1.544045,,,,,,
6.498150,-1.432425,,,,,,
6.498615,-1.318791,,,,,,
6.499081,-1.325841,,,,,,
6.499546,-1.413626,,,,,,
6.500012,-1.624277,,,,,,
6.500477,-1.913313,,,,,,
6.500943,-2.172808,,,,,,
6.501408,-2.468223,,,,,,
6.501874,-2.771023,,,,,,
6.502339,-2.966567,,,,,,
6.502805,-3.208606,,,,,,
6.503270,-3.486061,,,,,,
6.503736,-3.687816,,,,,,
6.504201,-3.948653,,,,,,
6.504667,-4.182132,,,,,,
6.505132,-4.371969,,,,,,
6.505598,-4.472511,,,,,,
6.506063,-4.472511,,,,,,
6.506529,-4.085283,,,,,,
6.506994,-3.675227,,,,,,
6.507460,-3.138781,,,,,,
6.507925,-2.691127,,,,,,
6.508391,-2.308263,,,,,,
6.508856,-1.787427,,,,,,
6.509322,-1.342290,,,,,,
6.509787,-0.990814,,,,,,
6.510253,-0.598047,,,,,,
6.510719,-0.275776,,,,,,
6.511184,-0.060929,,,,,,
6.511650,0.066300,,,,,,
6.512115,0.068986,,,,,,
6.512581,0.064622,,,,,,
6.513046,0.048508,,,,,,
6.513512,-0.003189,,,,,,
6.513977,0.019806,,,,,,
6.514443,0.019806,,,,,,
6.514908,-0.135454,,,,,,
6.515374,-0.175067,,,,,,
6.515839,-0.266041,,,,,,
6.516305,-0.431205,,,,,,
6.516770,-0.549035,,,,,,
6.517236,-0.620874,,,,,,
6.517701,-0.532921,,,,,,
6.518167,-0.317067,,,,,,
6.518632,0.033066,,,,,,
6.519098,0.495323,,,,,,
6.519563,0.927031,,,,,,
6.520029,1.235706,,,,,,
6.520494,1.655497,,,,,,
6.520960,2.034836,,,,,,
6.521425,2.271839,,,,,,
6.521891,2.561547,,,,,,
6.522356,2.761959,,,,,,
6.522822,2.867369,,,,,,
6.523287,2.942565,,,,,,
6.523753,2.892210,,,,,,
6.524219,2.780591,,,,,,
6.524684,2.703548,,,,,,
6.525150,2.608881,,,,,,
6.525615,2.584039,,,,,,
6.526081,2.569604,,,,,,
6.526546,2.511528,,,,,,
6.527012,2.468559,,,,,,
6.527477,2.425589,,,,,,
6.527943,2.322866,,,,,,
6.528408,2.258412,,,,,,
6.528874,2.205371,,,,,,
6.529339,2.295338,,,,,,
6.529805,2.520928,,,,,,
6.530270,2.839673,,,,,,
6.530736,3.276249,,,,,,
6.531201,3.689830,,,,,,
6.531667,3.958389,,,,,,
6.532132,4.246418,,,,,,
6.532598,4.538476,,,,,,
6.533063,4.682826,,,,,,
6.533529,4.796292,,,,,,
6.533994,4.843961,,,,,,
6.534460,4.777157,,,,,,
6.534925,4.618708,,,,,,
6.535391,4.318257,,,,,,
6.535856,3.971145,,,,,,
6.536322,3.612619,,,,,,
6.536787,3.184939,,,,,,
6.537253,3.184939,,,,,,
6.537719,2.453788,,,,,,
6.538184,2.021744,,,,,,
6.538650,1.611688,,,,,,
6.539115,1.229831,,,,,,
6.539581,0.795438,,,,,,
6.540046,0.383200,,,,,,
6.540512,0.006546,,,,,,
6.540977,-0.232471,,,,,,
6.541443,-0.315724,,,,,,
6.541908,-0.279469,,,,,,
6.542374,-0.096849,,,,,,
6.542839,0.120516,,,,,,
6.543305,0.211658,,,,,,
6.543770,0.335363,,,,,,
6.544236,0.533593,,,,,,
6.544701,0.584283,,,,,,
6.545167,0.599893,,,,,,
6.545632,0.614832,,,,,,
6.546098,0.499016,,,,,,
6.546563,0.301961,,,,,,
6.547029,-0.004868,,,,,,
6.547494,-0.280140,,,,,,
6.547960,-0.548699,,,,,,
6.548425,-0.915618,,,,,,
6.548891,-1.205661,,,,,,
6.549356,-1.382238,,,,,,
6.549822,-1.681010,,,,,,
6.550287,-1.969039,,,,,,
6.550753,-2.210407,,,,,,
6.551218,-2.507164,,,,,,
6.551684,-2.818357,,,,,,
6.552150,-3.061402,,,,,,
6.552615,-3.181079,,,,,,
6.553081,-3.131899,,,,,,
6.553546,-2.943572,,,,,,
6.554012,-2.610056,,,,,,
6.554477,-2.193790,,,,,,
6.554943,-1.893507,,,,,,
6.555408,-1.615549,,,,,,
6.555874,-1.254505,,,,,,
6.556339,-1.010620,,,,,,
6.556805,-0.821118,,,,,,
6.557270,-0.637324,,,,,,
6.557736,-0.601068,,,,,,
6.558201,-0.609461,,,,,,
6.558667,-0.750454,,,,,,
6.559132,-0.977722,,,,,,
6.559598,-1.217075,,,,,,
6.560063,-1.495369,,,,,,
6.560529,-1.758221,,,,,,
6.560994,-1.905592,,,,,,
6.561460,-2.126146,,,,,,
6.561925,-2.388159,,,,,,
6.562391,-2.568765,,,,,,
6.562856,-2.816007,,,,,,
6.563322,-3.100679,,,,,,
6.563787,-3.366049,,,,,,
6.564253,-3.509056,,,,,,
6.564718,-3.475990,,,,,,
6.565184,-3.313344,,,,,,
6.565650,-3.013062,,,,,,
6.566115,-2.618784,,,,,,
6.566581,-2.347707,,,,,,
6.567046,-2.139071,,,,,,
6.567512,-1.814282,,,,,,
6.567977,-1.577279,,,,,,
6.568443,-1.577279,,,,,,
6.568908,-1.290089,,,,,,
6.569374,-1.246281,,,,,,
6.569839,-1.318456,,,,,,
6.570305,-1.453742,,,,,,
6.570770,-1.680339,,,,,,
6.571236,-1.921370,,,,,,
6.571701,-2.192950,,,,,,
6.572167,-2.437339,,,,,,
6.572632,-2.553826,,,,,,
6.573098,-2.690120,,,,,,
6.573563,-2.868376,,,,,,
6.574029,-2.949615,,,,,,
6.574494,-3.046296,,,,,,
6.574960,-3.137606,,,,,,
6.575425,-3.205753,,,,,,
6.575891,-3.195514,,,,,,
6.576356,-2.972442,,,,,,
6.576822,-2.597635,,,,,,
6.577287,-2.057664,,,,,,
6.577753,-1.372503,,,,,,
6.578218,-0.722591,,,,,,
6.578684,-0.134783,,,,,,
6.579150,0.543496,,,,,,
6.579615,1.189380,,,,,,
6.580081,1.778195,,,,,,
6.580546,2.284596,,,,,,
6.581012,2.669810,,,,,,
6.581477,2.970092,,,,,,
6.581943,3.187625,,,,,,
6.582408,3.275578,,,,,,
6.582874,3.338354,,,,,,
6.583339,3.310826,,,,,,
6.583805,3.237980,,,,,,
6.584270,3.237308,,,,,,
6.584736,3.186282,,,,,,
6.585201,3.008362,,,,,,
6.585667,2.864683,,,,,,
6.586132,2.709590,,,,,,
6.586598,2.461509,,,,,,
6.587063,2.220813,,,,,,
6.587529,1.986831,,,,,,
6.587994,1.922713,,,,,,
6.588460,1.980453,,,,,,
6.588925,2.134203,,,,,,
6.589391,2.390005,,,,,,
6.589856,2.604517,,,,,,
6.590322,2.656886,,,,,,
6.590787,2.796872,,,,,,
6.591253,2.796872,,,,,,
6.591718,2.924773,,,,,,
6.592184,2.921416,,,,,,
6.592649,2.861997,,,,,,
6.593115,2.698848,,,,,,
6.593581,2.424247,,,,,,
6.594046,2.052964,,,,,,
6.594512,1.700481,,,,,,
6.594977,1.365454,,,,,,
6.595443,0.990646,,,,,,
6.595908,0.742061,,,,,,
6.596374,0.540810,,,,,,
6.596839,0.272419,,,,,,
6.597305,0.078050,,,,,,
6.597770,-0.065461,,,,,,
6.598236,-0.263523,,,,,,
6.598701,-0.415091,,,,,,
6.599167,-0.530571,,,,,,
6.599632,-0.530571,,,,,,
6.600098,-0.244556,,,,,,
6.600563,0.108934,,,,,,
6.601029,0.609461,,,,,,
6.601494,1.117372,,,,,,
6.601960,1.479927,,,,,,
6.602425,1.889143,,,,,,
6.602891,2.330922,,,,,,
6.603356,2.600824,,,,,,
6.603822,2.857969,,,,,,
6.604287,3.070802,,,,,,
6.604753,3.158755,,,,,,
6.605218,3.164797,,,,,,
6.605684,3.031861,,,,,,
6.606149,2.826917,,,,,,
6.606615,2.615595,,,,,,
6.607081,2.327901,,,,,,
6.607546,2.081834,,,,,,
6.608012,1.895018,,,,,,
6.608477,1.601785,,,,,,
6.608943,1.322148,,,,,,
6.609408,1.069032,,,,,,
6.609874,0.740215,,,,,,
6.610339,0.421469,,,,,,
6.610805,0.083085,,,,,,
6.611270,-0.144854,,,,,,
6.611736,-0.189837,,,,,,
6.612201,-0.122362,,,,,,
6.612667,0.060090,,,,,,
6.613132,0.279805,,,,,,
6.613598,0.382864,,,,,,
6.614063,0.473671,,,,,,
6.614529,0.635477,,,,,,
6.614994,0.637995,,,,,,
6.615460,0.583948,,,,,,
6.615925,0.546685,,,,,,
6.616391,0.398978,,,,,,
6.616856,0.169024,,,,,,
6.617322,-0.141161,,,,,,
6.617787,-0.493141,,,,,,
6.618253,-0.840085,,,,,,
6.618718,-1.237049,,,,,,
6.619184,-1.616892,,,,,,
6.619649,-1.844663,,,,,,
6.620115,-2.137896,,,,,,
6.620580,-2.445563,,,,,,
6.621046,-2.670817,,,,,,
6.621512,-2.949783,,,,,,
6.621977,-3.235966,,,,,,
6.622443,-3.235966,,,,,,
6.622908,-3.613123,,,,,,
6.623374,-3.484215,,,,,,
6.623839,-3.245869,,,,,,
6.624305,-2.860319,,,,,,
6.624770,-2.385641,,,,,,
6.625236,-2.056825,,,,,,
6.625701,-1.778027,,,,,,
6.626167,-1.339605,,,,,,
6.626632,-1.022873,,,,,,
6.627098,-0.834043,,,,,,
6.627563,-0.608453,,,,,,
6.628029,-0.479713,,,,,,
6.628494,-0.444633,,,,,,
6.628960,-0.538293,,,,,,
6.629425,-0.701106,,,,,,
6.629891,-0.883055,,,,,,
6.630356,-1.100923,,,,,,
6.630822,-1.339605,,,,,,
6.631287,-1.464820,,,,,,
6.631753,-1.651133,,,,,,
6.632218,-1.901564,,,,,,
6.632684,-2.095598,,,,,,
6.633149,-2.353246,,,,,,
6.633615,-2.635904,,,,,,
6.634080,-2.873915,,,,,,
6.634546,-3.053178,,,,,,
6.635012,-3.020111,,,,,,
6.635477,-2.829770,,,,,,
6.635943,-2.513542,,,,,,
6.636408,-2.089220,,,,,,
6.636874,-1.798169,,,,,,
6.637339,-1.624781,,,,,,
6.637805,-1.343633,,,,,,
6.638270,-1.143221,,,,,,
6.638736,-1.079942,,,,,,
6.639201,-0.980407,,,,,,
6.639667,-0.981918,,,,,,
6.640132,-1.050904,,,,,,
6.640598,-1.196933,,,,,,
6.641063,-1.472541,,,,,,
6.641529,-1.737072,,,,,,
6.641994,-2.020401,,,,,,
6.642460,-2.328908,,,,,,
6.642925,-2.514214,,,,,,
6.643391,-2.654536,,,,,,
6.643856,-2.846555,,,,,,
6.644322,-2.944579,,,,,,
6.644787,-3.031525,,,,,,
6.645253,-3.110750,,,,,,
6.645718,-3.126864,,,,,,
6.646184,-3.083055,,,,,,
6.646649,-2.812818,,,,,,
6.647115,-2.380774,,,,,,
6.647580,-1.807568,,,,,,
6.648046,-1.076081,,,,,,
6.648512,-0.403677,,,,,,
6.648977,0.122698,,,,,,
6.649443,0.754482,,,,,,
6.649908,1.356893,,,,,,
6.650374,1.794141,,,,,,
6.650839,2.218128,,,,,,
6.651305,2.569604,,,,,,
6.651770,2.804257,,,,,,
6.652236,2.950958,,,,,,
6.652701,2.934844,,,,,,
6.653167,2.879957,,,,,,
6.653632,2.879957,,,,,,
6.654098,2.632044,,,,,,
6.654563,2.517571,,,,,,
6.655029,2.428275,,,,,,
6.655494,2.244312,,,,,,
6.655960,2.090562,,,,,,
6.656425,1.937819,,,,,,
6.656891,1.738079,,,,,,
6.657356,1.608499,,,,,,
6.657822,1.416815,,,,,,
6.658287,1.363272,,,,,,
6.658753,1.449378,,,,,,
6.659218,1.651469,,,,,,
6.659684,2.003281,,,,,,
6.660149,2.339986,,,,,,
6.660615,2.502129,,,,,,
6.661080,2.754574,,,,,,
6.661546,3.033539,,,,,,
6.662011,3.159091,,,,,,
6.662477,3.266178,,,,,,
6.662943,3.377630,,,,,,
6.663408,3.383337,,,,,,
6.663874,3.324590,,,,,,
6.664339,3.145663,,,,,,
6.664805,2.932158,,,,,,
6.665270,2.738460,,,,,,
6.665736,2.492729,,,,,,
6.666201,2.296010,,,,,,
6.666667,2.161059,,,,,,
6.667132,1.962829,,,,,,
6.667598,1.794644,,,,,,
6.668063,1.654154,,,,,,
6.668529,1.443000,,,,,,
6.668994,1.274815,,,,,,
6.669460,1.111666,,,,,,
6.669925,1.114015,,,,,,
6.670391,1.299489,,,,,,
6.670856,1.585336,,,,,,
6.671322,1.971389,,,,,,
6.671787,2.376577,,,,,,
6.672253,2.604181,,,,,,
6.672718,2.825406,,,,,,
6.673184,3.120150,,,,,,
6.673649,3.269200,,,,,,
6.674115,3.353460,,,,,,
6.674580,3.414557,,,,,,
6.675046,3.366217,,,,,,
6.675511,3.247715,,,,,,
6.675977,2.987549,,,,,,
6.676443,2.987549,,,,,,
6.676908,2.273182,,,,,,
6.677374,1.860273,,,,,,
6.677839,1.465492,,,,,,
6.678305,1.145571,,,,,,
6.678770,0.777646,,,,,,
6.679236,0.417105,,,,,,
6.679701,0.100542,,,,,,
6.680167,-0.269230,,,,,,
6.680632,-0.611139,,,,,,
6.681098,-0.909911,,,,,,
6.681563,-1.107469,,,,,,
6.682029,-1.164202,,,,,,
6.682494,-1.110994,,,,,,
6.682960,-0.882383,,,,,,
6.683425,-0.567498,,,,,,
6.683891,-0.392264,,,,,,
6.684356,-0.269734,,,,,,
6.684822,-0.269734,,,,,,
6.685287,0.111284,,,,,,
6.685753,0.184466,,,,,,
6.686218,0.260334,,,,,,
6.686684,0.227100,,,,,,
6.687149,0.128740,,,,,,
6.687615,-0.133440,,,,,,
6.688080,-0.514626,,,,,,
6.688546,-0.860563,,,,,,
6.689011,-1.243091,,,,,,
6.689477,-1.601114,,,,,,
6.689943,-1.831571,,,,,,
6.690408,-2.119768,,,,,,
6.690874,-2.440024,,,,,,
6.691339,-2.703212,,,,,,
6.691805,-3.021286,,,,,,
6.692270,-3.384009,,,,,,
6.692736,-3.712154,,,,,,
6.693201,-3.962081,,,,,,
6.693667,-4.033082,,,,,,
6.694132,-3.963760,,,,,,
6.694598,-3.732799,,,,,,
6.695063,-3.368566,,,,,,
6.695529,-3.120485,,,,,,
6.695994,-2.963714,,,,,,
6.696460,-2.691295,,,,,,
6.696925,-2.499443,,,,,,
6.697391,-2.411154,,,,,,
6.697856,-2.323537,,,,,,
6.698322,-2.357610,,,,,,
6.698787,-2.452613,,,,,,
6.699253,-2.657725,,,,,,
6.699718,-2.972610,,,,,,
6.700184,-3.279942,,,,,,
6.700649,-3.583078,,,,,,
6.701115,-3.898802,,,,,,
6.701580,-4.055238,,,,,,
6.702046,-4.195560,,,,,,
6.702511,-4.338735,,,,,,
6.702977,-4.368109,,,,,,
6.703442,-4.392615,,,,,,
6.703908,-4.434241,,,,,,
6.704374,-4.438773,,,,,,
6.704839,-4.352499,,,,,,
6.705305,-4.028885,,,,,,
6.705770,-3.546487,,,,,,
6.706236,-2.941894,,,,,,
6.706701,-2.150988,,,,,,
6.707167,-1.409766,,,,,,
6.707632,-1.409766,,,,,,
6.708098,-0.115648,,,,,,
6.708563,0.527382,,,,,,
6.709029,0.994675,,,,,,
6.709494,1.435950,,,,,,
6.709960,1.761578,,,,,,
6.710425,1.975082,,,,,,
6.710891,2.075792,,,,,,
6.711356,2.010666,,,,,,
6.711822,1.885115,,,,,,
6.712287,1.719951,,,,,,
6.712753,1.494362,,,,,,
6.713218,1.363104,,,,,,
6.713684,1.220432,,,,,,
6.714149,0.958251,,,,,,
6.714615,0.763882,,,,,,
6.715080,0.550378,,,,,,
6.715546,0.262348,,,,,,
6.716011,0.012757,,,,,,
6.716477,-0.183124,,,,,,
6.716942,-0.170703,,,,,,
6.717408,0.078386,,,,,,
6.717874,0.366751,,,,,,
6.718339,0.732830,,,,,,
6.718805,1.097566,,,,,,
6.719270,1.304356,,,,,,
6.719736,1.603799,,,,,,
6.720201,1.914992,,,,,,
6.720667,2.088212,,,,,,
6.721132,2.265461,,,,,,
6.721598,2.420722,,,,,,
6.722063,2.472587,,,,,,
6.722529,2.479973,,,,,,
6.722994,2.357107,,,,,,
6.723460,2.177844,,,,,,
6.723925,2.018387,,,,,,
6.724391,1.827375,,,,,,
6.724856,1.721294,,,,,,
6.725322,1.680339,,,,,,
6.725787,1.510140,,,,,,
6.726253,1.386603,,,,,,
6.726718,1.311742,,,,,,
6.727184,1.168734,,,,,,
6.727649,1.045869,,,,,,
6.728115,0.949859,,,,,,
6.728580,1.025055,,,,,,
6.729046,1.279850,,,,,,
6.729511,1.635691,,,,,,
6.729977,2.093248,,,,,,
6.730442,2.575311,,,,,,
6.730908,2.869047,,,,,,
6.731374,3.171344,,,,,,
6.731839,3.495125,,,,,,
6.732305,3.641489,,,,,,
6.732770,3.719371,,,,,,
6.733236,3.771740,,,,,,
6.733701,3.665660,,,,,,
6.734167,3.506538,,,,,,
6.734632,3.194339,,,,,,
6.735098,2.795529,,,,,,
6.735563,2.411322,,,,,,
6.736029,1.961654,,,,,,
6.736494,1.556130,,,,,,
6.736960,1.252659,,,,,,
6.737425,0.858549,,,,,,
6.737891,0.457557,,,,,,
6.738356,0.130755,,,,,,
6.738822,0.130755,,,,,,
6.739287,-0.644709,,,,,,
6.739753,-1.014649,,,,,,
6.740218,-1.210697,,,,,,
6.740684,-1.179812,,,,,,
6.741149,-1.007263,,,,,,
6.741615,-0.712016,,,,,,
6.742080,-0.306325,,,,,,
6.742546,-0.058244,,,,,,
6.743011,0.157610,,,,,,
6.743477,0.475181,,,,,,
6.743942,0.634134,,,,,,
6.744408,0.736019,,,,,,
6.744873,0.837064,,,,,,
6.745339,0.800137,,,,,,
6.745805,0.709834,,,,,,
6.746270,0.498680,,,,,,
6.746736,0.166003,,,,,,
6.747201,-0.178759,,,,,,
6.747667,-0.557931,,,,,,
6.748132,-0.922667,,,,,,
6.748598,-1.164370,,,,,,
6.749063,-1.487312,,,,,,
6.749529,-1.841810,,,,,,
6.749994,-2.065721,,,,,,
6.750460,-2.350729,,,,,,
6.750925,-2.674510,,,,,,
6.751391,-2.952132,,,,,,
6.751856,-3.126528,,,,,,
6.752322,-3.080034,,,,,,
6.752787,-2.857298,,,,,,
6.753253,-2.475944,,,,,,
6.753718,-1.970214,,,,,,
6.754184,-1.570062,,,,,,
6.754649,-1.243763,,,,,,
6.755115,-0.785031,,,,,,
6.755580,-0.447318,,,,,,
6.756046,-0.213001,,,,,,
6.756511,0.025345,,,,,,
6.756977,0.151232,,,,,,
6.757442,0.175067,,,,,,
6.757908,0.083757,,,,,,
6.758373,-0.134112,,,,,,
6.758839,-0.366247,,,,,,
6.759305,-0.624903,,,,,,
6.759770,-0.899168,,,,,,
6.760236,-1.030091,,,,,,
6.760701,-1.233860,,,,,,
6.761167,-1.508125,,,,,,
6.761632,-1.508125,,,,,,
6.762098,-1.970047,,,,,,
6.762563,-2.256733,,,,,,
6.763029,-2.514717,,,,,,
6.763494,-2.681727,,,,,,
6.763960,-2.606027,,,,,,
6.764425,-2.369696,,,,,,
6.764891,-1.988510,,,,,,
6.765356,-1.475227,,,,,,
6.765822,-1.030259,,,,,,
6.766287,-0.707820,,,,,,
6.766753,-0.275608,,,,,,
6.767218,0.078721,,,,,,
6.767684,0.293568,,,,,,
6.768149,0.521508,,,,,,
6.768615,0.650416,,,,,,
6.769080,0.656458,,,,,,
6.769546,0.538964,,,,,,
6.770011,0.538964,,,,,,
6.770477,0.024002,,,,,,
6.770942,-0.268727,,,,,,
6.771408,-0.602075,,,,,,
6.771873,-0.782345,,,,,,
6.772339,-0.962280,,,,,,
6.772805,-1.222278,,,,,,
6.773270,-1.419501,,,,,,
6.773736,-1.589700,,,,,,
6.774201,-1.795483,,,,,,
6.774667,-1.931106,,,,,,
6.775132,-2.016709,,,,,,
6.775598,-1.915160,,,,,,
6.776063,-1.653819,,,,,,
6.776529,-1.267933,,,,,,
6.776994,-0.730144,,,,,,
6.777460,-0.241871,,,,,,
6.777925,0.109270,,,,,,
6.778391,0.573037,,,,,,
6.778856,1.010285,,,,,,
6.779322,1.286564,,,,,,
6.779787,1.562173,,,,,,
6.780253,1.783398,,,,,,
6.780718,1.883436,,,,,,
6.781184,1.876890,,,,,,
6.781649,1.729351,,,,,,
6.782115,1.553948,,,,,,
6.782580,1.394324,,,,,,
6.783046,1.198276,,,,,,
6.783511,1.084474,,,,,,
6.783977,1.022370,,,,,,
6.784442,0.852171,,,,,,
6.784908,0.728969,,,,,,
6.785373,0.616510,,,,,,
6.785839,0.443290,,,,,,
6.786304,0.283162,,,,,,
6.786770,0.133104,,,,,,
6.787236,0.159960,,,,,,
6.787701,0.371115,,,,,,
6.788167,0.660151,,,,,,
6.788632,1.090517,,,,,,
6.789098,1.514168,,,,,,
6.789563,1.789776,,,,,,
6.790029,2.116075,,,,,,
6.790494,2.471580,,,,,,
6.790960,2.666621,,,,,,
6.791425,2.851759,,,,,,
6.791891,3.033204,,,,,,
6.792356,3.106386,,,,,,
6.792822,3.106386,,,,,,
6.793287,3.006180,,,,,,
6.793753,2.819699,,,,,,
6.794218,2.618280,,,,,,
6.794684,2.338979,,,,,,
6.795149,2.114061,,,,,,
6.795615,1.956283,,,,,,
6.796080,1.693095,,,,,,
6.796546,1.451728,,,,,,
6.797011,1.221439,,,,,,
6.797477,0.945495,,,,,,
6.797942,0.672908,,,,,,
6.798408,0.419455,,,,,,
6.798873,0.312200,,,,,,
6.799339,0.368429,,,,,,
6.799804,0.553063,,,,,,
6.800270,0.865934,,,,,,
6.800736,1.226810,,,,,,
6.801201,1.226810,,,,,,
6.801667,1.640055,,,,,,
6.802132,1.927749,,,,,,
6.802598,2.048936,,,,,,
6.803063,2.119768,,,,,,
6.803529,2.213764,,,,,,
6.803994,2.173816,,,,,,
6.804460,2.070253,,,,,,
6.804925,1.811597,,,,,,
6.805391,1.503761,,,,,,
6.805856,1.204990,,,,,,
6.806322,0.861067,,,,,,
6.806787,0.542657,,,,,,
6.807253,0.332509,,,,,,
6.807718,0.041459,,,,,,
6.808184,-0.248585,,,,,,
6.808649,-0.456046,,,,,,
6.809115,-0.768917,,,,,,
6.809580,-1.081956,,,,,,
6.810046,-1.362097,,,,,,
6.810511,-1.526421,,,,,,
6.810977,-1.482444,,,,,,
6.811442,-1.284718,,,,,,
6.811908,-0.986786,,,,,,
6.812373,-0.563134,,,,,,
6.812839,-0.300282,,,,,,
6.813304,-0.112963,,,,,,
6.813770,0.178424,,,,,,
6.814236,0.334188,,,,,,
6.814701,0.435233,,,,,,
6.815167,0.448997,,,,,,
6.815632,0.261006,,,,,,
6.816098,-0.084764,,,,,,
6.816563,-0.439597,,,,,,
6.817029,-0.808026,,,,,,
6.817494,-1.314763,,,,,,
6.817960,-1.822004,,,,,,
6.818425,-2.242969,,,,,,
6.818891,-2.603677,,,,,,
6.819356,-2.965728,,,,,,
6.819822,-3.351781,,,,,,
6.820287,-3.712993,,,,,,
6.820753,-4.060609,,,,,,
6.821218,-4.437598,,,,,,
6.821684,-4.803845,,,,,,
6.822149,-5.035309,,,,,,
6.822615,-5.036316,,,,,,
6.823080,-4.871824,,,,,,
6.823546,-4.508598,,,,,,
6.824011,-4.508598,,,,,,
6.824477,-3.621683,,,,,,
6.824942,-3.331640,,,,,,
6.825408,-2.873915,,,,,,
6.825873,-2.513878,,,,,,
6.826339,-2.297856,,,,,,
6.826804,-2.058000,,,,,,
6.827270,-1.861448,,,,,,
6.827735,-1.753857,,,,,,
6.828201,-1.780209,,,,,,
6.828667,-1.980117,,,,,,
6.829132,-2.179858,,,,,,
6.829598,-2.399741,,,,,,
6.830063,-2.655207,,,,,,
6.830529,-2.763806,,,,,,
6.830994,-2.883818,,,,,,
6.831460,-3.070298,,,,,,
6.831925,-3.153887,,,,,,
6.832391,-3.244022,,,,,,
6.832856,-3.421103,,,,,,
6.833322,-3.561929,,,,,,
6.833787,-3.595834,,,,,,
6.834253,-3.371923,,,,,,
6.834718,-2.992081,,,,,,
6.835184,-2.472251,,,,,,
6.835649,-1.795315,,,,,,
6.836115,-1.160342,,,,,,
6.836580,-0.712520,,,,,,
6.837046,-0.159625,,,,,,
6.837511,0.348959,,,,,,
6.837977,0.679622,,,,,,
6.838442,0.986114,,,,,,
6.838908,1.257359,,,,,,
6.839373,1.442664,,,,,,
6.839839,1.565530,,,,,,
6.840304,1.527932,,,,,,
6.840770,1.422522,,,,,,
6.841235,1.341955,,,,,,
6.841701,1.209689,,,,,,
6.842167,1.190219,,,,,,
6.842632,1.223453,,,,,,
6.843098,1.170245,,,,,,
6.843563,1.168063,,,,,,
6.844029,1.171420,,,,,,
6.844494,1.069368,,,,,,
6.844960,1.009613,,,,,,
6.845425,0.959762,,,,,,
6.845891,1.134493,,,,,,
6.846356,1.544045,,,,,,
6.846822,1.544045,,,,,,
6.847287,2.638422,,,,,,
6.847753,3.258457,,,,,,
6.848218,3.654917,,,,,,
6.848684,4.070512,,,,,,
6.849149,4.498192,,,,,,
6.849615,4.745266,,,,,,
6.850080,4.909087,,,,,,
6.850546,5.000397,,,,,,
6.851011,5.002411,,,,,,
6.851477,4.902708,,,,,,
6.851942,4.593194,,,,,,
6.852408,4.183810,,,,,,
6.852873,3.820081,,,,,,
6.853339,3.391394,,,,,,
6.853804,3.049317,,,,,,
6.854270,2.827085,,,,,,
6.854735,2.531670,,,,,,
6.855201,2.531670,,,,,,
6.855667,2.067735,,,,,,
6.856132,1.777020,,,,,,
6.856598,1.464149,,,,,,
6.857063,1.167391,,,,,,
6.857529,1.069871,,,,,,
6.857994,1.205325,,,,,,
6.858460,1.459113,,,,,,
6.858925,1.854231,,,,,,
6.859391,2.302724,,,,,,
6.859856,2.575982,,,,,,
6.860322,2.854612,,,,,,
6.860787,3.196689,,,,,,
6.861253,3.384680,,,,,,
6.861718,3.525673,,,,,,
6.862184,3.664820,,,,,,
6.862649,3.675731,,,,,,
6.863115,3.625376,,,,,,
6.863580,3.433188,,,,,,
6.864046,3.137942,,,,,,
6.864511,2.831785,,,,,,
6.864977,2.510857,,,,,,
6.865442,2.208057,,,,,,
6.865908,1.985657,,,,,,
6.866373,1.684367,,,,,,
6.866839,1.401038,,,,,,
6.867304,1.150607,,,,,,
6.867770,0.822965,,,,,,
6.868235,0.445304,,,,,,
6.868701,0.086275,,,,,,
6.869166,-0.154589,,,,,,
6.869632,-0.204944,,,,,,
6.870098,-0.138476,,,,,,
6.870563,0.041459,,,,,,
6.871029,0.306828,,,,,,
6.871494,0.471153,,,,,,
6.871960,0.590494,,,,,,
6.872425,0.788052,,,,,,
6.872891,0.818265,,,,,,
6.873356,0.759350,,,,,,
6.873822,0.717556,,,,,,
6.874287,0.549706,,,,,,
6.874753,0.304982,,,,,,
6.875218,-0.090135,,,,,,
6.875684,-0.618021,,,,,,
6.876149,-1.114687,,,,,,
6.876615,-1.622263,,,,,,
6.877080,-2.116747,,,,,,
6.877546,-2.444388,,,,,,
6.878011,-2.444388,,,,,,
6.878477,-3.183597,,,,,,
6.878942,-3.489082,,,,,,
6.879408,-3.781811,,,,,,
6.879873,-4.107607,,,,,,
6.880339,-4.450690,,,,,,
6.880804,-4.609308,,,,,,
6.881270,-4.508095,,,,,,
6.881735,-4.286366,,,,,,
6.882201,-3.911223,,,,,,
6.882666,-3.353964,,,,,,
6.883132,-2.912016,,,,,,
6.883598,-2.586053,,,,,,
6.884063,-2.112718,,,,,,
6.884529,-1.707195,,,,,,
6.884994,-1.421180,,,,,,
6.885460,-1.102937,,,,,,
6.885925,-0.861906,,,,,,
6.886391,-0.861906,,,,,,
6.886856,-0.803159,,,,,,
6.887322,-1.031434,,,,,,
6.887787,-1.293278,,,,,,
6.888253,-1.598260,,,,,,
6.888718,-1.934127,,,,,,
6.889184,-2.133196,,,,,,
6.889649,-2.390005,,,,,,
6.890115,-2.702541,,,,,,
6.890580,-2.876432,,,,,,
6.891046,-3.057877,,,,,,
6.891511,-3.319387,,,,,,
6.891977,-3.573678,,,,,,
6.892442,-3.720043,,,,,,
6.892908,-3.644343,,,,,,
6.893373,-3.390723,,,,,,
6.893839,-3.012558,,,,,,
6.894304,-2.478965,,,,,,
6.894770,-1.994217,,,,,,
6.895235,-1.663218,,,,,,
6.895701,-1.224796,,,,,,
6.896166,-0.873823,,,,,,
6.896632,-0.665690,,,,,,
6.897098,-0.456046,,,,,,
6.897563,-0.304311,,,,,,
6.898029,-0.279805,,,,,,
6.898494,-0.347951,,,,,,
6.898960,-0.579583,,,,,,
6.899425,-0.849485,,,,,,
6.899891,-1.141543,,,,,,
6.900356,-1.450385,,,,,,
6.900822,-1.607156,,,,,,
6.901287,-1.724987,,,,,,
6.901753,-1.905257,,,,,,
6.902218,-1.999588,,,,,,
6.902684,-2.081498,,,,,,
6.903149,-2.241291,,,,,,
6.903615,-2.389166,,,,,,
6.904080,-2.475273,,,,,,
6.904546,-2.258076,,,,,,
6.905011,-1.790784,,,,,,
6.905477,-1.177798,,,,,,
6.905942,-0.434562,,,,,,
6.906408,0.307668,,,,,,
6.906873,0.851499,,,,,,
6.907339,1.457435,,,,,,
6.907804,2.018051,,,,,,
6.908270,2.404105,,,,,,
6.908735,2.753231,,,,,,
6.909201,2.753231,,,,,,
6.909666,3.180911,,,,,,
6.910132,3.201389,,,,,,
6.910597,3.039918,,,,,,
6.911063,2.785458,,,,,,
6.911529,2.532341,,,,,,
6.911994,2.195972,,,,,,
6.912460,1.961318,,,,,,
6.912925,1.801862,,,,,,
6.913391,1.546395,,,,,,
6.913856,1.341955,,,,,,
6.914322,1.172091,,,,,,
6.914787,0.896651,,,,,,
6.915253,0.629938,,,,,,
6.915718,0.401831,,,,,,
6.916184,0.340063,,,,,,
6.916649,0.504723,,,,,,
6.917115,0.818936,,,,,,
6.917580,1.298985,,,,,,
6.918046,1.786084,,,,,,
6.918511,2.087709,,,,,,
6.918977,2.423239,,,,,,
6.919442,2.800900,,,,,,
6.919908,2.980835,,,,,,
6.920373,3.131228,,,,,,
6.920839,3.252750,,,,,,
6.921304,3.242679,,,,,,
6.921770,3.149859,,,,,,
6.922235,2.890196,,,,,,
6.922701,2.515557,,,,,,
6.923166,2.142931,,,,,,
6.923632,1.707195,,,,,,
6.924097,1.342626,,,,,,
6.924563,1.091524,,,,,,
6.925029,0.750454,,,,,,
6.925494,0.442954,,,,,,
6.925960,0.185641,,,,,,
6.926425,-0.133776,,,,,,
6.926891,-0.487266,,,,,,
6.927356,-0.835721,,,,,,
6.927822,-0.994003,,,,,,
6.928287,-0.894469,,,,,,
6.928753,-0.636652,,,,,,
6.929218,-0.221393,,,,,,
6.929684,0.285679,,,,,,
6.930149,0.660487,,,,,,
6.930615,1.002228,,,,,,
6.931080,1.427893,,,,,,
6.931546,1.652811,,,,,,
6.932011,1.828046,,,,,,
6.932477,2.013352,,,,,,
6.932942,2.062364,,,,,,
6.933408,2.050950,,,,,,
6.933873,1.886458,,,,,,
6.934339,1.585672,,,,,,
6.934804,1.303685,,,,,,
6.935270,0.968658,,,,,,
6.935735,0.636316,,,,,,
6.936201,0.462425,,,,,,
6.936666,0.232807,,,,,,
6.937132,-0.006210,,,,,,
6.937597,-0.179431,,,,,,
6.938063,-0.388907,,,,,,
6.938529,-0.674586,,,,,,
6.938994,-0.942809,,,,,,
6.939460,-1.092866,,,,,,
6.939925,-0.985275,,,,,,
6.940391,-0.985275,,,,,,
6.940856,-0.356512,,,,,,
6.941322,0.148882,,,,,,
6.941787,0.499016,,,,,,
6.942253,0.736858,,,,,,
6.942718,1.061982,,,,,,
6.943184,1.220432,,,,,,
6.943649,1.257023,,,,,,
6.944115,1.320638,,,,,,
6.944580,1.250309,,,,,,
6.945046,1.080110,,,,,,
6.945511,0.780331,,,,,,
6.945977,0.332174,,,,,,
6.946442,-0.135958,,,,,,
6.946908,-0.621881,,,,,,
6.947373,-1.135836,,,,,,
6.947839,-1.474052,,,,,,
6.948304,-1.829389,,,,,,
6.948770,-2.216785,,,,,,
6.949235,-2.509514,,,,,,
6.949701,-2.833463,,,,,,
6.950166,-3.214649,,,,,,
6.950632,-3.562600,,,,,,
6.951097,-3.791211,,,,,,
6.951563,-3.735988,,,,,,
6.952028,-3.450477,,,,,,
6.952494,-3.014740,,,,,,
6.952960,-2.426596,,,,,,
6.953425,-1.923552,,,,,,
6.953891,-1.567544,,,,,,
6.954356,-1.079774,,,,,,
6.954822,-0.669215,,,,,,
6.955287,-0.385550,,,,,,
6.955753,-0.066300,,,,,,
6.956218,0.202930,,,,,,
6.956684,0.375143,,,,,,
6.957149,0.440101,,,,,,
6.957615,0.334188,,,,,,
6.958080,0.195544,,,,,,
6.958546,0.063951,,,,,,
6.959011,-0.114305,,,,,,
6.959477,-0.180774,,,,,,
6.959942,-0.235492,,,,,,
6.960408,-0.371786,,,,,,
6.960873,-0.456382,,,,,,
6.961339,-0.588312,,,,,,
6.961804,-0.803159,,,,,,
6.962270,-1.044694,,,,,,
6.962735,-1.236881,,,,,,
6.963201,-1.236881,,,,,,
6.963666,-1.067353,,,,,,
6.964132,-0.771267,,,,,,
6.964597,-0.331502,,,,,,
6.965063,0.042802,,,,,,
6.965528,0.223407,,,,,,
6.965994,0.495827,,,,,,
6.966460,0.728298,,,,,,
6.966925,0.788052,,,,,,
6.967391,0.822965,,,,,,
6.967856,0.831357,,,,,,
6.968322,0.732998,,,,,,
6.968787,0.534600,,,,,,
6.969253,0.182452,,,,,,
6.969718,-0.211658,,,,,,
6.970184,-0.583612,,,,,,
6.970649,-0.965637,,,,,,
6.971115,-1.215732,,,,,,
6.971580,-1.215732,,,,,,
6.972046,-1.561501,,,,,,
6.972511,-1.684367,,,,,,
6.972977,-1.746471,,,,,,
6.973442,-1.889143,,,,,,
6.973908,-2.016373,,,,,,
6.974373,-2.063203,,,,,,
6.974839,-1.874708,,,,,,
6.975304,-1.496040,,,,,,
6.975770,-0.959594,,,,,,
6.976235,-0.248585,,,,,,
6.976701,0.478538,,,,,,
6.977166,0.993500,,,,,,
6.977632,1.542031,,,,,,
6.978097,2.074281,,,,,,
6.978563,2.409812,,,,,,
6.979028,2.667964,,,,,,
6.979494,2.894896,,,,,,
6.979960,2.985870,,,,,,
6.980425,2.972107,,,,,,
6.980891,2.768673,,,,,,
6.981356,2.447074,,,,,,
6.981822,2.123461,,,,,,
6.982287,1.739254,,,,,,
6.982753,1.406409,,,,,,
6.983218,1.172427,,,,,,
6.983684,0.865263,,,,,,
6.984149,0.598383,,,,,,
6.984615,0.366751,,,,,,
6.985080,0.061601,,,,,,
6.985546,-0.252613,,,,,,
6.986011,-0.550042,,,,,,
6.986477,-0.641184,,,,,,
6.986942,-0.521172,,,,,,
6.987408,-0.254627,,,,,,
6.987873,0.173053,,,,,,
6.988339,0.677272,,,,,,
6.988804,1.020020,,,,,,
6.989270,1.364111,,,,,,
6.989735,1.788098,,,,,,
6.990201,2.049943,,,,,,
6.990666,2.244984,,,,,,
6.991132,2.413169,,,,,,
6.991597,2.477287,,,,,,
6.992063,2.464530,,,,,,
6.992528,2.286610,,,,,,
6.992994,1.986496,,,,,,
6.993459,1.698802,,,,,,
6.993925,1.352026,,,,,,
6.994391,1.352026,,,,,,
6.994856,0.832700,,,,,,
6.995322,0.567834,,,,,,
6.995787,0.303975,,,,,,
6.996253,0.088121,,,,,,
6.996718,-0.196887,,,,,,
6.997184,-0.546349,,,,,,
6.997649,-0.884565,,,,,,
6.998115,-1.076081,,,,,,
6.998580,-1.052079,,,,,,
6.999046,-0.904204,,,,,,
6.999511,-0.614328,,,,,,
6.999977,-0.211994,,,,,,
7.000442,0.040787,,,,,,
7.000908,0.220050,,,,,,
7.001373,0.515129,,,,,,
7.001839,0.631617,,,,,,
7.002304,0.657801,,,,,,
7.002770,0.667872,,,,,,
7.003235,0.598718,,,,,,
7.003701,0.472831,,,,,,
7.004166,0.218036,,,,,,
7.004632,-0.165499,,,,,,
7.005097,-0.533425,,,,,,
7.005563,-0.893462,,,,,,
7.006028,-1.237888,,,,,,
7.006494,-1.431922,,,,,,
7.006959,-1.672618,,,,,,
7.007425,-1.917006,,,,,,
7.007891,-2.064042,,,,,,
7.008356,-2.226856,,,,,,
7.008822,-2.452781,,,,,,
7.009287,-2.638422,,,,,,
7.009753,-2.696666,,,,,,
7.010218,-2.503471,,,,,,
7.010684,-2.156191,,,,,,
7.011149,-1.669596,,,,,,
7.011615,-1.034455,,,,,,
7.012080,-0.509758,,,,,,
7.012546,-0.119005,,,,,,
7.013011,0.361715,,,,,,
7.013477,0.707988,,,,,,
7.013942,0.912596,,,,,,
7.014408,1.085481,,,,,,
7.014873,1.129793,,,,,,
7.015339,1.080781,,,,,,
7.015804,0.880034,,,,,,
7.016270,0.490623,,,,,,
7.016735,0.060258,,,,,,
7.017201,-0.361379,,,,,,
7.017666,-0.821958,,,,,,
7.018132,-1.136843,,,,,,
7.018597,-1.463142,,,,,,
7.019063,-1.819654,,,,,,
7.019528,-2.076463,,,,,,
7.019994,-2.335286,,,,,,
7.020459,-2.646479,,,,,,
7.020925,-2.951629,,,,,,
7.021390,-3.147005,,,,,,
7.021856,-3.049317,,,,,,
7.022322,-2.757595,,,,,,
7.022787,-2.342672,,,,,,
7.023253,-1.706188,,,,,,
7.023718,-1.096559,,,,,,
7.024184,-0.655787,,,,,,
7.024649,-0.103731,,,,,,
7.025115,0.376486,,,,,,
7.025580,0.376486,,,,,,
7.026046,1.036469,,,,,,
7.026511,1.271962,,,,,,
7.026977,1.411109,,,,,,
7.027442,1.439139,,,,,,
7.027908,1.271458,,,,,,
7.028373,1.043183,,,,,,
7.028839,0.808194,,,,,,
7.029304,0.530907,,,,,,
7.029770,0.377157,,,,,,
7.030235,0.261341,,,,,,
7.030701,0.032059,,,,,,
7.031166,-0.109941,,,,,,
7.031632,-0.256977,,,,,,
7.032097,-0.494316,,,,,,
7.032563,-0.754818,,,,,,
7.033028,-0.937438,,,,,,
7.033494,-0.884733,,,,,,
7.033959,-0.635309,,,,,,
7.034425,-0.281819,,,,,,
7.034890,0.251774,,,,,,
7.035356,0.801480,,,,,,
7.035822,1.169406,,,,,,
7.036287,1.613870,,,,,,
7.036753,2.034165,,,,,,
7.037218,2.293996,,,,,,
7.037684,2.525963,,,,,,
7.038149,2.722683,,,,,,
7.038615,2.787472,,,,,,
7.039080,2.782605,,,,,,
7.039546,2.605524,,,,,,
7.040011,2.320851,,,,,,
7.040477,2.038193,,,,,,
7.040942,1.743450,,,,,,
7.041408,1.482612,,,,,,
7.041873,1.282872,,,,,,
7.042339,0.961944,,,,,,
7.042804,0.687175,,,,,,
7.043270,0.431205,,,,,,
7.043735,0.090471,,,,,,
7.044201,-0.286519,,,,,,
7.044666,-0.640177,,,,,,
7.045132,-0.781674,,,,,,
7.045597,-0.711849,,,,,,
7.046063,-0.538628,,,,,,
7.046528,-0.219715,,,,,,
7.046994,0.181109,,,,,,
7.047459,0.420798,,,,,,
7.047925,0.677104,,,,,,
7.048390,0.677104,,,,,,
7.048856,1.117037,,,,,,
7.049322,1.215061,,,,,,
7.049787,1.304692,,,,,,
7.050253,1.291264,,,,,,
7.050718,1.231846,,,,,,
7.051184,1.020356,,,,,,
7.051649,0.710842,,,,,,
7.052115,0.433387,,,,,,
7.052580,0.123369,,,,,,
7.053046,-0.107927,,,,,,
7.053511,-0.197894,,,,,,
7.053977,-0.356176,,,,,,
7.054442,-0.495995,,,,,,
7.054908,-0.562463,,,,,,
7.055373,-0.681300,,,,,,
7.055839,-0.850828,,,,,,
7.056304,-1.016663,,,,,,
7.056770,-1.016663,,,,,,
7.057235,-0.737362,,,,,,
7.057701,-0.365408,,,,,,
7.058166,0.098528,,,,,,
7.058632,0.672572,,,,,,
7.059097,1.078096,,,,,,
7.059563,1.401709,,,,,,
7.060028,1.793805,,,,,,
7.060494,1.992538,,,,,,
7.060959,2.107347,,,,,,
7.061425,2.201343,,,,,,
7.061890,2.132189,,,,,,
7.062356,1.962325,,,,,,
7.062821,1.661540,,,,,,
7.063287,1.202640,,,,,,
7.063753,0.716213,,,,,,
7.064218,0.188495,,,,,,
7.064684,-0.286519,,,,,,
7.065149,-0.608789,,,,,,
7.065615,-0.983764,,,,,,
7.066080,-1.376867,,,,,,
7.066546,-1.661875,,,,,,
7.067011,-1.989853,,,,,,
7.067477,-2.379599,,,,,,
7.067942,-2.747692,,,,,,
7.068408,-2.959686,,,,,,
7.068873,-2.905974,,,,,,
7.069339,-2.680720,,,,,,
7.069804,-2.322530,,,,,,
7.070270,-1.817136,,,,,,
7.070735,-1.372671,,,,,,
7.071201,-1.027573,,,,,,
7.071666,-0.573037,,,,,,
7.072132,-0.257984,,,,,,
7.072597,-0.032731,,,,,,
7.073063,0.193194,,,,,,
7.073528,0.335531,,,,,,
7.073994,0.379507,,,,,,
7.074459,0.313039,,,,,,
7.074925,0.077043,,,,,,
7.075390,-0.181781,,,,,,
7.075856,-0.445975,,,,,,
7.076321,-0.738872,,,,,,
7.076787,-0.865599,,,,,,
7.077253,-0.999710,,,,,,
7.077718,-1.201297,,,,,,
7.078184,-1.352026,,,,,,
7.078649,-1.503761,,,,,,
7.079115,-1.745968,,,,,,
7.079580,-1.745968,,,,,,
7.080046,-2.168276,,,,,,
7.080511,-2.065385,,,,,,
7.080977,-1.782055,,,,,,
7.081442,-1.368475,,,,,,
7.081908,-0.831357,,,,,,
7.082373,-0.335195,,,,,,
7.082839,0.006210,,,,,,
7.083304,0.438254,,,,,,
7.083770,0.775967,,,,,,
7.084235,0.973693,,,,,,
7.084701,1.159670,,,,,,
7.085166,1.272129,,,,,,
7.085632,1.272801,,,,,,
7.086097,1.134157,,,,,,
7.086563,0.841093,,,,,,
7.087028,0.483238,,,,,,
7.087494,0.134783,,,,,,
7.087959,-0.245396,,,,,,
7.088425,-0.478202,,,,,,
7.088890,-0.687846,,,,,,
7.089356,-0.962951,,,,,,
7.089821,-1.187701,,,,,,
7.090287,-1.400031,,,,,,
7.090753,-1.692927,,,,,,
7.091218,-1.996399,,,,,,
7.091684,-2.214603,,,,,,
7.092149,-2.186908,,,,,,
7.092615,-1.960311,,,,,,
7.093080,-1.593225,,,,,,
7.093546,-1.056611,,,,,,
7.094011,-0.523522,,,,,,
7.094477,-0.131426,,,,,,
7.094942,0.357351,,,,,,
7.095408,0.820279,,,,,,
7.095873,1.130465,,,,,,
7.096339,1.444343,,,,,,
7.096804,1.712230,,,,,,
7.097270,1.880415,,,,,,
7.097735,1.988174,,,,,,
7.098201,1.899214,,,,,,
7.098666,1.691752,,,,,,
7.099132,1.486305,,,,,,
7.099597,1.227817,,,,,,
7.100063,1.066011,,,,,,
7.100528,0.996689,,,,,,
7.100994,0.827329,,,,,,
7.101459,0.710170,,,,,,
7.101925,0.593011,,,,,,
7.102390,0.398474,,,,,,
7.102856,0.163317,,,,,,
7.103321,-0.046159,,,,,,
7.103787,-0.058244,,,,,,
7.104252,0.130755,,,,,,
7.104718,0.413748,,,,,,
7.105184,0.830350,,,,,,
7.105649,1.281529,,,,,,
7.106115,1.576272,,,,,,
7.106580,1.886793,,,,,,
7.107046,2.216785,,,,,,
7.107511,2.386648,,,,,,
7.107977,2.511528,,,,,,
7.108442,2.612909,,,,,,
7.108908,2.601495,,,,,,
7.109373,2.508843,,,,,,
7.109839,2.252369,,,,,,
7.110304,1.922042,,,,,,
7.110770,1.922042,,,,,,
7.111235,1.185183,,,,,,
7.111701,0.860563,,,,,,
7.112166,0.664515,,,,,,
7.112632,0.386893,,,,,,
7.113097,0.152911,,,,,,
7.113563,-0.048844,,,,,,
7.114028,-0.294911,,,,,,
7.114494,-0.593347,,,,,,
7.114959,-0.867613,,,,,,
7.115425,-0.955566,,,,,,
7.115890,-0.797787,,,,,,
7.116356,-0.500359,,,,,,
7.116821,-0.108263,,,,,,
7.117287,0.348623,,,,,,
7.117752,0.625574,,,,,,
7.118218,0.866270,,,,,,
7.118684,1.158663,,,,,,
7.119149,1.268437,,,,,,
7.119615,1.300999,,,,,,
7.120080,1.328527,,,,,,
7.120546,1.242420,,,,,,
7.121011,1.074067,,,,,,
7.121477,0.746426,,,,,,
7.121942,0.314549,,,,,,
7.122408,-0.109606,,,,,,
7.122873,-0.554070,,,,,,
7.123339,-0.946838,,,,,,
7.123804,-1.184009,,,,,,
7.124270,-1.452064,,,,,,
7.124735,-1.684703,,,,,,
7.125201,-1.834089,,,,,,
7.125666,-2.022919,,,,,,
7.126132,-2.238773,,,,,,
7.126597,-2.432639,,,,,,
7.127063,-2.467048,,,,,,
7.127528,-2.268650,,,,,,
7.127994,-1.892836,,,,,,
7.128459,-1.394659,,,,,,
7.128925,-0.765057,,,,,,
7.129390,-0.280140,,,,,,
7.129856,0.138140,,,,,,
7.130321,0.636988,,,,,,
7.130787,0.951873,,,,,,
7.131252,1.158495,,,,,,
7.131718,1.325170,,,,,,
7.132184,1.378546,,,,,,
7.132649,1.337758,,,,,,
7.133115,1.151278,,,,,,
7.133580,1.151278,,,,,,
7.134046,0.416098,,,,,,
7.134511,0.006546,,,,,,
7.134977,-0.421134,,,,,,
7.135442,-0.709834,,,,,,
7.135908,-1.013977,,,,,,
7.136373,-1.360586,,,,,,
7.136839,-1.620920,,,,,,
7.137304,-1.925566,,,,,,
7.137770,-2.295003,,,,,,
7.138235,-2.654200,,,,,,
7.138701,-2.881468,,,,,,
7.139166,-2.855116,,,,,,
7.139632,-2.666285,,,,,,
7.140097,-2.353414,,,,,,
7.140563,-1.883101,,,,,,
7.141028,-1.477241,,,,,,
7.141494,-1.194919,,,,,,
7.141959,-1.194919,,,,,,
7.142425,-0.459571,,,,,,
7.142890,-0.241535,,,,,,
7.143356,-0.032731,,,,,,
7.143821,0.136797,,,,,,
7.144287,0.248249,,,,,,
7.144752,0.255634,,,,,,
7.145218,0.109941,,,,,,
7.145683,-0.044984,,,,,,
7.146149,-0.183124,,,,,,
7.146615,-0.339559,,,,,,
7.147080,-0.344259,,,,,,
7.147546,-0.320424,,,,,,
7.148011,-0.334188,,,,,,
7.148477,-0.261341,,,,,,
7.148942,-0.203601,,,,,,
7.149408,-0.265370,,,,,,
7.149873,-0.367422,,,,,,
7.150339,-0.389746,,,,,,
7.150804,-0.203601,,,,,,
7.151270,0.110948,,,,,,
7.151735,0.523186,,,,,,
7.152201,1.061982,,,,,,
7.152666,1.558816,,,,,,
7.153132,1.866651,,,,,,
7.153597,2.241962,,,,,,
7.154063,2.524956,,,,,,
7.154528,2.651179,,,,,,
7.154994,2.741817,,,,,,
7.155459,2.753902,,,,,,
7.155925,2.657893,,,,,,
7.156390,2.467216,,,,,,
7.156856,2.095598,,,,,,
7.157321,1.647776,,,,,,
7.157787,1.233188,,,,,,
7.158252,0.781842,,,,,,
7.158718,0.452018,,,,,,
7.159183,0.195880,,,,,,
7.159649,-0.125048,,,,,,
7.160115,-0.381521,,,,,,
7.160580,-0.621546,,,,,,
7.161046,-0.939284,,,,,,
7.161511,-1.266423,,,,,,
7.161977,-1.539345,,,,,,
7.162442,-1.569558,,,,,,
7.162908,-1.385260,,,,,,
7.163373,-1.081117,,,,,,
7.163839,-0.622217,,,,,,
7.164304,-0.113970,,,,,,
7.164770,-0.113970,,,,,,
7.165235,0.617517,,,,,,
7.165701,1.017670,,,,,,
7.166166,1.262730,,,,,,
7.166632,1.486305,,,,,,
7.167097,1.672618,,,,,,
7.167563,1.765270,,,,,,
7.168028,1.769467,,,,,,
7.168494,1.611185,,,,,,
7.168959,1.325841,,,,,,
7.169425,1.057954,,,,,,
7.169890,0.741390,,,,,,
7.170356,0.482567,,,,,,
7.170821,0.320424,,,,,,
7.171287,0.068315,,,,,,
7.171752,-0.137972,,,,,,
7.172218,-0.321767,,,,,,
7.172683,-0.585962,,,,,,
7.173149,-0.585962,,,,,,
7.173615,-1.230335,,,,,,
7.174080,-1.314427,,,,,,
7.174546,-1.166384,,,,,,
7.175011,-0.889433,,,,,,
7.175477,-0.486595,,,,,,
7.175942,-0.032395,,,,,,
7.176408,0.259831,,,,,,
7.176873,0.503380,,,,,,
7.177339,0.797116,,,,,,
7.177804,0.935760,,,,,,
7.178270,1.007599,,,,,,
7.178735,1.073396,,,,,,
7.179201,1.029755,,,,,,
7.179666,0.915953,,,,,,
7.180132,0.659144,,,,,,
7.180597,0.278126,,,,,,
7.181063,-0.099870,,,,,,
7.181528,-0.474174,,,,,,
7.181994,-0.798459,,,,,,
7.182459,-0.988968,,,,,,
7.182925,-1.228153,,,,,,
7.183390,-1.413458,,,,,,
7.183856,-1.554452,,,,,,
7.184321,-1.738415,,,,,,
7.184787,-1.995895,,,,,,
7.185252,-2.224170,,,,,,
7.185718,-2.266804,,,,,,
7.186183,-2.084855,,,,,,
7.186649,-1.757549,,,,,,
7.187114,-1.319127,,,,,,
7.187580,-0.759518,,,,,,
7.188046,-0.319249,,,,,,
7.188511,0.058915,,,,,,
7.188977,0.497002,,,,,,
7.189442,0.798795,,,,,,
7.189908,1.021027,,,,,,
7.190373,1.229831,,,,,,
7.190839,1.346319,,,,,,
7.191304,1.393652,,,,,,
7.191770,1.283207,,,,,,
7.192235,1.027573,,,,,,
7.192701,0.730983,,,,,,
7.193166,0.420127,,,,,,
7.193632,0.119844,,,,,,
7.194097,-0.052705,,,,,,
7.194563,-0.244556,,,,,,
7.195028,-0.446311,,,,,,
7.195494,-0.582605,,,,,,
7.195959,-0.582605,,,,,,
7.196425,-0.982422,,,,,,
7.196890,-1.268772,,,,,,
7.197356,-1.385260,,,,,,
7.197821,-1.262730,,,,,,
7.198287,-0.990478,,,,,,
7.198752,-0.620874,,,,,,
7.199218,-0.113298,,,,,,
7.199683,0.292897,,,,,,
7.200149,0.575891,,,,,,
7.200614,0.916121,,,,,,
7.201080,1.130465,,,,,,
7.201546,1.239902,,,,,,
7.202011,1.321141,,,,,,
7.202477,1.323827,,,,,,
7.202942,1.227146,,,,,,
7.203408,1.032441,,,,,,
7.203873,0.686336,,,,,,
7.204339,0.290715,,,,,,
7.204804,-0.119677,,,,,,
7.205270,-0.516472,,,,,,
7.205735,-0.779828,,,,,,
7.206201,-1.024048,,,,,,
7.206666,-1.289250,,,,,,
7.207132,-1.474220,,,,,,
7.207597,-1.667918,,,,,,
7.208063,-1.929763,,,,,,
7.208528,-2.232898,,,,,,
7.208994,-2.404105,,,,,,
7.209459,-2.293996,,,,,,
7.209925,-1.980453,,,,,,
7.210390,-1.537499,,,,,,
7.210856,-0.970336,,,,,,
7.211321,-0.437247,,,,,,
7.211787,-0.042130,,,,,,
7.212252,0.413748,,,,,,
7.212718,0.767575,,,,,,
7.213183,1.024384,,,,,,
7.213649,1.262730,,,,,,
7.214114,1.437964,,,,,,
7.214580,1.528939,,,,,,
7.215046,1.524575,,,,,,
7.215511,1.359747,,,,,,
7.215977,1.116365,,,,,,
7.216442,0.861570,,,,,,
7.216908,0.599054,,,,,,
7.217373,0.436240,,,,,,
7.217839,0.311696,,,,,,
7.218304,0.135454,,,,,,
7.218770,0.017121,,,,,,
7.219235,-0.102556,,,,,,
7.219701,-0.284840,,,,,,
7.220166,-0.533257,,,,,,
7.220632,-0.735012,,,,,,
7.221097,-0.668879,,,,,,
7.221563,-0.425834,,,,,,
7.222028,-0.072679,,,,,,
7.222494,0.429358,,,,,,
7.222959,0.948852,,,,,,
7.223425,1.291600,,,,,,
7.223890,1.686381,,,,,,
7.224356,2.006973,,,,,,
7.224821,2.169116,,,,,,
7.225287,2.295338,,,,,,
7.225752,2.375906,,,,,,
7.226218,2.364828,,,,,,
7.226683,2.245655,,,,,,
7.227149,2.245655,,,,,,
7.227614,1.598093,,,,,,
7.228080,1.229496,,,,,,
7.228545,0.790738,,,,,,
7.229011,0.459403,,,,,,
7.229477,0.226764,,,,,,
7.229942,-0.066133,,,,,,
7.230408,-0.291554,,,,,,
7.230873,-0.480888,,,,,,
7.231339,-0.730312,,,,,,
7.231804,-1.027405,,,,,,
7.232270,-1.301671,,,,,,
7.232735,-1.334569,,,,,,
7.233201,-1.154971,,,,,,
7.233666,-0.869291,,,,,,
7.234132,-0.440269,,,,,,
7.234597,0.042802,,,,,,
7.235063,0.376486,,,,,,
7.235528,0.729976,,,,,,
7.235994,1.097566,,,,,,
7.236459,1.285557,,,,,,
7.236925,1.451392,,,,,,
7.237390,1.603128,,,,,,
7.237856,1.647440,,,,,,
7.238321,1.614542,,,,,,
7.238787,1.435111,,,,,,
7.239252,1.124254,,,,,,
7.239718,0.801480,,,,,,
7.240183,0.423987,,,,,,
7.240649,0.105913,,,,,,
7.241114,-0.101045,,,,,,
7.241580,-0.384543,,,,,,
7.242045,-0.635309,,,,,,
7.242511,-0.862913,,,,,,
7.242977,-1.136172,,,,,,
7.243442,-1.470695,,,,,,
7.243908,-1.802869,,,,,,
7.244373,-1.952926,,,,,,
7.244839,-1.865980,,,,,,
7.245304,-1.645258,,,,,,
7.245770,-1.312078,,,,,,
7.246235,-0.872984,,,,,,
7.246701,-0.543328,,,,,,
7.247166,-0.240864,,,,,,
7.247632,0.123369,,,,,,
7.248097,0.314382,,,,,,
7.248563,0.453361,,,,,,
7.249028,0.588312,,,,,,
7.249494,0.634302,,,,,,
7.249959,0.634302,,,,,,
7.250425,0.438087,,,,,,
7.250890,0.131258,,,,,,
7.251356,-0.186816,,,,,,
7.251821,-0.531914,,,,,,
7.252287,-0.865934,,,,,,
7.252752,-1.049226,,,,,,
7.253218,-1.280522,,,,,,
7.253683,-1.510140,,,,,,
7.254149,-1.682017,,,,,,
7.254614,-1.873365,,,,,,
7.255080,-2.135882,,,,,,
7.255545,-2.406455,,,,,,
7.256011,-2.528649,,,,,,
7.256477,-2.387655,,,,,,
7.256942,-2.090898,,,,,,
7.257408,-1.675303,,,,,,
7.257873,-1.126268,,,,,,
7.258339,-1.126268,,,,,,
7.258804,-0.298939,,,,,,
7.259270,0.175738,,,,,,
7.259735,0.502708,,,,,,
7.260201,0.719402,,,,,,
7.260666,0.947173,,,,,,
7.261132,1.084474,,,,,,
7.261597,1.139864,,,,,,
7.262063,1.055604,,,,,,
7.262528,0.823301,,,,,,
7.262994,0.537957,,,,,,
7.263459,0.251438,,,,,,
7.263925,-0.066636,,,,,,
7.264390,-0.230793,,,,,,
7.264856,-0.392935,,,,,,
7.265321,-0.585962,,,,,,
7.265787,-0.712184,,,,,,
7.266252,-0.866941,,,,,,
7.266718,-1.093202,,,,,,
7.267183,-1.337255,,,,,,
7.267649,-1.467506,,,,,,
7.268114,-1.388785,,,,,,
7.268580,-1.118715,,,,,,
7.269045,-0.749111,,,,,,
7.269511,-0.243549,,,,,,
7.269976,0.206622,,,,,,
7.270442,0.538628,,,,,,
7.270908,0.946502,,,,,,
7.271373,1.244602,,,,,,
7.271839,1.431754,,,,,,
7.272304,1.618570,,,,,,
7.272770,1.741436,,,,,,
7.273235,1.772824,,,,,,
7.273701,1.704845,,,,,,
7.274166,1.464149,,,,,,
7.274632,1.156313,,,,,,
7.275097,0.862913,,,,,,
7.275563,0.523857,,,,,,
7.276028,0.271077,,,,,,
7.276494,0.082750,,,,,,
7.276959,-0.164828,,,,,,
7.277425,-0.358862,,,,,,
7.277890,-0.566155,,,,,,
7.278356,-0.818433,,,,,,
7.278821,-1.124086,,,,,,
7.279287,-1.345983,,,,,,
7.279752,-1.316106,,,,,,
7.280218,-1.095888,,,,,,
7.280683,-0.746090,,,,,,
7.281149,-0.746090,,,,,,
7.281614,0.288197,,,,,,
7.282080,0.669215,,,,,,
7.282545,1.120394,,,,,,
7.283011,1.528267,,,,,,
7.283476,1.812604,,,,,,
7.283942,2.055314,,,,,,
7.284408,2.287953,,,,,,
7.284873,2.445060,,,,,,
7.285339,2.494743,,,,,,
7.285804,2.385641,,,,,,
7.286270,2.192615,,,,,,
7.286735,1.989181,,,,,,
7.287201,1.742107,,,,,,
7.287666,1.554116,,,,,,
7.288132,1.447364,,,,,,
7.288597,1.247288,,,,,,
7.289063,1.088167,,,,,,
7.289528,0.915282,,,,,,
7.289994,0.655283,,,,,,
7.290459,0.312032,,,,,,
7.290925,-0.016281,,,,,,
7.291390,-0.123369,,,,,,
7.291856,-0.045319,,,,,,
7.292321,0.159960,,,,,,
7.292787,0.480217,,,,,,
7.293252,0.813901,,,,,,
7.293718,0.969329,,,,,,
7.294183,1.142214,,,,,,
7.294649,1.296300,,,,,,
7.295114,1.292103,,,,,,
7.295580,1.245609,,,,,,
7.296045,1.200961,,,,,,
7.296511,1.067857,,,,,,
7.296976,0.857710,,,,,,
7.297442,0.503212,,,,,,
7.297908,0.047837,,,,,,
7.298373,-0.375143,,,,,,
7.298839,-0.796445,,,,,,
7.299304,-1.132982,,,,,,
7.299770,-1.354543,,,,,,
7.300235,-1.596414,,,,,,
7.300701,-1.762585,,,,,,
7.301166,-1.878904,,,,,,
7.301632,-2.045243,,,,,,
7.302097,-2.268147,,,,,,
7.302563,-2.462181,,,,,,
7.303028,-2.438849,,,,,,
7.303494,-2.215442,,,,,,
7.303959,-1.844327,,,,,,
7.304425,-1.346319,,,,,,
7.304890,-0.767071,,,,,,
7.305356,-0.327474,,,,,,
7.305821,0.073686,,,,,,
7.306287,0.493980,,,,,,
7.306752,0.753811,,,,,,
7.307218,0.950530,,,,,,
7.307683,1.089174,,,,,,
7.308149,1.155642,,,,,,
7.308614,1.134493,,,,,,
7.309080,0.951873,,,,,,
7.309545,0.620203,,,,,,
7.310011,0.293233,,,,,,
7.310476,-0.066468,,,,,,
7.310942,-0.403006,,,,,,
7.311407,-0.625238,,,,,,
7.311873,-0.869123,,,,,,
7.312339,-0.869123,,,,,,
7.312804,-1.306706,,,,,,
7.313270,-1.537835,,,,,,
7.313735,-1.860777,,,,,,
7.314201,-2.197314,,,,,,
7.314666,-2.334279,,,,,,
7.315132,-2.242466,,,,,,
7.315597,-2.013352,,,,,,
7.316063,-1.670771,,,,,,
7.316528,-1.182498,,,,,,
7.316994,-0.801816,,,,,,
7.317459,-0.480552,,,,,,
7.317925,-0.074861,,,,,,
7.318390,0.165667,,,,,,
7.318856,0.342245,,,,,,
7.319321,0.474510,,,,,,
7.319787,0.543664,,,,,,
7.320252,0.551049,,,,,,
7.320718,0.417441,,,,,,
7.321183,0.141161,,,,,,
7.321649,-0.161471,,,,,,
7.322114,-0.456718,,,,,,
7.322580,-0.731319,,,,,,
7.323045,-0.875669,,,,,,
7.323511,-1.052247,,,,,,
7.323976,-1.217746,,,,,,
7.324442,-1.311406,,,,,,
7.324907,-1.431250,,,,,,
7.325373,-1.631159,,,,,,
7.325839,-1.853559,,,,,,
7.326304,-1.924224,,,,,,
7.326770,-1.744121,,,,,,
7.327235,-1.401038,,,,,,
7.327701,-0.930388,,,,,,
7.328166,-0.329152,,,,,,
7.328632,0.192523,,,,,,
7.329097,0.606104,,,,,,
7.329563,1.108309,,,,,,
7.330028,1.477577,,,,,,
7.330494,1.735393,,,,,,
7.330959,1.948226,,,,,,
7.331425,2.060349,,,,,,
7.331890,2.103319,,,,,,
7.332356,2.026108,,,,,,
7.332821,1.782727,,,,,,
7.333287,1.459785,,,,,,
7.333752,1.147250,,,,,,
7.334218,0.794095,,,,,,
7.334683,0.573205,,,,,,
7.335149,0.573205,,,,,,
7.335614,0.125048,,,,,,
7.336080,-0.057237,,,,,,
7.336545,-0.267384,,,,,,
7.337011,-0.537621,,,,,,
7.337476,-0.869627,,,,,,
7.337942,-1.089845,,,,,,
7.338407,-1.047547,,,,,,
7.338873,-0.806516,,,,,,
7.339339,-0.480552,,,,,,
7.339804,-0.004196,,,,,,
7.340270,0.440940,,,,,,
7.340735,0.730983,,,,,,
7.341201,1.071382,,,,,,
7.341666,1.329870,,,,,,
7.342132,1.461128,,,,,,
7.342597,1.586679,,,,,,
7.343063,1.630991,,,,,,
7.343528,1.630991,,,,,,
7.343994,1.513161,,,,,,
7.344459,1.256687,,,,,,
7.344925,0.928038,,,,,,
7.345390,0.601068,,,,,,
7.345856,0.258824,,,,,,
7.346321,0.021988,,,,,,
7.346787,-0.140154,,,,,,
7.347252,-0.347280,,,,,,
7.347718,-0.454704,,,,,,
7.348183,-0.557763,,,,,,
7.348649,-0.726619,,,,,,
7.349114,-0.976715,,,,,,
7.349580,-1.155306,,,,,,
7.350045,-1.103944,,,,,,
7.350511,-0.849821,,,,,,
7.350976,-0.509087,,,,,,
7.351442,-0.046494,,,,,,
7.351907,0.444800,,,,,,
7.352373,0.794766,,,,,,
7.352838,1.193912,,,,,,
7.353304,1.546563,,,,,,
7.353770,1.750164,,,,,,
7.354235,1.928756,,,,,,
7.354701,2.059007,,,,,,
7.355166,2.087877,,,,,,
7.355632,2.043397,,,,,,
7.356097,1.833249,,,,,,
7.356563,1.506447,,,,,,
7.357028,1.181155,,,,,,
7.357494,0.832029,,,,,,
7.357959,0.575891,,,,,,
7.358425,0.420127,,,,,,
7.358890,0.175738,,,,,,
7.359356,0.003693,,,,,,
7.359821,-0.166674,,,,,,
7.360287,-0.407202,,,,,,
7.360752,-0.720073,,,,,,
7.361218,-1.016999,,,,,,
7.361683,-1.104616,,,,,,
7.362149,-0.967987,,,,,,
7.362614,-0.728634,,,,,,
7.363080,-0.391257,,,,,,
7.363545,0.052537,,,,,,
7.364011,0.361044,,,,,,
7.364476,0.668879,,,,,,
7.364942,0.992828,,,,,,
7.365407,1.167727,,,,,,
7.365873,1.298985,,,,,,
7.366338,1.298985,,,,,,
7.366804,1.428565,,,,,,
7.367270,1.390295,,,,,,
7.367735,1.198611,,,,,,
7.368201,0.869963,,,,,,
7.368666,0.545510,,,,,,
7.369132,0.185809,,,,,,
7.369597,-0.121859,,,,,,
7.370063,-0.298268,,,,,,
7.370528,-0.517479,,,,,,
7.370994,-0.721248,,,,,,
7.371459,-0.860899,,,,,,
7.371925,-1.050904,,,,,,
7.372390,-1.328862,,,,,,
7.372856,-1.613199,,,,,,
7.373321,-1.687053,,,,,,
7.373787,-1.553780,,,,,,
7.374252,-1.270451,,,,,,
7.374718,-0.895140,,,,,,
7.375183,-0.404013,,,,,,
7.375649,-0.055726,,,,,,
7.376114,0.244221,,,,,,
7.376580,0.613825,,,,,,
7.377045,0.817594,,,,,,
7.377511,0.971008,,,,,,
7.377976,1.110155,,,,,,
7.378442,1.179141,,,,,,
7.378907,1.149935,,,,,,
7.379373,1.002899,,,,,,
7.379838,0.705806,,,,,,
7.380304,0.373465,,,,,,
7.380769,0.033402,,,,,,
7.381235,-0.276448,,,,,,
7.381701,-0.460746,,,,,,
7.382166,-0.661662,,,,,,
7.382632,-0.875502,,,,,,
7.383097,-1.027070,,,,,,
7.383563,-1.232853,,,,,,
7.384028,-1.518196,,,,,,
7.384494,-1.796826,,,,,,
7.384959,-1.935134,,,,,,
7.385425,-1.874708,,,,,,
7.385890,-1.633173,,,,,,
7.386356,-1.300160,,,,,,
7.386821,-0.869963,,,,,,
7.387287,-0.518151,,,,,,
7.387752,-0.244053,,,,,,
7.388218,0.093828,,,,,,
7.388683,0.286854,,,,,,
7.389149,0.416434,,,,,,
7.389614,0.500694,,,,,,
7.390080,0.527214,,,,,,
7.390545,0.488273,,,,,,
7.391011,0.342245,,,,,,
7.391476,0.033906,,,,,,
7.391942,-0.330159,,,,,,
7.392407,-0.684657,,,,,,
7.392873,-1.038148,,,,,,
7.393338,-1.247288,,,,,,
7.393804,-1.428901,,,,,,
7.394269,-1.628977,,,,,,
7.394735,-1.763928,,,,,,
7.395201,-1.897200,,,,,,
7.395666,-2.099962,,,,,,
7.396132,-2.355428,,,,,,
7.396597,-2.499107,,,,,,
7.397063,-2.379263,,,,,,
7.397528,-2.379263,,,,,,
7.397994,-1.661875,,,,,,
7.398459,-1.108644,,,,,,
7.398925,-0.563638,,,,,,
7.399390,-0.142000,,,,,,
7.399856,0.335866,,,,,,
7.400321,0.707485,,,,,,
7.400787,0.967315,,,,,,
7.401252,1.203983,,,,,,
7.401718,1.399023,,,,,,
7.402183,1.504433,,,,,,
7.402649,1.479255,,,,,,
7.403114,1.316106,,,,,,
7.403580,1.053590,,,,,,
7.404045,0.768582,,,,,,
7.404511,0.456046,,,,,,
7.404976,0.250599,,,,,,
7.405442,0.086275,,,,,,
7.405907,-0.118334,,,,,,
7.406373,-0.290715,,,,,,
7.406838,-0.444633,,,,,,
7.407304,-0.678614,,,,,,
7.407769,-1.003403,,,,,,
7.408235,-1.253330,,,,,,
7.408701,-1.271122,,,,,,
7.409166,-1.109483,,,,,,
7.409632,-0.832364,,,,,,
7.410097,-0.432883,,,,,,
7.410563,-0.055390,,,,,,
7.411028,0.216022,,,,,,
7.411494,0.546349,,,,,,
7.411959,0.807858,,,,,,
7.412425,0.937438,,,,,,
7.412890,1.051911,,,,,,
7.413356,1.127108,,,,,,
7.413821,1.145235,,,,,,
7.414287,1.071382,,,,,,
7.414752,0.859052,,,,,,
7.415218,0.564477,,,,,,
7.415683,0.278126,,,,,,
7.416149,-0.043473,,,,,,
7.416614,-0.280476,,,,,,
7.417080,-0.412741,,,,,,
7.417545,-0.556085,,,,,,
7.418011,-0.618860,,,,,,
7.418476,-0.695735,,,,,,
7.418942,-0.789731,,,,,,
7.419407,-0.938781,,,,,,
7.419873,-1.066514,,,,,,
7.420338,-1.066514,,,,,,
7.420804,-0.661494,,,,,,
7.421269,-0.248585,,,,,,
7.421735,0.276448,,,,,,
7.422200,0.827665,,,,,,
7.422666,1.274144,,,,,,
7.423132,1.723980,,,,,,
7.423597,2.140749,,,,,,
7.424063,2.390005,,,,,,
7.424528,2.584710,,,,,,
7.424994,2.742489,,,,,,
7.425459,2.847562,,,,,,
7.425925,2.852598,,,,,,
7.426390,2.686763,,,,,,
7.426856,2.401755,,,,,,
7.427321,2.106676,,,,,,
7.427787,1.766278,,,,,,
7.428252,1.459617,,,,,,
7.428718,1.459617,,,,,,
7.429183,1.013642,,,,,,
7.429649,0.802152,,,,,,
7.430114,0.602747,,,,,,
7.430580,0.369772,,,,,,
7.431045,0.055894,,,,,,
7.431511,-0.254292,,,,,,
7.431976,-0.370443,,,,,,
7.432442,-0.270069,,,,,,
7.432907,-0.035248,,,,,,
7.433373,0.289876,,,,,,
7.433838,0.691371,,,,,,
7.434304,0.984100,,,,,,
7.434769,1.259037,,,,,,
7.435235,1.548074,,,,,,
7.435700,1.684703,,,,,,
7.436166,1.775677,,,,,,
7.436632,1.848692,,,,,,
7.437097,1.856916,,,,,,
7.437563,1.799176,,,,,,
7.438028,1.599435,,,,,,
7.438494,1.276493,,,,,,
7.438959,0.923674,,,,,,
7.439425,0.565484,,,,,,
7.439890,0.238849,,,,,,
7.440356,0.033402,,,,,,
7.440821,-0.191852,,,,,,
7.441287,-0.393271,,,,,,
7.441752,-0.560784,,,,,,
7.442218,-0.782681,,,,,,
7.442683,-1.062654,,,,,,
7.443149,-1.379217,,,,,,
7.443614,-1.525582,,,,,,
7.444080,-1.446189,,,,,,
7.444545,-1.217411,,,,,,
7.445011,-0.897154,,,,,,
7.445476,-0.459571,,,,,,
7.445942,-0.115648,,,,,,
7.446407,0.180774,,,,,,
7.446873,0.524025,,,,,,
7.447338,0.706813,,,,,,
7.447804,0.828336,,,,,,
7.448269,0.910246,,,,,,
7.448735,0.935760,,,,,,
7.449200,0.886412,,,,,,
7.449666,0.703960,,,,,,
7.450132,0.343587,,,,,,
7.450597,-0.043137,,,,,,
7.451063,-0.432547,,,,,,
7.451528,-0.432547,,,,,,
7.451994,-1.099916,,,,,,
7.452459,-1.361761,,,,,,
7.452925,-1.633005,,,,,,
7.453390,-1.840803,,,,,,
7.453856,-2.091066,,,,,,
7.454321,-2.393362,,,,,,
7.454787,-2.726207,,,,,,
7.455252,-2.920409,,,,,,
7.455718,-2.849409,,,,,,
7.456183,-2.604852,,,,,,
7.456649,-2.246662,,,,,,
7.457114,-1.719615,,,,,,
7.457580,-1.232853,,,,,,
7.458045,-0.855528,,,,,,
7.458511,-0.398978,,,,,,
7.458976,-0.065293,,,,,,
7.459442,0.169024,,,,,,
7.459907,0.169024,,,,,,
7.460373,0.554070,,,,,,
7.460838,0.651759,,,,,,
7.461304,0.632959,,,,,,
7.461769,0.443961,,,,,,
7.462235,0.197894,,,,,,
7.462700,-0.052537,,,,,,
7.463166,-0.325292,,,,,,
7.463631,-0.481895,,,,,,
7.464097,-0.617853,,,,,,
7.464563,-0.791073,,,,,,
7.465028,-0.885405,,,,,,
7.465494,-1.024720,,,,,,
7.465959,-1.310735,,,,,,
7.466425,-1.612528,,,,,,
7.466890,-1.813611,,,,,,
7.467356,-1.788769,,,,,,
7.467821,-1.583490,,,,,,
7.468287,-1.277501,,,,,,
7.468752,-0.860395,,,,,,
7.469218,-0.463432,,,,,,
7.469683,-0.209308,,,,,,
7.470149,0.103731,,,,,,
7.470614,0.327138,,,,,,
7.471080,0.419455,,,,,,
7.471545,0.492638,,,,,,
7.472011,0.518822,,,,,,
7.472476,0.485084,,,,,,
7.472942,0.369772,,,,,,
7.473407,0.104067,,,,,,
7.473873,-0.262348,,,,,,
7.474338,-0.592340,,,,,,
7.474804,-0.933745,,,,,,
7.475269,-1.182498,,,,,,
7.475735,-1.346319,,,,,,
7.476200,-1.511482,,,,,,
7.476666,-1.609339,,,,,,
7.477131,-1.704845,,,,,,
7.477597,-1.855070,,,,,,
7.478063,-2.059510,,,,,,
7.478528,-2.207721,,,,,,
7.478994,-2.114397,,,,,,
7.479459,-1.772320,,,,,,
7.479925,-1.303182,,,,,,
7.480390,-0.724773,,,,,,
7.480856,-0.100877,,,,,,
7.481321,0.391592,,,,,,
7.481787,0.872313,,,,,,
7.482252,1.313756,,,,,,
7.482718,1.313756,,,,,,
7.483183,1.859266,,,,,,
7.483649,2.063706,,,,,,
7.484114,2.222492,,,,,,
7.484580,2.270497,,,,,,
7.485045,2.151659,,,,,,
7.485511,1.895857,,,,,,
7.485976,1.641398,,,,,,
7.486442,1.348669,,,,,,
7.486907,1.108980,,,,,,
7.487373,0.962280,,,,,,
7.487838,0.758511,,,,,,
7.488304,0.608621,,,,,,
7.488769,0.473503,,,,,,
7.489235,0.264363,,,,,,
7.489700,-0.056565,,,,,,
7.490166,-0.339895,,,,,,
7.490631,-0.417105,,,,,,
7.491097,-0.295918,,,,,,
7.491563,-0.037766,,,,,,
7.492028,0.334859,,,,,,
7.492494,0.775967,,,,,,
7.492959,1.107637,,,,,,
7.493425,1.425208,,,,,,
7.493890,1.758556,,,,,,
7.494356,1.942855,,,,,,
7.494821,2.090562,,,,,,
7.495287,2.209735,,,,,,
7.495752,2.269154,,,,,,
7.496218,2.271168,,,,,,
7.496683,2.137560,,,,,,
7.497149,1.866987,,,,,,
7.497614,1.525917,,,,,,
7.498080,1.193576,,,,,,
7.498545,0.916793,,,,,,
7.499011,0.744411,,,,,,
7.499476,0.542321,,,,,,
7.499942,0.380179,,,,,,
7.500407,0.245228,,,,,,
7.500873,0.079561,,,,,,
7.501338,-0.184131,,,,,,
7.501804,-0.472831,,,,,,
7.502269,-0.592004,,,,,,
7.502735,-0.505226,,,,,,
7.503200,-0.260670,,,,,,
7.503666,0.063279,,,,,,
7.504131,0.472831,,,,,,
7.504597,0.812558,,,,,,
7.505062,1.079103,,,,,,
7.505528,1.079103,,,,,,
7.505994,1.511147,,,,,,
7.506459,1.601114,,,,,,
7.506925,1.649454,,,,,,
7.507390,1.640391,,,,,,
7.507856,1.583658,,,,,,
7.508321,1.392309,,,,,,
7.508787,1.068360,,,,,,
7.509252,0.674586,,,,,,
7.509718,0.294575,,,,,,
7.510183,-0.075700,,,,,,
7.510649,-0.333516,,,,,,
7.511114,-0.592004,,,,,,
7.511580,-0.839078,,,,,,
7.512045,-1.024384,,,,,,
7.512511,-1.237217,,,,,,
7.512976,-1.522896,,,,,,
7.513442,-1.881422,,,,,,
7.513907,-1.881422,,,,,,
7.514373,-2.025437,,,,,,
7.514838,-1.833921,,,,,,
7.515304,-1.551095,,,,,,
7.515769,-1.153964,,,,,,
7.516235,-0.811383,,,,,,
7.516700,-0.530571,,,,,,
7.517166,-0.219043,,,,,,
7.517631,-0.030381,,,,,,
7.518097,0.081407,,,,,,
7.518562,0.162982,,,,,,
7.519028,0.201083,,,,,,
7.519494,0.184131,,,,,,
7.519959,0.070329,,,,,,
7.520425,-0.180102,,,,,,
7.520890,-0.491295,,,,,,
7.521356,-0.828672,,,,,,
7.521821,-1.156313,,,,,,
7.522287,-1.368978,,,,,,
7.522752,-1.548745,,,,,,
7.523218,-1.736065,,,,,,
7.523683,-1.833417,,,,,,
7.524149,-1.942855,,,,,,
7.524614,-2.113054,,,,,,
7.525080,-2.377081,,,,,,
7.525545,-2.518074,,,,,,
7.526011,-2.402426,,,,,,
7.526476,-2.091234,,,,,,
7.526942,-1.637873,,,,,,
7.527407,-1.057786,,,,,,
7.527873,-0.496330,,,,,,
7.528338,-0.041291,,,,,,
7.528804,0.458228,,,,,,
7.529269,0.846799,,,,,,
7.529735,1.150607,,,,,,
7.530200,1.418326,,,,,,
7.530666,1.628641,,,,,,
7.531131,1.762921,,,,,,
7.531597,1.794476,,,,,,
7.532062,1.666072,,,,,,
7.532528,1.421515,,,,,,
7.532994,1.146578,,,,,,
7.533459,0.858213,,,,,,
7.533925,0.640345,,,,,,
7.534390,0.460914,,,,,,
7.534856,0.255299,,,,,,
7.535321,0.102892,,,,,,
7.535787,-0.076036,,,,,,
7.536252,-0.304311,,,,,,
7.536718,-0.304311,,,,,,
7.537183,-0.929381,,,,,,
7.537649,-0.966979,,,,,,
7.538114,-0.809873,,,,,,
7.538580,-0.546685,,,,,,
7.539045,-0.158618,,,,,,
7.539511,0.256306,,,,,,
7.539976,0.556420,,,,,,
7.540442,0.874327,,,,,,
7.540907,1.098741,,,,,,
7.541373,1.235203,,,,,,
7.541838,1.340612,,,,,,
7.542304,1.390295,,,,,,
7.542769,1.403891,,,,,,
7.543235,1.333898,,,,,,
7.543700,1.123751,,,,,,
7.544166,0.810880,,,,,,
7.544631,0.500023,,,,,,
7.545097,0.500023,,,,,,
7.545562,-0.078386,,,,,,
7.546028,-0.220050,,,,,,
7.546493,-0.392432,,,,,,
7.546959,-0.499855,,,,,,
7.547425,-0.585458,,,,,,
7.547890,-0.720912,,,,,,
7.548356,-0.943481,,,,,,
7.548821,-1.171923,,,,,,
7.549287,-1.151949,,,,,,
7.549752,-0.940291,,,,,,
7.550218,-0.609125,,,,,,
7.550683,-0.159625,,,,,,
7.551149,0.327810,,,,,,
7.551614,0.701442,,,,,,
7.552080,1.080110,,,,,,
7.552545,1.420508,,,,,,
7.553011,1.584329,,,,,,
7.553476,1.742779,,,,,,
7.553942,1.845335,,,,,,
7.554407,1.875715,,,,,,
7.554873,1.817639,,,,,,
7.555338,1.615213,,,,,,
7.555804,1.268772,,,,,,
7.556269,0.895979,,,,,,
7.556735,0.479881,,,,,,
7.557200,0.115312,,,,,,
7.557666,-0.152407,,,,,,
7.558131,-0.457389,,,,,,
7.558597,-0.706813,,,,,,
7.559062,-0.947173,,,,,,
7.559528,-1.210361,,,,,,
7.559993,-1.537667,,,,,,
7.560459,-1.885786,,,,,,
7.560925,-2.052628,,,,,,
7.561390,-1.975418,,,,,,
7.561856,-1.740764,,,,,,
7.562321,-1.419837,,,,,,
7.562787,-0.992493,,,,,,
7.563252,-0.617350,,,,,,
7.563718,-0.283665,,,,,,
7.564183,0.074693,,,,,,
7.564649,0.287190,,,,,,
7.565114,0.476188,,,,,,
7.565580,0.616007,,,,,,
7.566045,0.684993,,,,,,
7.566511,0.702617,,,,,,
7.566976,0.587304,,,,,,
7.567442,0.339559,,,,,,
7.567907,0.339559,,,,,,
7.568373,-0.240528,,,,,,
7.568838,-0.514458,,,,,,
7.569304,-0.661494,,,,,,
7.569769,-0.803159,,,,,,
7.570235,-0.915953,,,,,,
7.570700,-1.004410,,,,,,
7.571166,-1.123415,,,,,,
7.571631,-1.301671,,,,,,
7.572097,-1.524910,,,,,,
7.572562,-1.596750,,,,,,
7.573028,-1.432258,,,,,,
7.573493,-1.114351,,,,,,
7.573959,-0.707485,,,,,,
7.574425,-0.199908,,,,,,
7.574890,0.230121,,,,,,
7.575356,0.598718,,,,,,
7.575821,1.002899,,,,,,
7.576287,1.251987,,,,,,
7.576752,1.423529,,,,,,
7.577218,1.569223,,,,,,
7.577683,1.653483,,,,,,
7.578149,1.673960,,,,,,
7.578614,1.550088,,,,,,
7.579080,1.294285,,,,,,
7.579545,0.976043,,,,,,
7.580011,0.635477,,,,,,
7.580476,0.279133,,,,,,
7.580942,0.051530,,,,,,
7.581407,-0.163989,,,,,,
7.581873,-0.371115,,,,,,
7.582338,-0.520668,,,,,,
7.582804,-0.708827,,,,,,
7.583269,-0.940963,,,,,,
7.583735,-1.262394,,,,,,
7.584200,-1.471870,,,,,,
7.584666,-1.463813,,,,,,
7.585131,-1.248127,,,,,,
7.585597,-0.938781,,,,,,
7.586062,-0.498009,,,,,,
7.586528,-0.077379,,,,,,
7.586993,0.265034,,,,,,
7.587459,0.650416,,,,,,
7.587924,0.917967,,,,,,
7.588390,1.095216,,,,,,
7.588856,1.272801,,,,,,
7.589321,1.386938,,,,,,
7.589787,1.443000,,,,,,
7.590252,1.404395,,,,,,
7.590718,1.214389,,,,,,
7.591183,0.957244,,,,,,
7.591649,0.709834,,,,,,
7.592114,0.457725,,,,,,
7.592580,0.282490,,,,,,
7.593045,0.163653,,,,,,
7.593511,0.026688,,,,,,
7.593976,-0.058915,,,,,,
7.594442,-0.175738,,,,,,
7.594907,-0.341909,,,,,,
7.595373,-0.613825,,,,,,
7.595838,-0.828336,,,,,,
7.596304,-0.830014,,,,,,
7.596769,-0.633967,,,,,,
7.597235,-0.346944,,,,,,
7.597700,0.034745,,,,,,
7.598166,0.431876,,,,,,
7.598631,0.709331,,,,,,
7.599097,0.709331,,,,,,
7.599562,1.269444,,,,,,
7.600028,1.385931,,,,,,
7.600493,1.463478,,,,,,
7.600959,1.501411,,,,,,
7.601424,1.483955,,,,,,
7.601890,1.363104,,,,,,
7.602356,1.103273,,,,,,
7.602821,0.747433,,,,,,
7.603287,0.382193,,,,,,
7.603752,0.008560,,,,,,
7.604218,-0.294911,,,,,,
7.604683,-0.503380,,,,,,
7.605149,-0.719570,,,,,,
7.605614,-0.870970,,,,,,
7.606080,-1.018341,,,,,,
7.606545,-1.197940,,,,,,
7.607011,-1.454414,,,,,,
7.607476,-1.682017,,,,,,
7.607942,-1.684535,,,,,,
7.608407,-1.490166,,,,,,
7.608873,-1.152956,,,,,,
7.609338,-0.702617,,,,,,
7.609804,-0.211658,,,,,,
7.610269,0.167849,,,,,,
7.610735,0.570184,,,,,,
7.611200,0.924010,,,,,,
7.611666,1.137850,,,,,,
7.612131,1.310231,,,,,,
7.612597,1.445014,,,,,,
7.613062,1.527932,,,,,,
7.613528,1.528435,,,,,,
7.613993,1.385595,,,,,,
7.614459,1.113008,,,,,,
7.614924,0.819944,,,,,,
7.615390,0.516136,,,,,,
7.615856,0.250935,,,,,,
7.616321,0.048173,,,,,,
7.616787,-0.162982,,,,,,
7.617252,-0.319753,,,,,,
7.617718,-0.473503,,,,,,
7.618183,-0.672236,,,,,,
7.618649,-0.940124,,,,,,
7.619114,-1.237888,,,,,,
7.619580,-1.331212,,,,,,
7.620045,-1.232517,,,,,,
7.620511,-0.984771,,,,,,
7.620976,-0.623560,,,,,,
7.621442,-0.178424,,,,,,
7.621907,-0.178424,,,,,,
7.622373,0.502708,,,,,,
7.622838,0.828000,,,,,,
7.623304,0.999207,,,,,,
7.623769,1.126772,,,,,,
7.624235,1.187533,,,,,,
7.624700,1.202304,,,,,,
7.625166,1.150607,,,,,,
7.625631,0.936431,,,,,,
7.626097,0.584451,,,,,,
7.626562,0.210315,,,,,,
7.627028,-0.182788,,,,,,
7.627493,-0.543999,,,,,,
7.627959,-0.816251,,,,,,
7.628424,-1.085145,,,,,,
7.628890,-1.314260,,,,,,
7.629355,-1.515679,,,,,,
7.629821,-1.747311,,,,,,
7.630287,-2.056825,,,,,,
7.630752,-2.396384,,,,,,
7.631218,-2.530327,,,,,,
7.631683,-2.437675,,,,,,
7.632149,-2.211414,,,,,,
7.632614,-1.861280,,,,,,
7.633080,-1.386770,,,,,,
7.633545,-0.979400,,,,,,
7.634011,-0.632120,,,,,,
7.634476,-0.235157,,,,,,
7.634942,0.019974,,,,,,
7.635407,0.230457,,,,,,
7.635873,0.399313,,,,,,
7.636338,0.544335,,,,,,
7.636804,0.634302,,,,,,
7.637269,0.596368,,,,,,
7.637735,0.438758,,,,,,
7.638200,0.207294,,,,,,
7.638666,-0.035752,,,,,,
7.639131,-0.239521,,,,,,
7.639597,-0.355169,,,,,,
7.640062,-0.467460,,,,,,
7.640528,-0.542992,,,,,,
7.640993,-0.572534,,,,,,
7.641459,-0.640177,,,,,,
7.641924,-0.776974,,,,,,
7.642390,-0.989807,,,,,,
7.642855,-1.067689,,,,,,
7.643321,-0.918639,,,,,,
7.643787,-0.632624,,,,,,
7.644252,-0.244053,,,,,,
7.644718,0.227436,,,,,,
7.645183,0.653437,,,,,,
7.645649,0.988128,,,,,,
7.646114,1.339605,,,,,,
7.646580,1.555459,,,,,,
7.647045,1.708705,,,,,,
7.647511,1.808576,,,,,,
7.647976,1.835431,,,,,,
7.648442,1.820996,,,,,,
7.648907,1.678325,,,,,,
7.649373,1.395331,,,,,,
7.649838,1.020356,,,,,,
7.650304,0.656291,,,,,,
7.650769,0.307668,,,,,,
7.651235,0.069993,,,,,,
7.651700,-0.148882,,,,,,
7.652166,-0.339559,,,,,,
7.652631,-0.466789,,,,,,
7.653097,-0.620706,,,,,,
7.653562,-0.812726,,,,,,
7.654028,-1.097398,,,,,,
7.654493,-1.277501,,,,,,
7.654959,-1.200961,,,,,,
7.655424,-0.947005,,,,,,
7.655890,-0.608118,,,,,,
7.656355,-0.128405,,,,,,
7.656821,0.343587,,,,,,
7.657287,0.712184,,,,,,
7.657752,1.114351,,,,,,
7.658218,1.420508,,,,,,
7.658683,1.635019,,,,,,
7.659149,1.832074,,,,,,
7.659614,1.956283,,,,,,
7.660080,2.051621,,,,,,
7.660545,2.036179,,,,,,
7.661011,1.863966,,,,,,
7.661476,1.603128,,,,,,
7.661942,1.315435,,,,,,
7.662407,1.023041,,,,,,
7.662873,0.823301,,,,,,
7.663338,0.678950,,,,,,
7.663804,0.481895,,,,,,
7.664269,0.360876,,,,,,
7.664735,0.220050,,,,,,
7.665200,0.029374,,,,,,
7.665666,-0.282826,,,,,,
7.666131,-0.555413,,,,,,
7.666597,-0.602075,,,,,,
7.667062,-0.455039,,,,,,
7.667528,-0.195712,,,,,,
7.667993,0.183795,,,,,,
7.668459,0.576226,,,,,,
7.668924,0.853178,,,,,,
7.669390,1.139864,,,,,,
7.669855,1.341283,,,,,,
7.670321,1.422858,,,,,,
7.670786,1.482277,,,,,,
7.671252,1.476905,,,,,,
7.671718,1.432258,,,,,,
7.672183,1.301671,,,,,,
7.672649,1.031098,,,,,,
7.673114,0.645380,,,,,,
7.673580,0.232807,,,,,,
7.674045,-0.190173,,,,,,
7.674511,-0.549035,,,,,,
7.674976,-0.820951,,,,,,
7.675442,-1.099748,,,,,,
7.675907,-1.290425,,,,,,
7.676373,-1.485466,,,,,,
7.676838,-1.710552,,,,,,
7.677304,-2.018723,,,,,,
7.677769,-2.352239,,,,,,
7.678235,-2.454459,,,,,,
7.678700,-2.322530,,,,,,
7.679166,-2.044236,,,,,,
7.679631,-1.634348,,,,,,
7.680097,-1.136172,,,,,,
7.680562,-0.734173,,,,,,
7.681028,-0.336873,,,,,,
7.681493,0.034409,,,,,,
7.681959,0.285512,,,,,,
7.682424,0.503044,,,,,,
7.682890,0.673915,,,,,,
7.683355,0.773281,,,,,,
7.683821,0.835386,,,,,,
7.684286,0.758511,,,,,,
7.684752,0.538964,,,,,,
7.685218,0.281819,,,,,,
7.685683,0.003189,,,,,,
7.686149,-0.221057,,,,,,
7.686614,-0.347280,,,,,,
7.687080,-0.502708,,,,,,
7.687545,-0.640681,,,,,,
7.688011,-0.742397,,,,,,
7.688476,-0.911254,,,,,,
7.688942,-1.200290,,,,,,
7.689407,-1.556466,,,,,,
7.689873,-1.702998,,,,,,
7.690338,-1.645426,,,,,,
7.690804,-1.436286,,,,,,
7.691269,-1.142885,,,,,,
7.691735,-0.741558,,,,,,
7.692200,-0.415763,,,,,,
7.692666,-0.145357,,,,,,
7.693131,0.142168,,,,,,
7.693597,0.286854,,,,,,
7.694062,0.401160,,,,,,
7.694528,0.490623,,,,,,
7.694993,0.536782,,,,,,
7.695459,0.531579,,,,,,
7.695924,0.424155,,,,,,
7.696390,0.191516,,,,,,
7.696855,-0.099870,,,,,,
7.697321,-0.387900,,,,,,
7.697786,-0.620539,,,,,,
7.698252,-0.748104,,,,,,
7.698718,-0.857877,,,,,,
7.699183,-0.940459,,,,,,
7.699649,-0.960266,,,,,,
7.700114,-1.011963,,,,,,
7.700580,-1.139864,,,,,,
7.701045,-1.338094,,,,,,
7.701511,-1.392645,,,,,,
7.701976,-1.234867,,,,,,
7.702442,-0.918639,,,,,,
7.702907,-0.536614,,,,,,
7.703373,-0.089296,,,,,,
7.703838,0.339559,,,,,,
7.704304,0.695232,,,,,,
7.704769,1.049226,,,,,,
7.705235,1.260380,,,,,,
7.705700,1.412451,,,,,,
7.706166,1.527596,,,,,,
7.706631,1.594736,,,,,,
7.707097,1.591043,,,,,,
7.707562,1.467170,,,,,,
7.708028,1.219089,,,,,,
7.708493,0.898161,,,,,,
7.708959,0.566155,,,,,,
7.709424,0.250935,,,,,,
7.709890,0.049180,,,,,,
7.710355,-0.116320,,,,,,
7.710821,-0.276112,,,,,,
7.711286,-0.394949,,,,,,
7.711752,-0.517983,,,,,,
7.712217,-0.674586,,,,,,
7.712683,-0.925689,,,,,,
7.713149,-1.077592,,,,,,
7.713614,-0.986282,,,,,,
7.714080,-0.726284,,,,,,
7.714545,-0.388907,,,,,,
7.715011,0.023331,,,,,,
7.715476,0.456382,,,,,,
7.715942,0.831022,,,,,,
7.716407,1.231846,,,,,,
7.716873,1.491676,,,,,,
7.717338,1.667247,,,,,,
7.717804,1.830060,,,,,,
7.718269,1.946548,,,,,,
7.718735,2.018051,,,,,,
7.719200,1.967697,,,,,,
7.719666,1.795819,,,,,,
7.720131,1.523232,,,,,,
7.720597,1.233860,,,,,,
7.721062,0.925353,,,,,,
7.721528,0.713191,,,,,,
7.721993,0.541985,,,,,,
7.722459,0.369772,,,,,,
7.722924,0.242039,,,,,,
7.723390,0.099870,,,,,,
7.723855,-0.092485,,,,,,
7.724321,-0.376822,,,,,,
7.724786,-0.606104,,,,,,
7.725252,-0.623224,,,,,,
7.725717,-0.467460,,,,,,
7.726183,-0.205951,,,,,,
7.726649,0.119677,,,,,,
7.727114,0.449668,,,,,,
7.727580,0.730144,,,,,,
7.728045,1.037476,,,,,,
7.728511,1.263401,,,,,,
7.728976,1.373510,,,,,,
7.729442,1.476570,,,,,,
7.729907,1.515511,,,,,,
7.730373,1.523903,,,,,,
7.730838,1.425879,,,,,,
7.731304,1.214893,,,,,,
7.731769,0.883055,,,,,,
7.732235,0.519493,,,,,,
7.732700,0.180774,,,,,,
7.733166,-0.098528,,,,,,
7.733631,-0.310353,,,,,,
7.734097,-0.521508,,,,,,
7.734562,-0.665187,,,,,,
7.735028,-0.837064,,,,,,
7.735493,-1.036805,,,,,,
7.735959,-1.337087,,,,,,
7.736424,-1.634684,,,,,,
7.736890,-1.712230,,,,,,
7.737355,-1.600610,,,,,,
7.737821,-1.372839,,,,,,
7.738286,-1.044862,,,,,,
7.738752,-0.686671,,,,,,
7.739217,-0.382193,,,,,,
7.739683,-0.072007,,,,,,
7.740148,0.181781,,,,,,
7.740614,0.317739,,,,,,
7.741080,0.431876,,,,,,
7.741545,0.493980,,,,,,
7.742011,0.531243,,,,,,
7.742476,0.493309,,,,,,
7.742942,0.309346,,,,,,
7.743407,0.025345,,,,,,
7.743873,-0.296925,,,,,,
7.744338,-0.623560,,,,,,
7.744804,-0.870970,,,,,,
7.745269,-1.003738,,,,,,
7.745735,-1.153964,,,,,,
7.746200,-1.228153,,,,,,
7.746666,-1.300160,,,,,,
7.747131,-1.388281,,,,,,
7.747597,-1.557473,,,,,,
7.748062,-1.771313,,,,,,
7.748528,-1.764767,,,,,,
7.748993,-1.551934,,,,,,
7.749459,-1.203311,,,,,,
7.749924,-0.760525,,,,,,
7.750390,-0.257984,,,,,,
7.750855,0.144854,,,,,,
7.751321,0.538964,,,,,,
7.751786,0.896818,,,,,,
7.752252,1.087495,,,,,,
7.752717,1.241077,,,,,,
7.753183,1.342626,,,,,,
7.753648,1.382910,,,,,,
7.754114,1.361929,,,,,,
7.754580,1.181827,,,,,,
7.755045,0.895140,,,,,,
7.755511,0.551385,,,,,,
7.755976,0.192187,,,,,,
7.756442,-0.126726,,,,,,
7.756907,-0.335027,,,,,,
7.757373,-0.537957,,,,,,
7.757838,-0.687007,,,,,,
7.758304,-0.808530,,,,,,
7.758769,-0.981750,,,,,,
7.759235,-1.202304,,,,,,
7.759700,-1.496040,,,,,,
7.760166,-1.621424,,,,,,
7.760631,-1.510140,,,,,,
7.761097,-1.219425,,,,,,
7.761562,-0.844114,,,,,,
7.762028,-0.366415,,,,,,
7.762493,0.047166,,,,,,
7.762959,0.427512,,,,,,
7.763424,0.806180,,,,,,
7.763890,1.036805,,,,,,
7.764355,1.222950,,,,,,
7.764821,1.372839,,,,,,
7.765286,1.479423,,,,,,
7.765752,1.521218,,,,,,
7.766217,1.420844,,,,,,
7.766683,1.172763,,,,,,
7.767148,0.858885,,,,,,
7.767614,0.535439,,,,,,
7.768080,0.221057,,,,,,
7.768545,-0.016281,,,,,,
7.769011,-0.225925,,,,,,
7.769476,-0.412406,,,,,,
7.769942,-0.551385,,,,,,
7.770407,-0.737865,,,,,,
7.770873,-0.970336,,,,,,
7.771338,-1.320806,,,,,,
7.771804,-1.549248,,,,,,
7.772269,-1.535653,,,,,,
7.772735,-1.367971,,,,,,
7.773200,-1.082460,,,,,,
7.773666,-0.675593,,,,,,
7.774131,-0.306996,,,,,,
7.774597,-0.009567,,,,,,
7.775062,0.347112,,,,,,
7.775528,0.570855,,,,,,
7.775993,0.730648,,,,,,
7.776459,0.872480,,,,,,
7.776924,0.967987,,,,,,
7.777390,1.050568,,,,,,
7.777855,1.043183,,,,,,
7.778321,0.885405,,,,,,
7.778786,0.648737,,,,,,
7.779252,0.403677,,,,,,
7.779717,0.173556,,,,,,
7.780183,0.037766,,,,,,
7.780648,-0.067979,,,,,,
7.781114,-0.156603,,,,,,
7.781579,-0.167681,,,,,,
7.782045,-0.233143,,,,,,
7.782511,-0.372457,,,,,,
7.782976,-0.617182,,,,,,
7.783442,-0.793591,,,,,,
7.783907,-0.762036,,,,,,
7.784373,-0.573205,,,,,,
7.784838,-0.281147,,,,,,
7.785304,0.087449,,,,,,
7.785769,0.462089,,,,,,
7.786235,0.732662,,,,,,
7.786700,1.031769,,,,,,
7.787166,1.211704,,,,,,
7.787631,1.290257,,,,,,
7.788097,1.360082,,,,,,
7.788562,1.362768,,,,,,
7.789028,1.355383,,,,,,
7.789493,1.259373,,,,,,
7.789959,1.038315,,,,,,
7.790424,0.692042,,,,,,
7.790890,0.352316,,,,,,
7.791355,0.030716,,,,,,
7.791821,-0.212329,,,,,,
7.792286,-0.382361,,,,,,
7.792752,-0.536614,,,,,,
7.793217,-0.626413,,,,,,
7.793683,-0.718898,,,,,,
7.794148,-0.867948,,,,,,
7.794614,-1.105455,,,,,,
7.795079,-1.318456,,,,,,
7.795545,-1.316777,,,,,,
7.796011,-1.134493,,,,,,
7.796476,-0.846799,,,,,,
7.796942,-0.456046,,,,,,
7.797407,-0.026352,,,,,,
7.797873,0.321767,,,,,,
7.798338,0.659144,,,,,,
7.798804,0.940291,,,,,,
7.799269,1.087160,,,,,,
7.799735,1.209018,,,,,,
7.800200,1.266758,,,,,,
7.800666,1.300496,,,,,,
7.801131,1.250980,,,,,,
7.801597,1.071382,,,,,,
7.802062,0.764553,,,,,,
7.802528,0.425498,,,,,,
7.802993,0.079393,,,,,,
7.803459,-0.202090,,,,,,
7.803924,-0.406027,,,,,,
7.804390,-0.615503,,,,,,
7.804855,-0.746761,,,,,,
7.805321,-0.893294,,,,,,
7.805786,-1.077424,,,,,,
7.806252,-1.346319,,,,,,
7.806717,-1.633509,,,,,,
7.807183,-1.693095,,,,,,
7.807648,-1.549081,,,,,,
7.808114,-1.216739,,,,,,
7.808579,-0.792752,,,,,,
7.809045,-0.402502,,,,,,
7.809511,-0.051194,,,,,,
7.809976,0.307836,,,,,,
7.810442,0.640009,,,,,,
7.810907,0.844282,,,,,,
7.811373,1.029084,,,,,,
7.811838,1.160845,,,,,,
7.812304,1.249805,,,,,,
7.812769,1.296300,,,,,,
7.813235,1.226307,,,,,,
7.813700,1.019013,,,,,,
7.814166,0.754482,,,,,,
7.814631,0.494316,,,,,,
7.815097,0.291554,,,,,,
7.815562,0.172717,,,,,,
7.816028,0.047501,,,,,,
7.816493,-0.008896,,,,,,
7.816959,-0.048676,,,,,,
7.817424,-0.139147,,,,,,
7.817890,-0.321096,,,,,,
7.818355,-0.559106,,,,,,
7.818821,-0.628595,,,,,,
7.819286,-0.486931,,,,,,
7.819752,-0.203769,,,,,,
7.820217,0.143511,,,,,,
7.820683,0.572534,,,,,,
7.821148,0.945159,,,,,,
7.821614,1.249973,,,,,,
7.822079,1.520546,,,,,,
7.822545,1.658015,,,,,,
7.823010,1.751843,,,,,,
7.823476,1.784237,,,,,,
7.823942,1.755200,,,,,,
7.824407,1.692760,,,,,,
7.824873,1.486641,,,,,,
7.825338,1.161013,,,,,,
7.825804,0.743069,,,,,,
7.826269,0.329488,,,,,,
7.826735,-0.049516,,,,,,
7.827200,-0.332174,,,,,,
7.827666,-0.588647,,,,,,
7.828131,-0.808530,,,,,,
7.828597,-0.972686,,,,,,
7.829062,-1.152285,,,,,,
7.829528,-1.396002,,,,,,
7.829993,-1.753857,,,,,,
7.830459,-1.930938,,,,,,
7.830924,-1.883101,,,,,,
7.831390,-1.671611,,,,,,
7.831855,-1.370825,,,,,,
7.832321,-0.972351,,,,,,
7.832786,-0.614160,,,,,,
7.833252,-0.294408,,,,,,
7.833717,0.012589,,,,,,
7.834183,0.195209,,,,,,
7.834648,0.337209,,,,,,
7.835114,0.447318,,,,,,
7.835579,0.508751,,,,,,
7.836045,0.549035,,,,,,
7.836510,0.473838,,,,,,
7.836976,0.290211,,,,,,
7.837442,0.017624,,,,,,
7.837907,-0.290211,,,,,,
7.838373,-0.542992,,,,,,
7.838838,-0.714534,,,,,,
7.839304,-0.860563,,,,,,
7.839769,-0.985443,,,,,,
7.840235,-1.047547,,,,,,
7.840700,-1.150607,,,,,,
7.841166,-1.300160,,,,,,
7.841631,-1.583993,,,,,,
7.842097,-1.764599,,,,,,
7.842562,-1.704845,,,,,,
7.843028,-1.458442,,,,,,
7.843493,-1.085817,,,,,,
7.843959,-0.626246,,,,,,
7.844424,-0.196887,,,,,,
7.844890,0.159625,,,,,,
7.845355,0.531914,,,,,,
7.845821,0.746426,,,,,,
7.846286,0.906554,,,,,,
7.846752,1.057618,,,,,,
7.847217,1.132647,,,,,,
7.847683,1.190555,,,,,,
7.848148,1.161685,,,,,,
7.848614,0.991485,,,,,,
7.849079,0.713191,,,,,,
7.849545,0.389242,,,,,,
7.850010,0.085435,,,,,,
7.850476,-0.131426,,,,,,
7.850942,-0.310018,,,,,,
7.851407,-0.482567,,,,,,
7.851873,-0.594690,,,,,,
7.852338,-0.735012,,,,,,
7.852804,-0.904540,,,,,,
7.853269,-1.188876,,,,,,
7.853735,-1.457099,,,,,,
7.854200,-1.476570,,,,,,
7.854666,-1.289921,,,,,,
7.855131,-0.987457,,,,,,
7.855597,-0.593179,,,,,,
7.856062,-0.155596,,,,,,
7.856528,0.207797,,,,,,
7.856993,0.586969,,,,,,
7.857459,0.846464,,,,,,
7.857924,1.011627,,,,,,
7.858390,1.166720,,,,,,
7.858855,1.253330,,,,,,
7.859321,1.317113,,,,,,
7.859786,1.292271,,,,,,
7.860252,1.135500,,,,,,
7.860717,0.873320,,,,,,
7.861183,0.574548,,,,,,
7.861648,0.250935,,,,,,
7.862114,0.032059,,,,,,
7.862579,-0.114305,,,,,,
7.863045,-0.262013,,,,,,
7.863510,-0.345937,,,,,,
7.863976,-0.421973,,,,,,
7.864441,-0.550881,,,,,,
7.864907,-0.760189,,,,,,
7.865373,-0.996689,,,,,,
7.865838,-0.998535,,,,,,
7.866304,-0.802487,,,,,,
7.866769,-0.483070,,,,,,
7.867235,-0.072343,,,,,,
7.867700,0.368765,,,,,,
7.868166,0.739712,,,,,,
7.868631,1.106294,,,,,,
7.869097,1.385931,,,,,,
7.869562,1.503761,,,,,,
7.870028,1.623941,,,,,,
7.870493,1.668925,,,,,,
7.870959,1.675303,,,,,,
7.871424,1.617899,,,,,,
7.871890,1.425879,,,,,,
7.872355,1.104952,,,,,,
7.872821,0.726284,,,,,,
7.873286,0.331167,,,,,,
7.873752,0.019638,,,,,,
7.874217,-0.205615,,,,,,
7.874683,-0.434226,,,,,,
7.875148,-0.568338,,,,,,
7.875614,-0.700435,,,,,,
7.876079,-0.854856,,,,,,
7.876545,-1.058289,,,,,,
7.877010,-1.329030,,,,,,
7.877476,-1.417151,,,,,,
7.877941,-1.258366,,,,,,
7.878407,-0.943816,,,,,,
7.878873,-0.543999,,,,,,
7.879338,-0.082918,,,,,,
7.879804,0.330831,,,,,,
7.880269,0.726955,,,,,,
7.880735,1.080781,,,,,,
7.881200,1.267430,,,,,,
7.881666,1.448539,,,,,,
7.882131,1.578286,,,,,,
7.882597,1.654154,,,,,,
7.883062,1.692424,,,,,,
7.883528,1.582986,,,,,,
7.883993,1.350683,,,,,,
7.884459,1.052247,,,,,,
7.884924,0.728969,,,,,,
7.885390,0.442954,,,,,,
7.885855,0.267384,,,,,,
7.886321,0.106249,,,,,,
7.886786,-0.007889,,,,,,
7.887252,-0.097856,,,,,,
7.887717,-0.237507,,,,,,
7.888183,-0.453696,,,,,,
7.888648,-0.763882,,,,,,
7.889114,-0.925353,,,,,,
7.889579,-0.853513,,,,,,
7.890045,-0.591669,,,,,,
7.890510,-0.247913,,,,,,
7.890976,0.148547,,,,,,
7.891441,0.483238,,,,,,
7.891907,0.771603,,,,,,
7.892373,1.037812,,,,,,
7.892838,1.147417,,,,,,
7.893304,1.189380,,,,,,
7.893769,1.202304,,,,,,
7.894235,1.160845,,,,,,
7.894700,1.094209,,,,,,
7.895166,0.895811,,,,,,
7.895631,0.603082,,,,,,
7.896097,0.212665,,,,,,
7.896562,-0.189502,,,,,,
7.897028,-0.557595,,,,,,
7.897493,-0.805173,,,,,,
7.897959,-1.024048,,,,,,
7.898424,-1.187198,,,,,,
7.898890,-1.275486,,,,,,
7.899355,-1.399359,,,,,,
7.899821,-1.565362,,,,,,
7.900286,-1.835264,,,,,,
7.900752,-1.989517,,,,,,
7.901217,-1.908278,,,,,,
7.901683,-1.636530,,,,,,
7.902148,-1.263066,,,,,,
7.902614,-0.813565,,,,,,
7.903079,-0.397971,,,,,,
7.903545,-0.035080,,,,,,
7.904010,0.329152,,,,,,
7.904476,0.528893,,,,,,
7.904941,0.645380,,,,,,
7.905407,0.753140,,,,,,
7.905872,0.783185,,,,,,
7.906338,0.800809,,,,,,
7.906804,0.704463,,,,,,
7.907269,0.458900,,,,,,
7.907735,0.119341,,,,,,
7.908200,-0.243549,,,,,,
7.908666,-0.589990,,,,,,
7.909131,-0.854688,,,,,,
7.909597,-1.058961,,,,,,
7.910062,-1.222110,,,,,,
7.910528,-1.306371,,,,,,
7.910993,-1.430915,,,,,,
7.911459,-1.573251,,,,,,
7.911924,-1.831403,,,,,,
7.912390,-2.043565,,,,,,
7.912855,-2.015366,,,,,,
7.913321,-1.772992,,,,,,
7.913786,-1.415976,,,,,,
7.914252,-0.962783,,,,,,
7.914717,-0.494652,,,,,,
7.915183,-0.106584,,,,,,
7.915648,0.310018,,,,,,
7.916114,0.602243,,,,,,
7.916579,0.804501,,,,,,
7.917045,0.969665,,,,,,
7.917510,1.064668,,,,,,
7.917976,1.145235,,,,,,
7.918441,1.115694,,,,,,
7.918907,0.934417,,,,,,
7.919372,0.654444,,,,,,
7.919838,0.337545,,,,,,
7.920304,0.029374,,,,,,
7.920769,-0.196216,,,,,,
7.921235,-0.326970,,,,,,
7.921700,-0.444633,,,,,,
7.922166,-0.484916,,,,,,
7.922631,-0.542824,,,,,,
7.923097,-0.639002,,,,,,
7.923562,-0.838911,,,,,,
7.924028,-1.034287,,,,,,
7.924493,-0.982589,,,,,,
7.924959,-0.751629,,,,,,
7.925424,-0.362722,,,,,,
7.925890,0.107759,,,,,,
7.926355,0.589319,,,,,,
7.926821,0.989471,,,,,,
7.927286,1.409766,,,,,,
7.927752,1.718608,,,,,,
7.928217,1.888472,,,,,,
7.928683,2.014694,,,,,,
7.929148,2.070420,,,,,,
7.929614,2.093248,,,,,,
7.930079,2.026108,,,,,,
7.930545,1.823346,,,,,,
7.931010,1.495033,,,,,,
7.931476,1.120562,,,,,,
7.931941,0.753475,,,,,,
7.932407,0.460410,,,,,,
7.932872,0.239185,,,,,,
7.933338,0.056229,,,,,,
7.933804,-0.044816,,,,,,
7.934269,-0.155932,,,,,,
7.934735,-0.306996,,,,,,
7.935200,-0.517815,,,,,,
7.935666,-0.793927,,,,,,
7.936131,-0.842771,,,,,,
7.936597,-0.677607,,,,,,
7.937062,-0.325963,,,,,,
7.937528,0.143175,,,,,,
7.937993,0.567834,,,,,,
7.938459,0.899168,,,,,,
7.938924,1.223453,,,,,,
7.939390,1.484962,,,,,,
7.939855,1.602792,,,,,,
7.940321,1.689738,,,,,,
7.940786,1.693431,,,,,,
7.941252,1.673289,,,,,,
7.941717,1.599100,,,,,,
7.942183,1.377874,,,,,,
7.942648,1.026902,,,,,,
7.943114,0.610803,,,,,,
7.943579,0.183459,,,,,,
7.944045,-0.171038,,,,,,
7.944510,-0.451682,,,,,,
7.944976,-0.697246,,,,,,
7.945441,-0.873655,,,,,,
7.945907,-1.026062,,,,,,
7.946372,-1.217411,,,,,,
7.946838,-1.467506,,,,,,
7.947303,-1.802869,,,,,,
7.947769,-1.939498,,,,,,
7.948235,-1.840467,,,,,,
7.948700,-1.585168,,,,,,
7.949166,-1.211368,,,,,,
7.949631,-0.760189,,,,,,
7.950097,-0.368093,,,,,,
7.950562,0.006882,,,,,,
7.951028,0.382528,,,,,,
7.951493,0.586633,,,,,,
7.951959,0.762203,,,,,,
7.952424,0.882048,,,,,,
7.952890,0.968322,,,,,,
7.953355,1.037140,,,,,,
7.953821,0.964965,,,,,,
7.954286,0.773281,,,,,,
7.954752,0.487266,,,,,,
7.955217,0.181949,,,,,,
7.955683,-0.060090,,,,,,
7.956148,-0.224079,,,,,,
7.956614,-0.390249,,,,,,
7.957079,-0.490623,,,,,,
7.957545,-0.556085,,,,,,
7.958010,-0.679118,,,,,,
7.958476,-0.864591,,,,,,
7.958941,-1.183841,,,,,,
7.959407,-1.389456,,,,,,
7.959872,-1.337926,,,,,,
7.960338,-1.141878,,,,,,
7.960803,-0.837400,,,,,,
7.961269,-0.455039,,,,,,
7.961735,-0.114473,,,,,,
7.962200,0.179095,,,,,,
7.962666,0.456886,,,,,,
7.963131,0.580255,,,,,,
7.963597,0.663508,,,,,,
7.964062,0.716884,,,,,,
7.964528,0.686336,,,,,,
7.964993,0.681300,,,,,,
7.965459,0.564981,,,,,,
7.965924,0.322271,,,,,,
7.966390,-0.013596,,,,,,
7.966855,-0.355337,,,,,,
7.967321,-0.656123,,,,,,
7.967786,-0.842939,,,,,,
7.968252,-1.013138,,,,,,
7.968717,-1.111330,,,,,,
7.969183,-1.129625,,,,,,
7.969648,-1.175280,,,,,,
7.970114,-1.249134,,,,,,
7.970579,-1.452399,,,,,,
7.971045,-1.576104,,,,,,
7.971510,-1.437964,,,,,,
7.971976,-1.118044,,,,,,
7.972441,-0.703120,,,,,,
7.972907,-0.192187,,,,,,
7.973372,0.292561,,,,,,
7.973838,0.708156,,,,,,
7.974303,1.116365,,,,,,
7.974769,1.374685,,,,,,
7.975235,1.531960,,,,,,
7.975700,1.660868,,,,,,
7.976166,1.694774,,,,,,
7.976631,1.721294,,,,,,
7.977097,1.622599,,,,,,
7.977562,1.378882,,,,,,
7.978028,1.019684,,,,,,
7.978493,0.595361,,,,,,
7.978959,0.191180,,,,,,
7.979424,-0.117327,,,,,,
7.979890,-0.388235,,,,,,
7.980355,-0.648737,,,,,,
7.980821,-0.813565,,,,,,
7.981286,-1.007599,,,,,,
7.981752,-1.243259,,,,,,
7.982217,-1.596078,,,,,,
7.982683,-1.917006,,,,,,
7.983148,-1.970550,,,,,,
7.983614,-1.787427,,,,,,
7.984079,-1.444678,,,,,,
7.984545,-0.981750,,,,,,
7.985010,-0.500359,,,,,,
7.985476,-0.092485,,,,,,
7.985941,0.298939,,,,,,
7.986407,0.590997,,,,,,
7.986872,0.775128,,,,,,
7.987338,0.966644,,,,,,
7.987803,1.081788,,,,,,
7.988269,1.170748,,,,,,
7.988734,1.206332,,,,,,
7.989200,1.107637,,,,,,
7.989666,0.881712,,,,,,
7.990131,0.606439,,,,,,
7.990597,0.349966,,,,,,
7.991062,0.159625,,,,,,
7.991528,0.018631,,,,,,
7.991993,-0.115648,,,,,,
7.992459,-0.153582,,,,,,
7.992924,-0.206958,,,,,,
7.993390,-0.313039,,,,,,
7.993855,-0.517144,,,,,,
7.994321,-0.772274,,,,,,
7.994786,-0.784695,,,,,,
7.995252,-0.584283,,,,,,
7.995717,-0.257984,,,,,,
7.996183,0.147539,,,,,,
7.996648,0.598550,,,,,,
7.997114,0.975708,,,,,,
7.997579,1.344640,,,,,,
7.998045,1.615045,,,,,,
7.998510,1.737072,,,,,,
7.998976,1.834089,,,,,,
7.999441,1.868833,,,,,,
7.999907,1.840467,,,,,,
8.000372,1.767620,,,,,,
8.000838,1.528603,,,,,,
8.001303,1.166720,,,,,,
8.001769,0.740383,,,,,,
8.002234,0.299275,,,,,,
8.002700,-0.058244,,,,,,
8.003166,-0.327810,,,,,,
8.003631,-0.575891,,,,,,
8.004097,-0.747768,,,,,,
8.004562,-0.881041,,,,,,
8.005028,-1.052583,,,,,,
8.005493,-1.279515,,,,,,
8.005959,-1.595071,,,,,,
8.006424,-1.595071,,,,,,
8.006890,-1.577279,,,,,,
8.007355,-1.293446,,,,,,
8.007821,-0.928710,,,,,,
8.008286,-0.492302,,,,,,
8.008752,-0.106920,,,,,,
8.009217,0.285176,,,,,,
8.009683,0.640345,,,,,,
8.010148,0.826993,,,,,,
8.010614,1.002228,,,,,,
8.011079,1.141878,,,,,,
8.011545,1.221103,,,,,,
8.012010,1.263401,,,,,,
8.012476,1.190219,,,,,,
8.012941,0.995178,,,,,,
8.013407,0.712688,,,,,,
8.013872,0.399313,,,,,,
8.014338,0.157610,,,,,,
8.014803,-0.001511,,,,,,
8.015269,-0.143847,,,,,,
8.015734,-0.237171,,,,,,
8.016200,-0.282322,,,,,,
8.016666,-0.387060,,,,,,
8.017131,-0.562799,,,,,,
8.017597,-0.848142,,,,,,
8.018062,-1.013474,,,,,,
8.018528,-0.929046,,,,,,
8.018993,-0.648737,,,,,,
8.019459,-0.288869,,,,,,
8.019924,0.099199,,,,,,
8.020390,0.455375,,,,,,
8.020855,0.767239,,,,,,
8.021321,1.053422,,,,,,
8.021786,1.167391,,,,,,
8.022252,1.246952,,,,,,
8.022717,1.294621,,,,,,
8.023183,1.272129,,,,,,
8.023648,1.234867,,,,,,
8.024114,1.096223,,,,,,
8.024579,0.814237,,,,,,
8.025045,0.435569,,,,,,
8.025510,0.031052,,,,,,
8.025976,-0.336034,,,,,,
8.026441,-0.609125,,,,,,
8.026907,-0.846296,,,,,,
8.027372,-1.023041,,,,,,
8.027838,-1.158999,,,,,,
8.028303,-1.328359,,,,,,
8.028769,-1.520546,,,,,,
8.029234,-1.827878,,,,,,
8.029700,-2.058335,,,,,,
8.030165,-2.030472,,,,,,
8.030631,-1.829389,,,,,,
8.031097,-1.508461,,,,,,
8.031562,-1.119387,,,,,,
8.032028,-0.724102,,,,,,
8.032493,-0.361212,,,,,,
8.032959,0.017960,,,,,,
8.033424,0.246235,,,,,,
8.033890,0.399649,,,,,,
8.034355,0.537621,,,,,,
8.034821,0.603418,,,,,,
8.035286,0.674586,,,,,,
8.035752,0.629938,,,,,,
8.036217,0.485588,,,,,,
8.036683,0.240864,,,,,,
8.037148,-0.056565,,,,,,
8.037614,-0.056565,,,,,,
8.038079,-0.497002,,,,,,
8.038545,-0.633295,,,,,,
8.039010,-0.730648,,,,,,
8.039476,-0.776974,,,,,,
8.039941,-0.852506,,,,,,
8.040407,-0.957580,,,,,,
8.040872,-1.171084,,,,,,
8.041338,-1.347494,,,,,,
8.041803,-1.273808,,,,,,
8.042269,-1.002564,,,,,,
8.042734,-0.609461,,,,,,
8.043200,-0.141161,,,,,,
8.043665,0.305150,,,,,,
8.044131,0.710842,,,,,,
8.044597,1.126436,,,,,,
8.045062,1.403555,,,,,,
8.045528,1.572915,,,,,,
8.045993,1.740764,,,,,,
8.046459,1.824689,,,,,,
8.046924,1.896864,,,,,,
8.047390,1.862623,,,,,,
8.047855,1.693767,,,,,,
8.048321,1.423194,,,,,,
8.048786,1.085481,,,,,,
8.049252,0.758846,,,,,,
8.049717,0.499016,,,,,,
8.050183,0.295750,,,,,,
8.050648,0.120012,,,,,,
8.051114,0.014939,,,,,,
8.051579,-0.124712,,,,,,
8.052045,-0.124712,,,,,,
8.052510,-0.548028,,,,,,
8.052976,-0.853346,,,,,,
8.053441,-0.944991,,,,,,
8.053907,-0.817929,,,,,,
8.054372,-0.551385,,,,,,
8.054838,-0.223743,,,,,,
8.055303,0.110277,,,,,,
8.055769,0.411902,,,,,,
8.056234,0.725948,,,,,,
8.056700,0.935424,,,,,,
8.057165,1.031098,,,,,,
8.057631,1.122744,,,,,,
8.058097,1.155978,,,,,,
8.058562,1.179477,,,,,,
8.059028,1.142214,,,,,,
8.059493,0.952880,,,,,,
8.059959,0.687846,,,,,,
8.060424,0.366918,,,,,,
8.060890,0.043809,,,,,,
8.061355,-0.198566,,,,,,
8.061821,-0.357351,,,,,,
8.062286,-0.497673,,,,,,
8.062752,-0.553399,,,,,,
8.063217,-0.624231,,,,,,
8.063683,-0.726619,,,,,,
8.064148,-0.903197,,,,,,
8.064614,-1.171084,,,,,,
8.065079,-1.241245,,,,,,
8.065545,-1.101259,,,,,,
8.066010,-0.788724,,,,,,
8.066476,-0.373800,,,,,,
8.066941,0.072343,,,,,,
8.067407,0.383703,,,,,,
8.067872,0.692714,,,,,,
8.068338,0.940291,,,,,,
8.068803,0.940291,,,,,,
8.069269,1.089174,,,,,,
8.069734,1.106630,,,,,,
8.070200,1.079942,,,,,,
8.070665,1.045533,,,,,,
8.071131,0.859892,,,,,,
8.071596,0.573541,,,,,,
8.072062,0.222568,,,,,,
8.072528,-0.135790,,,,,,
8.072993,-0.424826,,,,,,
8.073459,-0.639002,,,,,,
8.073924,-0.831525,,,,,,
8.074390,-0.926192,,,,,,
8.074855,-0.984604,,,,,,
8.075321,-1.106966,,,,,,
8.075786,-1.250980,,,,,,
8.076252,-1.524239,,,,,,
8.076717,-1.635523,,,,,,
8.077183,-1.506950,,,,,,
8.077648,-1.203983,,,,,,
8.078114,-0.823301,,,,,,
8.078579,-0.372457,,,,,,
8.079045,0.009232,,,,,,
8.079510,0.395621,,,,,,
8.079976,0.751125,,,,,,
8.080441,0.923507,,,,,,
8.080907,1.061982,,,,,,
8.081372,1.152285,,,,,,
8.081838,1.185519,,,,,,
8.082303,1.218418,,,,,,
8.082769,1.101259,,,,,,
8.083234,1.101259,,,,,,
8.083700,0.529397,,,,,,
8.084165,0.169863,,,,,,
8.084631,-0.131090,,,,,,
8.085096,-0.348791,,,,,,
8.085562,-0.527382,,,,,,
8.086028,-0.644038,,,,,,
8.086493,-0.707820,,,,,,
8.086959,-0.828840,,,,,,
8.087424,-0.987457,,,,,,
8.087890,-1.288243,,,,,,
8.088355,-1.473548,,,,,,
8.088821,-1.414466,,,,,,
8.089286,-1.173266,,,,,,
8.089752,-0.816419,,,,,,
8.090217,-0.380850,,,,,,
8.090683,0.013596,,,,,,
8.091148,0.365911,,,,,,
8.091614,0.722591,,,,,,
8.092079,0.894133,,,,,,
8.092545,0.990814,,,,,,
8.093010,1.066682,,,,,,
8.093476,1.066011,,,,,,
8.093941,1.062318,,,,,,
8.094407,0.936095,,,,,,
8.094872,0.677943,,,,,,
8.095338,0.342916,,,,,,
8.095803,-0.050858,,,,,,
8.096269,-0.403006,,,,,,
8.096734,-0.647730,,,,,,
8.097200,-0.857877,,,,,,
8.097665,-0.992157,,,,,,
8.098131,-1.041840,,,,,,
8.098596,-1.144900,,,,,,
8.099062,-1.301503,,,,,,
8.099528,-1.555459,,,,,,
8.099993,-1.555459,,,,,,
8.100459,-1.705013,,,,,,
8.100924,-1.466835,,,,,,
8.101390,-1.067353,,,,,,
8.101855,-0.595361,,,,,,
8.102321,-0.145190,,,,,,
8.102786,0.231464,,,,,,
8.103252,0.637659,,,,,,
8.103717,0.878019,,,,,,
8.104183,1.012299,,,,,,
8.104648,1.136339,,,,,,
8.105114,1.167727,,,,,,
8.105579,1.207004,,,,,,
8.106045,1.155306,,,,,,
8.106510,0.954559,,,,,,
8.106976,0.639673,,,,,,
8.107441,0.276783,,,,,,
8.107907,-0.057572,,,,,,
8.108372,-0.305653,,,,,,
8.108838,-0.518486,,,,,,
8.109303,-0.671733,,,,,,
8.109769,-0.739040,,,,,,
8.110234,-0.829511,,,,,,
8.110700,-0.971008,,,,,,
8.111165,-1.192569,,,,,,
8.111631,-1.442161,,,,,,
8.112096,-1.454078,,,,,,
8.112562,-1.247791,,,,,,
8.113027,-0.907225,,,,,,
8.113493,-0.480217,,,,,,
8.113959,-0.031052,,,,,,
8.114424,-0.031052,,,,,,
8.114890,0.744411,,,,,,
8.115355,1.025055,,,,,,
8.115821,1.186862,,,,,,
8.116286,1.335073,,,,,,
8.116752,1.402716,,,,,,
8.117217,1.466163,,,,,,
8.117683,1.464820,,,,,,
8.118148,1.325505,,,,,,
8.118614,1.063325,,,,,,
8.119079,0.754482,,,,,,
8.119545,0.452018,,,,,,
8.120010,0.251774,,,,,,
8.120476,0.133104,,,,,,
8.120941,0.047837,,,,,,
8.121407,0.067643,,,,,,
8.121872,0.091814,,,,,,
8.122338,0.051530,,,,,,
8.122803,-0.098695,,,,,,
8.123269,-0.317067,,,,,,
8.123734,-0.313710,,,,,,
8.124200,-0.098192,,,,,,
8.124665,0.251942,,,,,,
8.125131,0.714199,,,,,,
8.125596,1.188708,,,,,,
8.126062,1.612360,,,,,,
8.126527,2.020569,,,,,,
8.126993,2.328908,,,,,,
8.127459,2.456138,,,,,,
8.127924,2.554498,,,,,,
8.128390,2.568261,,,,,,
8.128855,2.523613,,,,,,
8.129321,2.443381,,,,,,
8.129786,2.227527,,,,,,
8.130252,1.899214,,,,,,
8.130717,1.480262,,,,,,
8.131183,1.069368,,,,,,
8.131648,0.734340,,,,,,
8.132114,0.456382,,,,,,
8.132579,0.178424,,,,,,
8.133045,-0.016617,,,,,,
8.133510,-0.205783,,,,,,
8.133976,-0.447990,,,,,,
8.134441,-0.770260,,,,,,
8.134907,-1.191897,,,,,,
8.135372,-1.414969,,,,,,
8.135838,-1.403388,,,,,,
8.136303,-1.214054,,,,,,
8.136769,-0.948180,,,,,,
8.137234,-0.628763,,,,,,
8.137700,-0.364904,,,,,,
8.138165,-0.098360,,,,,,
8.138631,0.102892,,,,,,
8.139096,0.155596,,,,,,
8.139562,0.204440,,,,,,
8.140027,0.210986,,,,,,
8.140493,0.169696,,,,,,
8.140958,0.149554,,,,,,
8.141424,-0.000839,,,,,,
8.141890,-0.258991,,,,,,
8.142355,-0.604761,,,,,,
8.142821,-0.962951,,,,,,
8.143286,-1.252323,,,,,,
8.143752,-1.443336,,,,,,
8.144217,-1.595575,,,,,,
8.144683,-1.652140,,,,,,
8.145148,-1.648783,,,,,,
8.145614,-1.648783,,,,,,
8.146079,-1.759731,,,,,,
8.146545,-1.980789,,,,,,
8.147010,-2.068406,,,,,,
8.147476,-1.896193,,,,,,
8.147941,-1.527596,,,,,,
8.148407,-1.040162,,,,,,
8.148872,-0.475181,,,,,,
8.149338,0.031556,,,,,,
8.149803,0.495323,,,,,,
8.150269,0.902525,,,,,,
8.150734,1.116030,,,,,,
8.151200,1.274144,,,,,,
8.151665,1.401038,,,,,,
8.152131,1.441657,,,,,,
8.152596,1.472541,,,,,,
8.153062,1.380224,,,,,,
8.153527,1.153292,,,,,,
8.153993,0.810712,,,,,,
8.154458,0.398474,,,,,,
8.154924,0.039780,,,,,,
8.155390,-0.228611,,,,,,
8.155855,-0.496330,,,,,,
8.156321,-0.705806,,,,,,
8.156786,-0.841764,,,,,,
8.157252,-1.045197,,,,,,
8.157717,-1.290257,,,,,,
8.158183,-1.683024,,,,,,
8.158648,-2.025101,,,,,,
8.159114,-2.118425,,,,,,
8.159579,-2.002274,,,,,,
8.160045,-1.760906,,,,,,
8.160510,-1.407248,,,,,,
8.160976,-1.057282,,,,,,
8.161441,-0.743740,,,,,,
8.161907,-0.420462,,,,,,
8.162372,-0.266880,,,,,,
8.162838,-0.152743,,,,,,
8.163303,-0.034073,,,,,,
8.163769,0.007050,,,,,,
8.164234,0.073182,,,,,,
8.164700,0.075700,,,,,,
8.165165,-0.057572,,,,,,
8.165631,-0.279805,,,,,,
8.166096,-0.552560,,,,,,
8.166562,-0.764553,,,,,,
8.167027,-0.874830,,,,,,
8.167493,-0.948180,,,,,,
8.167958,-0.959762,,,,,,
8.168424,-0.891615,,,,,,
8.168890,-0.850828,,,,,,
8.169355,-0.850156,,,,,,
8.169821,-0.977050,,,,,,
8.170286,-1.129122,,,,,,
8.170752,-1.011627,,,,,,
8.171217,-0.679118,,,,,,
8.171683,-0.237171,,,,,,
8.172148,0.297261,,,,,,
8.172614,0.821622,,,,,,
8.173079,1.262394,,,,,,
8.173545,1.711055,,,,,,
8.174010,1.975753,,,,,,
8.174476,2.124132,,,,,,
8.174941,2.251026,,,,,,
8.175407,2.277211,,,,,,
8.175872,2.293996,,,,,,
8.176338,2.223499,,,,,,
8.176803,2.223499,,,,,,
8.177269,1.678996,,,,,,
8.177734,1.274647,,,,,,
8.178200,0.868620,,,,,,
8.178665,0.571191,,,,,,
8.179131,0.321431,,,,,,
8.179596,0.115648,,,,,,
8.180062,0.001511,,,,,,
8.180527,-0.112291,,,,,,
8.180993,-0.277455,,,,,,
8.181458,-0.529900,,,,,,
8.181924,-0.857038,,,,,,
8.182389,-0.936767,,,,,,
8.182855,-0.793423,,,,,,
8.183321,-0.478370,,,,,,
8.183786,-0.039109,,,,,,
8.184252,0.404013,,,,,,
8.184717,0.775967,,,,,,
8.185183,1.171084,,,,,,
8.185648,1.450385,,,,,,
8.186114,1.559991,,,,,,
8.186579,1.693599,,,,,,
8.187045,1.764263,,,,,,
8.187510,1.796490,,,,,,
8.187976,1.787091,,,,,,
8.188441,1.650462,,,,,,
8.188907,1.395499,,,,,,
8.189372,1.063828,,,,,,
8.189838,0.705638,,,,,,
8.190303,0.454368,,,,,,
8.190769,0.258991,,,,,,
8.191234,0.089128,,,,,,
8.191700,0.017288,,,,,,
8.192165,-0.062943,,,,,,
8.192631,-0.187488,,,,,,
8.193096,-0.372122,,,,,,
8.193562,-0.677272,,,,,,
8.194027,-0.823972,,,,,,
8.194493,-0.718898,,,,,,
8.194958,-0.460746,,,,,,
8.195424,-0.089464,,,,,,
8.195889,0.323781,,,,,,
8.196355,0.671229,,,,,,
8.196821,1.023713,,,,,,
8.197286,1.289586,,,,,,
8.197752,1.360082,,,,,,
8.198217,1.431922,,,,,,
8.198683,1.444511,,,,,,
8.199148,1.395331,,,,,,
8.199614,1.337591,,,,,,
8.200079,1.132982,,,,,,
8.200545,0.811551,,,,,,
8.201010,0.411734,,,,,,
8.201476,-0.033066,,,,,,
8.201941,-0.405020,,,,,,
8.202407,-0.689189,,,,,,
8.202872,-0.954894,,,,,,
8.203338,-1.117372,,,,,,
8.203803,-1.257359,,,,,,
8.204269,-1.423194,,,,,,
8.204734,-1.628641,,,,,,
8.205200,-1.957458,,,,,,
8.205665,-2.181033,,,,,,
8.206131,-2.127657,,,,,,
8.206596,-1.870344,,,,,,
8.207062,-1.510811,,,,,,
8.207527,-1.063325,,,,,,
8.207993,-1.063325,,,,,,
8.208458,-0.275441,,,,,,
8.208924,0.104570,,,,,,
8.209389,0.282490,,,,,,
8.209855,0.415427,,,,,,
8.210321,0.524193,,,,,,
8.210786,0.548196,,,,,,
8.211252,0.580591,,,,,,
8.211717,0.483909,,,,,,
8.212183,0.267720,,,,,,
8.212648,-0.052537,,,,,,
8.213114,-0.413077,,,,,,
8.213579,-0.738705,,,,,,
8.214045,-0.949187,,,,,,
8.214510,-1.133486,,,,,,
8.214976,-1.246952,,,,,,
8.215441,-1.302510,,,,,,
8.215907,-1.430243,,,,,,
8.216372,-1.586175,,,,,,
8.216838,-1.856580,,,,,,
8.217303,-2.064042,,,,,,
8.217769,-2.021073,,,,,,
8.218234,-1.752850,,,,,,
8.218700,-1.376028,,,,,,
8.219165,-0.937606,,,,,,
8.219631,-0.548028,,,,,,
8.220096,-0.151904,,,,,,
8.220562,0.251942,,,,,,
8.221027,0.470481,,,,,,
8.221493,0.610132,,,,,,
8.221958,0.757839,,,,,,
8.222424,0.757839,,,,,,
8.222889,0.887419,,,,,,
8.223355,0.854520,,,,,,
8.223820,0.682979,,,,,,
8.224286,0.423484,,,,,,
8.224752,0.112459,,,,,,
8.225217,-0.163989,,,,,,
8.225683,-0.351308,,,,,,
8.226148,-0.498344,,,,,,
8.226614,-0.583276,,,,,,
8.227079,-0.596704,,,,,,
8.227545,-0.657465,,,,,,
8.228010,-0.751797,,,,,,
8.228476,-0.974197,,,,,,
8.228941,-1.171756,,,,,,
8.229407,-1.138857,,,,,,
8.229872,-0.900847,,,,,,
8.230338,-0.541817,,,,,,
8.230803,-0.124041,,,,,,
8.231269,0.274769,,,,,,
8.231734,0.632288,,,,,,
8.232200,1.026902,,,,,,
8.232665,1.254002,,,,,,
8.233131,1.370153,,,,,,
8.233596,1.472877,,,,,,
8.234062,1.492683,,,,,,
8.234527,1.504433,,,,,,
8.234993,1.448371,,,,,,
8.235458,1.240574,,,,,,
8.235924,0.947173,,,,,,
8.236389,0.578241,,,,,,
8.236855,0.251774,,,,,,
8.237320,0.008560,,,,,,
8.237786,-0.186481,,,,,,
8.238252,-0.330495,,,,,,
8.238717,-0.363394,,,,,,
8.239183,-0.363394,,,,,,
8.239648,-0.504387,,,,,,
8.240114,-0.680964,,,,,,
8.240579,-0.894804,,,,,,
8.241045,-0.865599,,,,,,
8.241510,-0.636988,,,,,,
8.241976,-0.262181,,,,,,
8.242441,0.185138,,,,,,
8.242907,0.630945,,,,,,
8.243372,1.014649,,,,,,
8.243838,1.443336,,,,,,
8.244303,1.724315,,,,,,
8.244769,1.862287,,,,,,
8.245234,1.988510,,,,,,
8.245700,2.028458,,,,,,
8.246165,2.041550,,,,,,
8.246631,2.005295,,,,,,
8.247096,1.823346,,,,,,
8.247562,1.511482,,,,,,
8.248027,1.125429,,,,,,
8.248493,0.731655,,,,,,
8.248958,0.426505,,,,,,
8.249424,0.160296,,,,,,
8.249889,-0.072007,,,,,,
8.250355,-0.205280,,,,,,
8.250820,-0.345937,,,,,,
8.251286,-0.543328,,,,,,
8.251752,-0.796612,,,,,,
8.252217,-1.147417,,,,,,
8.252683,-1.290929,,,,,,
8.253148,-1.220096,,,,,,
8.253614,-1.220096,,,,,,
8.254079,-0.602411,,,,,,
8.254545,-0.203098,,,,,,
8.255010,0.152239,,,,,,
8.255476,0.533928,,,,,,
8.255941,0.825315,,,,,,
8.256407,0.970336,,,,,,
8.256872,1.111666,,,,,,
8.257338,1.182162,,,,,,
8.257803,1.219089,,,,,,
8.258269,1.249973,,,,,,
8.258734,1.143557,,,,,,
8.259200,0.915114,,,,,,
8.259665,0.612818,,,,,,
8.260131,0.274434,,,,,,
8.260596,0.030381,,,,,,
8.261062,-0.153918,,,,,,
8.261527,-0.310353,,,,,,
8.261993,-0.363394,,,,,,
8.262458,-0.406363,,,,,,
8.262924,-0.494987,,,,,,
8.263389,-0.664851,,,,,,
8.263855,-0.974365,,,,,,
8.264320,-1.124254,,,,,,
8.264786,-1.038315,,,,,,
8.265251,-0.776974,,,,,,
8.265717,-0.374807,,,,,,
8.266183,0.069657,,,,,,
8.266648,0.421469,,,,,,
8.267114,0.756832,,,,,,
8.267579,1.028412,,,,,,
8.268045,1.094713,,,,,,
8.268510,1.149599,,,,,,
8.268976,1.136507,,,,,,
8.269441,1.066011,,,,,,
8.269907,0.998535,,,,,,
8.270372,0.998535,,,,,,
8.270838,0.500694,,,,,,
8.271303,0.085603,,,,,,
8.271769,-0.353994,,,,,,
8.272234,-0.709163,,,,,,
8.272700,-0.985779,,,,,,
8.273165,-1.257359,,,,,,
8.273631,-1.397345,,,,,,
8.274096,-1.479255,,,,,,
8.274562,-1.591882,,,,,,
8.275027,-1.742275,,,,,,
8.275493,-2.012345,,,,,,
8.275958,-2.184222,,,,,,
8.276424,-2.099290,,,,,,
8.276889,-1.831067,,,,,,
8.277355,-1.416983,,,,,,
8.277820,-0.902525,,,,,,
8.278286,-0.442618,,,,,,
8.278751,-0.006882,,,,,,
8.279217,0.412070,,,,,,
8.279683,0.619364,,,,,,
8.280148,0.774624,,,,,,
8.280614,0.902525,,,,,,
8.281079,0.917632,,,,,,
8.281545,0.954559,,,,,,
8.282010,0.865095,,,,,,
8.282476,0.641688,,,,,,
8.282941,0.305653,,,,,,
8.283407,-0.080400,,,,,,
8.283872,-0.423148,,,,,,
8.284338,-0.680461,,,,,,
8.284803,-0.680461,,,,,,
8.285269,-1.087495,,,,,,
8.285734,-1.168566,,,,,,
8.286200,-1.290257,,,,,,
8.286665,-1.441657,,,,,,
8.287131,-1.704845,,,,,,
8.287596,-1.930602,,,,,,
8.288062,-1.892332,,,,,,
8.288527,-1.633341,,,,,,
8.288993,-1.258534,,,,,,
8.289458,-0.764218,,,,,,
8.289924,-0.300618,,,,,,
8.290389,0.121691,,,,,,
8.290855,0.571191,,,,,,
8.291320,0.845792,,,,,,
8.291786,1.032441,,,,,,
8.292251,1.223117,,,,,,
8.292717,1.299992,,,,,,
8.293183,1.395666,,,,,,
8.293648,1.402380,,,,,,
8.294114,1.257694,,,,,,
8.294579,1.012299,,,,,,
8.295045,0.671733,,,,,,
8.295510,0.361715,,,,,,
8.295976,0.148882,,,,,,
8.296441,-0.050523,,,,,,
8.296907,-0.213001,,,,,,
8.297372,-0.269398,,,,,,
8.297838,-0.377493,,,,,,
8.298303,-0.544839,,,,,,
8.298769,-0.808865,,,,,,
8.299234,-1.101595,,,,,,
8.299700,-1.158663,,,,,,
8.300165,-0.995346,,,,,,
8.300631,-0.719905,,,,,,
8.301096,-0.302296,,,,,,
8.301562,-0.302296,,,,,,
8.302027,0.487266,,,,,,
8.302493,0.896147,,,,,,
8.302958,1.133486,,,,,,
8.303424,1.258030,,,,,,
8.303889,1.397009,,,,,,
8.304355,1.444678,,,,,,
8.304820,1.465156,,,,,,
8.305286,1.454078,,,,,,
8.305751,1.312917,,,,,,
8.306217,1.066682,,,,,,
8.306682,0.740383,,,,,,
8.307148,0.430869,,,,,,
8.307614,0.227100,,,,,,
8.308079,0.078386,,,,,,
8.308545,-0.060258,,,,,,
8.309010,-0.052537,,,,,,
8.309476,-0.069322,,,,,,
8.309941,-0.145190,,,,,,
8.310407,-0.290211,,,,,,
8.310872,-0.538796,,,,,,
8.311338,-0.586969,,,,,,
8.311803,-0.414084,,,,,,
8.312269,-0.066133,,,,,,
8.312734,0.415427,,,,,,
8.313200,0.842435,,,,,,
8.313665,1.151278,,,,,,
8.314131,1.488655,,,,,,
8.314596,1.685039,,,,,,
8.315062,1.736736,,,,,,
8.315527,1.778363,,,,,,
8.315993,1.778363,,,,,,
8.316458,1.669596,,,,,,
8.316924,1.589700,,,,,,
8.317389,1.365454,,,,,,
8.317855,1.032441,,,,,,
8.318320,0.615503,,,,,,
8.318786,0.171710,,,,,,
8.319251,-0.157275,,,,,,
8.319717,-0.406027,,,,,,
8.320182,-0.643702,,,,,,
8.320648,-0.761868,,,,,,
8.321114,-0.843442,,,,,,
8.321579,-0.966140,,,,,,
8.322045,-1.135500,,,,,,
8.322510,-1.420844,,,,,,
8.322976,-1.517189,,,,,,
8.323441,-1.364111,,,,,,
8.323907,-1.050568,,,,,,
8.324372,-0.650584,,,,,,
8.324838,-0.206119,,,,,,
8.325303,0.196551,,,,,,
8.325769,0.621546,,,,,,
8.326234,0.966644,,,,,,
8.326700,1.120897,,,,,,
8.327165,1.278172,,,,,,
8.327631,1.380224,,,,,,
8.328096,1.395499,,,,,,
8.328562,1.382238,,,,,,
8.329027,1.243259,,,,,,
8.329493,0.985443,,,,,,
8.329958,0.618860,,,,,,
8.330424,0.196384,,,,,,
8.330889,-0.124041,,,,,,
8.331355,-0.374136,,,,,,
8.331820,-0.615839,,,,,,
8.332286,-0.758175,,,,,,
8.332751,-0.852842,,,,,,
8.333217,-1.006928,,,,,,
8.333682,-1.198108,,,,,,
8.334148,-1.497047,,,,,,
8.334614,-1.671611,,,,,,
8.335079,-1.594903,,,,,,
8.335545,-1.330205,,,,,,
8.336010,-0.973693,,,,,,
8.336476,-0.574548,,,,,,
8.336941,-0.199573,,,,,,
8.337407,0.194873,,,,,,
8.337872,0.547356,,,,,,
8.338338,0.699763,,,,,,
8.338803,0.839078,,,,,,
8.339269,0.959426,,,,,,
8.339734,0.983932,,,,,,
8.340200,0.998032,,,,,,
8.340665,0.906554,,,,,,
8.341131,0.687343,,,,,,
8.341596,0.363058,,,,,,
8.342062,-0.031052,,,,,,
8.342527,-0.387228,,,,,,
8.342993,-0.635309,,,,,,
8.343458,-0.869963,,,,,,
8.343924,-1.023377,,,,,,
8.344389,-1.138857,,,,,,
8.344855,-1.304692,,,,,,
8.345320,-1.526589,,,,,,
8.345786,-1.889479,,,,,,
8.346251,-2.197818,,,,,,
8.346717,-2.246159,,,,,,
8.347182,-2.246159,,,,,,
8.347648,-1.800183,,,,,,
8.348113,-1.449042,,,,,,
8.348579,-1.133654,,,,,,
8.349045,-0.821622,,,,,,
8.349510,-0.500023,,,,,,
8.349976,-0.379171,,,,,,
8.350441,-0.313039,,,,,,
8.350907,-0.219043,,,,,,
8.351372,-0.203601,,,,,,
8.351838,-0.172885,,,,,,
8.352303,-0.240192,,,,,,
8.352769,-0.393942,,,,,,
8.353234,-0.642863,,,,,,
8.353700,-0.941802,,,,,,
8.354165,-1.181155,,,,,,
8.354631,-1.284886,,,,,,
8.355096,-1.378546,,,,,,
8.355562,-1.361425,,,,,,
8.356027,-1.255848,,,,,,
8.356493,-1.168399,,,,,,
8.356958,-1.114855,,,,,,
8.357424,-1.165713,,,,,,
8.357889,-1.225803,,,,,,
8.358355,-1.052918,,,,,,
8.358820,-0.671901,,,,,,
8.359286,-0.164660,,,,,,
8.359751,0.415259,,,,,,
8.360217,0.941466,,,,,,
8.360682,1.440650,,,,,,
8.361148,1.944701,,,,,,
8.361613,2.243641,,,,,,
8.362079,2.414176,,,,,,
8.362545,2.573968,,,,,,
8.363010,2.631708,,,,,,
8.363476,2.664607,,,,,,
8.363941,2.590417,,,,,,
8.364407,2.385977,,,,,,
8.364872,2.063706,,,,,,
8.365338,1.648447,,,,,,
8.365803,1.233524,,,,,,
8.366269,0.914275,,,,,,
8.366734,0.629938,,,,,,
8.367200,0.405020,,,,,,
8.367665,0.282658,,,,,,
8.368131,0.123369,,,,,,
8.368596,-0.056565,,,,,,
8.369062,-0.309682,,,,,,
8.369527,-0.625910,,,,,,
8.369993,-0.717891,,,,,,
8.370458,-0.558770,,,,,,
8.370924,-0.246067,,,,,,
8.371389,0.172045,,,,,,
8.371855,0.584283,,,,,,
8.372320,0.974701,,,,,,
8.372786,1.395666,,,,,,
8.373251,1.673960,,,,,,
8.373717,1.822675,,,,,,
8.374182,1.961654,,,,,,
8.374648,2.036011,,,,,,
8.375113,2.080491,,,,,,
8.375579,2.088548,,,,,,
8.376045,1.928756,,,,,,
8.376510,1.676646,,,,,,
8.376976,1.331548,,,,,,
8.377441,0.969329,,,,,,
8.377907,0.702449,,,,,,
8.378372,0.702449,,,,,,
8.378838,0.289036,,,,,,
8.379303,0.206119,,,,,,
8.379769,0.097017,,,,,,
8.380234,-0.069657,,,,,,
8.380700,-0.319417,,,,,,
8.381165,-0.674922,,,,,,
8.381631,-0.847974,,,,,,
8.382096,-0.816251,,,,,,
8.382562,-0.614496,,,,,,
8.383027,-0.321263,,,,,,
8.383493,-0.019303,,,,,,
8.383958,0.233814,,,,,,
8.384424,0.543328,,,,,,
8.384889,0.756832,,,,,,
8.385355,0.786038,,,,,,
8.385820,0.805341,,,,,,
8.386286,0.801312,,,,,,
8.386751,0.734340,,,,,,
8.387217,0.677272,,,,,,
8.387682,0.488273,,,,,,
8.388148,0.218708,,,,,,
8.388613,-0.151568,,,,,,
8.389079,-0.558267,,,,,,
8.389544,-0.855528,,,,,,
8.390010,-1.081117,,,,,,
8.390476,-1.269444,,,,,,
8.390941,-1.323995,,,,,,
8.391407,-1.366461,,,,,,
8.391872,-1.481102,,,,,,
8.392338,-1.617563,,,,,,
8.392803,-1.880415,,,,,,
8.393269,-2.017044,,,,,,
8.393734,-1.908278,,,,,,
8.394200,-1.592050,,,,,,
8.394665,-1.142885,,,,,,
8.395131,-0.658808,,,,,,
8.395596,-0.269734,,,,,,
8.396062,0.140154,,,,,,
8.396527,0.484413,,,,,,
8.396993,0.593347,,,,,,
8.397458,0.674586,,,,,,
8.397924,0.705806,,,,,,
8.398389,0.645045,,,,,,
8.398855,0.607111,,,,,,
8.399320,0.426841,,,,,,
8.399786,0.109270,,,,,,
8.400251,-0.282826,,,,,,
8.400717,-0.759518,,,,,,
8.401182,-1.167727,,,,,,
8.401648,-1.485298,,,,,,
8.402113,-1.765942,,,,,,
8.402579,-1.927077,,,,,,
8.403044,-2.020233,,,,,,
8.403510,-2.165255,,,,,,
8.403976,-2.321019,,,,,,
8.404441,-2.576150,,,,,,
8.404907,-2.744839,,,,,,
8.405372,-2.641444,,,,,,
8.405838,-2.336965,,,,,,
8.406303,-1.896864,,,,,,
8.406769,-1.376532,,,,,,
8.407234,-0.900847,,,,,,
8.407700,-0.421805,,,,,,
8.408165,0.084428,,,,,,
8.408631,0.386221,,,,,,
8.409096,0.625238,,,,,,
8.409562,0.625238,,,,,,
8.410027,0.994842,,,,,,
8.410493,1.145571,,,,,,
8.410958,1.187869,,,,,,
8.411424,1.078096,,,,,,
8.411889,0.868452,,,,,,
8.412355,0.578912,,,,,,
8.412820,0.333181,,,,,,
8.413286,0.187823,,,,,,
8.413751,0.040787,,,,,,
8.414217,-0.010575,,,,,,
8.414682,0.024506,,,,,,
8.415148,-0.008896,,,,,,
8.415613,-0.116320,,,,,,
8.416079,-0.316060,,,,,,
8.416544,-0.513115,,,,,,
8.417010,-0.477867,,,,,,
8.417476,-0.251270,,,,,,
8.417941,0.108431,,,,,,
8.418407,0.525536,,,,,,
8.418872,0.907897,,,,,,
8.419338,1.269780,,,,,,
8.419803,1.670268,,,,,,
8.420269,1.878065,,,,,,
8.420734,1.983810,,,,,,
8.421200,2.087877,,,,,,
8.421665,2.091905,,,,,,
8.422131,2.094591,,,,,,
8.422596,2.023423,,,,,,
8.423062,1.811261,,,,,,
8.423527,1.492348,,,,,,
8.423993,1.492348,,,,,,
8.424458,0.741726,,,,,,
8.424924,0.486931,,,,,,
8.425389,0.242878,,,,,,
8.425855,0.089799,,,,,,
8.426320,0.038773,,,,,,
8.426786,-0.038437,,,,,,
8.427251,-0.174060,,,,,,
8.427717,-0.369436,,,,,,
8.428182,-0.626917,,,,,,
8.428648,-0.664515,,,,,,
8.429113,-0.476860,,,,,,
8.429579,-0.166003,,,,,,
8.430044,0.228779,,,,,,
8.430510,0.610636,,,,,,
8.430975,0.967987,,,,,,
8.431441,1.355718,,,,,,
8.431907,1.581643,,,,,,
8.432372,1.671611,,,,,,
8.432838,1.752178,,,,,,
8.433303,1.738079,,,,,,
8.433769,1.718273,,,,,,
8.434234,1.664897,,,,,,
8.434700,1.463142,,,,,,
8.435165,1.132143,,,,,,
8.435631,0.723598,,,,,,
8.436096,0.294911,,,,,,
8.436562,-0.025010,,,,,,
8.437027,-0.302464,,,,,,
8.437493,-0.537621,,,,,,
8.437958,-0.639841,,,,,,
8.438424,-0.749111,,,,,,
8.438889,-0.909911,,,,,,
8.439355,-1.150942,,,,,,
8.439820,-1.464820,,,,,,
8.440286,-1.590372,,,,,,
8.440751,-1.590372,,,,,,
8.441217,-1.190219,,,,,,
8.441682,-0.760189,,,,,,
8.442148,-0.344259,,,,,,
8.442613,0.026017,,,,,,
8.443079,0.421134,,,,,,
8.443544,0.697246,,,,,,
8.444010,0.788724,,,,,,
8.444475,0.890776,,,,,,
8.444941,0.935760,,,,,,
8.445407,0.915618,,,,,,
8.445872,0.909071,,,,,,
8.446338,0.775128,,,,,,
8.446803,0.519829,,,,,,
8.447269,0.147875,,,,,,
8.447734,-0.241199,,,,,,
8.448200,-0.524529,,,,,,
8.448665,-0.747768,,,,,,
8.449131,-0.945495,,,,,,
8.449596,-1.006928,,,,,,
8.450062,-1.065003,,,,,,
8.450527,-1.180819,,,,,,
8.450993,-1.359747,,,,,,
8.451458,-1.627970,,,,,,
8.451924,-1.741772,,,,,,
8.452389,-1.651972,,,,,,
8.452855,-1.406912,,,,,,
8.453320,-1.067689,,,,,,
8.453786,-0.705974,,,,,,
8.454251,-0.392935,,,,,,
8.454717,-0.037095,,,,,,
8.455182,-0.037095,,,,,,
8.455648,0.311360,,,,,,
8.456113,0.378836,,,,,,
8.456579,0.396460,,,,,,
8.457044,0.350637,,,,,,
8.457510,0.348959,,,,,,
8.457975,0.222736,,,,,,
8.458441,0.001846,,,,,,
8.458907,-0.312367,,,,,,
8.459372,-0.658473,,,,,,
8.459838,-0.920989,,,,,,
8.460303,-1.087495,,,,,,
8.460769,-1.242756,,,,,,
8.461234,-1.275822,,,,,,
8.461700,-1.245274,,,,,,
8.462165,-1.263066,,,,,,
8.462631,-1.332891,,,,,,
8.463096,-1.546731,,,,,,
8.463562,-1.646433,,,,,,
8.464027,-1.505104,,,,,,
8.464493,-1.216068,,,,,,
8.464958,-0.828336,,,,,,
8.465424,-0.381689,,,,,,
8.465889,0.002182,,,,,,
8.466355,0.413077,,,,,,
8.466820,0.778653,,,,,,
8.467286,0.945159,,,,,,
8.467751,1.066682,,,,,,
8.468217,1.176791,,,,,,
8.468682,1.193576,,,,,,
8.469148,1.208347,,,,,,
8.469613,1.134493,,,,,,
8.470079,0.956405,,,,,,
8.470544,0.673075,,,,,,
8.471010,0.308171,,,,,,
8.471475,0.033066,,,,,,
8.471941,0.033066,,,,,,
8.472406,-0.323949,,,,,,
8.472872,-0.405020,,,,,,
8.473338,-0.390585,,,,,,
8.473803,-0.448997,,,,,,
8.474269,-0.549371,,,,,,
8.474734,-0.775631,,,,,,
8.475200,-0.962280,,,,,,
8.475665,-0.920989,,,,,,
8.476131,-0.688014,,,,,,
8.476596,-0.312535,,,,,,
8.477062,0.109941,,,,,,
8.477527,0.466789,,,,,,
8.477993,0.828336,,,,,,
8.478458,1.174777,,,,,,
8.478924,1.274144,,,,,,
8.479389,1.330541,,,,,,
8.479855,1.397345,,,,,,
8.480320,1.364782,,,,,,
8.480786,1.333898,,,,,,
8.481251,1.247791,,,,,,
8.481717,1.045533,,,,,,
8.482182,0.744244,,,,,,
8.482648,0.349966,,,,,,
8.483113,-0.002350,,,,,,
8.483579,-0.243885,,,,,,
8.484044,-0.485420,,,,,,
8.484510,-0.630945,,,,,,
8.484975,-0.665858,,,,,,
8.485441,-0.731487,,,,,,
8.485906,-0.815244,,,,,,
8.486372,-0.815244,,,,,,
8.486838,-1.204990,,,,,,
8.487303,-1.166720,,,,,,
8.487769,-0.927367,,,,,,
8.488234,-0.551720,,,,,,
8.488700,-0.092149,,,,,,
8.489165,0.342580,,,,,,
8.489631,0.760525,,,,,,
8.490096,1.241749,,,,,,
8.490562,1.520211,,,,,,
8.491027,1.703838,,,,,,
8.491493,1.891829,,,,,,
8.491958,1.980453,,,,,,
8.492424,2.047257,,,,,,
8.492889,2.054307,,,,,,
8.493355,1.915328,,,,,,
8.493820,1.671946,,,,,,
8.494286,1.328862,,,,,,
8.494751,0.952544,,,,,,
8.495217,0.691203,,,,,,
8.495682,0.433387,,,,,,
8.496148,0.213336,,,,,,
8.496613,0.109102,,,,,,
8.497079,-0.009567,,,,,,
8.497544,-0.180774,,,,,,
8.498010,-0.425162,,,,,,
8.498475,-0.763546,,,,,,
8.498941,-0.891783,,,,,,
8.499406,-0.821958,,,,,,
8.499872,-0.613825,,,,,,
8.500337,-0.302632,,,,,,
8.500803,-0.013260,,,,,,
8.501269,0.250935,,,,,,
8.501734,0.593347,,,,,,
8.502200,0.789395,,,,,,
8.502665,0.817258,,,,,,
8.503131,0.817258,,,,,,
8.503596,0.881376,,,,,,
8.504062,0.843778,,,,,,
8.504527,0.806180,,,,,,
8.504993,0.663844,,,,,,
8.505458,0.412741,,,,,,
8.505924,0.081407,,,,,,
8.506389,-0.287190,,,,,,
8.506855,-0.534264,,,,,,
8.507320,-0.721584,,,,,,
8.507786,-0.877348,,,,,,
8.508251,-0.897154,,,,,,
8.508717,-0.930220,,,,,,
8.509182,-0.993164,,,,,,
8.509648,-1.117037,,,,,,
8.510113,-1.357733,,,,,,
8.510579,-1.447364,,,,,,
8.511044,-1.306706,,,,,,
8.511510,-1.016159,,,,,,
8.511975,-0.629435,,,,,,
8.512441,-0.230793,,,,,,
8.512906,0.129076,,,,,,
8.513372,0.545342,,,,,,
8.513837,0.860060,,,,,,
8.514303,0.962615,,,,,,
8.514769,1.082124,,,,,,
8.515234,1.139864,,,,,,
8.515700,1.113512,,,,,,
8.516165,1.109987,,,,,,
8.516631,0.974365,,,,,,
8.517096,0.734340,,,,,,
8.517562,0.734340,,,,,,
8.518027,0.003861,,,,,,
8.518493,-0.311025,,,,,,
8.518958,-0.537957,,,,,,
8.519424,-0.768917,,,,,,
8.519889,-0.869795,,,,,,
8.520355,-0.945159,,,,,,
8.520820,-1.061646,,,,,,
8.521286,-1.235538,,,,,,
8.521751,-1.524910,,,,,,
8.522217,-1.726665,,,,,,
8.522682,-1.672618,,,,,,
8.523148,-1.435615,,,,,,
8.523613,-1.063996,,,,,,
8.524079,-0.659815,,,,,,
8.524544,-0.323110,,,,,,
8.525010,0.052873,,,,,,
8.525475,0.349630,,,,,,
8.525941,0.436576,,,,,,
8.526406,0.506065,,,,,,
8.526872,0.583108,,,,,,
8.527337,0.580591,,,,,,
8.527803,0.593347,,,,,,
8.528269,0.490959,,,,,,
8.528734,0.292393,,,,,,
8.529200,0.006210,,,,,,
8.529665,-0.344259,,,,,,
8.530131,-0.636988,,,,,,
8.530596,-0.796445,,,,,,
8.531062,-0.953552,,,,,,
8.531527,-1.003571,,,,,,
8.531993,-0.975540,,,,,,
8.532458,-1.003906,,,,,,
8.532924,-1.065675,,,,,,
8.533389,-1.227649,,,,,,
8.533855,-1.366461,,,,,,
8.534320,-1.275486,,,,,,
8.534786,-0.986786,,,,,,
8.535251,-0.602075,,,,,,
8.535717,-0.156603,,,,,,
8.536182,0.215351,,,,,,
8.536648,0.629267,,,,,,
8.537113,1.031098,,,,,,
8.537579,1.185519,,,,,,
8.538044,1.262058,,,,,,
8.538510,1.341283,,,,,,
8.538975,1.318791,,,,,,
8.539441,1.296132,,,,,,
8.539906,1.191394,,,,,,
8.540372,0.957244,,,,,,
8.540837,0.645045,,,,,,
8.541303,0.244221,,,,,,
8.541768,-0.118334,,,,,,
8.542234,-0.389578,,,,,,
8.542700,-0.627588,,,,,,
8.543165,-0.764218,,,,,,
8.543631,-0.810544,,,,,,
8.544096,-0.895140,,,,,,
8.544562,-0.997192,,,,,,
8.545027,-1.187869,,,,,,
8.545493,-1.386099,,,,,,
8.545958,-1.359075,,,,,,
8.546424,-1.118044,,,,,,
8.546889,-0.738033,,,,,,
8.547355,-0.279469,,,,,,
8.547820,0.129412,,,,,,
8.548286,0.541314,,,,,,
8.548751,0.541314,,,,,,
8.549217,1.284550,,,,,,
8.549682,1.452064,,,,,,
8.550148,1.605478,,,,,,
8.550613,1.686381,,,,,,
8.551079,1.758221,,,,,,
8.551544,1.761578,,,,,,
8.552010,1.627970,,,,,,
8.552475,1.402380,,,,,,
8.552941,1.080781,,,,,,
8.553406,0.753140,,,,,,
8.553872,0.515129,,,,,,
8.554337,0.300954,,,,,,
8.554803,0.141497,,,,,,
8.555268,0.106752,,,,,,
8.555734,0.030045,,,,,,
8.556200,-0.105745,,,,,,
8.556665,-0.317739,,,,,,
8.557131,-0.599390,,,,,,
8.557596,-0.671733,,,,,,
8.558062,-0.546685,,,,,,
8.558527,-0.247913,,,,,,
8.558993,0.174228,,,,,,
8.559458,0.548196,,,,,,
8.559924,0.866606,,,,,,
8.560389,1.247288,,,,,,
8.560855,1.439307,,,,,,
8.561320,1.497719,,,,,,
8.561786,1.544717,,,,,,
8.562251,1.529946,,,,,,
8.562717,1.469856,,,,,,
8.563182,1.408423,,,,,,
8.563648,1.217075,,,,,,
8.564113,0.912261,,,,,,
8.564579,0.529564,,,,,,
8.565044,0.131762,,,,,,
8.565510,-0.153918,,,,,,
8.565975,-0.415427,,,,,,
8.566441,-0.628931,,,,,,
8.566906,-0.692714,,,,,,
8.567372,-0.774456,,,,,,
8.567837,-0.921996,,,,,,
8.568303,-1.106126,,,,,,
8.568768,-1.398520,,,,,,
8.569234,-1.527764,,,,,,
8.569700,-1.441825,,,,,,
8.570165,-1.175784,,,,,,
8.570631,-0.814572,,,,,,
8.571096,-0.452857,,,,,,
8.571562,-0.114305,,,,,,
8.572027,0.284504,,,,,,
8.572493,0.572534,,,,,,
8.572958,0.688685,,,,,,
8.573424,0.797452,,,,,,
8.573889,0.838071,,,,,,
8.574355,0.835386,,,,,,
8.574820,0.836393,,,,,,
8.575286,0.712016,,,,,,
8.575751,0.486763,,,,,,
8.576217,0.183795,,,,,,
8.576682,-0.178759,,,,,,
8.577148,-0.450004,,,,,,
8.577613,-0.662333,,,,,,
8.578079,-0.844953,,,,,,
