Time_s,Channel_0
0.000000,0.0
0.000466,0.0
0.000931,0.0
0.001397,0.0
0.001862,0.0
0.002328,0.0
0.002793,0.0
0.003259,0.0
0.003724,0.0
0.004190,0.0
0.004655,0.0
0.005121,0.0
0.005586,0.0
0.006052,0.0
0.006517,0.0
0.006983,0.0
0.007448,0.0
0.007914,0.0
0.008379,0.0
0.008845,0.0
0.009310,0.0
0.009776,0.0
0.010241,0.0
0.010707,0.0
0.011172,0.0
0.011638,0.0
0.012103,0.0
0.012569,0.0
0.013034,0.0
0.013500,0.0
0.013966,0.0
0.014431,0.0
0.014897,0.0
0.015362,0.0
0.015828,0.0
0.016293,0.0
0.016759,0.0
0.017224,0.0
0.017690,0.0
0.018155,0.0
0.018621,0.0
0.019086,0.0
0.019552,0.0
0.020017,0.0
0.020483,0.0
0.020948,0.0
0.021414,0.0
0.021879,0.0
0.022345,0.0
0.022810,0.0
0.023276,0.0
0.023741,0.0
0.024207,0.0
0.024672,0.0
0.025138,0.0
0.025603,0.0
0.026069,0.0
0.026534,0.0
0.027000,0.0
0.027465,0.0
0.027931,0.0
0.028397,0.0
0.028862,0.0
0.029328,0.0
0.029793,0.0
0.030259,0.0
0.030724,0.0
0.031190,0.0
0.031655,0.0
0.032121,0.0
0.032586,0.0
0.033052,0.0
0.033517,0.0
0.033983,0.0
0.034448,0.0
0.034914,0.0
0.035379,0.0
0.035845,0.0
0.036310,0.0
0.036776,0.0
0.037241,0.0
0.037707,0.0
0.038172,0.0
0.038638,0.0
0.039103,0.0
0.039569,0.0
0.040034,0.0
0.040500,0.0
0.040965,0.0
0.041431,0.0
0.041897,0.0
0.042362,0.0
0.042828,0.0
0.043293,0.0
0.043759,0.0
0.044224,0.0
0.044690,0.0
0.045155,0.0
0.045621,0.0
0.046086,0.0
0.046552,0.0
0.047017,0.0
0.047483,0.0
0.047948,0.0
0.048414,0.0
0.048879,0.0
0.049345,0.0
0.049810,0.0
0.050276,0.0
0.050741,0.0
0.051207,0.0
0.051672,0.0
0.052138,0.0
0.052603,0.0
0.053069,0.0
0.053534,0.0
0.054000,0.0
0.054465,0.0
0.054931,0.0
0.055397,0.0
0.055862,0.0
0.056328,0.0
0.056793,0.0
0.057259,0.0
0.057724,0.0
0.058190,0.0
0.058655,0.0
0.059121,0.0
0.059586,0.0
0.060052,0.0
0.060517,0.0
0.060983,0.0
0.061448,0.0
0.061914,0.0
0.062379,0.0
0.062845,0.0
0.063310,0.0
0.063776,0.0
0.064241,0.0
0.064707,0.0
0.065172,0.0
0.065638,0.0
0.066103,0.0
0.066569,0.0
0.067034,0.0
0.067500,0.0
0.067965,0.0
0.068431,0.0
0.068896,0.0
0.069362,0.0
0.069828,0.0
0.070293,0.0
0.070759,0.0
0.071224,0.0
0.071690,0.0
0.072155,0.0
0.072621,0.0
0.073086,0.0
0.073552,0.0
0.074017,0.0
0.074483,0.0
0.074948,0.0
0.075414,0.0
0.075879,0.0
0.076345,0.0
0.076810,0.0
0.077276,0.0
0.077741,0.0
0.078207,0.0
0.078672,0.0
0.079138,0.0
0.079603,0.0
0.080069,0.0
0.080534,0.0
0.081000,0.0
0.081465,0.0
0.081931,0.0
0.082396,0.0
0.082862,0.0
0.083328,0.0
0.083793,0.0
0.084259,0.0
0.084724,0.0
0.085190,0.0
0.085655,0.0
0.086121,0.0
0.086586,0.0
0.087052,0.0
0.087517,0.0
0.087983,0.0
0.088448,0.0
0.088914,0.0
0.089379,0.0
0.089845,0.0
0.090310,0.0
0.090776,0.0
0.091241,0.0
0.091707,0.0
0.092172,0.0
0.092638,0.0
0.093103,0.0
0.093569,0.0
0.094034,0.0
0.094500,0.0
0.094965,0.0
0.095431,0.0
0.095896,0.0
0.096362,0.0
0.096828,0.0
0.097293,0.0
0.097759,0.0
0.098224,0.0
0.098690,0.0
0.099155,0.0
0.099621,0.0
0.100086,0.0
0.100552,0.0
0.101017,0.0
0.101483,0.0
0.101948,0.0
0.102414,0.0
0.102879,0.0
0.103345,0.0
0.103810,0.0
0.104276,0.0
0.104741,0.0
0.105207,0.0
0.105672,0.0
0.106138,0.0
0.106603,0.0
0.107069,0.0
0.107534,0.0
0.108000,0.0
0.108465,0.0
0.108931,0.0
0.109396,0.0
0.109862,0.0
0.110327,0.0
0.110793,0.0
0.111259,0.0
0.111724,0.0
0.112190,0.0
0.112655,0.0
0.113121,0.0
0.113586,0.0
0.114052,0.0
0.114517,0.0
0.114983,0.0
0.115448,0.0
0.115914,0.0
0.116379,0.0
0.116845,0.0
0.117310,0.0
0.117776,0.0
0.118241,0.0
0.118707,0.0
0.119172,0.0
0.119638,0.0
0.120103,0.0
0.120569,0.0
0.121034,0.0
0.121500,0.0
0.121965,0.0
0.122431,0.0
0.122896,0.0
0.123362,0.0
0.123827,0.0
0.124293,0.0
0.124759,0.0
0.125224,0.0
0.125690,0.0
0.126155,0.0
0.126621,0.0
0.127086,0.0
0.127552,0.0
0.128017,0.0
0.128483,0.0
0.128948,0.0
0.129414,0.0
0.129879,0.0
0.130345,0.0
0.130810,0.0
0.131276,0.0
0.131741,0.0
0.132207,0.0
0.132672,0.0
0.133138,0.0
0.133603,0.0
0.134069,0.0
0.134534,0.0
0.135000,0.0
0.135465,0.0
0.135931,0.0
0.136396,0.0
0.136862,0.0
0.137327,0.0
0.137793,0.0
0.138259,0.0
0.138724,0.0
0.139190,0.0
0.139655,0.0
0.140121,0.0
0.140586,0.0
0.141052,0.0
0.141517,0.0
0.141983,0.0
0.142448,0.0
0.142914,0.0
0.143379,0.0
0.143845,0.0
0.144310,0.0
0.144776,0.0
0.145241,0.0
0.145707,0.0
0.146172,0.0
0.146638,0.0
0.147103,0.0
0.147569,0.0
0.148034,0.0
0.148500,0.0
0.148965,0.0
0.149431,0.0
0.149896,0.0
0.150362,0.0
0.150827,0.0
0.151293,0.0
0.151758,0.0
0.152224,0.0
0.152690,0.0
0.153155,0.0
0.153621,0.0
0.154086,0.0
0.154552,0.0
0.155017,0.0
0.155483,0.0
0.155948,0.0
0.156414,0.0
0.156879,0.0
0.157345,0.0
0.157810,0.0
0.158276,0.0
0.158741,0.0
0.159207,0.0
0.159672,0.0
0.160138,0.0
0.160603,0.0
0.161069,0.0
0.161534,0.0
0.162000,0.0
0.162465,0.0
0.162931,0.0
0.163396,0.0
0.163862,0.0
0.164327,0.0
0.164793,0.0
0.165258,0.0
0.165724,0.0
0.166190,0.0
0.166655,0.0
0.167121,0.0
0.167586,0.0
0.168052,0.0
0.168517,0.0
0.168983,0.0
0.169448,0.0
0.169914,0.0
0.170379,0.0
0.170845,0.0
0.171310,0.0
0.171776,0.0
0.172241,0.0
0.172707,0.0
0.173172,0.0
0.173638,0.0
0.174103,0.0
0.174569,0.0
0.175034,0.0
0.175500,0.0
0.175965,0.0
0.176431,0.0
0.176896,0.0
0.177362,0.0
0.177827,0.0
0.178293,0.0
0.178758,0.0
0.179224,0.0
0.179690,0.0
0.180155,0.0
0.180621,0.0
0.181086,0.0
0.181552,0.0
0.182017,0.0
0.182483,0.0
0.182948,0.0
0.183414,0.0
0.183879,0.0
0.184345,0.0
0.184810,0.0
0.185276,0.0
0.185741,0.0
0.186207,0.0
0.186672,0.0
0.187138,0.0
0.187603,0.0
0.188069,0.0
0.188534,0.0
0.189000,0.0
0.189465,0.0
0.189931,0.0
0.190396,0.0
0.190862,0.0
0.191327,0.0
0.191793,0.0
0.192258,0.0
0.192724,0.0
0.193189,0.0
0.193655,0.0
0.194121,0.0
0.194586,0.0
0.195052,0.0
0.195517,0.0
0.195983,0.0
0.196448,0.0
0.196914,0.0
0.197379,0.0
0.197845,0.0
0.198310,0.0
0.198776,0.0
0.199241,0.0
0.199707,0.0
0.200172,0.0
0.200638,0.0
0.201103,0.0
0.201569,0.0
0.202034,0.0
0.202500,0.0
0.202965,0.0
0.203431,0.0
0.203896,0.0
0.204362,0.0
0.204827,0.0
0.205293,0.0
0.205758,0.0
0.206224,0.0
0.206689,0.0
0.207155,0.0
0.207621,0.0
0.208086,0.0
0.208552,0.0
0.209017,0.0
0.209483,0.0
0.209948,0.0
0.210414,0.0
0.210879,0.0
0.211345,0.0
0.211810,0.0
0.212276,0.0
0.212741,0.0
0.213207,0.0
0.213672,0.0
0.214138,0.0
0.214603,0.0
0.215069,0.0
0.215534,0.0
0.216000,0.0
0.216465,0.0
0.216931,0.0
0.217396,0.0
0.217862,0.0
0.218327,0.0
0.218793,0.0
0.219258,0.0
0.219724,0.0
0.220189,0.0
0.220655,0.0
0.221120,0.0
0.221586,0.0
0.222052,0.0
0.222517,0.0
0.222983,0.0
0.223448,0.0
0.223914,0.0
0.224379,0.0
0.224845,0.0
0.225310,0.0
0.225776,0.0
0.226241,0.0
0.226707,0.0
0.227172,0.0
0.227638,0.0
0.228103,0.0
0.228569,0.0
0.229034,0.0
0.229500,0.0
0.229965,0.0
0.230431,0.0
0.230896,0.0
0.231362,0.0
0.231827,0.0
0.232293,0.0
0.232758,0.0
0.233224,0.0
0.233689,0.0
0.234155,0.0
0.234620,0.0
0.235086,0.0
0.235552,0.0
0.236017,0.0
0.236483,0.0
0.236948,0.0
0.237414,0.0
0.237879,0.0
0.238345,0.0
0.238810,0.0
0.239276,0.0
0.239741,0.0
0.240207,0.0
0.240672,0.0
0.241138,0.0
0.241603,0.0
0.242069,0.0
0.242534,0.0
0.243000,-0.8140688181887541
0.243465,-0.09752040894178682
0.243931,-0.09684901197833219
0.244396,-0.04682993820096131
0.244862,-0.553398947127489
0.245327,-2.072266727702754
0.245793,-4.008072022583352
0.246258,-5.371511406118867
0.246724,-5.230518043793393
0.247189,-4.043488212405585
0.247655,-3.3316395819027997
0.248120,-3.960234988937209
0.248586,-4.811398489356833
0.249052,-3.611108567940795
0.249517,-1.5381704432745857
0.249983,-1.58466468299382
0.250448,-3.4031433585107194
0.250914,-5.251834897383078
0.251379,-5.491020065613794
0.251845,-5.493034256504157
0.252310,-5.493537804226749
0.252776,-5.493873502708476
0.253241,-5.49404135194934
0.253707,-5.49404135194934
0.254172,-5.494209201190204
0.254638,-5.494377050431067
0.255103,-5.49404135194934
0.255569,-5.494377050431067
0.256034,-5.494209201190204
0.256500,-4.885420004577706
0.256965,2.997787441824979
0.257431,5.486488136110475
0.257896,5.490516517891203
0.258362,5.491187914854658
0.258827,5.4918593118181125
0.259293,5.492530708781567
0.259758,5.492530708781567
0.260224,5.493202105745021
0.260689,5.493202105745021
0.261155,5.492530708781567
0.261620,5.4918593118181125
0.262086,5.492530708781567
0.262551,5.492530708781567
0.263017,5.492530708781567
0.263483,5.492530708781567
0.263948,5.4928664072632944
0.264414,5.493034256504157
0.264879,5.493202105745021
0.265345,5.4928664072632944
0.265810,5.493202105745021
0.266276,5.492530708781567
0.266741,5.492530708781567
0.267207,5.492530708781567
0.267672,5.492530708781567
0.268138,5.492530708781567
0.268603,5.492530708781567
0.269069,5.492530708781567
0.269534,5.492530708781567
0.270000,5.4928664072632944
0.270465,5.493202105745021
0.270931,5.493202105745021
0.271396,3.5797207598992897
0.271862,3.44258793011368
0.272327,3.2319371328297857
0.272793,2.410147249561303
0.273258,1.491676203555352
0.273724,0.7920805676356145
0.274189,0.24757763027389945
0.274655,-0.2620126649881742
0.275120,-0.7564965285725185
0.275586,-1.2100251773861295
0.276051,-1.6101777676050963
0.276517,-1.9640039673456928
0.276983,-2.2787212939650567
0.277448,-2.5578545815213243
0.277914,-2.8012359807736327
0.278379,-3.010711833371481
0.278845,-3.1887998779278246
0.279310,-3.3376821545738915
0.279776,-3.4587014572365913
0.280241,-3.5542076752880143
0.280707,-3.6257114518959335
0.281172,-3.675226977950713
0.281638,-3.704097047379263
0.282103,-3.7136644541084918
0.282569,-3.7056076905470356
0.283034,-3.6817730983443964
0.283500,-3.6429999237048905
0.283965,-3.5907988097962917
0.284431,-3.5263447013046463
0.284896,-3.4506446936751347
0.285362,-3.365377279316396
0.285827,-3.271213855191882
0.286293,-3.1689936675059127
0.286758,-3.060059510185397
0.287224,-2.9452506294346534
0.287689,-2.8254062714579993
0.288155,-2.7010299839780267
0.288620,-2.572961013199054
0.289086,-2.442206454566262
0.289551,-2.309269855802243
0.290017,-2.174990463111314
0.290483,-2.039200427252613
0.290948,-1.903242542153048
0.291414,-1.7671168078126196
0.291879,-1.631158922713054
0.292345,-1.4960402838178073
0.292810,-1.3624322880903332
0.293276,-1.2306706340123597
0.293741,-1.1009231708247502
0.294207,-0.9726863508049135
0.294672,-0.8474708171206226
0.295138,-0.7242694743266956
0.295603,-0.6047608148317694
0.296069,-0.48760204470893415
0.296534,-0.3739681086442359
0.297000,-0.26419470511940185
0.297465,-0.15727473868925002
0.297931,-0.05387960631723506
0.298396,0.04582284275577936
0.298862,0.14183260852979326
0.299327,0.2341496910048066
0.299793,0.32243839169909205
0.300258,0.4072022583352407
0.300724,0.4884412909132525
0.301189,0.5658197909514
0.301655,0.6396734569314106
0.302120,0.7094987411306934
0.302586,0.7757991912718394
0.303051,0.8387426565957121
0.303517,0.8979934386205843
0.303982,0.9535515373464561
0.304448,1.0062561989776455
0.304914,1.055939574273289
0.305379,1.1022659647516593
0.305845,1.1452353704127562
0.306310,1.1855191882200349
0.306776,1.2224460212100403
0.307241,1.2566872663462272
0.307707,1.2882429236285955
0.308172,1.317112993057145
0.308638,1.343297474631876
0.309103,1.367132066834516
0.309569,1.388952468146792
0.310034,1.408087281605249
0.310500,1.424872205691615
0.310965,1.4399786373693444
0.311431,1.4537422751201647
0.311896,1.465995269703212
0.312362,1.4775768673228045
0.312827,1.4977187762264437
0.313293,2.178179598687724
0.313758,5.207858396276798
0.314224,5.490180819409476
0.314689,5.4918593118181125
0.315155,5.492530708781567
0.315620,5.492530708781567
0.316086,5.493202105745021
0.316551,5.493202105745021
0.317017,5.493202105745021
0.317482,5.493202105745021
0.317948,5.493202105745021
0.318414,5.493873502708476
0.318879,5.493873502708476
0.319345,5.493202105745021
0.319810,5.493202105745021
0.320276,5.493873502708476
0.320741,5.493705653467612
0.321207,5.493537804226749
0.321672,5.493202105745021
0.322138,5.493202105745021
0.322603,5.493202105745021
0.323069,5.4928664072632944
0.323534,5.493202105745021
0.324000,5.493202105745021
0.324465,5.493202105745021
0.324931,5.492530708781567
0.325396,5.492530708781567
0.325862,5.493537804226749
0.326327,5.493873502708476
0.326793,5.493705653467612
0.327258,5.493202105745021
0.327724,5.493202105745021
0.328189,5.493873502708476
0.328655,5.493873502708476
0.329120,3.30411230640116
0.329586,-1.7310292210269322
0.330051,-4.216037232013427
0.330517,-5.466849774929427
0.330982,-5.490348668650339
0.331448,-5.4918593118181125
0.331914,-5.492530708781567
0.332379,-5.4928664072632944
0.332845,-5.493034256504157
0.333310,-5.493202105745021
0.333776,-5.493202105745021
0.334241,-5.493202105745021
0.334707,-5.493369954985885
0.335172,-5.493537804226749
0.335638,-5.493537804226749
0.336103,-5.493705653467612
0.336569,-5.493537804226749
0.337034,-5.493705653467612
0.337500,-5.493537804226749
0.337965,-5.493537804226749
0.338431,-5.493537804226749
0.338896,-5.493369954985885
0.339362,-5.493537804226749
0.339827,-5.493705653467612
0.340293,-5.493537804226749
0.340758,-5.493369954985885
0.341224,-5.493537804226749
0.341689,-5.493705653467612
0.342155,-5.493873502708476
0.342620,-5.494377050431067
0.343086,-5.49454489967193
0.343551,-5.494712748912795
0.344017,-5.49454489967193
0.344482,-5.494377050431067
0.344948,-5.49454489967193
0.345413,-5.49454489967193
0.345879,-5.494377050431067
0.346345,-5.494712748912795
0.346810,-5.49454489967193
0.347276,-5.49454489967193
0.347741,-5.494712748912795
0.348207,-5.49454489967193
0.348672,-5.494712748912795
0.349138,-5.49454489967193
0.349603,-5.494712748912795
0.350069,-5.49454489967193
0.350534,-5.49454489967193
0.351000,-5.49454489967193
0.351465,-5.49454489967193
0.351931,-5.494712748912795
0.352396,-5.494377050431067
0.352862,-5.49454489967193
0.353327,-5.494880598153658
0.353793,-5.49454489967193
0.354258,-5.494712748912795
0.354724,-5.49454489967193
0.355189,-5.49454489967193
0.355655,-5.494377050431067
0.356120,-5.494377050431067
0.356586,-5.494377050431067
0.357051,-5.49454489967193
0.357517,-3.800778210116732
0.357982,-1.3537041275654231
0.358448,0.9456626230258641
0.358913,2.9757991912718396
0.359379,4.813412680247196
0.359845,5.488838025482566
0.360310,5.4918593118181125
0.360776,5.4918593118181125
0.361241,5.492530708781567
0.361707,5.4928664072632944
0.362172,5.4928664072632944
0.362638,5.4928664072632944
0.363103,5.492530708781567
0.363569,5.493202105745021
0.364034,5.493202105745021
0.364500,5.493034256504157
0.364965,5.4928664072632944
0.365431,5.4928664072632944
0.365896,5.492530708781567
0.366362,5.493202105745021
0.366827,5.493202105745021
0.367293,5.4928664072632944
0.367758,5.493034256504157
0.368224,5.493202105745021
0.368689,5.493202105745021
0.369155,5.493202105745021
0.369620,5.493202105745021
0.370086,5.493202105745021
0.370551,5.493202105745021
0.371017,5.493202105745021
0.371482,5.493034256504157
0.371948,5.493202105745021
0.372413,5.4928664072632944
0.372879,5.492530708781567
0.373345,-0.7153734645609215
0.373810,-5.42941939421683
0.374276,-5.490516517891203
0.374741,-5.492530708781567
0.375207,-5.493202105745021
0.375672,-5.493369954985885
0.376138,-5.493705653467612
0.376603,-5.493705653467612
0.377069,-5.493873502708476
0.377534,-5.494209201190204
0.378000,-5.49404135194934
0.378465,-5.494377050431067
0.378931,-5.494209201190204
0.379396,-5.494209201190204
0.379862,-5.494377050431067
0.380327,-0.38454261081864644
0.380793,5.462317845426108
0.381258,5.489845120927748
0.381724,5.4918593118181125
0.382189,5.492530708781567
0.382655,5.492530708781567
0.383120,5.493202105745021
0.383586,5.492530708781567
0.384051,5.4928664072632944
0.384517,5.4928664072632944
0.384982,5.493202105745021
0.385448,5.4928664072632944
0.385913,5.493202105745021
0.386379,5.493202105745021
0.386844,5.493202105745021
0.387310,5.493202105745021
0.387776,5.493202105745021
0.388241,5.493202105745021
0.388707,5.493202105745021
0.389172,5.493873502708476
0.389638,5.493202105745021
0.390103,5.493202105745021
0.390569,5.493202105745021
0.391034,5.493034256504157
0.391500,5.493202105745021
0.391965,5.493202105745021
0.392431,5.492530708781567
0.392896,5.492530708781567
0.393362,5.4928664072632944
0.393827,5.493202105745021
0.394293,5.492530708781567
0.394758,5.4918593118181125
0.395224,5.492530708781567
0.395689,5.493034256504157
0.396155,5.4928664072632944
0.396620,5.493202105745021
0.397086,5.4928664072632944
0.397551,5.493202105745021
0.398017,5.493202105745021
0.398482,5.493202105745021
0.398948,5.492530708781567
0.399413,5.493202105745021
0.399879,5.4923628595407035
0.400344,5.492530708781567
0.400810,5.4928664072632944
0.401276,5.492530708781567
0.401741,5.492530708781567
0.402207,5.493202105745021
0.402672,5.493705653467612
0.403138,5.071229114213779
0.403603,1.1566491187914856
0.404069,0.07687495231555656
0.404534,-0.21770046540016783
0.405000,-0.7323262378881514
0.405465,-1.157824063477531
0.405931,-1.5698939497978177
0.406396,-1.992202639810788
0.406862,-2.1932860303654533
0.407327,-2.2263523308155944
0.407793,-2.5541618982223238
0.408258,-2.966567483024338
0.408724,-2.9845273517967494
0.409189,-2.676691844052796
0.409655,-2.412832837415122
0.410120,-2.3879911497672994
0.410586,-1.9614862287327381
0.411051,-1.3330586709391927
0.411517,-1.1949187457084
0.411982,-1.4908369573510336
0.412448,-1.9265735866330969
0.412913,-2.344686045624475
0.413379,-2.725368123903258
0.413844,-3.096986343175402
0.414310,-3.473304341191729
0.414776,-3.865735866330968
0.415241,-4.262867170214388
0.415707,-4.629449912260624
0.416172,-4.937453269245441
0.416638,-5.1828488593881135
0.417103,-5.3773861295490955
0.417569,-5.490684367132067
0.418034,-5.4928664072632944
0.418500,-5.493537804226749
0.418965,-5.493705653467612
0.419431,-5.493873502708476
0.419896,-5.49404135194934
0.420362,-5.493705653467612
0.420827,-5.49404135194934
0.421293,-5.494209201190204
0.421758,-5.49404135194934
0.422224,-5.494377050431067
0.422689,-5.494209201190204
0.423155,-5.440329594872968
0.423620,-5.2988326848249026
0.424086,-5.156496528572517
0.424551,-5.020706492713817
0.425017,-4.903715571831846
0.425482,-4.781185626001373
0.425948,-4.636499580376897
0.426413,-4.491981383993286
0.426879,-4.358876935988403
0.427344,-4.194216830701151
0.427810,-3.988937209124895
0.428275,-3.7851682307164114
0.428741,-3.6089265278095675
0.429207,-3.4407415884641797
0.429672,-3.2861524376287474
0.430138,-3.1553978789959563
0.430603,-3.020111390859846
0.431069,-2.878446631570916
0.431534,-2.7431601434348054
0.432000,-2.634729533836881
0.432465,-2.5504692149233232
0.432931,-2.4608377203021283
0.433396,-2.342336156252384
0.433862,-2.2020141908903637
0.434327,-2.0657206073090713
0.434793,-1.9572899977111464
0.435258,-1.933791103990234
0.435724,-1.9838101777676047
0.436189,-2.0358434424353393
0.436655,-2.0489356832227053
0.437120,-2.0444037537193864
0.437586,-2.0388647287708856
0.438051,-2.0103303578240634
0.438517,-1.9700465400167848
0.438982,-1.9250629434653237
0.439448,-1.8612802319371329
0.439913,-1.773662928206302
0.440379,-1.6860456244754711
0.440844,-1.602792401007095
0.441310,-1.5299458304722666
0.441775,-1.482780193789578
0.442241,-1.4280613412680248
0.442707,-1.3691462577248799
0.443172,-1.3672999160753796
0.443638,-1.4149691004806593
0.444103,-1.3763637750820172
0.444569,-1.1967650873579005
0.445034,-0.8968184939345386
0.445500,-0.5433279926756693
0.445965,-0.1790951400015259
0.446431,0.2046082246128023
0.446896,0.6443732356755931
0.447362,1.1109941252765696
0.447827,1.5077897306782635
0.448293,1.8938429846646831
0.448758,2.454795147631037
0.449224,3.289341573205158
0.449689,4.339742122529946
0.450155,5.426565957122149
0.450620,5.491187914854658
0.451086,5.492195010299839
0.451551,5.492530708781567
0.452017,5.492530708781567
0.452482,5.492530708781567
0.452948,5.4928664072632944
0.453413,5.493202105745021
0.453879,5.492530708781567
0.454344,5.493034256504157
0.454810,3.315861753261616
0.455275,0.40115968566414895
0.455741,0.14485389486533912
0.456207,0.44328984512092773
0.456672,0.28970778973067823
0.457138,-0.14955367360952163
0.457603,-0.706813153276875
0.458069,-1.4315861753261614
0.458534,-2.5581902800030516
0.459000,-4.037949187457084
0.459465,-5.472388799877928
0.459931,-5.491691462577248
0.460396,-5.492698558022431
0.460862,-5.493537804226749
0.461327,-5.493873502708476
0.461793,-5.49404135194934
0.462258,-5.494209201190204
0.462724,-5.493873502708476
0.463189,-5.494377050431067
0.463655,-5.494377050431067
0.464120,-5.49404135194934
0.464586,-5.494209201190204
0.465051,-5.49404135194934
0.465517,-5.494209201190204
0.465982,-5.494377050431067
0.466448,-5.494377050431067
0.466913,-5.494209201190204
0.467379,-5.49454489967193
0.467844,-5.494377050431067
0.468310,-2.585046158541237
0.468775,1.0646677347981994
0.469241,1.6625467307545587
0.469706,0.437247272449836
0.470172,-1.5794613565270466
0.470638,-4.001358052948806
0.471103,-5.464835584039063
0.471569,-5.492027161058976
0.472034,-5.493202105745021
0.472500,-5.493705653467612
0.472965,-5.493873502708476
0.473431,-5.49404135194934
0.473896,-5.49404135194934
0.474362,-5.494209201190204
0.474827,-5.494209201190204
0.475293,-5.494377050431067
0.475758,-5.494377050431067
0.476224,-5.494209201190204
0.476689,-5.494377050431067
0.477155,-5.494209201190204
0.477620,-5.494377050431067
0.478086,-5.494377050431067
0.478551,-5.49404135194934
0.479017,-5.02221713588159
0.479482,-4.008407721065081
0.479948,-3.1285420004577706
0.480413,0.3550011444266422
0.480879,5.4683604180972
0.481344,5.490516517891203
0.481810,5.491691462577248
0.482275,5.4918593118181125
0.482741,5.491691462577248
0.483206,5.4918593118181125
0.483672,5.492195010299839
0.484138,5.492530708781567
0.484603,5.492195010299839
0.485069,5.492530708781567
0.485534,5.492530708781567
0.486000,5.492530708781567
0.486465,5.492530708781567
0.486931,5.492530708781567
0.487396,5.4918593118181125
0.487862,5.493202105745021
0.488327,5.4918593118181125
0.488793,5.4918593118181125
0.489258,5.4928664072632944
0.489724,5.493034256504157
0.490189,5.492530708781567
0.490655,5.492530708781567
0.491120,5.493537804226749
0.491586,5.4928664072632944
0.492051,5.493202105745021
0.492517,5.493202105745021
0.492982,5.493202105745021
0.493448,5.493202105745021
0.493913,4.32899977111467
0.494379,4.434409094377051
0.494844,4.333028152895399
0.495310,3.6166475928892954
0.495775,2.825070572976272
0.496241,2.2456549935149153
0.496706,1.7978332188906687
0.497172,1.3664606698710613
0.497638,0.9387808041504537
0.498103,0.5433279926756693
0.498569,0.1915159838254368
0.499034,-0.12370489051651787
0.499500,-0.40971999694819555
0.499965,-0.6678721293965056
0.500431,-0.8984969863431752
0.500896,-1.1029373617151141
0.501362,-1.2822003509575033
0.501827,-1.438300144960708
0.502293,-1.5732509346150911
0.502758,-1.6873884184023806
0.503224,-1.7825589379720759
0.503689,-1.8594338902876324
0.504155,-1.9198596169985505
0.504620,-1.9651789120317384
0.505086,-1.9958953231097882
0.505551,-2.0133516441596093
0.506017,-2.018554970626383
0.506482,-2.0123445487144274
0.506948,-1.995727473868925
0.507413,-1.9700465400167848
0.507879,-1.9358052948805982
0.508344,-1.8931715877012283
0.508810,-1.8438239108873122
0.509275,-1.7887693598840315
0.509741,-1.7283436331731137
0.510206,-1.6625467307545587
0.510672,-1.5923857480735484
0.511137,-1.5190356298161287
0.511603,-1.4424963759822993
0.512069,-1.3632715342946515
0.512534,-1.281864652475776
0.513000,-1.1986114290074006
0.513465,-1.1146868085755703
0.513931,-1.0295872434576943
0.514396,-0.9443198290989548
0.514862,-0.858548867017624
0.515327,-0.7729457541771573
0.515793,-0.6881818875410086
0.516258,-0.6040894178683145
0.516724,-0.520836194399939
0.517189,-0.43892576485847257
0.517655,-0.3578545815213245
0.518120,-0.2787975890745403
0.518586,-0.2015869382772564
0.519051,-0.1257190814068818
0.519517,-0.051529716945143814
0.519982,0.019974059662775615
0.520448,0.08963149462119477
0.520913,0.1576104371709773
0.521379,0.223071641107805
0.521844,0.28584725719081405
0.522310,0.34627298390173183
0.522775,0.40468451972228575
0.523241,0.4607461661707485
0.523706,0.5144579232471199
0.524172,0.5651483939879453
0.524637,0.6138246738384069
0.525103,0.6594796673533226
0.525569,0.7034561684596017
0.526034,0.7454184786755168
0.526500,0.7850308995193408
0.526965,0.8216220340276189
0.527431,0.8565346761272602
0.527896,0.8892652780956739
0.528362,0.9203173876554511
0.528827,0.948180361638819
0.529293,0.9743648432135501
0.529758,0.9992065308613717
0.530224,1.0220340276188296
0.530689,1.0428473334859234
0.531155,1.0619821469443806
0.531620,1.0791027695124742
0.532086,1.094544899671931
0.532551,1.108308537422751
0.533017,1.1210650797283894
0.533482,1.1316395819028
0.533948,1.1417105363546196
0.534413,1.1497672999160753
0.534879,1.156816968032349
0.535344,1.1623559929808498
0.535810,1.1667200732433052
0.536275,1.1700770580605784
0.536741,1.1720912489509423
0.537206,1.1734340428778516
0.537672,1.1741054398413062
0.538137,1.1734340428778516
0.538603,1.1720912489509423
0.539069,1.1700770580605784
0.539534,1.1667200732433052
0.540000,1.1633630884260318
0.540465,1.1589990081635768
0.540931,1.1542992294193941
0.541396,1.1485923552300297
0.541862,1.1432211795223923
0.542327,1.1361715114061186
0.542793,1.1287861448081178
0.543258,1.1217364766918438
0.543724,1.1140154116121155
0.544189,1.1056229495689325
0.544655,1.0979018844892041
0.545120,1.0888380254825665
0.545586,1.0801098649576562
0.546051,1.0710460059510185
0.546517,1.0619821469443806
0.546982,1.0519111924925613
0.547448,1.042511635004196
0.547913,1.0331120775158313
0.548379,1.0230411230640115
0.548844,1.012970168612192
0.549310,1.002899214160372
0.549775,0.9928282597085527
0.550241,0.9830930037384603
0.550706,0.973357747768368
0.551172,0.9632867933165484
0.551637,0.9528801403830014
0.552103,0.9428091859311818
0.552568,0.9327382314793622
0.553034,0.9226672770275426
0.553500,0.9129320210574503
0.553965,0.9031967650873579
0.554431,0.8934615091172654
0.554896,0.8827191577019915
0.555362,0.8726482032501717
0.555827,0.8619058518348974
0.556293,0.8541847867551691
0.556758,0.6846570534828716
0.557224,-0.8347142748149842
0.557689,-4.2967727168688485
0.558155,-5.487327382314794
0.558620,-5.492195010299839
0.559086,-5.493202105745021
0.559551,-5.493537804226749
0.560017,-5.493705653467612
0.560482,-5.493873502708476
0.560948,-5.494209201190204
0.561413,-5.49404135194934
0.561879,-5.49404135194934
0.562344,-5.49404135194934
0.562810,-5.494209201190204
0.563275,-5.49404135194934
0.563741,-0.9318989852750439
0.564206,5.455939574273288
0.564672,5.49085221637293
0.565137,5.4918593118181125
0.565603,5.4918593118181125
0.566068,5.4918593118181125
0.566534,5.4928664072632944
0.567000,5.492530708781567
0.567465,5.4928664072632944
0.567931,5.493202105745021
0.568396,5.4928664072632944
0.568862,5.493202105745021
0.569327,5.493202105745021
0.569793,5.493202105745021
0.570258,5.492530708781567
0.570724,5.492530708781567
0.571189,5.492530708781567
0.571655,5.493202105745021
0.572120,5.4928664072632944
0.572586,5.492530708781567
0.573051,5.492530708781567
0.573517,5.4928664072632944
0.573982,5.4928664072632944
0.574448,5.492530708781567
0.574913,5.493202105745021
0.575379,5.493202105745021
0.575844,5.493202105745021
0.576310,5.4928664072632944
0.576775,5.493202105745021
0.577241,5.492530708781567
0.577706,5.493202105745021
0.578172,5.493873502708476
0.578637,5.4928664072632944
0.579103,5.492530708781567
0.579568,5.493202105745021
0.580034,5.493202105745021
0.580499,1.6398870832379644
0.580965,-1.7129015030136567
0.581431,-1.8344243533989468
0.581896,-2.460502021820401
0.582362,-5.399374380102236
0.582827,-5.490516517891203
0.583293,-5.492530708781567
0.583758,-5.493369954985885
0.584224,-5.493537804226749
0.584689,-5.493873502708476
0.585155,-5.494209201190204
0.585620,-5.493873502708476
0.586086,-5.49404135194934
0.586551,-5.49404135194934
0.587017,-5.49404135194934
0.587482,-5.494377050431067
0.587948,-5.494377050431067
0.588413,-5.49454489967193
0.588879,-5.494377050431067
0.589344,-5.494377050431067
0.589810,-5.494712748912795
0.590275,-5.494377050431067
0.590741,-5.494377050431067
0.591206,-5.494377050431067
0.591672,-5.494377050431067
0.592137,-5.494377050431067
0.592603,-5.49454489967193
0.593068,-5.494377050431067
0.593534,-5.494377050431067
0.593999,-5.49454489967193
0.594465,-5.494377050431067
0.594931,-5.49454489967193
0.595396,-5.49454489967193
0.595862,-5.49454489967193
0.596327,-5.49454489967193
0.596793,-5.49454489967193
0.597258,-5.494377050431067
0.597724,-5.494377050431067
0.598189,-5.49454489967193
0.598655,-5.494377050431067
0.599120,-4.546532387273975
0.599586,-2.8844892042420085
0.600051,-1.40170901045243
0.600517,-0.04313725490196078
0.600982,1.2331883726253146
0.601448,2.422064545662623
0.601913,3.505195696955825
0.602379,4.480735484855421
0.602844,5.356237125200273
0.603310,5.490516517891203
0.603775,5.4918593118181125
0.604241,5.492530708781567
0.604706,5.493202105745021
0.605172,5.493202105745021
0.605637,5.493202105745021
0.606103,5.492530708781567
0.606568,5.493202105745021
0.607034,5.492530708781567
0.607499,5.492530708781567
0.607965,5.493202105745021
0.608431,5.493202105745021
0.608896,5.493202105745021
0.609362,5.493202105745021
0.609827,5.493202105745021
0.610293,5.493202105745021
0.610758,5.492530708781567
0.611224,5.4928664072632944
0.611689,5.493202105745021
0.612155,5.493202105745021
0.612620,5.493202105745021
0.613086,5.493202105745021
0.613551,5.493202105745021
0.614017,5.4918593118181125
0.614482,5.492530708781567
0.614948,4.919157701991303
0.615413,-3.4279850461585406
0.615879,-5.484641794460974
0.616344,-5.491523613336385
0.616810,-0.6816357671473258
0.617275,5.350865949492637
0.617741,5.490180819409476
0.618206,5.4918593118181125
0.618672,5.492530708781567
0.619137,5.4918593118181125
0.619603,5.4918593118181125
0.620068,5.4923628595407035
0.620534,5.493202105745021
0.620999,5.492530708781567
0.621465,5.4928664072632944
0.621930,5.493034256504157
0.622396,5.492530708781567
0.622862,5.492530708781567
0.623327,5.492530708781567
0.623793,5.492530708781567
0.624258,5.492530708781567
0.624724,5.4928664072632944
0.625189,5.492530708781567
0.625655,5.492530708781567
0.626120,5.4928664072632944
0.626586,5.492530708781567
0.627051,5.4918593118181125
0.627517,2.4326390478370334
0.627982,1.8186465247577628
0.628448,2.3480430304417483
0.628913,1.45810635538262
0.629379,-0.9866178377965971
0.629844,-3.2812848096437017
0.630310,-4.534111543450065
0.630775,-4.82919050888838
0.631241,-4.550225070572976
0.631706,-4.64254215304799
0.632172,-5.159517814908065
0.632637,-5.487998779278247
0.633103,-5.492530708781567
0.633568,-5.493202105745021
0.634034,-5.493369954985885
0.634499,-5.067200732433051
0.634965,-4.186495765621423
0.635430,-3.6777447165636685
0.635896,-3.624032959487297
0.636362,-3.4281528953994047
0.636827,-2.9684138246738385
0.637293,-2.484672312504768
0.637758,-2.4104829480430303
0.638224,-2.9523002975509267
0.638689,-3.730617227435722
0.639155,-4.483253223468376
0.639620,-4.75953307392996
0.640086,-4.4127565423056385
0.640551,-3.7327992675669486
0.641017,-2.945922026398107
0.641482,-1.9928740367742428
0.641948,-0.9606012054627298
0.642413,-0.09416342412451362
0.642879,0.5127794308384832
0.643344,0.6920424200808728
0.643810,0.3382162203402762
0.644275,-0.23549248493171587
0.644741,-0.6977492942702372
0.645206,-1.341283283741512
0.645672,-1.9431906614785992
0.646137,-2.2097352559700925
0.646603,-2.247501335164416
0.647068,-2.108354314488441
0.647534,-1.7387502861066602
0.647999,-0.8682841229877164
0.648465,0.3059891660944533
0.648930,1.145906767376211
0.649396,1.4842908369573509
0.649862,1.750835431448844
0.650327,2.2147707331960023
0.650793,2.8223849851224534
0.651258,3.363530937666896
0.651724,3.7140001525902187
0.652189,3.9943083848325314
0.652655,4.314900434882123
0.653120,4.630457007705805
0.653586,4.861417563134203
0.654051,5.027924010070954
0.654517,5.138536659800107
0.654982,5.181002517738612
0.655448,5.168245975432974
0.655913,5.1162127107652395
0.656379,5.03598077363241
0.656844,4.971526665140764
0.657310,4.923689631494621
0.657775,4.860746166170748
0.658241,4.787396047913328
0.658706,4.713038834210726
0.659172,4.63112840466926
0.659637,4.547875181200885
0.660103,4.451194018463417
0.660568,4.304493781948578
0.661034,4.114824139772641
0.661499,3.934218356603341
0.661965,3.7865110246433207
0.662430,3.642160677500572
0.662896,3.467597467002365
0.663361,3.2829633020523383
0.663827,3.107728694590677
0.664293,2.95062180514229
0.664758,2.8123140306706342
0.665224,2.6874341954680703
0.665689,2.5548332951857784
0.666155,2.414175631342031
0.666620,2.2735179674982833
0.667086,2.14679179064622
0.667551,2.0402075226977954
0.668017,1.9332875562676433
0.668482,1.7884336614023042
0.668948,1.6205844205386435
0.669413,1.5195391775387195
0.669879,1.5176928358892194
0.670344,1.628641184100099
0.670810,1.8387884336614024
0.671275,2.1071793698023957
0.671741,2.3574425879301137
0.672206,2.516563668268864
0.672672,2.609552147707332
0.673137,2.6773632410162507
0.673603,2.757930876630808
0.674068,2.8341344319829096
0.674534,2.8875104905775535
0.674999,2.95062180514229
0.675465,3.0399176012817577
0.675930,3.169832913710231
0.676396,3.314854657816434
0.676861,3.4293278400854508
0.677327,3.452155336842908
0.677793,3.456015869382773
0.678258,3.535408560311284
0.678724,3.589120317387655
0.679189,3.575020981155108
0.679655,3.672373540856031
0.680120,3.9912870984969864
0.680586,4.971526665140764
0.681051,5.489845120927748
0.681517,5.4918593118181125
0.681982,5.492195010299839
0.682448,5.438147554741741
0.682913,5.415320057984283
0.683379,5.346166170748454
0.683844,5.319981689173725
0.684310,5.291615167467765
0.684775,5.244113832303349
0.685241,5.189059281300069
0.685706,5.09372091248951
0.686172,4.621728847180895
0.686637,-1.2775005722133213
0.687103,-5.172106507972838
0.687568,-5.489341573205158
0.688034,-5.492195010299839
0.688499,-5.493202105745021
0.688965,-5.493537804226749
0.689430,-5.493873502708476
0.689896,-5.493873502708476
0.690361,-5.49404135194934
0.690827,-5.49404135194934
0.691293,-5.49404135194934
0.691758,-5.49404135194934
0.692224,-5.494209201190204
0.692689,-5.49404135194934
0.693155,-5.494377050431067
0.693620,-5.494377050431067
0.694086,-5.494209201190204
0.694551,-5.494377050431067
0.695017,-5.49454489967193
0.695482,-5.494209201190204
0.695948,-5.494209201190204
0.696413,-5.44586861982147
0.696879,-5.338948653391317
0.697344,-5.237567711909667
0.697810,-4.644388494697489
0.698275,-4.627939269092851
0.698741,-5.186373693446249
0.699206,-5.0228885328450446
0.699672,-3.948317692835889
0.700137,-2.7441672388799874
0.700603,-2.9100022888532844
0.701068,-4.936110475318531
0.701534,-5.492027161058976
0.701999,-5.493705653467612
0.702465,-5.493873502708476
0.702930,-5.494377050431067
0.703396,-5.49404135194934
0.703861,-5.494209201190204
0.704327,-5.494209201190204
0.704792,-5.494209201190204
0.705258,-5.494209201190204
0.705724,-5.494377050431067
0.706189,-5.494377050431067
0.706655,-5.494209201190204
0.707120,-3.405493247882811
0.707586,-1.086152437628748
0.708051,0.044815747310597384
0.708517,0.46779583428702226
0.708982,1.2204318303196764
0.709448,2.208056763561456
0.709913,2.632715342946517
0.710379,1.4013733119707026
0.710844,-0.8702983138780804
0.711310,-2.9556572823682
0.711775,-4.723445487144273
0.712241,-5.483802548256657
0.712706,-5.4923628595407035
0.713172,-5.493537804226749
0.713637,-5.493873502708476
0.714103,-5.49404135194934
0.714568,-5.49404135194934
0.715034,-5.494209201190204
0.715499,-5.494209201190204
0.715965,-5.494377050431067
0.716430,-5.494377050431067
0.716896,-5.494377050431067
0.717361,-5.494377050431067
0.717827,-5.494377050431067
0.718292,-5.494209201190204
0.718758,-5.49454489967193
0.719224,-5.49454489967193
0.719689,-5.494209201190204
0.720155,-5.494209201190204
0.720620,-5.494209201190204
0.721086,-5.494377050431067
0.721551,-5.494377050431067
0.722017,-5.494209201190204
0.722482,-5.494377050431067
0.722948,-5.494377050431067
0.723413,-5.494209201190204
0.723879,-5.04101625085832
0.724344,-2.9583428702220185
0.724810,-0.9233386739909971
0.725275,0.9713435568780039
0.725741,2.702876325627527
0.726206,4.252124818799115
0.726672,4.475364309147783
0.727137,2.0240939955748836
0.727603,-2.217792019531548
0.728068,-5.419851987487602
0.728534,-5.491020065613794
0.728999,-5.4928664072632944
0.729465,-1.8961928740367742
0.729930,5.424719615472648
0.730396,5.489845120927748
0.730861,5.4918593118181125
0.731327,5.4918593118181125
0.731792,5.492530708781567
0.732258,5.493202105745021
0.732724,5.493202105745021
0.733189,5.492530708781567
0.733655,5.492530708781567
0.734120,5.4928664072632944
0.734586,5.4928664072632944
0.735051,5.4928664072632944
0.735517,5.493034256504157
0.735982,5.492530708781567
0.736448,5.4928664072632944
0.736913,5.493202105745021
0.737379,5.492195010299839
0.737844,5.492530708781567
0.738310,5.4928664072632944
0.738775,5.4928664072632944
0.739241,5.492530708781567
0.739706,5.493202105745021
0.740172,5.493202105745021
0.740637,5.493202105745021
0.741103,5.492530708781567
0.741568,5.493202105745021
0.742034,5.492530708781567
0.742499,5.4928664072632944
0.742965,5.492530708781567
0.743430,5.2159151598382545
0.743896,3.3292896925307085
0.744361,3.2883344777599754
0.744827,3.0335393301289386
0.745292,2.19496452277409
0.745758,1.3063706416418706
0.746223,0.6413519493400471
0.746689,0.11598382543678949
0.747155,-0.38084992751964597
0.747620,-0.8629129472800793
0.748086,-1.3030136568245974
0.748551,-1.6907454032196538
0.749017,-2.033829251544976
0.749482,-2.3396505683985658
0.749948,-2.610559243152514
0.750413,-2.847058823529412
0.750879,-3.0504921034561683
0.751344,-3.223376821545739
0.751810,-3.3678950179293508
0.752275,-3.48572518501564
0.752741,-3.5782101167315172
0.753206,-3.647699702449073
0.753672,-3.6958724345769434
0.754137,-3.7244068055237656
0.754603,-3.733974212252995
0.755068,-3.726588845654993
0.755534,-3.703593499656672
0.755999,-3.6656595712214846
0.756465,-3.6153047989623865
0.756930,-3.5525291828793772
0.757396,-3.479682612344549
0.757861,-3.3965972381170366
0.758327,-3.305622949568933
0.758792,-3.206424048218509
0.759258,-3.1010147249561304
0.759723,-2.989227130540932
0.760189,-2.872739757381552
0.760655,-2.751888303959716
0.761120,-2.6276798657206073
0.761586,-2.5009536888685435
0.762051,-2.371709773403525
0.762517,-2.2407873655298696
0.762982,-2.1090257114518955
0.763448,-1.9767605096513312
0.763913,-1.8441596093690393
0.764379,-1.712230106050202
0.764844,-1.5809719996948193
0.765310,-1.4510566872663464
0.765775,-1.322484168764782
0.766241,-1.1960936903944457
0.766706,-1.0717174029144734
0.767172,-0.9495231555657281
0.767637,-0.8296787975890745
0.768103,-0.7131914244296941
0.768568,-0.5997253376058594
0.769034,-0.4889448386358434
0.769499,-0.3815213244831006
0.769965,-0.277454795147631
0.770430,-0.17674525062943464
0.770896,-0.07956054016937514
0.771361,0.01376363775082017
0.771827,0.10389868009460593
0.772292,0.19050888838025481
0.772758,0.27309071488517583
0.773223,0.35231555657282365
0.773689,0.42784771496147095
0.774155,0.5000228885328449
0.774620,0.5681696803234914
0.775086,0.6329594872968642
0.775551,0.6940566109712368
0.776017,0.7524681467917906
0.776482,0.8075226977950714
0.776948,0.8592202639810788
0.777413,0.9078965438315404
0.777879,0.9528801403830014
0.778344,0.9948424505989166
0.778810,1.034287022201877
0.779275,1.070710307469291
0.779741,1.1046158541237507
0.780206,1.1356679636835278
0.780672,1.163698786907759
0.781137,1.1902189669642176
0.781603,1.2137178606851302
0.782068,1.2352025635156785
0.782534,1.2540016784924086
0.782999,1.2714579995422293
0.783465,1.286564431219959
0.783930,1.2996566720073244
0.784396,1.310734721904326
0.784861,1.320469977874418
0.785327,1.3278553444724193
0.785792,1.3345693141069657
0.786258,1.3392690928511481
0.786723,1.3426260776684211
0.787189,1.3443045700770577
0.787654,1.3453116655222401
0.788120,1.3453116655222401
0.788586,1.3436331731136035
0.789051,1.341283283741512
0.789517,1.3375906004425115
0.789982,1.332890821698329
0.790448,1.3271839475089646
0.790913,1.3214770733196002
0.791379,1.3144274052033267
0.791844,1.3070420386053254
0.792310,1.2993209735255968
0.792775,1.2902571145189594
0.793241,1.2811932555123215
0.793706,1.2717936980239566
0.794172,1.2613870450904097
0.794637,1.2511482413977264
0.795103,1.2402380407415883
0.795568,1.228992141603723
0.796034,1.217746242465858
0.796499,1.206332494087129
0.796965,1.1949187457084
0.797430,1.1838406958113983
0.797896,1.173098344396124
0.798361,1.1613488975356678
0.798827,1.1848477912565802
0.799292,2.0138551918822003
0.799758,5.056122682536049
0.800223,5.490180819409476
0.800689,5.491691462577248
0.801154,5.4918593118181125
0.801620,5.492530708781567
0.802086,5.492530708781567
0.802551,5.492530708781567
0.803017,5.492530708781567
0.803482,5.492530708781567
0.803948,5.4928664072632944
0.804413,5.492530708781567
0.804879,5.4928664072632944
0.805344,5.4928664072632944
0.805810,5.4928664072632944
0.806275,5.492530708781567
0.806741,5.492530708781567
0.807206,5.493202105745021
0.807672,5.492698558022431
0.808137,5.493202105745021
0.808603,5.493202105745021
0.809068,5.492530708781567
0.809534,5.492530708781567
0.809999,5.4928664072632944
0.810465,5.492530708781567
0.810930,5.4928664072632944
0.811396,5.4928664072632944
0.811861,5.492530708781567
0.812327,5.4928664072632944
0.812792,5.4928664072632944
0.813258,5.4928664072632944
0.813723,5.493202105745021
0.814189,0.10759136339360646
0.814654,-5.172777904936293
0.815120,-5.488838025482566
0.815586,-5.4918593118181125
0.816051,-5.4928664072632944
0.816517,-5.493202105745021
0.816982,-5.493705653467612
0.817448,-5.493705653467612
0.817913,-5.493705653467612
0.818379,-5.49404135194934
0.818844,-5.49404135194934
0.819310,-5.493873502708476
0.819775,-5.49404135194934
0.820241,-5.494377050431067
0.820706,-5.494377050431067
0.821172,-5.494377050431067
0.821637,-5.494377050431067
0.822103,-3.4219424734874493
0.822568,0.5527275501640345
0.823034,2.47191577019913
0.823499,3.135591668574044
0.823965,2.9982909895475696
0.824430,-0.48155947203784233
0.824896,-5.373693446250096
0.825361,-5.491187914854658
0.825827,-5.493202105745021
0.826292,-5.493537804226749
0.826758,-5.493873502708476
0.827223,-5.494209201190204
0.827689,-5.49404135194934
0.828154,-5.49404135194934
0.828620,-5.49404135194934
0.829085,-5.494209201190204
0.829551,-5.494377050431067
0.830017,-5.494209201190204
0.830482,-5.494377050431067
0.830948,-5.494377050431067
0.831413,-5.49454489967193
0.831879,-5.49454489967193
0.832344,-5.49454489967193
0.832810,-5.494377050431067
0.833275,-5.494377050431067
0.833741,-5.494377050431067
0.834206,-5.49454489967193
0.834672,-5.494377050431067
0.835137,-5.49454489967193
0.835603,-5.494377050431067
0.836068,-4.902708476386663
0.836534,-3.4029755092698557
0.836999,-2.0590066376745253
0.837465,-0.8214541847867551
0.837930,0.34358739604791333
0.838396,1.4290684367132065
0.838861,2.4247501335164414
0.839327,3.3269398031586173
0.839792,4.142351415274281
0.840258,4.880216678110933
0.840723,5.47708857862211
0.841189,5.4918593118181125
0.841654,5.492530708781567
0.842120,5.493202105745021
0.842585,5.4928664072632944
0.843051,5.492530708781567
0.843517,5.4918593118181125
0.843982,5.492530708781567
0.844448,5.492530708781567
0.844913,5.493202105745021
0.845379,5.492530708781567
0.845844,5.493202105745021
0.846310,5.4928664072632944
0.846775,5.493202105745021
0.847241,5.493202105745021
0.847706,5.4928664072632944
0.848172,5.493202105745021
0.848637,2.3074235141527426
0.849103,-4.844464789806973
0.849568,-5.488670176241703
0.850034,-5.492195010299839
0.850499,-5.493202105745021
0.850965,-5.493873502708476
0.851430,-5.493873502708476
0.851896,-5.493873502708476
0.852361,-5.49404135194934
0.852827,-0.6336308842603189
0.853292,4.835904478522926
0.853758,5.488838025482566
0.854223,5.491187914854658
0.854689,5.491187914854658
0.855154,5.4918593118181125
0.855620,5.492530708781567
0.856085,5.4918593118181125
0.856551,5.492530708781567
0.857017,5.492530708781567
0.857482,5.492195010299839
0.857948,5.4918593118181125
0.858413,5.492530708781567
0.858879,5.4918593118181125
0.859344,5.492530708781567
0.859810,5.492530708781567
0.860275,5.492530708781567
0.860741,5.4918593118181125
0.861206,5.4918593118181125
0.861672,5.4928664072632944
0.862137,5.492530708781567
0.862603,5.4918593118181125
0.863068,5.492195010299839
0.863534,5.492530708781567
0.863999,5.492530708781567
0.864465,5.492530708781567
0.864930,5.492530708781567
0.865396,5.4918593118181125
0.865861,3.011047531853208
0.866327,0.8820477607385366
0.866792,-0.3063248645761807
0.867258,-1.8075684748607612
0.867723,-3.5765316243228806
0.868189,-4.858396276798657
0.868654,-5.470542458228427
0.869120,-5.491523613336385
0.869585,-5.493034256504157
0.870051,-5.493369954985885
0.870516,-5.493537804226749
0.870982,-5.493873502708476
0.871448,-5.493705653467612
0.871913,-5.49404135194934
0.872379,-5.493873502708476
0.872844,-5.493873502708476
0.873310,-4.87182421606775
0.873775,-3.6621347371633473
0.874241,-2.708079652094301
0.874706,-2.2614328221560998
0.875172,-1.9732356755931941
0.875637,-1.8533913176165406
0.876103,-2.213260090028229
0.876568,-3.0503242542153046
0.877034,-3.932539864194705
0.877499,-4.51967650873579
0.877965,-4.713542381933317
0.878430,-4.749797817959869
0.878896,-4.971862363622491
0.879361,-5.218768596932936
0.879827,-5.4069275959411
0.880292,-5.486823834592203
0.880758,-5.2149080643930725
0.881223,-4.660166323338673
0.881689,-4.154604409857328
0.882154,-3.900816357671473
0.882620,-3.9662775616083006
0.883085,-4.1408407721065075
0.883551,-4.06799420157168
0.884016,-3.792721446555276
0.884482,-3.5532005798428314
0.884948,-3.427649347676814
0.885413,-3.2916914625772487
0.885879,-3.077683680476081
0.886344,-2.749202716105897
0.886810,-2.2976882581826508
0.887275,-1.8063935301747158
0.887741,-1.3093919279774167
0.888206,-0.7999694819562065
0.888672,-0.30330357824063475
0.889137,0.18648050659952697
0.889603,0.7115129320210574
0.890068,1.2276493476768138
0.890534,1.6991378652628368
0.890999,2.1399099717708094
0.891465,2.5967956054016934
0.891930,3.0761730373083087
0.892396,3.5001602197299153
0.892861,3.8600289921416033
0.893327,4.194384679942016
0.893792,4.514641031509879
0.894258,4.7395590142671855
0.894723,4.826840619516288
0.895189,4.8204623483634705
0.895654,4.769436179140918
0.896120,4.676783398184176
0.896585,4.546364538033111
0.897051,4.445151445792325
0.897516,4.361226825360495
0.897982,4.269581139848935
0.898448,4.185320820935378
0.898913,4.134294651712825
0.899379,4.101396200503548
0.899844,4.07722590981918
0.900310,4.010757610437171
0.900775,3.920119020370794
0.901241,3.8848706797894255
0.901706,3.8811779964904245
0.902172,3.854657816433967
0.902637,3.7979247730220487
0.903103,3.7475700007629507
0.903568,3.6364538033112073
0.904034,3.4165712977798117
0.904499,3.1325703822384985
0.904965,2.8683756771190962
0.905430,2.657892729076066
0.905896,2.4712443732356753
0.906361,2.327901121538109
0.906827,2.1718013275349053
0.907292,1.9948882276646065
0.907758,1.8421454184786756
0.908223,1.7300221255817503
0.908689,1.6786602578774699
0.909154,1.685709925993744
0.909620,1.7364003967345694
0.910085,1.8273746852826733
0.910551,1.9722285801480124
0.911016,2.135881589990082
0.911482,2.265796902418555
0.911947,2.3483787289234757
0.912413,2.4984359502555886
0.912879,2.8512550545510034
0.913344,3.2507362478065156
0.913810,3.1990386816205083
0.914275,2.681391622796979
0.914741,2.2013427939269095
0.915206,2.0966048676279847
0.915672,2.386480506599527
0.916137,2.872404058899824
0.916603,3.419928282597085
0.917068,3.9241474021515215
0.917534,4.478721293965056
0.917999,5.486488136110475
0.918465,5.4918593118181125
0.918930,5.492530708781567
0.919396,5.4928664072632944
0.919861,5.493202105745021
0.920327,5.492195010299839
0.920792,5.4928664072632944
0.921258,5.4928664072632944
0.921723,5.4928664072632944
0.922189,5.492530708781567
0.922654,5.493202105745021
0.923120,5.492530708781567
0.923585,5.492530708781567
0.924051,5.4928664072632944
0.924516,5.493202105745021
0.924982,3.8163881895170517
0.925447,2.6463111314564736
0.925913,4.981597619592584
0.926379,5.4918593118181125
0.926844,5.492530708781567
0.927310,4.746440833142596
0.927775,0.36490424963759815
0.928241,-1.4678416113527122
0.928706,-2.1654230563820858
0.929172,-3.9112230106050196
0.929637,-5.480445563439384
0.930103,-5.491691462577248
0.930568,-5.4928664072632944
0.931034,-5.493202105745021
0.931499,-5.493705653467612
0.931965,-5.493873502708476
0.932430,-5.493873502708476
0.932896,-5.49404135194934
0.933361,-5.49404135194934
0.933827,-5.494209201190204
0.934292,-5.494377050431067
0.934758,-5.49404135194934
0.935223,-5.49404135194934
0.935689,-5.49404135194934
0.936154,-5.49404135194934
0.936620,-5.49404135194934
0.937085,-5.494377050431067
0.937551,-5.494209201190204
0.938016,-5.49454489967193
0.938482,-5.49454489967193
0.938947,-5.494377050431067
0.939413,-5.494377050431067
0.939879,-5.494377050431067
0.940344,-5.494209201190204
0.940810,-5.494377050431067
0.941275,-5.494377050431067
0.941741,-5.494209201190204
0.942206,-5.494377050431067
0.942672,-5.494377050431067
0.943137,-5.494377050431067
0.943603,-5.494377050431067
0.944068,-5.494377050431067
0.944534,-5.494377050431067
0.944999,-5.494377050431067
0.945465,-5.494209201190204
0.945930,-5.494209201190204
0.946396,-5.49454489967193
0.946861,-5.494377050431067
0.947327,-5.49454489967193
0.947792,0.6819714656290532
0.948258,5.479774166475929
0.948723,5.490516517891203
0.949189,5.4918593118181125
0.949654,5.492530708781567
0.950120,5.492530708781567
0.950585,5.492530708781567
0.951051,5.492530708781567
0.951516,5.493202105745021
0.951982,5.492530708781567
0.952447,5.4918593118181125
0.952913,5.493202105745021
0.953378,5.492530708781567
0.953844,5.492530708781567
0.954310,5.493034256504157
0.954775,5.492530708781567
0.955241,5.4928664072632944
0.955706,5.493202105745021
0.956172,5.493202105745021
0.956637,5.492530708781567
0.957103,5.492530708781567
0.957568,5.492195010299839
0.958034,5.492530708781567
0.958499,5.492530708781567
0.958965,5.4928664072632944
0.959430,5.492530708781567
0.959896,5.493034256504157
0.960361,5.493202105745021
0.960827,4.488792248416876
0.961292,5.052765697718776
0.961758,5.202487220569162
0.962223,4.719081406881819
0.962689,4.1866636148622876
0.963154,3.8499580376897837
0.963620,3.6037232013427936
0.964085,3.339024948500801
0.964551,3.05468833447776
0.965016,2.78142977035172
0.965482,2.528984512092775
0.965947,2.2906385900663766
0.966413,2.0630350194552527
0.966878,1.8444953078507669
0.967344,1.638040741588464
0.967810,1.4426642252231632
0.968275,1.2578622110322728
0.968741,1.0834668497749294
0.969206,0.9189745937285421
0.969672,0.764217593652247
0.970137,0.6186923018234531
0.970603,0.4823987182421607
0.971068,0.3550011444266422
0.971534,0.2358281834134432
0.971999,0.1253833829251545
0.972465,0.02265964751659419
0.972930,-0.07267872129396505
0.973396,-0.16063172350652322
0.973861,-0.24119935912108034
0.974327,-0.31589227130540926
0.974792,-0.3835355153734646
0.975258,-0.4453040360112916
0.975723,-0.5010299839780269
0.976189,-0.5517204547188524
0.976654,-0.5973754482337682
0.977120,-0.637994964522774
0.977585,-0.6739147020675975
0.978051,-0.7051346608682383
0.978516,-0.7323262378881514
0.978982,-0.7561608300907912
0.979447,-0.7756313420309758
0.979913,-0.7919127183947509
0.980378,-0.8048371099412528
0.980844,-0.8150759136339361
0.981309,-0.821957732509346
0.981775,-0.8266575112535287
0.982241,-0.8290074006256198
0.982706,-0.8286717021438925
0.983172,-0.8268253604943924
0.983637,-0.8229648279545281
0.984103,-0.8172579537651636
0.984568,-0.8105439841306171
0.985034,-0.8014801251239796
0.985499,-0.7917448691538871
0.985965,-0.7803311207751582
0.986430,-0.7682459754329747
0.986896,-0.7554894331273365
0.987361,-0.741390096894789
0.987827,-0.7269550621805143
0.988292,-0.7118486305027847
0.988758,-0.6957351033798734
0.989223,-0.6799572747386892
0.989689,-0.6635080491340505
0.990154,-0.6463874265659572
0.990620,-0.6294346532387274
0.991085,-0.6124818799114976
0.991551,-0.5956969558251316
0.992016,-0.578240634775311
0.992482,-0.5609521629663539
0.992947,-0.5439993896391241
0.993413,-0.5267109178301671
0.993878,-0.510429541466392
0.994344,-0.4936446173800259
0.994809,-0.4771953917753872
0.995275,-0.46091401541161203
0.995741,-0.44496833752956433
0.996206,-0.42919050888838023
0.996672,-0.41374837872892345
0.997137,-0.39897764553292137
0.997603,-0.3848783093003738
0.998068,-0.370443274586099
0.998534,-0.3563439383535515
0.998999,-0.3429159990844587
0.999465,-0.3298237582970931
0.999930,-0.31706721599145493
1.000396,-0.30498207064927135
1.000861,-0.2928969253070878
1.001327,-0.28148317692835884
1.001792,-0.2702372777904936
1.002258,-0.259662775616083
1.002723,-0.24925612268253605
1.003189,-0.23985656519417106
1.003654,-0.23012130922407872
1.004120,-0.22072175173571373
1.004585,-0.21199359121080338
1.005051,-0.20360112916762035
1.005516,-0.19588006408789194
1.005982,-0.18815899900816355
1.006447,-0.1807736324101625
1.006913,-0.1733882658121614
1.007378,-0.16700999465934235
1.007844,-0.16079957274738685
1.008309,-0.15475700007629511
1.008775,-0.1492179751277943
1.009241,-0.14351110093842984
1.009706,-0.1381399252307927
1.010172,-0.13327229724574652
1.010637,-0.12907606622415504
1.011103,-0.12471198596169988
1.011568,-0.12034790569924468
1.012034,-0.11631952391851681
1.012499,-0.11262684061951626
1.012965,-0.10926985580224306
1.013430,-0.1062485694666972
1.013896,-0.10289158464942397
1.014361,-0.09953459983215075
1.014827,-0.0971847104600595
1.015292,-0.09483482108796826
1.015758,-0.09282063019760432
1.016223,-0.09013504234378575
1.016689,-0.08812085145342184
1.017154,-0.0861066605630579
1.017620,-0.0844281681544213
1.018085,-0.08291752498664834
1.018551,-0.08140688181887541
1.019016,-0.07956054016937514
1.019482,-0.0780498970016022
1.019947,-0.07704280155642022
1.020413,-0.07536430914778362
1.020878,-0.07435721370260165
1.021344,-0.07335011825741969
1.021809,-0.07267872129396505
1.022275,-0.07167162584878309
1.022740,-0.07133592736705577
1.023206,-0.0703288319218738
1.023672,-0.06932173647669183
1.024137,-0.06865033951323721
1.024603,-0.06764324406805522
1.025068,-0.06663614862287326
1.025534,-0.06562905317769131
1.025999,-0.06462195773250935
1.026465,-0.06462195773250935
1.026930,0.03440909437705043
1.027396,1.1902189669642176
1.027861,4.523704890516517
1.028327,5.489173723964294
1.028792,5.4918593118181125
1.029258,5.492530708781567
1.029723,5.492530708781567
1.030189,5.4928664072632944
1.030654,5.493202105745021
1.031120,5.493202105745021
1.031585,2.59478141451133
1.032051,2.188586251621271
1.032516,2.959349965667201
1.032982,3.331975280384527
1.033447,3.1715114061188676
1.033913,3.0073548485542076
1.034378,3.2977340352483404
1.034844,3.7210498207064924
1.035309,3.7737544823376816
1.035775,3.8278019378957806
1.036240,4.5169909208819705
1.036706,5.490180819409476
1.037172,5.4918593118181125
1.037637,5.4918593118181125
1.038103,5.4918593118181125
1.038568,5.492530708781567
1.039034,4.663019760433356
1.039499,5.4918593118181125
1.039965,5.4918593118181125
1.040430,5.4918593118181125
1.040896,5.492530708781567
1.041361,5.4928664072632944
1.041827,5.492530708781567
1.042292,5.492530708781567
1.042758,5.492530708781567
1.043223,5.492530708781567
1.043689,5.4918593118181125
1.044154,5.4928664072632944
1.044620,5.493202105745021
1.045085,5.493202105745021
1.045551,5.459632257572289
1.046016,2.428946364538033
1.046482,-4.478049897001602
1.046947,-5.48715953307393
1.047413,-5.4918593118181125
1.047878,-5.4928664072632944
1.048344,-5.493202105745021
1.048809,-5.493705653467612
1.049275,-5.493873502708476
1.049740,-5.493873502708476
1.050206,-5.493873502708476
1.050672,-5.49404135194934
1.051137,-5.494209201190204
1.051603,-5.49404135194934
1.052068,-5.494209201190204
1.052534,-3.2216983291371024
1.052999,2.323201342793927
1.053465,5.4824597543297475
1.053930,5.490516517891203
1.054396,5.491523613336385
1.054861,5.492530708781567
1.055327,5.492530708781567
1.055792,5.4918593118181125
1.056258,5.492530708781567
1.056723,5.4923628595407035
1.057189,5.492530708781567
1.057654,5.4928664072632944
1.058120,1.640054932478828
1.058585,-5.371847104600595
1.059051,-5.490180819409476
1.059516,-5.492698558022431
1.059982,-5.493369954985885
1.060447,-5.493873502708476
1.060913,-5.493873502708476
1.061378,-5.494209201190204
1.061844,-5.49404135194934
1.062309,-5.494209201190204
1.062775,-5.494209201190204
1.063240,-5.494209201190204
1.063706,-5.494209201190204
1.064171,-5.494377050431067
1.064637,-5.494209201190204
1.065103,-5.494377050431067
1.065568,-5.494377050431067
1.066034,-5.494209201190204
1.066499,-5.494377050431067
1.066965,-5.494377050431067
1.067430,-5.494377050431067
1.067896,-5.494377050431067
1.068361,-5.494377050431067
1.068827,-5.494377050431067
1.069292,-5.494377050431067
1.069758,-5.494377050431067
1.070223,-5.49454489967193
1.070689,-5.494377050431067
1.071154,-5.38493934538796
1.071620,-4.056916151674677
1.072085,-2.8416876478217743
1.072551,-1.7011520561532003
1.073016,-0.6289311055161364
1.073482,0.3637293049515526
1.073947,1.2731364919508659
1.074413,2.100633249408713
1.074878,2.8492408636606394
1.075344,3.528023193713283
1.075809,4.1403372243839165
1.076275,4.689539940489815
1.076740,5.17764553292134
1.077206,5.488502327000839
1.077671,5.4918593118181125
1.078137,5.4918593118181125
1.078603,5.4918593118181125
1.079068,5.492530708781567
1.079534,5.492530708781567
1.079999,5.492530708781567
1.080465,5.492530708781567
1.080930,5.492530708781567
1.081396,5.492530708781567
1.081861,5.493202105745021
1.082327,5.4928664072632944
1.082792,5.4928664072632944
1.083258,5.492530708781567
1.083723,5.493202105745021
1.084189,5.492530708781567
1.084654,5.493202105745021
1.085120,5.493202105745021
1.085585,5.492530708781567
1.086051,5.4923628595407035
1.086516,5.492530708781567
1.086982,0.8075226977950714
1.087447,-5.397695887693598
1.087913,-5.490348668650339
1.088378,-5.309742885481041
1.088844,2.355092698558022
1.089309,5.485145342183566
1.089775,5.491187914854658
1.090240,5.4918593118181125
1.090706,5.4918593118181125
1.091171,5.493202105745021
1.091637,5.4928664072632944
1.092103,5.4928664072632944
1.092568,5.4918593118181125
1.093034,5.492530708781567
1.093499,5.492530708781567
1.093965,5.492530708781567
1.094430,5.492530708781567
1.094896,5.492195010299839
1.095361,5.493202105745021
1.095827,5.4928664072632944
1.096292,5.4928664072632944
1.096758,5.492530708781567
1.097223,5.493202105745021
1.097689,5.493202105745021
1.098154,5.493202105745021
1.098620,5.493202105745021
1.099085,5.493202105745021
1.099551,5.493202105745021
1.100016,5.493202105745021
1.100482,2.186572060730907
1.100947,-3.8220950637064166
1.101413,-5.484138246738383
1.101878,-5.491523613336385
1.102344,-5.4928664072632944
1.102809,-5.493202105745021
1.103275,-5.493705653467612
1.103740,-5.493873502708476
1.104206,-5.493873502708476
1.104671,-5.49404135194934
1.105137,-5.494209201190204
1.105602,-5.494209201190204
1.106068,-5.494209201190204
1.106534,-5.494209201190204
1.106999,-5.494209201190204
1.107465,-5.494209201190204
1.107930,-5.494209201190204
1.108396,-5.49404135194934
1.108861,-5.494377050431067
1.109327,-5.494209201190204
1.109792,-5.494377050431067
1.110258,-5.494377050431067
1.110723,-5.494377050431067
1.111189,-5.49454489967193
1.111654,-5.494377050431067
1.112120,-5.494377050431067
1.112585,-5.494377050431067
1.113051,-5.494209201190204
1.113516,-5.494377050431067
1.113982,-5.494377050431067
1.114447,-5.494209201190204
1.114913,-5.494209201190204
1.115378,-5.416495002670329
1.115844,-4.996368352788586
1.116309,-4.709346150911727
1.116775,-4.520012207217517
1.117240,-4.433569848172732
1.117706,-4.356527046616312
1.118171,-4.059098191805905
1.118637,-3.7047684443427173
1.119102,-3.4905928130006867
1.119568,-3.4969710841535053
1.120034,-3.6579385061417558
1.120499,-3.8296482795452813
1.120965,-3.826626993209735
1.121430,-3.5844205386434727
1.121896,-3.298908979934386
1.122361,-3.1191424429694057
1.122827,-2.997283894102388
1.123292,-2.7690089265278095
1.123758,-2.4960860608834974
1.124223,-2.319508659494926
1.124689,-2.1956359197375446
1.125154,-2.022415503166247
1.125620,-1.7699702449073016
1.126085,-1.4134584573128863
1.126551,-0.9280384527351796
1.127016,-0.4103913939116503
1.127482,0.07301441977569237
1.127947,0.5097581445029374
1.128413,0.907560845349813
1.128878,1.2627298390173187
1.129344,1.643915465018692
1.129809,2.0240939955748836
1.130275,2.309941252765698
1.130740,2.530663004501412
1.131206,2.7270466163118945
1.131671,2.8673685816739143
1.132137,2.9801632715342947
1.132602,3.1527122911421377
1.133068,3.277256427862974
1.133534,3.294377050431067
1.133999,3.2587930113679713
1.134465,3.2373083085374224
1.134930,3.2873273823147935
1.135396,3.351445792324711
1.135861,3.385015640497443
1.136327,3.3830014496070797
1.136792,3.4293278400854508
1.137258,3.479682612344549
1.137723,3.4669260700389106
1.138189,3.488410772869459
1.138654,3.636789501792935
1.139120,3.815213244831006
1.139585,3.932539864194705
1.140051,4.07722590981918
1.140516,4.218219272144656
1.140982,4.363912413214313
1.141447,4.5821164263370715
1.141913,4.890287632562752
1.142378,5.281712062256809
1.142844,5.491187914854658
1.143309,5.4918593118181125
1.143775,5.492530708781567
1.144240,5.492530708781567
1.144706,5.492530708781567
1.145171,5.493202105745021
1.145637,5.492530708781567
1.146102,5.492530708781567
1.146568,5.493202105745021
1.147033,5.492530708781567
1.147499,5.493034256504157
1.147965,5.493202105745021
1.148430,5.493202105745021
1.148896,5.493202105745021
1.149361,5.493202105745021
1.149827,5.493202105745021
1.150292,5.493202105745021
1.150758,5.492530708781567
1.151223,5.493202105745021
1.151689,5.4928664072632944
1.152154,5.493202105745021
1.152620,5.493537804226749
1.153085,5.492530708781567
1.153551,5.492530708781567
1.154016,5.493202105745021
1.154482,5.4928664072632944
1.154947,5.492530708781567
1.155413,5.493202105745021
1.155878,5.493202105745021
1.156344,5.492530708781567
1.156809,5.4928664072632944
1.157275,5.4928664072632944
1.157740,5.4928664072632944
1.158206,5.493034256504157
1.158671,5.4928664072632944
1.159137,5.4928664072632944
1.159602,1.8661478599221792
1.160068,-3.115114061188678
1.160533,-4.923689631494621
1.160999,-5.24646372167544
1.161465,-5.489173723964294
1.161930,-5.492195010299839
1.162396,-5.493369954985885
1.162861,-5.493705653467612
1.163327,-5.493705653467612
1.163792,-5.493873502708476
1.164258,-5.493705653467612
1.164723,-5.494209201190204
1.165189,-5.49404135194934
1.165654,-5.494377050431067
1.166120,-5.494209201190204
1.166585,-5.494209201190204
1.167051,-5.494209201190204
1.167516,-5.494209201190204
1.167982,-2.9187304493781947
1.168447,1.25131609063859
1.168913,3.4971389333943694
1.169378,4.175585564965285
1.169844,4.729488059815366
1.170309,5.485816739147021
1.170775,5.491020065613794
1.171240,5.4918593118181125
1.171706,5.4918593118181125
1.172171,5.492530708781567
1.172637,1.5756008239871824
1.173102,-5.3082322423132675
1.173568,-5.490012970168612
1.174033,-5.4923628595407035
1.174499,-5.493034256504157
1.174965,-5.493537804226749
1.175430,-5.493873502708476
1.175896,-5.493873502708476
1.176361,-5.493873502708476
1.176827,-5.49404135194934
1.177292,-5.49404135194934
1.177758,-5.49404135194934
1.178223,-5.494209201190204
1.178689,-5.494209201190204
1.179154,-5.49454489967193
1.179620,-5.494209201190204
1.180085,-5.49454489967193
1.180551,-5.49454489967193
1.181016,-5.494209201190204
1.181482,-5.49454489967193
1.181947,-5.49454489967193
1.182413,-5.49454489967193
1.182878,-5.494377050431067
1.183344,-5.494377050431067
1.183809,-5.494377050431067
1.184275,-5.494377050431067
1.184740,-5.494209201190204
1.185206,-5.466849774929427
1.185671,-4.06614785992218
1.186137,-2.7946898603799495
1.186602,-1.620248722056916
1.187068,-0.5132829785610742
1.187533,0.5201647974364842
1.187999,1.4722056916151676
1.188464,2.3396505683985658
1.188930,3.1265278095674067
1.189396,3.8388799877927826
1.189861,4.482749675745784
1.190327,5.060822461280232
1.190792,5.485145342183566
1.191258,5.490516517891203
1.191723,5.491691462577248
1.192189,5.4918593118181125
1.192654,5.492530708781567
1.193120,5.4928664072632944
1.193585,5.4918593118181125
1.194051,5.4918593118181125
1.194516,5.492530708781567
1.194982,5.492530708781567
1.195447,5.492530708781567
1.195913,5.4928664072632944
1.196378,5.4928664072632944
1.196844,5.493034256504157
1.197309,5.4928664072632944
1.197775,5.4928664072632944
1.198240,5.493202105745021
1.198706,5.493202105745021
1.199171,5.493202105745021
1.199637,5.4928664072632944
1.200102,5.4928664072632944
1.200568,5.493202105745021
1.201033,5.4928664072632944
1.201499,5.493202105745021
1.201964,5.493202105745021
1.202430,5.493034256504157
1.202896,5.08364995803769
1.203361,5.493202105745021
1.203827,5.4928664072632944
1.204292,5.493202105745021
1.204758,5.492530708781567
1.205223,5.128297856107423
1.205689,3.5041886015106427
1.206154,4.139665827420463
1.206620,4.698268101014724
1.207085,4.465293354695963
1.207551,4.005386434729533
1.208016,3.717357137407492
1.208482,3.5545433737697407
1.208947,3.384344243533989
1.209413,3.1775539787899594
1.209878,2.966567483024338
1.210344,2.7691767757686727
1.210809,2.5820248722056913
1.211275,2.399237048905165
1.211740,2.2194705119401847
1.212206,2.0449073014419774
1.212671,1.8760509651331347
1.213137,1.7132372014953843
1.213602,1.5561303120469978
1.214068,1.4043945983062485
1.214533,1.2593728542000457
1.214999,1.1195544365606165
1.215464,0.9854428931105514
1.215930,0.8577096208133058
1.216396,0.7350118257419699
1.216861,0.6181887541008622
1.217327,0.5064011596856641
1.217792,0.4006561379415579
1.218258,0.29994659342336155
1.218723,0.2046082246128023
1.219189,0.11497672999160755
1.219654,0.030045014114595252
1.220120,-0.049851224536507206
1.220585,-0.1253833829251545
1.221051,-0.19621576256961928
1.221516,-0.26234836346990154
1.221982,-0.32445258258945603
1.222447,-0.3820248722056916
1.222913,-0.43556878004119937
1.223378,-0.4852521553368428
1.223844,-0.5312428473334858
1.224309,-0.573708705271992
1.224775,-0.6128175783932249
1.225240,-0.6480659189745938
1.225706,-0.6804608224612801
1.226171,-0.7094987411306934
1.226637,-0.7363546196688792
1.227102,-0.7601892118715189
1.227568,-0.7813382162203403
1.228033,-0.799801632715343
1.228499,-0.8159151598382544
1.228964,-0.8296787975890745
1.229430,-0.8414282444495306
1.229895,-0.8518348973830777
1.230361,-0.8595559624628061
1.230827,-0.8662699320973526
1.231292,-0.8709697108415351
1.231758,-0.8743266956588083
1.232223,-0.8756694895857176
1.232689,-0.8758373388265811
1.233154,-0.8749980926222628
1.233620,-0.8726482032501717
1.234085,-0.8696269169146257
1.234551,-0.865094987411307
1.235016,-0.8600595101853972
1.235482,-0.8540169375143053
1.235947,-0.8474708171206226
1.236413,-0.8400854505226214
1.236878,-0.832364385442893
1.237344,-0.82397192339971
1.237809,-0.8149080643930724
1.238275,-0.8048371099412528
1.238740,-0.7954375524528877
1.239206,-0.7851987487602046
1.239671,-0.7747920958266575
1.240137,-0.7638818951705195
1.240602,-0.752803845273518
1.241068,-0.7415579461356527
1.241533,-0.7303120469977874
1.241999,-0.7188982986190584
1.242464,-0.7071488517586023
1.242930,-0.6957351033798734
1.243395,-0.6843213550011443
1.243861,-0.6729076066224154
1.244327,-0.6614938582436865
1.244792,-0.6500801098649576
1.245258,-0.6386663614862287
1.245723,-0.6275883115892271
1.246189,-0.6165102616922256
1.246654,-0.6050965133134966
1.247120,-0.5943541618982223
1.247585,-0.5839475089646753
1.248051,-0.5735408560311284
1.248516,-0.5629663538567177
1.248982,-0.5527275501640345
1.249447,-0.5428244449530785
1.249913,-0.5325856412603952
1.250378,-0.5233539330128938
1.250844,-0.5139543755245288
1.251309,-0.5050583657587548
1.251775,-0.4963302052338446
1.252240,-0.48709849698634317
1.252706,-0.47887388418402377
1.253171,-0.47014572365911345
1.253637,-0.4620889600976577
1.254102,-0.45403219653620197
1.254568,-0.44631113145647355
1.255033,-0.43859006637674525
1.255499,-0.4315403982604714
1.255964,-0.42449073014419775
1.256430,-0.4171053635461967
1.256895,-0.41055924315251385
1.257361,-0.4036774242771038
1.257827,-0.3984740978103304
1.258292,-0.39293507286182955
1.258758,-0.3877317463950561
1.259223,-0.3828641184100099
1.259689,-0.37514305333028153
1.260154,-0.40502021820401307
1.260620,-1.2352025635156785
1.261085,-3.7284351873044934
1.261551,-5.483131151293202
1.262016,-5.492027161058976
1.262482,-5.493034256504157
1.262947,-5.493369954985885
1.263413,-5.493873502708476
1.263878,-5.493873502708476
1.264344,-5.494209201190204
1.264809,-5.49404135194934
1.265275,-5.494209201190204
1.265740,-5.49404135194934
1.266206,-5.49404135194934
1.266671,-5.494377050431067
1.267137,-5.494209201190204
1.267602,-3.2557717250324254
1.268068,0.8122224765392537
1.268533,5.115037766079194
1.268999,5.489509422446021
1.269464,5.491691462577248
1.269930,5.491691462577248
1.270395,5.492530708781567
1.270861,5.493202105745021
1.271326,5.493202105745021
1.271792,5.493202105745021
1.272258,5.4928664072632944
1.272723,5.493537804226749
1.273189,5.493202105745021
1.273654,5.492530708781567
1.274120,5.493202105745021
1.274585,5.493202105745021
1.275051,5.4928664072632944
1.275516,5.4928664072632944
1.275982,5.492530708781567
1.276447,5.492530708781567
1.276913,5.4928664072632944
1.277378,5.492530708781567
1.277844,5.492530708781567
1.278309,5.492530708781567
1.278775,5.4928664072632944
1.279240,1.0482185091935607
1.279706,-0.5795834287022201
1.280171,1.2996566720073244
1.280637,2.940215152208743
1.281102,2.7025406271457997
1.281568,0.21635767147325857
1.282033,-3.9684596017395286
1.282499,-5.485984588387884
1.282964,-5.492027161058976
1.283430,-5.493034256504157
1.283895,-5.493369954985885
1.284361,-5.493873502708476
1.284826,-5.49404135194934
1.285292,-5.49404135194934
1.285758,-5.493873502708476
1.286223,-5.49404135194934
1.286689,-5.494209201190204
1.287154,-5.494377050431067
1.287620,-5.494209201190204
1.288085,-5.494377050431067
1.288551,-5.494209201190204
1.289016,-5.494209201190204
1.289482,-5.494209201190204
1.289947,-5.494377050431067
1.290413,-5.49454489967193
1.290878,-5.494377050431067
1.291344,-5.494377050431067
1.291809,-5.494377050431067
1.292275,-5.494377050431067
1.292740,-5.494209201190204
1.293206,-4.79662775616083
1.293671,-1.8354314488441292
1.294137,2.522270542458229
1.294602,5.481116960402838
1.295068,5.49085221637293
1.295533,5.491523613336385
1.295999,5.4918593118181125
1.296464,5.4918593118181125
1.296930,5.492195010299839
1.297395,5.4918593118181125
1.297861,0.8439459830624855
1.298326,-3.471290150301366
1.298792,-5.479606317235064
1.299258,-5.491691462577248
1.299723,-5.493034256504157
1.300189,-5.493873502708476
1.300654,-5.493873502708476
1.301120,-5.493705653467612
1.301585,-5.493873502708476
1.302051,-5.49404135194934
1.302516,-5.494209201190204
1.302982,-4.844800488288701
1.303447,-3.9110551613641564
1.303913,-3.0217898832684824
1.304378,-2.180865186541543
1.304844,-1.3983520256351567
1.305309,-0.6749217975127795
1.305775,-0.005874723430228122
1.306240,0.6121461814297703
1.306706,1.1806515602349887
1.307171,1.701823453116655
1.307637,2.1751583123521785
1.308102,2.60350957503624
1.308568,2.9902342259861143
1.309033,3.337346456092164
1.309499,3.6482032501716644
1.309964,3.9234760051880673
1.310430,4.165178912031738
1.310895,4.375326161593041
1.311361,4.557274738689249
1.311826,4.7100175478751805
1.312292,4.836575875486381
1.312757,4.939635309376669
1.313223,5.019195849546043
1.313689,5.077943083848325
1.314154,5.1172198062104215
1.314620,5.138033112077515
1.315085,5.141054398413061
1.315551,5.129304951552605
1.316016,5.102449073014419
1.316482,5.063172350652323
1.316947,5.011139085984588
1.317413,4.948699168383307
1.317878,4.87551689936675
1.318344,4.793606469825283
1.318809,4.703303578240634
1.319275,4.6062867170214385
1.319740,4.502220187685968
1.320206,4.393453879606317
1.320671,4.279316395819029
1.321137,4.160479133287556
1.321602,4.038956282902266
1.322068,3.9150835431448847
1.322533,4.161821927214465
1.322999,5.48900587472343
1.323464,5.4918593118181125
1.323930,5.492530708781567
1.324395,5.492530708781567
1.324861,5.493202105745021
1.325326,5.493202105745021
1.325792,5.493202105745021
1.326257,5.492530708781567
1.326723,5.493202105745021
1.327189,5.493202105745021
1.327654,5.493202105745021
1.328120,5.4928664072632944
1.328585,5.492530708781567
1.329051,5.492530708781567
1.329516,5.492530708781567
1.329982,5.4928664072632944
1.330447,5.493202105745021
1.330913,1.555458915083543
1.331378,-3.8813458457312886
1.331844,-4.060440985732814
1.332309,-2.7141222247653927
1.332775,-2.339314869916838
1.333240,-3.78097199969482
1.333706,-5.483634699015792
1.334171,-5.492027161058976
1.334637,-5.493202105745021
1.335102,-5.493537804226749
1.335568,-5.493705653467612
1.336033,-5.49404135194934
1.336499,-5.494209201190204
1.336964,-5.49404135194934
1.337430,-5.493873502708476
1.337895,-5.49404135194934
1.338361,-5.494377050431067
1.338826,-5.494209201190204
1.339292,-5.494377050431067
1.339757,-5.494377050431067
1.340223,-5.494209201190204
1.340688,-5.494377050431067
1.341154,-5.494377050431067
1.341620,-5.494377050431067
1.342085,-5.494377050431067
1.342551,-5.494377050431067
1.343016,-5.494377050431067
1.343482,-5.494377050431067
1.343947,-5.494377050431067
1.344413,-5.494377050431067
1.344878,-5.494377050431067
1.345344,-5.494377050431067
1.345809,-5.494377050431067
1.346275,-5.494377050431067
1.346740,-5.494209201190204
1.347206,-5.49454489967193
1.347671,-5.494377050431067
1.348137,-5.494377050431067
1.348602,-5.494377050431067
1.349068,-5.494209201190204
1.349533,-5.494377050431067
1.349999,-5.49454489967193
1.350464,-5.494377050431067
1.350930,-5.494377050431067
1.351395,-5.494377050431067
1.351861,-5.49454489967193
1.352326,-5.494377050431067
1.352792,-5.096406500343328
1.353257,-2.8243991760128178
1.353723,-0.3573510337987335
1.354188,2.2040283817807276
1.354654,4.645563439383535
1.355120,5.488502327000839
1.355585,5.491187914854658
1.356051,5.4918593118181125
1.356516,5.4918593118181125
1.356982,5.4918593118181125
1.357447,5.492195010299839
1.357913,5.493034256504157
1.358378,5.4923628595407035
1.358844,5.492530708781567
1.359309,5.492530708781567
1.359775,5.492530708781567
1.360240,5.492530708781567
1.360706,5.492530708781567
1.361171,5.492530708781567
1.361637,5.493202105745021
1.362102,5.493202105745021
1.362568,5.492530708781567
1.363033,5.4928664072632944
1.363499,5.493202105745021
1.363964,5.4928664072632944
1.364430,5.493202105745021
1.364895,5.493202105745021
1.365361,5.493873502708476
1.365826,5.493202105745021
1.366292,5.4928664072632944
1.366757,5.493202105745021
1.367223,5.4928664072632944
1.367688,5.493202105745021
1.368154,5.493202105745021
1.368620,5.493873502708476
1.369085,5.493202105745021
1.369551,5.493202105745021
1.370016,5.493202105745021
1.370482,5.4928664072632944
1.370947,5.4928664072632944
1.371413,5.492530708781567
1.371878,5.4918593118181125
1.372344,5.493202105745021
1.372809,5.492530708781567
1.373275,5.492530708781567
1.373740,5.493034256504157
1.374206,5.493202105745021
1.374671,5.493202105745021
1.375137,5.493202105745021
1.375602,5.493202105745021
1.376068,5.493034256504157
1.376533,5.4928664072632944
1.376999,5.492195010299839
1.377464,5.4928664072632944
1.377930,5.4928664072632944
1.378395,5.492530708781567
1.378861,5.493202105745021
1.379326,5.4928664072632944
1.379792,5.4928664072632944
1.380257,5.492530708781567
1.380723,5.492530708781567
1.381188,5.492530708781567
1.381654,5.493202105745021
1.382119,5.493202105745021
1.382585,5.4928664072632944
1.383051,5.4928664072632944
1.383516,5.492530708781567
1.383982,5.492530708781567
1.384447,5.4928664072632944
1.384913,5.493202105745021
1.385378,5.4928664072632944
1.385844,5.492530708781567
1.386309,5.492530708781567
1.386775,5.493034256504157
1.387240,5.492530708781567
1.387706,5.493202105745021
1.388171,5.493202105745021
1.388637,5.446204318303196
1.389102,5.395178149080644
1.389568,5.371679255359732
1.390033,5.317296101319905
1.390499,5.274326695658807
1.390964,5.2179293507286175
1.391430,5.175631342030975
1.391895,5.117891203173875
1.392361,3.2054169527733274
1.392826,-3.481864652475776
1.393292,-5.4834668497749295
1.393757,-5.4913557640955215
1.394223,-5.492530708781567
1.394688,-5.493369954985885
1.395154,-5.493537804226749
1.395619,-5.493873502708476
1.396085,-5.493705653467612
1.396551,-5.493873502708476
1.397016,-5.494209201190204
1.397482,-5.494209201190204
1.397947,-5.494209201190204
1.398413,-5.494377050431067
1.398878,-5.493873502708476
1.399344,-5.494377050431067
1.399809,-5.49404135194934
1.400275,-5.494209201190204
1.400740,-5.494209201190204
1.401206,-5.494377050431067
1.401671,-5.494377050431067
1.402137,-1.7877622644388491
1.402602,4.8372472724498365
1.403068,5.488502327000839
1.403533,5.491187914854658
1.403999,5.4918593118181125
1.404464,5.4918593118181125
1.404930,5.492195010299839
1.405395,5.492530708781567
1.405861,5.492530708781567
1.406326,5.492530708781567
1.406792,5.492530708781567
1.407257,5.4918593118181125
1.407723,5.492530708781567
1.408188,5.492530708781567
1.408654,5.492530708781567
1.409119,-1.0122987716487373
1.409585,-5.471717402914473
1.410051,-5.491187914854658
1.410516,-5.492698558022431
1.410982,-5.493369954985885
1.411447,-5.493537804226749
1.411913,-5.493873502708476
1.412378,-5.493873502708476
1.412844,-5.493873502708476
1.413309,-5.493873502708476
1.413775,-5.494209201190204
1.414240,-5.494209201190204
1.414706,-5.494209201190204
1.415171,-5.494209201190204
1.415637,-5.494377050431067
1.416102,-5.494209201190204
1.416568,-5.494209201190204
1.417033,-5.494209201190204
1.417499,-5.494209201190204
1.417964,-5.494209201190204
1.418430,-5.494209201190204
1.418895,-5.494209201190204
1.419361,-5.49454489967193
1.419826,-4.419134813458457
1.420292,3.4756542305638205
1.420757,5.486488136110475
1.421223,5.490516517891203
1.421688,5.491523613336385
1.422154,5.492530708781567
1.422619,5.492530708781567
1.423085,5.492530708781567
1.423550,5.492530708781567
1.424016,5.492195010299839
1.424482,5.4928664072632944
1.424947,5.4928664072632944
1.425413,5.493202105745021
1.425878,5.493202105745021
1.426344,5.492530708781567
1.426809,5.4928664072632944
1.427275,5.4928664072632944
1.427740,5.493202105745021
1.428206,5.493202105745021
1.428671,5.4928664072632944
1.429137,5.492530708781567
1.429602,5.4923628595407035
1.430068,5.492530708781567
1.430533,5.492530708781567
1.430999,5.492530708781567
1.431464,5.4918593118181125
1.431930,5.492530708781567
1.432395,5.4918593118181125
1.432861,5.493202105745021
1.433326,5.4928664072632944
1.433792,3.8361943999389636
1.434257,4.442465857938506
1.434723,5.49085221637293
1.435188,5.492530708781567
1.435654,5.493202105745021
1.436119,4.436758983749141
1.436585,2.2119172961013196
1.437050,2.6048523689631495
1.437516,3.3037766079194317
1.437982,3.199542229343099
1.438447,2.741145952544442
1.438913,2.4182040131227587
1.439378,2.2500190737773713
1.439844,2.094254978255894
1.440309,1.9022354467078662
1.440775,1.7011520561532003
1.441240,1.513496604867628
1.441706,1.3385976958876935
1.442171,1.1690699626153962
1.442637,1.0032349126420994
1.443102,0.8437781338216219
1.443568,0.6906996261539635
1.444033,0.5446707866025788
1.444499,0.40401312275883117
1.444964,0.2704051270313573
1.445430,0.14267185473411154
1.445895,0.021149004348821242
1.446361,-0.09483482108796826
1.446826,-0.20527962157625693
1.447292,-0.30867475394827193
1.447757,-0.40703440909437705
1.448223,-0.4996871900511177
1.448688,-0.5869687953002212
1.449154,-0.6685435263599604
1.449619,-0.7455863279163805
1.450085,-0.817593652246891
1.450550,-0.8850690470740824
1.451016,-0.9470054169527733
1.451482,-1.0047455558098726
1.451947,-1.057953765163653
1.452413,-1.106797894254978
1.452878,-1.1522850385290302
1.453344,-1.1934081025406271
1.453809,-1.2308384832532233
1.454275,-1.2647440299076829
1.454740,-1.2954604409857327
1.455206,-1.3228198672465095
1.455671,-1.3466544594491492
1.456137,-1.368139162279698
1.456602,-1.386770428015564
1.457068,-1.4027161058976119
1.457533,-1.4158083466849776
1.457999,-1.4268863965819791
1.458464,-1.4354467078660258
1.458930,-1.4423285267414356
1.459395,-1.4463569085221637
1.459861,-1.448706797894255
1.460326,-1.449713893339437
1.460792,-1.4490424963759823
1.461257,-1.4466926070038908
1.461723,-1.4429999237048905
1.462188,-1.4379644464789807
1.462654,-1.4315861753261614
1.463119,-1.4238651102464333
1.463585,-1.416144045166705
1.464050,-1.4067444876783397
1.464516,-1.39667353322652
1.464981,-1.3855954833295185
1.465447,-1.3738460364690623
1.465913,-1.3614251926451515
1.466378,-1.3483329518577858
1.466844,-1.3345693141069657
1.467309,-1.3208056763561453
1.467775,-1.306706340123598
1.468240,-1.291935606927596
1.468706,-1.276493476768139
1.469171,-1.2612191958495458
1.469637,-1.2459449149309527
1.470102,-1.2301670862897687
1.470568,-1.2148928053711758
1.471033,-1.198947127489128
1.471499,-1.1833371480888075
1.471964,-1.1670557717250323
1.472430,-1.151445792324712
1.472895,-1.1355001144426644
1.473361,-1.1195544365606165
1.473826,-1.1041123064011593
1.474292,-1.0890058747234301
1.474757,-1.0732280460822459
1.475223,-1.057953765163653
1.475688,-1.0428473334859234
1.476154,-1.027740901808194
1.476619,-1.0128023193713283
1.477085,-0.9985351338979174
1.477550,-0.9844357976653696
1.478016,-0.9703364614328222
1.478481,-0.9564049744411383
1.478947,-0.9424734874494545
1.479413,-0.9290455481803617
1.479878,-0.9162890058747234
1.480344,-0.9035324635690852
1.480809,-0.890775921263447
1.481275,-0.8776836804760814
1.481740,-0.8655985351338977
1.482206,-0.8541847867551691
1.482671,-0.8422674906538489
1.483137,-0.8308537422751202
1.483602,-0.8192721446555274
1.484068,-0.8085297932402532
1.484533,-0.797787441824979
1.484999,-0.787380788891432
1.485464,-0.7769741359578851
1.485930,-0.7672388799877927
1.486395,-0.7571679255359731
1.486861,-0.7477683680476082
1.487326,-0.7382009613183794
1.487792,-0.7293049515526054
1.488257,-0.7205767910276951
1.488723,-0.7113450827801938
1.489188,-0.702784771496147
1.489654,-0.6947280079346914
1.490119,-0.6863355458915084
1.490585,-0.6782787823300527
1.491050,-0.6705577172503242
1.491516,-0.6630045014114595
1.491981,-0.6557869840543221
1.492447,-0.6484016174563211
1.492913,-0.6411841000991837
1.493378,-0.6343022812237735
1.493844,-0.6279240100709544
1.494309,-0.620706492713817
1.494775,-0.6141603723201342
1.495240,-0.6077821011673151
1.495706,-0.6017395284962234
1.496171,-0.5953612573434042
1.496637,-0.5893186846723125
1.497102,-0.5834439612420843
1.497568,-0.5775692378118562
1.498033,-0.5718623636224918
1.498499,-0.566323338673991
1.498964,-0.5607843137254901
1.499430,-0.5554131380178531
1.499895,-0.5495384145876249
1.500361,-0.5441672388799876
1.500826,-0.5389639124132143
1.501292,-0.5342641336690318
1.501757,-0.529228656443122
1.502223,-0.5245288776989395
1.502688,-0.519829098954757
1.503154,-0.5144579232471199
1.503619,-0.5100938429846646
1.504085,-0.5067368581673914
1.504550,-0.5032120241092546
1.505016,-0.5265430685893033
1.505481,-1.3834134431982907
1.505947,-4.107774471656366
1.506412,-5.486488136110475
1.506878,-5.492195010299839
1.507344,-5.493202105745021
1.507809,-5.493537804226749
1.508275,-5.493705653467612
1.508740,-5.493873502708476
1.509206,-5.493873502708476
1.509671,-5.494209201190204
1.510137,-5.494209201190204
1.510602,-5.494209201190204
1.511068,-5.49404135194934
1.511533,-5.49404135194934
1.511999,-5.494209201190204
1.512464,-5.494209201190204
1.512930,-5.494209201190204
1.513395,-3.3732661936369874
1.513861,0.5537346456092164
1.514326,3.183596551461051
1.514792,5.451239795529106
1.515257,5.490516517891203
1.515723,5.491523613336385
1.516188,5.4918593118181125
1.516654,5.4918593118181125
1.517119,5.492530708781567
1.517585,5.4918593118181125
1.518050,5.4918593118181125
1.518516,5.492530708781567
1.518981,5.4928664072632944
1.519447,5.492530708781567
1.519912,5.4928664072632944
1.520378,5.493202105745021
1.520844,5.493202105745021
1.521309,5.492530708781567
1.521775,5.492530708781567
1.522240,5.4928664072632944
1.522706,5.4928664072632944
1.523171,5.4928664072632944
1.523637,5.4928664072632944
1.524102,5.4928664072632944
1.524568,5.492530708781567
1.525033,5.492530708781567
1.525499,5.493202105745021
1.525964,5.4928664072632944
1.526430,5.492195010299839
1.526895,5.4928664072632944
1.527361,5.493202105745021
1.527826,5.492530708781567
1.528292,5.492530708781567
1.528757,4.947692072938124
1.529223,2.2560616464484626
1.529688,2.0192263675898374
1.530154,2.1244678416113527
1.530619,1.5621728847180896
1.531085,0.7459220263981079
1.531550,0.1032272831311513
1.532016,-0.36137941557946135
1.532481,-0.7816739147020676
1.532947,-1.2014648661020826
1.533412,-1.5967498283360035
1.533878,-1.9485618371862365
1.534344,-2.259418631265736
1.534809,-2.538719768062867
1.535275,-2.789486533913176
1.535740,-3.01205462729839
1.536206,-3.2069275959411
1.536671,-3.3762874799725333
1.537137,-3.5214770733196
1.537602,-3.6438391699092088
1.538068,-3.744884412909133
1.538533,-3.826626993209735
1.538999,-3.889402609292744
1.539464,-3.9350576028076594
1.539930,-3.964263370717937
1.540395,-3.978530556191348
1.540861,-3.9793698023956665
1.541326,-3.9669489585717557
1.541792,-3.9432822156099796
1.542257,-3.908705271992065
1.542723,-3.8640573739223316
1.543188,-3.8110170138094146
1.543654,-3.7497520408941787
1.544119,-3.6811017013809417
1.544585,-3.6065766384374762
1.545050,-3.5261768520637826
1.545516,-3.440405889982452
1.545981,-3.350774395361257
1.546447,-3.258121614404516
1.546912,-3.1617761501487758
1.547378,-3.0625772487983522
1.547843,-2.9606927595941097
1.548309,-2.8559548332951854
1.548775,-2.748195620660715
1.549240,-2.6392614633401994
1.549706,-2.5810177767605094
1.550171,-3.019439993896391
1.550637,-4.237857633325704
1.551102,-5.472724498359654
1.551568,-5.4918593118181125
1.552033,-5.493202105745021
1.552499,-5.493537804226749
1.552964,-5.493873502708476
1.553430,-5.49404135194934
1.553895,-5.49404135194934
1.554361,-5.49404135194934
1.554826,-5.49404135194934
1.555292,-5.49404135194934
1.555757,-5.494377050431067
1.556223,-5.494377050431067
1.556688,-5.494377050431067
1.557154,-5.49454489967193
1.557619,-5.494377050431067
1.558085,-5.494377050431067
1.558550,-5.494377050431067
1.559016,-5.49454489967193
1.559481,-5.494377050431067
1.559947,-5.494377050431067
1.560412,-5.49454489967193
1.560878,-5.494377050431067
1.561343,-5.494377050431067
1.561809,-5.494377050431067
1.562275,-5.494209201190204
1.562740,-5.494209201190204
1.563206,-5.494209201190204
1.563671,-5.494209201190204
1.564137,-5.494377050431067
1.564602,-5.494209201190204
1.565068,-5.494377050431067
1.565533,-5.458960860608835
1.565999,-4.859067673762112
1.566464,-4.253635461966888
1.566930,-3.6537422751201643
1.567395,-3.0650949874113067
1.567861,-2.4871900511177225
1.568326,-1.9139848935683224
1.568792,-1.3543755245288778
1.569257,-0.8233005264362555
1.569723,-0.31371023117418173
1.570188,0.18178072785534446
1.570654,0.6616617074845501
1.571119,1.123750667582208
1.571585,1.5692225528343633
1.572050,1.9844815747310598
1.572516,2.36919203479057
1.572981,2.734767681391623
1.573447,3.0842298008697644
1.573912,3.4130464637216753
1.574378,3.7247425040054933
1.574843,4.015121690699627
1.575309,4.275288014038299
1.575775,4.513633936064697
1.576240,4.739223315785458
1.576706,4.950713359273671
1.577171,5.149950408178836
1.577637,5.3392843518730455
1.578102,5.487830930037385
1.578568,5.4918593118181125
1.579033,5.4918593118181125
1.579499,5.492530708781567
1.579964,5.492530708781567
1.580430,5.4928664072632944
1.580895,5.4928664072632944
1.581361,5.493202105745021
1.581826,5.492530708781567
1.582292,5.4928664072632944
1.582757,5.4928664072632944
1.583223,5.4928664072632944
1.583688,5.492530708781567
1.584154,5.4928664072632944
1.584619,5.493202105745021
1.585085,5.492530708781567
1.585550,5.493034256504157
1.586016,5.493202105745021
1.586481,5.493034256504157
1.586947,5.492530708781567
1.587412,5.493202105745021
1.587878,5.492530708781567
1.588343,5.492530708781567
1.588809,5.492530708781567
1.589274,5.492530708781567
1.589740,5.492530708781567
1.590206,5.493202105745021
1.590671,5.493202105745021
1.591137,5.492530708781567
1.591602,5.493202105745021
1.592068,5.493202105745021
1.592533,5.493202105745021
1.592999,5.493202105745021
1.593464,5.493202105745021
1.593930,5.493202105745021
1.594395,5.368322270542459
1.594861,5.1991302357518885
1.595326,5.0358129243915455
1.595792,4.872831311512931
1.596257,4.692896925307088
1.596723,4.508934157320515
1.597188,4.332692454413673
1.597654,4.167193102922102
1.598119,4.011764705882354
1.598585,3.8677500572213317
1.599050,3.7247425040054933
1.599516,3.583413443198291
1.599981,3.453498130769818
1.600447,3.336003662165255
1.600912,3.227740901808194
1.601378,3.1325703822384985
1.601843,3.045288776989395
1.602309,2.951628900587472
1.602774,2.857297627222095
1.603240,2.7753871976806286
1.603706,2.7075761043717095
1.604171,2.6552071412222475
1.604637,2.6176089112687873
1.605102,2.577660791943236
1.605568,2.5276417181658655
1.606033,2.4796368352788583
1.606499,2.440360112916762
1.606964,2.405783169298848
1.607430,2.3675135423819333
1.607895,2.3211871519035627
1.608361,2.2698252841992823
1.608826,2.2144350347142745
1.609292,2.14679179064622
1.609757,2.0583352407110707
1.610223,1.9621576256961928
1.610688,1.8669871061264975
1.611154,1.770977340352483
1.611619,1.673289082169833
1.612085,1.5759365224689097
1.612550,1.4685130083161668
1.613016,1.35034714274815
1.613481,1.2271457999542228
1.613947,1.0989089799343863
1.614412,0.9653009842069123
1.614878,0.832364385442893
1.615343,0.703791866941329
1.615809,0.5691767757686733
1.616274,0.43120469977874415
1.616740,0.3002822919050888
1.617206,0.18413061722743573
1.617671,0.0844281681544213
1.618137,0.0011749446860456242
1.618602,-0.07704280155642022
1.619068,-0.14485389486533912
1.619533,-0.1915159838254368
1.619999,-0.22005035477225907
1.620464,-0.23784237430380706
1.620930,-0.2452277409018082
1.621395,-0.2438849469748989
1.621861,-0.23263904783703362
1.622326,-0.20695811398489355
1.622792,-0.17607385366598
1.623257,-0.1512321660181582
1.623723,-0.11866941329060808
1.624188,-0.06663614862287326
1.624654,0.0035248340581368735
1.625119,0.0800640878919661
1.625585,0.15492484931715875
1.626050,0.22072175173571373
1.626516,0.2782940413519493
1.626981,0.33452353704127563
1.627447,0.3838712138551919
1.627912,0.42465857938506135
1.628378,0.4607461661707485
1.628843,0.47853818570229645
1.629309,0.46443884946974895
1.629774,0.435233081559472
1.630240,0.40468451972228575
1.630705,0.36977187762264435
1.631171,0.3274738689250019
1.631637,0.2818188754100862
1.632102,0.22525368123903253
1.632568,0.1552605477988861
1.633033,0.0797283894102388
1.633499,-0.0015106431677729458
1.633964,-0.092484931715877
1.634430,-0.1977264057373922
1.634895,-0.31068894483863574
1.635361,-0.41777676050965123
1.635826,-0.5158007171740291
1.636292,-0.6188601510643167
1.636757,-0.7365224689097429
1.637223,-0.8456244754711221
1.637688,-0.9320668345159074
1.638154,-1.000549324788281
1.638619,-1.0478828107118332
1.639085,-1.0626535439078355
1.639550,-1.066346227206836
1.640016,-1.0690318150606544
1.640481,-1.059967956054017
1.640947,-1.0316014343480582
1.641412,-0.986785687037461
1.641878,-0.9290455481803617
1.642343,-0.8649271381704432
1.642809,-0.8075226977950714
1.643274,-0.744411383230335
1.643740,-0.6625009536888684
1.644205,-0.561791409170672
1.644671,-0.44765392538338294
1.645137,-0.33183794918745707
1.645602,-0.23247119859617
1.646068,-0.14384679942015716
1.646533,-0.054047455558098714
1.646999,0.03138780804150454
1.647464,0.10389868009460593
1.647930,0.16197451743343252
1.648395,0.2025940337224384
1.648861,0.21937895780880443
1.649326,0.22273594262607763
1.649792,0.2150148775463493
1.650257,0.18547341115434499
1.650723,0.14216830701152056
1.651188,0.09382772564278628
1.651654,0.04145876249332417
1.652119,-0.013931486991683832
1.652585,-0.06764324406805522
1.653050,-0.13579003585870145
1.653516,-0.22676432440680552
1.653981,-0.32814526588845655
1.654447,-0.4197909514000152
1.654912,-0.40199893186846725
1.655378,-0.18178072785534446
1.655843,0.13579003585870145
1.656309,0.41811245899137867
1.656774,0.6460517280842297
1.657240,0.8498207064927138
1.657705,1.039154650186923
1.658171,1.2076752880140382
1.658637,1.3587396047913327
1.659102,1.497047379262989
1.659568,1.6199130235751888
1.660033,1.724483100633249
1.660499,1.812603952086671
1.660964,1.8878004119935914
1.661430,1.9527580682078278
1.661895,2.0019378957808804
1.662361,2.036179140917067
1.662826,2.0556496528572517
1.663292,2.067734798199435
1.663757,2.0798199435416187
1.664223,2.092576485847257
1.664688,2.0992904554818037
1.665154,2.0905622949568934
1.665619,2.066392004272526
1.666085,2.0355077439536124
1.666550,1.9995880064087894
1.667016,1.9505760280766002
1.667481,1.8831006332494087
1.667947,1.802365148393988
1.668412,1.704844739452201
1.668878,1.5799649042496375
1.669343,1.432928969253071
1.669809,1.274143587396048
1.670274,1.105455100328069
1.670740,0.9228351262684061
1.671205,0.7195696955825132
1.671671,0.49431601434348055
1.672136,0.24489204242008086
1.672602,-0.032730601968413826
1.673068,-0.3375448233768215
1.673533,-0.6625009536888684
1.673999,-0.9981994354161898
1.674464,-1.3295338368810559
1.674930,-1.6392156862745098
1.675395,-1.918348973830777
1.675861,-2.172472724498359
1.676326,-2.404272526131075
1.676792,-2.606530861371786
1.677257,-2.7753871976806286
1.677723,-2.915205615320058
1.678188,-3.02900740062562
1.678654,-3.113267719539177
1.679119,-3.1656366826886395
1.679585,-3.1938353551537344
1.680050,-3.2027313649195084
1.680516,-3.189639124132143
1.680981,-3.1540550850690465
1.681447,-3.098329137102312
1.681912,-3.026993209735256
1.682378,-2.944075684748608
1.682843,-2.8537727931639583
1.683309,-2.75390249485008
1.683774,-2.637247272449836
1.684240,-2.4984359502555886
1.684705,-2.3493858243686576
1.685171,-2.210406652933547
1.685636,-2.0821698329137104
1.686102,-1.9574578469520103
1.686568,-1.8401312275883115
1.687033,-1.7405966277561609
1.687499,-1.6575112535286487
1.687964,-1.5860074769207293
1.688430,-1.5333028152895398
1.688895,-1.503089951934081
1.689361,-1.4849622339208055
1.689826,-1.4710307469291217
1.690292,-1.4597848477912565
1.690757,-1.456595712214847
1.691223,-1.460456244754711
1.691688,-1.4668345159075302
1.692154,-1.4764019226367588
1.692619,-1.488654917219806
1.693085,-1.5094682230869
1.693550,-1.5423666742961775
1.694016,-1.5870145723659113
1.694481,-1.6375371938658732
1.694947,-1.6811779964904245
1.695412,-1.7110551613641565
1.695878,-1.7300221255817503
1.696343,-1.7347219043259328
1.696809,-1.7165941863126573
1.697274,-1.675135423819333
1.697740,-1.624277103837644
1.698205,-1.5697261005569543
1.698671,-1.5037613488975354
1.699136,-1.423529411764706
1.699602,-1.3370870527199208
1.700067,-1.2491340505073625
1.700533,-1.1583276112001222
1.700999,-1.0629892423895626
1.701464,-0.9647974364843214
1.701930,-0.868955519951171
1.702395,-0.7783169298847943
1.702861,-0.6908674753948271
1.703326,-0.5992217898832686
1.703792,-0.5043869687953002
1.704257,-0.40703440909437705
1.704723,-0.31085679407949945
1.705188,-0.22575722896162354
1.705654,-0.14720378423743039
1.706119,-0.0703288319218738
1.706585,0.0021820401312275884
1.707050,0.06294346532387274
1.707516,0.10859845883878842
1.707981,0.14082551308461125
1.708447,0.15274280918593117
1.708912,0.14418249790188448
1.709378,0.1240405889982452
1.709843,0.09903105210955977
1.710309,0.06764324406805522
1.710774,0.027023727779049357
1.711240,-0.019974059662775615
1.711705,-0.07049668116273747
1.712171,-0.12269779507133592
1.712636,-0.17607385366598
1.713102,-0.23263904783703362
1.713567,-0.29793240253299763
1.714033,-0.37447165636682683
1.714499,-0.4604104676890211
1.714964,-0.5456778820477607
1.715430,-0.6240634775310901
1.715895,-0.688014038300145
1.716361,-0.7256122682536049
1.716826,-0.7313191424429694
1.717292,-0.7177233539330129
1.717757,-0.6985885404745555
1.718223,-0.6759288929579614
1.718688,-0.6440375371938658
1.719154,-0.6091248950942245
1.719619,-0.5748836499580376
1.720085,-0.5361104753185321
1.720550,-0.48659494926375213
1.721016,-0.43053330281528956
1.721481,-0.37145037003128095
1.721947,-0.31236743724727245
1.722412,-0.2509346150911726
1.722878,-0.18278782330052643
1.723343,-0.10054169527733271
1.723809,-0.003189135576409552
1.724274,0.10691996643015184
1.724740,0.21770046540016783
1.725205,0.323445487144274
1.725671,0.4266727702754254
1.726136,0.5302357518883039
1.726602,0.6321202410925459
1.727067,0.7262836652170594
1.727533,0.8147402151522086
1.727999,0.8964827954528115
1.728464,0.9622796978713664
1.728930,1.010955977721828
1.729395,1.0492256046387427
1.729861,1.0817883573662928
1.730326,1.106797894254978
1.730792,1.1281147478446631
1.731257,1.1490959029526207
1.731723,1.1683985656519418
1.732188,1.1858548867017624
1.732654,1.2026398107881284
1.733119,1.2150606546120393
1.733585,1.2227817196917676
1.734050,1.2242923628595406
1.734516,1.2258030060273135
1.734981,1.239902342259861
1.735447,1.2623941405355916
1.735912,1.2842145418478674
1.736378,1.3053635461966888
1.736843,1.3302052338445107
1.737309,1.3651178759441518
1.737774,1.4137941557946134
1.738240,1.4794232089723047
1.738705,1.5641870756084535
1.739171,1.6601968413824673
1.739636,1.7666132600900284
1.740102,1.882093537804227
1.740567,2.0042877851529712
1.741033,2.1318532082093538
1.741498,2.2614328221560998
1.741964,2.388662546730754
1.742430,2.5152208743419546
1.742895,2.639765011062791
1.743361,2.7659876401922636
1.743826,2.8935530632486457
1.744292,3.0216220340276188
1.744757,3.148012512397955
1.745223,3.2769207293812466
1.745688,3.4150606546120397
1.746154,3.5672999160753793
1.746619,3.733806363012131
1.747085,3.908705271992065
1.747550,4.093339436942092
1.748016,4.281330586709392
1.748481,4.467978942549782
1.748947,4.65261310749981
1.749412,4.841947051194018
1.749878,5.039337758449683
1.750343,5.279530022125582
1.750809,5.491187914854658
1.751274,5.4918593118181125
1.751740,5.492530708781567
1.752205,5.492530708781567
1.752671,5.492530708781567
1.753136,5.4928664072632944
1.753602,5.493202105745021
1.754067,5.4928664072632944
1.754533,5.492530708781567
1.754998,5.493202105745021
1.755464,5.4928664072632944
1.755930,5.492530708781567
1.756395,5.492530708781567
1.756861,5.493202105745021
1.757326,5.492530708781567
1.757792,5.493202105745021
1.758257,5.492530708781567
1.758723,5.447547112230106
1.759188,5.417669947356374
1.759654,5.371007858396276
1.760119,5.340123598077363
1.760585,5.289097428854809
1.761050,5.254184786755169
1.761516,5.206851300831617
1.761981,5.169588769359884
1.762447,5.125947966735332
1.762912,5.081635767147326
1.763378,5.032623788815137
1.763843,4.997039749752041
1.764309,4.944670786602578
1.764774,4.904386968795301
1.765240,4.860410467689021
1.765705,4.83791866941329
1.766171,4.817441062027924
1.766636,4.753322652018006
1.767102,4.699275196459906
1.767567,4.696925307087816
1.768033,4.634485389486533
1.768498,4.621728847180895
1.768964,4.567345693141069
1.769430,4.542504005493248
1.769895,4.5169909208819705
1.770361,-0.09382772564278628
1.770826,-3.8504615854123747
1.771292,-5.378225375753414
1.771757,-5.490180819409476
1.772223,-5.492530708781567
1.772688,-5.493034256504157
1.773154,-5.493537804226749
1.773619,-5.493705653467612
1.774085,-5.493873502708476
1.774550,-5.49404135194934
1.775016,-5.49404135194934
1.775481,-5.49404135194934
1.775947,-5.49404135194934
1.776412,-5.494377050431067
1.776878,-5.494377050431067
1.777343,-5.494209201190204
1.777809,-5.494209201190204
1.778274,-5.494377050431067
1.778740,-5.494209201190204
1.779205,-5.494712748912795
1.779671,-5.494377050431067
1.780136,-5.494209201190204
1.780602,-5.494377050431067
1.781067,-5.494377050431067
1.781533,-5.494377050431067
1.781998,-5.49454489967193
1.782464,-5.49454489967193
1.782929,-5.494377050431067
1.783395,-5.49454489967193
1.783861,-5.494377050431067
1.784326,-5.49454489967193
1.784792,-5.49454489967193
1.785257,-5.494377050431067
1.785723,-5.494377050431067
1.786188,-5.49454489967193
1.786654,-5.49454489967193
1.787119,-5.494377050431067
1.787585,-5.494377050431067
1.788050,-5.49454489967193
1.788516,-5.494209201190204
1.788981,-5.494209201190204
1.789447,-5.494209201190204
1.789912,-5.49454489967193
1.790378,-3.597512779430838
1.790843,-1.2244602121004045
1.791309,0.8790264744029908
1.791774,2.783443961242084
1.792240,4.5284046692607
1.792705,5.486488136110475
1.793171,5.491523613336385
1.793636,5.4918593118181125
1.794102,5.4918593118181125
1.794567,5.4918593118181125
1.795033,5.492530708781567
1.795498,5.4918593118181125
1.795964,5.4918593118181125
1.796429,5.492530708781567
1.796895,5.492195010299839
1.797361,5.4928664072632944
1.797826,5.4928664072632944
1.798292,5.493034256504157
1.798757,5.4928664072632944
1.799223,5.493202105745021
1.799688,5.493034256504157
1.800154,5.493202105745021
1.800619,5.493202105745021
1.801085,5.4928664072632944
1.801550,5.4928664072632944
1.802016,5.4928664072632944
1.802481,5.493202105745021
1.802947,5.492530708781567
1.803412,5.493873502708476
1.803878,5.493202105745021
1.804343,5.492530708781567
1.804809,5.493202105745021
1.805274,5.493202105745021
1.805740,5.493202105745021
1.806205,5.493202105745021
1.806671,5.493202105745021
1.807136,5.493034256504157
1.807602,5.492195010299839
1.808067,5.492530708781567
1.808533,5.492530708781567
1.808998,5.492530708781567
1.809464,5.4928664072632944
1.809929,5.492530708781567
1.810395,5.492530708781567
1.810861,5.492530708781567
1.811326,5.492530708781567
1.811792,5.492530708781567
1.812257,5.4928664072632944
1.812723,5.492530708781567
1.813188,5.492530708781567
1.813654,5.492530708781567
1.814119,5.4928664072632944
1.814585,5.4928664072632944
1.815050,5.4918593118181125
1.815516,5.4686961165789265
1.815981,5.407263294422828
1.816447,5.35556572823682
1.816912,5.309910734721904
1.817378,5.267948424505989
1.817843,5.23404287785153
1.818309,4.137651636530098
1.818774,2.3285725185015638
1.819240,2.734431982909895
1.819705,3.1634546425574124
1.820171,2.8524299992370485
1.820636,2.327397573815518
1.821102,1.980453192950332
1.821567,1.7659418631265733
1.822033,1.5527733272297246
1.822498,1.3103990234225986
1.822964,1.0697032120241092
1.823429,0.8481422140840771
1.823895,0.6410162508583199
1.824360,0.44362554360265505
1.824826,0.2541237506675822
1.825292,0.07435721370260165
1.825757,-0.0955062180514229
1.826223,-0.25597009231708245
1.826688,-0.4077058060578317
1.827154,-0.5503776607919432
1.827619,-0.6843213550011443
1.828085,-0.8112153810940719
1.828550,-0.92988479438468
1.829016,-1.0404974441138324
1.829481,-1.1438925764858472
1.829947,-1.2397344930189973
1.830412,-1.3288624399176012
1.830878,-1.4114442664225222
1.831343,-1.4883192187380787
1.831809,-1.5589837491416798
1.832274,-1.6236057068741891
1.832740,-1.6830243381399252
1.833205,-1.7370717936980238
1.833671,-1.7860837720302125
1.834136,-1.8303959716182194
1.834602,-1.8703440909437707
1.835067,-1.9052567330434116
1.835533,-1.9359731441214616
1.835998,-1.9626611734187838
1.836464,-1.9861600671396964
1.836929,-2.006469825284199
1.837395,-2.0237582970931562
1.837860,-2.0370183871213854
1.838326,-2.047592889295796
1.838792,-2.0563210498207063
1.839257,-2.0623636224917985
1.839723,-2.0658884565499345
1.840188,-2.0670634012359805
1.840654,-2.066392004272526
1.841119,-2.0630350194552527
1.841585,-2.058838788433661
1.842050,-2.052460517280842
1.842516,-2.04457160296025
1.842981,-2.0358434424353393
1.843447,-2.025436789501793
1.843912,-2.0133516441596093
1.844378,-2.000930800335698
1.844843,-1.987502861066605
1.845309,-1.973067826352331
1.845774,-1.9579613946746015
1.846240,-1.9418478675516895
1.846705,-1.9247272449835966
1.847171,-1.9071030746929123
1.847636,-1.8891432059205004
1.848102,-1.8703440909437707
1.848567,-1.851880674448768
1.849033,-1.8330815594720378
1.849498,-1.8136110475318532
1.849964,-1.7941405355916684
1.850429,-1.7739986266880292
1.850895,-1.7533531700617988
1.851360,-1.7330434119172962
1.851826,-1.7130693522545204
1.852292,-1.6932631418326085
1.852757,-1.6734569314106966
1.853223,-1.6533150225070574
1.853688,-1.6330052643625543
1.854154,-1.613366903181506
1.854619,-1.5933928435187306
1.855085,-1.5739223315785458
1.855550,-1.5539482719157702
1.856016,-1.5349813076981766
1.856481,-1.5155107957579919
1.856947,-1.496711680781262
1.857412,-1.4775768673228045
1.857878,-1.4591134508278016
1.858343,-1.4409857328145266
1.858809,-1.4242008087281604
1.859274,-1.4074158846417946
1.859740,-1.3896238651102462
1.860205,-1.3726710917830167
1.860671,-1.3567254139009688
1.861136,-1.3411154345006484
1.861602,-1.3255054551003278
1.862067,-1.3097276264591438
1.862533,-1.2946211947814144
1.862998,-1.2793469138628213
1.863464,-1.2647440299076829
1.863929,-1.250308995193408
1.864395,-1.2358739604791333
1.864860,-1.2217746242465855
1.865326,-1.2086823834592204
1.865791,-1.1945830472266727
1.866257,-1.18115510795758
1.866723,-1.1678950179293506
1.867188,-1.1548027771419853
1.867654,-1.1428854810406652
1.868119,-1.1304646372167544
1.868585,-1.1180437933928435
1.869050,-1.1066300450141144
1.869516,-1.0938735027084765
1.869981,-1.0817883573662928
1.870447,-1.0698710612649727
1.870912,-1.058960860608835
1.871378,-1.0482185091935607
1.871843,-1.0371404592965592
1.872309,-1.0260624093995574
1.872774,-1.0153200579842834
1.873240,-1.0050812542915997
1.873705,-0.9951781490806441
1.874171,-0.9851071946288243
1.874636,-0.9757076371404593
1.875102,-0.965972381170367
1.875567,-0.9564049744411383
1.876033,-0.9475089646753643
1.876498,-0.9387808041504537
1.876964,-0.9297169451438162
1.877429,-0.9213244831006332
1.877895,-0.9125963225757228
1.878360,-0.9047074082551309
1.878826,-0.8966506446936751
1.879291,-0.8884260318913556
1.879757,-0.8803692683299
1.880223,-0.8726482032501717
1.880688,-0.8655985351338977
1.881154,-0.8583810177767605
1.881619,-0.8511635004196231
1.882085,-0.8437781338216219
1.882550,-0.8363927672236209
1.883016,-0.8296787975890745
1.883481,-0.8229648279545281
1.883947,-0.815579461356527
1.884412,-0.8085297932402532
1.884878,-0.8018158236057067
1.885343,-0.7944304570077059
1.885809,-0.787380788891432
1.886274,-0.7808346684977492
1.886740,-0.7742885481040666
1.887205,-0.7675745784695202
1.887671,-0.7615320057984283
1.888136,-0.7553215838864729
1.888602,-0.7484397650110628
1.889067,-0.7417257953765163
1.889533,-0.7353475242236972
1.889998,-0.7296406500343328
1.890464,-0.7239337758449683
1.890929,-0.7175555046921492
1.891395,-0.7108415350576027
1.891860,-0.7044632639047836
1.892326,-0.6984206912336919
1.892791,-0.6930495155260548
1.893257,-0.6876783398184176
1.893723,-0.6823071641107805
1.894188,-0.6759288929579614
1.894654,-0.6702220187685969
1.895119,-0.6645151445792324
1.895585,-0.6594796673533226
1.896050,-0.6541084916456854
1.896516,-0.6477302204928663
1.896981,-0.6426947432669565
1.897447,-0.6374914168001832
1.897912,-0.6319523918516823
1.898378,-0.6262455176623178
1.898843,-0.620706492713817
1.899309,-0.6158388647287708
1.899774,-0.610803387502861
1.900240,-0.6054322117952239
1.900705,-0.6010681315327687
1.901171,-0.5963683527885862
1.901636,-0.5916685740444038
1.902102,-0.5862973983367666
1.902567,-0.5817654688334477
1.903033,-0.5770656900892653
1.903498,-0.572198062104219
1.903964,-0.5674982833600366
1.904429,-0.5627985046158541
1.904895,-0.5584344243533989
1.905360,-0.5537346456092164
1.905826,-0.5488670176241703
1.906291,-0.5436636911573968
1.906757,-0.5389639124132143
1.907222,-0.5345998321507592
1.907688,-0.5302357518883039
1.908154,-0.525703822384985
1.908619,-0.5211718928816662
1.909085,-0.5171435111009385
1.909550,-0.5124437323567559
1.910016,-0.5075761043717097
1.910481,-0.5020370794232089
1.910947,-0.4971694514381629
1.911412,-0.49246967269398023
1.911878,-0.48793774319066147
1.912343,-0.48290226596475166
1.912809,-0.47853818570229645
1.913274,-0.47383840695811397
1.913740,-0.4691386282139315
1.914205,-0.4641031509880217
1.914671,-0.4590676737621119
1.915136,-0.4547035934996566
1.915602,-0.45067521171892877
1.916067,-0.4468146791790647
1.916533,-0.44278629739833675
1.916998,-0.43859006637674525
1.917464,-0.43456168459601735
1.917929,-0.43053330281528956
1.918395,-0.4271763179980163
1.918860,-0.4238193331807431
1.919326,-0.4201266498817426
1.919791,-0.416433966582742
1.920257,-0.41257343404287783
1.920722,-0.40871290150301365
1.921188,-0.40502021820401307
1.921654,-0.4016632333867399
1.922119,-0.39830624856946667
1.922585,-0.3952849622339208
1.923050,-0.3919279774166476
1.923516,-0.3885709925993744
1.923981,-0.3852140077821012
1.924447,-0.38185702296482793
1.924912,-0.3790035858701457
1.925378,-0.3758144502937361
1.925843,-0.37279316395819023
1.926309,-0.3696040283817807
1.926774,-0.36675059128709847
1.927240,-0.36305790798809795
1.927705,-0.36003662165255207
1.928171,-0.3568474860761425
1.928636,-0.3543297474631876
1.929102,-0.3513084611276417
1.929567,-0.34778362706950483
1.930033,-0.34392309452964065
1.930498,-0.34123750667582203
1.930964,-0.3385519188220035
1.931429,-0.33586633096818486
1.931895,-0.33250934615091166
1.932360,-0.3291523613336385
1.932826,-0.32579537651636525
1.933291,-0.3226062409399557
1.933757,-0.3197528038452735
1.934222,-0.3167315175097276
1.934688,-0.31371023117418173
1.935154,-0.31102464332036317
1.935619,-0.3076676585030899
1.936085,-0.30498207064927135
1.936550,-0.3016250858319981
1.937016,-0.29860379949645227
1.937481,-0.2960860608834973
1.937947,-0.2928969253070878
1.938412,-0.2902113374532692
1.938878,-0.2876935988403143
1.939343,-0.28517586022735936
1.939809,-0.2824902723735408
1.940274,-0.28014038300144956
1.940740,-0.27779049362935837
1.941205,-0.27493705653467615
1.941671,-0.27275501640344857
1.942136,-0.2704051270313573
1.942602,-0.26805523765926603
1.943067,-0.26637674525062943
1.943533,-0.26335545891508355
1.943998,-0.26066987106126494
1.944464,-0.2581521324483101
1.944929,-0.2561379415579461
1.945395,-0.2542915999084459
1.945860,-0.2516060120546273
1.946326,-0.24925612268253605
1.946791,-0.24707408255130842
1.947257,-0.2452277409018082
1.947722,-0.24321355001144426
1.948188,-0.240863660639353
1.948653,-0.23817807278553446
1.949119,-0.23616388189517049
1.949585,-0.2341496910048066
1.950050,-0.23247119859617
1.950516,-0.23045700770580602
1.950981,-0.22844281681544215
1.951447,-0.22659647516594186
1.951912,-0.22441443503471423
1.952378,-0.22273594262607763
1.952843,-0.22072175173571373
1.953309,-0.2178683146410315
1.953774,-0.21635767147325857
1.954240,-0.2140077821011673
1.954705,-0.2118257419699397
1.955171,-0.20964370183871214
1.955636,-0.2076295109483482
1.956102,-0.2059510185397116
1.956567,-0.20427252613107502
1.957033,-0.2025940337224384
1.957498,-0.20091554131380177
1.957964,-0.19940489814602883
1.958429,-0.19755855649652856
1.958895,-0.19588006408789194
1.959360,-0.1935301747158007
1.959826,-0.1918516823071641
1.960291,-0.18983749141680015
1.960757,-0.18815899900816355
1.961222,-0.18648050659952697
1.961688,-0.18480201419089035
1.962153,-0.18278782330052643
1.962619,-0.18144502937361714
1.963085,-0.18060578316929884
1.963550,-0.17943083848325322
1.964016,-0.1782558937972076
1.964481,-0.1774166475928893
1.964947,-0.175066758220798
1.965412,-0.1733882658121614
1.965878,-0.1722133211261158
1.966343,-0.1708705271992065
1.966809,-0.16952773327229725
1.967274,-0.16835278858625158
1.967740,-0.166674296177615
1.968205,-0.16533150225070573
1.968671,-0.16398870832379644
1.969136,-0.16298161287861446
1.969602,-0.16130312046997786
1.970067,-0.15996032654306858
1.970533,-0.1586175326161593
1.970998,-0.1569390402075227
1.971464,-0.1550926985580224
1.971929,-0.1535820553902495
1.972395,-0.1525749599450675
1.972860,-0.1508964675364309
1.973326,-0.1492179751277943
1.973791,-0.147875181200885
1.974257,-0.1461966887922484
1.974722,-0.1450217441062028
1.975188,-0.14351110093842984
1.975653,-0.1414969100480659
1.976119,-0.139482719157702
1.976585,-0.1381399252307927
1.977050,-0.13679713130388343
1.977516,-0.1347829404135195
1.977981,-0.13344014648661018
1.978447,-0.13209735255970093
1.978912,-0.1304188601510643
1.979378,-0.12907606622415504
1.979843,-0.1279011215381094
1.980309,-0.12639047837033646
1.980774,-0.1253833829251545
1.981240,-0.12471198596169988
1.981705,-0.12387273975738157
1.982171,-0.12336919203479056
1.982636,-0.12269779507133592
1.983102,-0.12185854886701762
1.983567,-0.12101930266269931
1.984033,-0.11984435797665367
1.984498,-0.11900511177233539
1.984964,-0.11833371480888075
1.985429,-0.11766231784542608
1.985895,-0.11665522240024415
1.986360,-0.11564812695506219
1.986826,-0.11430533302815289
1.987291,-0.11262684061951626
1.987757,-0.11128404669260701
1.988222,-0.11027695124742502
1.988688,-0.10893415732051576
1.989153,-0.10809491111619743
1.989619,-0.10691996643015184
1.990084,-0.1062485694666972
1.990550,-0.10490577553978789
1.991016,-0.10389868009460593
1.991481,-0.10222018768596933
1.991947,-0.10087739375906005
1.992412,-0.09953459983215075
1.992878,-0.09852750438696878
1.993343,-0.09752040894178682
1.993809,-0.09684901197833219
1.994274,-0.0955062180514229
1.994740,-0.09449912260624094
1.995205,-0.09332417792019532
1.995671,-0.092484931715877
1.996136,-0.09181353475242236
1.996602,-0.0908064393072404
1.997067,-0.08979934386205844
1.997533,-0.0891279468986038
1.997998,-0.08845654993514916
1.998464,-0.08812085145342184
1.998929,-0.08744945448996719
1.999395,-0.08661020828564889
1.999860,-0.08577096208133059
2.000326,-0.08476386663614863
2.000791,-0.08375677119096665
2.001257,-0.08274967574578469
2.001722,-0.08207827878233005
2.002188,-0.08107118333714809
2.002653,-0.08039978637369342
2.003119,-0.0800640878919661
2.003584,-0.0797283894102388
2.004050,-0.07872129396505684
2.004516,-0.0780498970016022
2.004981,-0.07737850003814756
2.005447,-0.0767071030746929
2.005912,-0.07536430914778362
2.006378,-0.07435721370260165
2.006843,-0.07368581673914701
2.007309,-0.07267872129396505
2.007774,-0.07217517357137408
2.008240,-0.07200732433051041
2.008705,-0.07133592736705577
2.009171,-0.07016098268101013
2.009636,-0.06932173647669183
2.010102,-0.06865033951323721
2.010567,-0.06797894254978255
2.011033,-0.06730754558632791
2.011498,-0.06697184710460058
2.011964,-0.06596475165941862
2.012429,-0.06546120393682765
2.012895,-0.06462195773250935
2.013360,-0.06361486228732739
2.013826,-0.0639505607690547
2.014291,-0.06294346532387274
2.014757,-0.061936369878690785
2.015222,-0.06160067139696345
2.015688,-0.06092927443350881
2.016153,-0.060593575951781484
2.016619,-0.05992217898832684
2.017084,-0.05958648050659952
2.017550,-0.059250782024872196
2.018016,-0.05857938506141757
2.018481,-0.05824368657969024
2.018947,-0.05790798809796292
2.019412,-0.05656519417105363
2.019878,-0.05589379720759898
2.020343,-0.05522240024414436
2.020809,-0.054551003280689715
2.021274,-0.054551003280689715
2.021740,-0.054551003280689715
2.022205,-0.054551003280689715
2.022671,-0.05421530479896238
2.023136,-0.05421530479896238
2.023602,-0.054551003280689715
2.024067,-0.054551003280689715
2.024533,-0.05421530479896238
2.024998,-0.05387960631723506
2.025464,-0.05304036011291676
2.025929,-0.0528725108720531
2.026395,-0.053208209353780414
2.026860,-0.05253681239032577
2.027326,-0.051865415426871134
2.027791,-0.05119401846341649
2.028257,-0.050522621499961846
2.028722,-0.050186923018234526
2.029188,-0.049851224536507206
2.029653,-0.049515526054779886
2.030119,-0.04800488288700694
2.030584,-0.04716563668268864
2.031050,-0.04649423971923399
2.031515,-0.04632639047837033
2.031981,-0.04649423971923399
2.032447,-0.04582284275577936
2.032912,-0.044480048828870064
2.033378,-0.043472953383688104
2.033843,-0.042801556420233464
2.034309,-0.0426337071793698
2.034774,-0.042465857938506144
2.035240,-0.041962310215915156
2.035705,-0.04129091325246051
2.036171,-0.04078736552986953
2.036636,-0.04011596856641489
2.037102,-0.03944457160296025
2.037567,-0.03910887312123293
2.038033,-0.03843747615777828
2.038498,-0.03776607919432364
2.038964,-0.03776607919432364
2.039429,-0.037094682230869
2.039895,-0.03675898374914168
2.040360,-0.03675898374914168
2.040826,-0.036423285267414354
2.041291,-0.035919737544823374
2.041757,-0.035416189822232394
2.042222,-0.035751888303959714
2.042688,-0.035416189822232394
2.043153,-0.03508049134050507
2.043619,-0.03457694361791409
2.044084,-0.03373769741359579
2.044550,-0.03373769741359579
2.045015,-0.03373769741359579
2.045481,-0.033066300450141146
2.045947,-0.032898451209277486
2.046412,-0.0323949034866865
2.046878,-0.03189135576409552
2.047343,-0.03189135576409552
2.047809,-0.03172350652323186
2.048274,-0.03105210955977722
2.048740,-0.029709315632867935
2.049205,-0.029037918669413288
2.049671,-0.028702220187685965
2.050136,-0.028366521705958644
2.050602,-0.027695124742504008
2.051067,-0.027695124742504008
2.051533,-0.027695124742504008
2.051998,-0.02719157701991302
2.052464,-0.026352330815594724
2.052929,-0.025009536888685433
2.053395,-0.024338139925230793
2.053860,-0.02366674296177615
2.054326,-0.02366674296177615
2.054791,-0.022995345998321506
2.055257,-0.021988250553139542
2.055722,-0.021652552071412222
2.056188,-0.020981155107957578
2.056653,-0.019806210421911954
2.057119,-0.019638361181048294
2.057584,-0.019974059662775615
2.058050,-0.019302662699320974
2.058515,-0.01896696421759365
2.058981,-0.01913481345845731
2.059447,-0.01896696421759365
2.059912,-0.01896696421759365
2.060378,-0.017959868772411687
2.060843,-0.017959868772411687
2.061309,-0.017959868772411687
2.061774,-0.017288471808957043
2.062240,-0.017288471808957043
2.062705,-0.017120622568093383
2.063171,-0.017288471808957043
2.063636,-0.017624170290684367
2.064102,-0.017624170290684367
2.064567,-0.017624170290684367
2.065033,-0.017624170290684367
2.065498,-0.017120622568093383
2.065964,-0.01695277332722972
2.066429,-0.01695277332722972
2.066895,-0.017288471808957043
2.067360,-0.016784924086366067
2.067826,-0.016617074845502403
2.068291,-0.016617074845502403
2.068757,-0.01594567788204776
2.069222,-0.01560997940032044
2.069688,-0.01527428091859312
2.070153,-0.014938582436865796
2.070619,-0.015106431677729458
2.071084,-0.015106431677729458
2.071550,-0.014602883955138474
2.072015,-0.013931486991683832
2.072481,-0.01359578850995651
2.072946,-0.013092240787365528
2.073412,-0.01292439154650187
2.073878,-0.012588693064774548
2.074343,-0.012252994583047227
2.074809,-0.011917296101319903
2.075274,-0.011078049897001601
2.075740,-0.011245899137865261
2.076205,-0.010910200656137941
2.076671,-0.010910200656137941
2.077136,-0.011413748378728923
2.077602,-0.011917296101319903
2.078067,-0.011917296101319903
2.078533,-0.012252994583047227
2.078998,-0.012252994583047227
2.079464,-0.011581597619592583
2.079929,-0.011581597619592583
2.080395,-0.012252994583047227
2.080860,-0.012588693064774548
2.081326,-0.012588693064774548
2.081791,-0.012252994583047227
2.082257,-0.011917296101319903
2.082722,-0.012252994583047227
2.083188,-0.012252994583047227
2.083653,-0.011917296101319903
2.084119,-0.011749446860456245
2.084584,-0.012252994583047227
2.085050,-0.012252994583047227
2.085515,-0.011581597619592583
2.085981,-0.011245899137865261
2.086446,-0.011078049897001601
2.086912,-0.011078049897001601
2.087378,-0.011078049897001601
2.087843,-0.010910200656137941
2.088309,-0.011078049897001601
2.088774,-0.010910200656137941
2.089240,-0.010238803692683297
2.089705,-0.009567406729228655
2.090171,-0.009567406729228655
2.090636,-0.009735255970092317
2.091102,-0.009903105210955977
2.091567,-0.009231708247501335
2.092033,-0.008392462043183033
2.092498,-0.007721065079728388
2.092964,-0.007217517357137408
2.093429,-0.006881818875410085
2.093895,-0.007049668116273747
2.094360,-0.006881818875410085
2.094826,-0.006881818875410085
2.095291,-0.006210421911955443
2.095757,-0.005874723430228122
2.096222,-0.005706874189364461
2.096688,-0.005874723430228122
2.097153,-0.0055390249485008005
2.097619,-0.004531929503318838
2.098084,-0.004867627985046159
2.098550,-0.004531929503318838
2.099015,-0.004531929503318838
2.099481,-0.004531929503318838
2.099946,-0.004028381780727854
2.100412,-0.003692683299000534
2.100877,-0.003860532539864194
2.101343,-0.003692683299000534
2.101809,-0.0035248340581368735
2.102274,-0.003189135576409552
2.102740,-0.0030212863355458916
2.103205,-0.003189135576409552
2.103671,-0.0028534370946822307
2.104136,-0.003189135576409552
2.104602,-0.0030212863355458916
2.105067,-0.0030212863355458916
2.105533,-0.0028534370946822307
2.105998,-0.0028534370946822307
2.106464,-0.0028534370946822307
2.106929,-0.0035248340581368735
2.107395,-0.0030212863355458916
2.107860,-0.0028534370946822307
2.108326,-0.0028534370946822307
2.108791,-0.003189135576409552
2.109257,-0.0035248340581368735
2.109722,-0.0035248340581368735
2.110188,-0.0035248340581368735
2.110653,-0.0030212863355458916
2.111119,-0.0028534370946822307
2.111584,-0.0025177386129549098
2.112050,-0.0021820401312275884
2.112515,-0.0021820401312275884
2.112981,-0.0021820401312275884
2.113446,-0.0025177386129549098
2.113912,-0.0021820401312275884
2.114377,-0.0015106431677729458
2.114843,-0.0015106431677729458
2.115309,-0.0015106431677729458
2.115774,-0.0021820401312275884
2.116240,-0.0015106431677729458
2.116705,-0.0011749446860456242
2.117171,-0.0008392462043183033
2.117636,-0.0008392462043183033
2.118102,-0.0008392462043183033
2.118567,-0.0003356984817273213
2.119033,0.00016784924086366064
2.119498,0.0005035477225909818
2.119964,0.0005035477225909818
2.120429,0.0008392462043183033
2.120895,0.0010070954451819635
2.121360,0.001846341649500267
2.121826,0.0021820401312275884
2.122291,0.0021820401312275884
2.122757,0.0021820401312275884
2.123222,0.001846341649500267
2.123688,0.001846341649500267
2.124153,0.001846341649500267
2.124619,0.0016784924086366065
2.125084,0.0011749446860456242
2.125550,0.0011749446860456242
2.126015,0.0005035477225909818
2.126481,0.0010070954451819635
2.126946,0.0008392462043183033
2.127412,0.0011749446860456242
2.127877,0.0010070954451819635
2.128343,0.0010070954451819635
2.128809,0.0011749446860456242
2.129274,0.0015106431677729458
2.129740,0.001846341649500267
2.130205,0.002014190890363927
2.130671,0.001846341649500267
2.131136,0.0016784924086366065
2.131602,0.001846341649500267
2.132067,0.0021820401312275884
2.132533,0.0021820401312275884
2.132998,0.0025177386129549098
2.133464,0.0028534370946822307
2.133929,0.0035248340581368735
2.134395,0.004364080262455177
2.134860,0.004531929503318838
2.135326,0.003860532539864194
2.135791,0.004196231021591517
2.136257,0.004364080262455177
2.136722,0.004867627985046159
2.137188,0.004699778744182497
2.137653,0.004867627985046159
2.138119,0.004531929503318838
2.138584,0.004699778744182497
2.139050,0.004531929503318838
2.139515,0.004196231021591517
2.139981,0.003860532539864194
2.140446,0.004196231021591517
2.140912,0.004867627985046159
2.141377,0.004531929503318838
2.141843,0.003860532539864194
2.142308,0.003692683299000534
2.142774,0.0035248340581368735
2.143240,0.004196231021591517
2.143705,0.004867627985046159
2.144171,0.0052033264667734795
2.144636,0.004364080262455177
2.145102,0.003860532539864194
2.145567,0.004196231021591517
2.146033,0.004028381780727854
2.146498,0.003860532539864194
2.146964,0.003189135576409552
2.147429,0.003189135576409552
2.147895,0.003189135576409552
2.148360,0.003692683299000534
2.148826,0.003189135576409552
2.149291,0.0030212863355458916
2.149757,0.0025177386129549098
2.150222,0.0028534370946822307
2.150688,0.0028534370946822307
2.151153,0.0030212863355458916
2.151619,0.0025177386129549098
2.152084,0.0025177386129549098
2.152550,0.0025177386129549098
2.153015,0.0025177386129549098
2.153481,0.0025177386129549098
2.153946,0.0025177386129549098
2.154412,0.003189135576409552
2.154877,0.0030212863355458916
2.155343,0.0035248340581368735
2.155808,0.003692683299000534
2.156274,0.0035248340581368735
2.156740,0.0035248340581368735
2.157205,0.003189135576409552
2.157671,0.0025177386129549098
2.158136,0.0025177386129549098
2.158602,0.0021820401312275884
2.159067,0.002014190890363927
2.159533,0.0021820401312275884
2.159998,0.001846341649500267
2.160464,0.0015106431677729458
2.160929,0.0011749446860456242
2.161395,0.0011749446860456242
2.161860,0.0011749446860456242
2.162326,0.0015106431677729458
2.162791,0.0011749446860456242
2.163257,0.0011749446860456242
2.163722,0.0010070954451819635
2.164188,0.0015106431677729458
2.164653,0.0025177386129549098
2.165119,0.0028534370946822307
2.165584,0.0030212863355458916
2.166050,0.0030212863355458916
2.166515,0.003189135576409552
2.166981,0.0028534370946822307
2.167446,0.003356984817273213
2.167912,0.003692683299000534
2.168377,0.003692683299000534
2.168843,0.003860532539864194
2.169308,0.003860532539864194
2.169774,0.004196231021591517
2.170240,0.003860532539864194
2.170705,0.003860532539864194
2.171171,0.004364080262455177
2.171636,0.003860532539864194
2.172102,0.003860532539864194
2.172567,0.004364080262455177
2.173033,0.004531929503318838
2.173498,0.004364080262455177
2.173964,0.004364080262455177
2.174429,0.003860532539864194
2.174895,0.004196231021591517
2.175360,0.004531929503318838
2.175826,0.003860532539864194
2.176291,0.004531929503318838
2.176757,0.004531929503318838
2.177222,0.004531929503318838
2.177688,0.004699778744182497
2.178153,0.004531929503318838
2.178619,0.004867627985046159
2.179084,0.004196231021591517
2.179550,0.004531929503318838
2.180015,0.004531929503318838
2.180481,0.004531929503318838
2.180946,0.004867627985046159
2.181412,0.0052033264667734795
2.181877,0.0055390249485008005
2.182343,0.005874723430228122
2.182808,0.005874723430228122
2.183274,0.006210421911955443
2.183739,0.006881818875410085
2.184205,0.007217517357137408
2.184671,0.007721065079728388
2.185136,0.007385366598001068
2.185602,0.007217517357137408
2.186067,0.00788891432059205
2.186533,0.008224612802319372
2.186998,0.008560311284046692
2.187464,0.009063859006637675
2.187929,0.009063859006637675
2.188395,0.008896009765774012
2.188860,0.009903105210955977
2.189326,0.010574502174410621
2.189791,0.010910200656137941
2.190257,0.011413748378728923
2.190722,0.011917296101319903
2.191188,0.012252994583047227
2.191653,0.012588693064774548
2.192119,0.01326009002822919
2.192584,0.01359578850995651
2.193050,0.01376363775082017
2.193515,0.01376363775082017
2.193981,0.013931486991683832
2.194446,0.013931486991683832
2.194912,0.014602883955138474
2.195377,0.014435034714274816
2.195843,0.013931486991683832
2.196308,0.014099336232547494
2.196774,0.014267185473411156
2.197239,0.014267185473411156
2.197705,0.014435034714274816
2.198171,0.013931486991683832
2.198636,0.01326009002822919
2.199102,0.012588693064774548
2.199567,0.012588693064774548
2.200033,0.011917296101319903
2.200498,0.011917296101319903
2.200964,0.012252994583047227
2.201429,0.012420843823910887
2.201895,0.012588693064774548
2.202360,0.012588693064774548
2.202826,0.011917296101319903
2.203291,0.011078049897001601
2.203757,0.010574502174410621
2.204222,0.010238803692683297
2.204688,0.009231708247501335
2.205153,0.009063859006637675
2.205619,0.008896009765774012
2.206084,0.008392462043183033
2.206550,0.00788891432059205
2.207015,0.00788891432059205
2.207481,0.007553215838864729
2.207946,0.007217517357137408
2.208412,0.007217517357137408
2.208877,0.007049668116273747
2.209343,0.006546120393682764
2.209808,0.006210421911955443
2.210274,0.005874723430228122
2.210739,0.006546120393682764
2.211205,0.006546120393682764
2.211671,0.005874723430228122
2.212136,0.005874723430228122
2.212602,0.006210421911955443
2.213067,0.006546120393682764
2.213533,0.006042572671091783
2.213998,0.0053711757076371405
2.214464,0.0052033264667734795
2.214929,0.0055390249485008005
2.215395,0.005874723430228122
2.215860,0.006546120393682764
2.216326,0.006210421911955443
2.216791,0.0052033264667734795
2.217257,0.0053711757076371405
2.217722,0.005874723430228122
2.218188,0.006546120393682764
2.218653,0.007217517357137408
2.219119,0.007385366598001068
2.219584,0.006546120393682764
2.220050,0.006546120393682764
2.220515,0.006546120393682764
2.220981,0.006210421911955443
2.221446,0.0055390249485008005
2.221912,0.005874723430228122
2.222377,0.006378271152819104
2.222843,0.005874723430228122
2.223308,0.0055390249485008005
2.223774,0.005874723430228122
2.224239,0.006546120393682764
2.224705,0.006378271152819104
2.225170,0.006546120393682764
2.225636,0.006546120393682764
2.226102,0.006881818875410085
2.226567,0.007217517357137408
2.227033,0.007049668116273747
2.227498,0.006546120393682764
2.227964,0.006546120393682764
2.228429,0.007217517357137408
2.228895,0.007553215838864729
2.229360,0.00788891432059205
2.229826,0.007553215838864729
2.230291,0.007385366598001068
2.230757,0.007553215838864729
2.231222,0.00788891432059205
2.231688,0.00788891432059205
2.232153,0.00788891432059205
2.232619,0.00788891432059205
2.233084,0.007721065079728388
2.233550,0.00788891432059205
2.234015,0.00788891432059205
2.234481,0.008224612802319372
2.234946,0.008224612802319372
2.235412,0.008560311284046692
2.235877,0.008560311284046692
2.236343,0.008896009765774012
2.236808,0.009063859006637675
2.237274,0.009231708247501335
2.237739,0.009735255970092317
2.238205,0.009567406729228655
2.238670,0.009903105210955977
2.239136,0.010238803692683297
2.239602,0.009903105210955977
2.240067,0.009903105210955977
2.240533,0.010406652933546959
2.240998,0.010238803692683297
2.241464,0.010574502174410621
2.241929,0.010574502174410621
2.242395,0.010574502174410621
2.242860,0.010910200656137941
2.243326,0.010574502174410621
2.243791,0.010910200656137941
2.244257,0.010574502174410621
2.244722,0.009903105210955977
2.245188,0.010238803692683297
2.245653,0.010574502174410621
2.246119,0.010574502174410621
2.246584,0.010238803692683297
2.247050,0.010238803692683297
2.247515,0.010238803692683297
2.247981,0.010238803692683297
2.248446,0.010574502174410621
2.248912,0.010742351415274281
2.249377,0.011078049897001601
2.249843,0.010910200656137941
2.250308,0.008728160524910353
2.250774,-0.006378271152819104
2.251239,-0.03910887312123293
2.251705,-0.01292439154650187
2.252170,1.49570458533608
2.252636,5.428076600289921
2.253102,5.490516517891203
2.253567,5.490516517891203
2.254033,5.491187914854658
2.254498,5.4918593118181125
2.254964,5.492530708781567
2.255429,5.492530708781567
2.255895,5.492530708781567
2.256360,5.492530708781567
2.256826,5.492530708781567
2.257291,5.492530708781567
2.257757,5.492530708781567
2.258222,1.4250400549324787
2.258688,-1.5467307545586328
2.259153,-2.97445639734493
2.259619,-4.63750667582208
2.260084,-5.486823834592203
2.260550,-5.492195010299839
2.261015,-5.493202105745021
2.261481,-5.493537804226749
2.261946,-5.493873502708476
2.262412,-5.493705653467612
2.262877,-5.494209201190204
2.263343,-5.493873502708476
2.263808,-5.49404135194934
2.264274,-5.49404135194934
2.264739,-5.494209201190204
2.265205,-5.494209201190204
2.265670,-5.494209201190204
2.266136,-5.494209201190204
2.266601,-5.494209201190204
2.267067,-5.494209201190204
2.267533,-5.107820248722056
2.267998,-4.5253833829251535
2.268464,-3.97634851606012
2.268929,-3.4590371557183177
2.269395,-2.9717708094911117
2.269860,-2.5138780804150453
2.270326,-2.0848554207675285
2.270791,-1.6835278858625162
2.271257,-1.308720531013962
2.271722,-0.9599298084992752
2.272188,-0.6353093766689555
2.272653,-0.33452353704127563
2.273119,-0.05555809872587166
2.273584,0.2012512397955291
2.274050,0.43791866941329055
2.274515,0.6537727931639582
2.274981,0.8511635004196231
2.275446,1.0307621881437399
2.275912,1.1934081025406271
2.276377,1.3392690928511481
2.276843,1.470527199206531
2.277308,1.586678873884184
2.277774,1.6897383077744719
2.278239,1.780376897840848
2.278705,1.8582589456015866
2.279170,1.925398641947051
2.279636,1.9814602883955137
2.280101,2.0281223773556114
2.280567,2.0650492103456166
2.281033,2.0929121843289846
2.281498,2.1127183947508965
2.281964,2.1254749370565342
2.282429,2.1315175097276264
2.282895,2.131181811245899
2.283360,2.12480354009308
2.283826,2.1120469977874414
2.284291,2.094926375219348
2.284757,2.072770275425345
2.285222,2.0462500953688867
2.285688,2.0163729304951556
2.286153,1.9831387808041503
2.286619,1.9472190432593268
2.287084,1.9079423208972306
2.287550,1.8663157091630427
2.288015,1.8226749065384906
2.288481,1.7783627069504844
2.288946,1.7317006179903869
2.289412,1.6843671320668345
2.289877,1.6350194552529183
2.290343,1.585671778439002
2.290808,1.535652704661631
2.291274,1.4856336308842604
2.291739,1.4352788586251621
2.292205,1.384252689402609
2.292670,1.333897917143511
2.293136,1.284046692607004
2.293601,1.234531166552224
2.294067,1.1851834897383076
2.294533,1.1368429083695735
2.294998,1.0888380254825665
2.295464,1.042511635004196
2.295929,0.9973601892118715
2.296395,0.9525444419012741
2.296860,0.9092393377584496
2.297326,0.8662699320973526
2.297791,0.8253147173266193
2.298257,0.785366598001068
2.298722,0.7464255741206988
2.299188,0.7088273441672388
2.299653,0.6719005111772335
2.300119,0.6366521705958649
2.300584,0.6022430762188143
2.301050,0.5695124742504005
2.301515,0.5379568169680324
2.301981,0.5074082551308461
2.302446,0.4783703364614328
2.302912,0.4503395132372015
2.303377,0.4234836346990158
2.303843,0.39830624856946667
2.304308,0.37363241016250853
2.304774,0.3503013656824597
2.305239,0.32780956740672923
2.305705,0.3073319600213626
2.306170,0.28719005111772333
2.306636,0.26839093614099335
2.307101,0.2505989166094453
2.307567,0.23347829404135198
2.308032,0.21719691767757685
2.308498,0.2015869382772564
2.308964,0.18782330052643625
2.309429,0.17439536125734342
2.309895,0.16163881895170518
2.310360,0.14955367360952163
2.310826,0.1381399252307927
2.311291,0.12739757381551842
2.311757,0.11715877012283514
2.312222,0.10759136339360646
2.312688,0.0988632028686961
2.313153,0.09147783627069504
2.313619,0.0844281681544213
2.314084,0.07771419851987486
2.314550,0.07200732433051041
2.315015,0.06630045014114595
2.315481,0.06092927443350881
2.315946,0.05622949568932631
2.316412,0.0528725108720531
2.316877,0.04917982757305257
2.317343,0.04599069199664301
2.317808,0.042801556420233464
2.318274,0.04011596856641489
2.318739,0.03843747615777828
2.319205,0.03675898374914168
2.319670,0.035416189822232394
2.320136,0.03474479285877775
2.320601,0.03373769741359579
2.321067,0.032730601968413826
2.321532,0.03256275272755016
2.321998,0.03205920500495917
2.322464,0.03205920500495917
2.322929,0.0323949034866865
2.323395,0.03256275272755016
2.323860,0.033066300450141146
2.324326,0.033401998931868467
2.324791,0.03407339589532311
2.325257,0.03474479285877775
2.325722,0.03508049134050507
2.326188,0.035751888303959714
2.326653,0.03675898374914168
2.327119,0.03743038071259632
2.327584,0.03743038071259632
2.328050,0.03810177767605096
2.328515,0.03843747615777828
2.328981,0.03910887312123293
2.329446,0.03978027008468757
2.329912,0.040451667048142216
2.330377,0.04078736552986953
2.330843,0.041962310215915156
2.331308,0.042298008697642483
2.331774,0.042801556420233464
2.332239,0.043472953383688104
2.332705,0.043976501106279084
2.333170,0.044815747310597384
2.333636,0.04548714427405204
2.334101,0.04582284275577936
2.334567,0.04615854123750667
2.335032,0.04615854123750667
2.335498,0.04682993820096131
2.335964,0.04716563668268864
2.336429,0.04783703364614328
2.336895,0.0481727321278706
2.337360,0.048676279850461586
2.337826,0.048844129091325246
2.338291,0.049515526054779886
2.338757,0.050019073777370866
2.339222,0.050522621499961846
2.339688,0.05085831998168917
2.340153,0.051529716945143814
2.340619,0.05253681239032577
2.341084,0.052201113908598454
2.341550,0.05337605859464408
2.342015,0.05354390783550774
2.342481,0.05421530479896238
2.342946,0.054551003280689715
2.343412,0.05488670176241703
2.343877,0.05488670176241703
2.344343,0.05555809872587166
2.344808,0.05589379720759898
2.345274,0.05555809872587166
2.345739,0.05555809872587166
2.346205,0.05589379720759898
2.346670,0.05555809872587166
2.347136,0.05572594796673533
2.347601,0.05555809872587166
2.348067,0.055390249485008015
2.348532,0.05488670176241703
2.348998,0.05421530479896238
2.349463,0.05421530479896238
2.349929,0.05421530479896238
2.350395,0.05438315403982604
2.350860,0.054551003280689715
2.351326,0.05421530479896238
2.351791,0.05354390783550774
2.352257,0.0528725108720531
2.352722,0.05253681239032577
2.353188,0.05270466163118945
2.353653,0.05253681239032577
2.354119,0.052201113908598454
2.354584,0.051865415426871134
2.355050,0.05085831998168917
2.355515,0.050186923018234526
2.355981,0.050019073777370866
2.356446,0.050019073777370866
2.356912,0.050186923018234526
2.357377,0.050186923018234526
2.357843,0.049515526054779886
2.358308,0.049515526054779886
2.358774,0.049515526054779886
2.359239,0.049515526054779886
2.359705,0.049851224536507206
2.360170,0.049515526054779886
2.360636,0.048676279850461586
2.361101,0.0481727321278706
2.361567,0.04750133516441596
2.362032,0.0481727321278706
2.362498,0.04783703364614328
2.362963,0.0481727321278706
2.363429,0.04766918440527961
2.363895,0.04750133516441596
2.364360,0.04766918440527961
2.364826,0.0473334859235523
2.365291,0.04682993820096131
2.365757,0.04615854123750667
2.366222,0.04515144579232471
2.366688,0.04515144579232471
2.367153,0.044480048828870064
2.367619,0.04414435034714275
2.368084,0.043640802624551764
2.368550,0.043472953383688104
2.369015,0.042801556420233464
2.369481,0.04213015945677882
2.369946,0.041123064011596856
2.370412,0.040451667048142216
2.370877,0.03944457160296025
2.371343,0.0387731746395056
2.371808,0.03843747615777828
2.372274,0.03860532539864195
2.372739,0.0387731746395056
2.373205,0.03843747615777828
2.373670,0.03776607919432364
2.374136,0.03675898374914168
2.374601,0.03675898374914168
2.375067,0.037094682230869
2.375532,0.036423285267414354
2.375998,0.035751888303959714
2.376463,0.035751888303959714
2.376929,0.035919737544823374
2.377395,0.035751888303959714
2.377860,0.035919737544823374
2.378326,0.035751888303959714
2.378791,0.035751888303959714
2.379257,0.035416189822232394
2.379722,0.03474479285877775
2.380188,0.03474479285877775
2.380653,0.03457694361791409
2.381119,0.03407339589532311
2.381584,0.033401998931868467
2.382050,0.033401998931868467
2.382515,0.033066300450141146
2.382981,0.032730601968413826
2.383446,0.032730601968413826
2.383912,0.032730601968413826
2.384377,0.033066300450141146
2.384843,0.033066300450141146
2.385308,0.032898451209277486
2.385774,0.032730601968413826
2.386239,0.0323949034866865
2.386705,0.03205920500495917
2.387170,0.03205920500495917
2.387636,0.03172350652323186
2.388101,0.03205920500495917
2.388567,0.03138780804150454
2.389032,0.03121995880064088
2.389498,0.030716411078049892
2.389963,0.030212863355458915
2.390429,0.029877164873731592
2.390894,0.02937361715114061
2.391360,0.029037918669413288
2.391826,0.028366521705958644
2.392291,0.028030823224231328
2.392757,0.027862973983367664
2.393222,0.027695124742504008
2.393688,0.027359426260776684
2.394153,0.02719157701991302
2.394619,0.02668802929732204
2.395084,0.0260166323338674
2.395550,0.02584878309300374
2.396015,0.0260166323338674
2.396481,0.0260166323338674
2.396946,0.025345235370412753
2.397412,0.025009536888685433
2.397877,0.025009536888685433
2.398343,0.025345235370412753
2.398808,0.025009536888685433
2.399274,0.025345235370412753
2.399739,0.025345235370412753
2.400205,0.025345235370412753
2.400670,0.025680933852140077
2.401136,0.0260166323338674
2.401601,0.026352330815594724
2.402067,0.02668802929732204
2.402532,0.027023727779049357
2.402998,0.02719157701991302
2.403463,0.02719157701991302
2.403929,0.027359426260776684
2.404394,0.027359426260776684
2.404860,0.027359426260776684
2.405326,0.02668802929732204
2.405791,0.027023727779049357
2.406257,0.02719157701991302
2.406722,0.027023727779049357
2.407188,0.02668802929732204
2.407653,0.02668802929732204
2.408119,0.02668802929732204
2.408584,0.0260166323338674
2.409050,0.0260166323338674
2.409515,0.026352330815594724
2.409981,0.025680933852140077
2.410446,0.024505989166094453
2.410912,0.02400244144350347
2.411377,0.02366674296177615
2.411843,0.02333104448004883
2.412308,0.023834592202639806
2.412774,0.02333104448004883
2.413239,0.02265964751659419
2.413705,0.022995345998321506
2.414170,0.022323949034866862
2.414636,0.022323949034866862
2.415101,0.021820401312275882
2.415567,0.0213168535896849
2.416032,0.020981155107957578
2.416498,0.020981155107957578
2.416963,0.020981155107957578
2.417429,0.020645456626230255
2.417894,0.020645456626230255
2.418360,0.0213168535896849
2.418826,0.020981155107957578
2.419291,0.0213168535896849
2.419757,0.021988250553139542
2.420222,0.021988250553139542
2.420688,0.022156099794003202
2.421153,0.022323949034866862
2.421619,0.021988250553139542
2.422084,0.021652552071412222
2.422550,0.0213168535896849
2.423015,0.0213168535896849
2.423481,0.020645456626230255
2.423946,0.020645456626230255
2.424412,0.020981155107957578
2.424877,0.020645456626230255
2.425343,0.020645456626230255
2.425808,0.020309758144502935
2.426274,0.020309758144502935
2.426739,0.019638361181048294
2.427205,0.019638361181048294
2.427670,0.019302662699320974
2.428136,0.018631265735866327
2.428601,0.01829556725413901
2.429067,0.018631265735866327
2.429532,0.018631265735866327
2.429998,0.018631265735866327
2.430463,0.01829556725413901
2.430929,0.017959868772411687
2.431394,0.01829556725413901
2.431860,0.01913481345845731
2.432325,0.01896696421759365
2.432791,0.018631265735866327
2.433257,0.019302662699320974
2.433722,0.019302662699320974
2.434188,0.018631265735866327
2.434653,0.01812771801327535
2.435119,0.01829556725413901
2.435584,0.017624170290684367
2.436050,0.017624170290684367
2.436515,0.017288471808957043
2.436981,0.017624170290684367
2.437446,0.017792019531548024
2.437912,0.017959868772411687
2.438377,0.017959868772411687
2.438843,0.01829556725413901
2.439308,0.01829556725413901
2.439774,0.01829556725413901
2.440239,0.018631265735866327
2.440705,0.018631265735866327
2.441170,0.018631265735866327
2.441636,0.019302662699320974
2.442101,0.019302662699320974
2.442567,0.019974059662775615
2.443032,0.019974059662775615
2.443498,0.019974059662775615
2.443963,0.019974059662775615
2.444429,0.019974059662775615
2.444894,0.019974059662775615
2.445360,0.020309758144502935
2.445825,0.019806210421911954
2.446291,0.01913481345845731
2.446757,0.018631265735866327
2.447222,0.01846341649500267
2.447688,0.017959868772411687
2.448153,0.017959868772411687
2.448619,0.018631265735866327
2.449084,0.018631265735866327
2.449550,0.01829556725413901
2.450015,0.017624170290684367
2.450481,0.017959868772411687
2.450946,0.017959868772411687
2.451412,0.017624170290684367
2.451877,0.01695277332722972
2.452343,0.01695277332722972
2.452808,0.016617074845502403
2.453274,0.01594567788204776
2.453739,0.01527428091859312
2.454205,0.014602883955138474
2.454670,0.014602883955138474
2.455136,0.014602883955138474
2.455601,0.014602883955138474
2.456067,0.014602883955138474
2.456532,0.014602883955138474
2.456998,0.014602883955138474
2.457463,0.014602883955138474
2.457929,0.01527428091859312
2.458394,0.01527428091859312
2.458860,0.015106431677729458
2.459325,0.01527428091859312
2.459791,0.01560997940032044
2.460256,0.015442130159456776
2.460722,0.01527428091859312
2.461188,0.01527428091859312
2.461653,0.0157778286411841
2.462119,0.01594567788204776
2.462584,0.01628137636377508
2.463050,0.01628137636377508
2.463515,0.01628137636377508
2.463981,0.016617074845502403
2.464446,0.017288471808957043
2.464912,0.017624170290684367
2.465377,0.017959868772411687
2.465843,0.01829556725413901
2.466308,0.01829556725413901
2.466774,0.017959868772411687
2.467239,0.017288471808957043
2.467705,0.017288471808957043
2.468170,0.017120622568093383
2.468636,0.017288471808957043
2.469101,0.017120622568093383
2.469567,0.017120622568093383
2.470032,0.01695277332722972
2.470498,0.01594567788204776
2.470963,0.0157778286411841
2.471429,0.01560997940032044
2.471894,0.014602883955138474
2.472360,0.013931486991683832
2.472825,0.014267185473411156
2.473291,0.01376363775082017
2.473756,0.013931486991683832
2.474222,0.01359578850995651
2.474688,0.01326009002822919
2.475153,0.01326009002822919
2.475619,0.01359578850995651
2.476084,0.01376363775082017
2.476550,0.01376363775082017
2.477015,0.01326009002822919
2.477481,0.01326009002822919
2.477946,0.013931486991683832
2.478412,0.014602883955138474
2.478877,0.01560997940032044
2.479343,0.01527428091859312
2.479808,0.01527428091859312
2.480274,0.01527428091859312
2.480739,0.01527428091859312
2.481205,0.01527428091859312
2.481670,0.01594567788204776
2.482136,0.0157778286411841
2.482601,0.01594567788204776
2.483067,0.016617074845502403
2.483532,0.01695277332722972
2.483998,0.017288471808957043
2.484463,0.017288471808957043
2.484929,0.017792019531548024
2.485394,0.017959868772411687
2.485860,0.017959868772411687
2.486325,0.017624170290684367
2.486791,0.016617074845502403
2.487256,0.0157778286411841
2.487722,0.01527428091859312
2.488188,0.01527428091859312
2.488653,0.015106431677729458
2.489119,0.014602883955138474
2.489584,0.014435034714274816
2.490050,0.013931486991683832
2.490515,0.013931486991683832
2.490981,0.014267185473411156
2.491446,0.014602883955138474
2.491912,0.014602883955138474
2.492377,0.014267185473411156
2.492843,0.014267185473411156
2.493308,0.014267185473411156
2.493774,0.013931486991683832
2.494239,0.01359578850995651
2.494705,0.013931486991683832
2.495170,0.01326009002822919
2.495636,0.01292439154650187
2.496101,0.01326009002822919
2.496567,0.01292439154650187
2.497032,0.01292439154650187
2.497498,0.012252994583047227
2.497963,0.012588693064774548
2.498429,0.012756542305638208
2.498894,0.012588693064774548
2.499360,0.012756542305638208
2.499825,0.012420843823910887
2.500291,0.012252994583047227
2.500756,0.012252994583047227
2.501222,0.012420843823910887
2.501687,0.012420843823910887
2.502153,0.012588693064774548
2.502619,0.012420843823910887
2.503084,0.01292439154650187
2.503550,0.01326009002822919
2.504015,0.013092240787365528
2.504481,0.012588693064774548
2.504946,0.01292439154650187
2.505412,0.01326009002822919
2.505877,0.01359578850995651
2.506343,0.01326009002822919
2.506808,0.01326009002822919
2.507274,0.01376363775082017
2.507739,0.01359578850995651
2.508205,0.013931486991683832
2.508670,0.014435034714274816
2.509136,0.014602883955138474
2.509601,0.014267185473411156
2.510067,0.014267185473411156
2.510532,0.013931486991683832
2.510998,0.014267185473411156
2.511463,0.013931486991683832
2.511929,0.01359578850995651
2.512394,0.01292439154650187
2.512860,0.012588693064774548
2.513325,0.012588693064774548
2.513791,0.012588693064774548
2.514256,0.01292439154650187
2.514722,0.01292439154650187
2.515187,0.01326009002822919
2.515653,0.01326009002822919
2.516119,0.01326009002822919
2.516584,0.01326009002822919
2.517050,0.01326009002822919
2.517515,0.012252994583047227
2.517981,0.012420843823910887
2.518446,0.012588693064774548
2.518912,0.012588693064774548
2.519377,0.01292439154650187
2.519843,0.01326009002822919
2.520308,0.01326009002822919
2.520774,0.01359578850995651
2.521239,0.013931486991683832
2.521705,0.014435034714274816
2.522170,0.015106431677729458
2.522636,0.01527428091859312
2.523101,0.01527428091859312
2.523567,0.01527428091859312
2.524032,0.015106431677729458
2.524498,0.014938582436865796
2.524963,0.01527428091859312
2.525429,0.01560997940032044
2.525894,0.01527428091859312
2.526360,0.014602883955138474
2.526825,0.014267185473411156
2.527291,0.014602883955138474
2.527756,0.014602883955138474
2.528222,0.014267185473411156
2.528687,0.014099336232547494
2.529153,0.013931486991683832
2.529619,0.01292439154650187
2.530084,0.012588693064774548
2.530550,0.012420843823910887
2.531015,0.011917296101319903
2.531481,0.011245899137865261
2.531946,0.011078049897001601
2.532412,0.010574502174410621
2.532877,0.010910200656137941
2.533343,0.010406652933546959
2.533808,0.010238803692683297
2.534274,0.009903105210955977
2.534739,0.010238803692683297
2.535205,0.010574502174410621
2.535670,0.010574502174410621
2.536136,0.010406652933546959
2.536601,0.010238803692683297
2.537067,0.010238803692683297
2.537532,0.010574502174410621
2.537998,0.011245899137865261
2.538463,0.011078049897001601
2.538929,0.011078049897001601
2.539394,0.010574502174410621
2.539860,0.011245899137865261
2.540325,0.011078049897001601
2.540791,0.011245899137865261
2.541256,0.011245899137865261
2.541722,0.011581597619592583
2.542187,0.011917296101319903
2.542653,0.011917296101319903
2.543118,0.012085145342183566
2.543584,0.012588693064774548
2.544050,0.01292439154650187
2.544515,0.01326009002822919
2.544981,0.01359578850995651
2.545446,0.014435034714274816
2.545912,0.014602883955138474
2.546377,0.014602883955138474
2.546843,0.014602883955138474
2.547308,0.014602883955138474
2.547774,0.015106431677729458
2.548239,0.01527428091859312
2.548705,0.014938582436865796
2.549170,0.014099336232547494
2.549636,0.01376363775082017
2.550101,0.01359578850995651
2.550567,0.01376363775082017
2.551032,0.01359578850995651
2.551498,0.01326009002822919
2.551963,0.012588693064774548
2.552429,0.01326009002822919
2.552894,0.01292439154650187
2.553360,0.01326009002822919
2.553825,0.012756542305638208
2.554291,0.012252994583047227
2.554756,0.011917296101319903
2.555222,0.011917296101319903
2.555687,0.011917296101319903
2.556153,0.011917296101319903
2.556618,0.012252994583047227
2.557084,0.011917296101319903
2.557550,0.011917296101319903
2.558015,0.011749446860456245
2.558481,0.011245899137865261
2.558946,0.011749446860456245
2.559412,0.012252994583047227
2.559877,0.012420843823910887
2.560343,0.012588693064774548
2.560808,0.012588693064774548
2.561274,0.01292439154650187
2.561739,0.01326009002822919
2.562205,0.01376363775082017
2.562670,0.013931486991683832
2.563136,0.014267185473411156
2.563601,0.014267185473411156
2.564067,0.013931486991683832
2.564532,0.013931486991683832
2.564998,0.014435034714274816
2.565463,0.014938582436865796
2.565929,0.014267185473411156
2.566394,0.01359578850995651
2.566860,0.013931486991683832
2.567325,0.01376363775082017
2.567791,0.013931486991683832
2.568256,0.01376363775082017
2.568722,0.01326009002822919
2.569187,0.01326009002822919
2.569653,0.01292439154650187
2.570118,0.012588693064774548
2.570584,0.012252994583047227
2.571050,0.011917296101319903
2.571515,0.011245899137865261
2.571981,0.010574502174410621
2.572446,0.010406652933546959
2.572912,0.010574502174410621
2.573377,0.009903105210955977
2.573843,0.009231708247501335
2.574308,0.009063859006637675
2.574774,0.008896009765774012
2.575239,0.009231708247501335
2.575705,0.009231708247501335
2.576170,0.009231708247501335
2.576636,0.008896009765774012
2.577101,0.008896009765774012
2.577567,0.008896009765774012
2.578032,0.008560311284046692
2.578498,0.008896009765774012
2.578963,0.009567406729228655
2.579429,0.009735255970092317
2.579894,0.009231708247501335
2.580360,0.009903105210955977
2.580825,0.010238803692683297
2.581291,0.010574502174410621
2.581756,0.010574502174410621
2.582222,0.010910200656137941
2.582687,0.011581597619592583
2.583153,0.011581597619592583
2.583618,0.011245899137865261
2.584084,0.011749446860456245
2.584549,0.011749446860456245
2.585015,0.011749446860456245
2.585481,0.011581597619592583
2.585946,0.011581597619592583
2.586412,0.01292439154650187
2.586877,0.012588693064774548
2.587343,0.012252994583047227
2.587808,0.012252994583047227
2.588274,0.011413748378728923
2.588739,0.011581597619592583
2.589205,0.011078049897001601
2.589670,0.011917296101319903
2.590136,0.011917296101319903
2.590601,0.011581597619592583
2.591067,0.011078049897001601
2.591532,0.011078049897001601
2.591998,0.011245899137865261
2.592463,0.011917296101319903
2.592929,0.011749446860456245
2.593394,0.011917296101319903
2.593860,0.011749446860456245
2.594325,0.011917296101319903
2.594791,0.011581597619592583
2.595256,0.011581597619592583
2.595722,0.011245899137865261
2.596187,0.011581597619592583
2.596653,0.011749446860456245
2.597118,0.012252994583047227
2.597584,0.011917296101319903
2.598049,0.011749446860456245
2.598515,0.011917296101319903
2.598981,0.011917296101319903
2.599446,0.012588693064774548
2.599912,0.012252994583047227
2.600377,0.012252994583047227
2.600843,0.012252994583047227
2.601308,0.012588693064774548
2.601774,0.012588693064774548
2.602239,0.012588693064774548
2.602705,0.012588693064774548
2.603170,0.012588693064774548
2.603636,0.012252994583047227
2.604101,0.011749446860456245
2.604567,0.011581597619592583
2.605032,0.011917296101319903
2.605498,0.011917296101319903
2.605963,0.012420843823910887
2.606429,0.011917296101319903
2.606894,0.012420843823910887
2.607360,0.012588693064774548
2.607825,0.01292439154650187
2.608291,0.01326009002822919
2.608756,0.013092240787365528
2.609222,0.01326009002822919
2.609687,0.01292439154650187
2.610153,0.012756542305638208
2.610618,0.01292439154650187
2.611084,0.012588693064774548
2.611549,0.012588693064774548
2.612015,0.012588693064774548
2.612481,0.012252994583047227
2.612946,0.012252994583047227
2.613412,0.012588693064774548
2.613877,0.01326009002822919
2.614343,0.01326009002822919
2.614808,0.01326009002822919
2.615274,0.01326009002822919
2.615739,0.01292439154650187
2.616205,0.01292439154650187
2.616670,0.01292439154650187
2.617136,0.013092240787365528
2.617601,0.01292439154650187
2.618067,0.012420843823910887
2.618532,0.012252994583047227
2.618998,0.011917296101319903
2.619463,0.011917296101319903
2.619929,0.011917296101319903
2.620394,0.012252994583047227
2.620860,0.01292439154650187
2.621325,0.012420843823910887
2.621791,0.011581597619592583
2.622256,0.011749446860456245
2.622722,0.011917296101319903
2.623187,0.011917296101319903
2.623653,0.011245899137865261
2.624118,0.011245899137865261
2.624584,0.010910200656137941
2.625049,0.011078049897001601
2.625515,0.010910200656137941
2.625980,0.010574502174410621
2.626446,0.010574502174410621
2.626912,0.010574502174410621
2.627377,0.010574502174410621
2.627843,0.011245899137865261
2.628308,0.011581597619592583
2.628774,0.011413748378728923
2.629239,0.010742351415274281
2.629705,0.011078049897001601
2.630170,0.011245899137865261
2.630636,0.011245899137865261
2.631101,0.011749446860456245
2.631567,0.011245899137865261
2.632032,0.011581597619592583
2.632498,0.011245899137865261
2.632963,0.011245899137865261
2.633429,0.010910200656137941
2.633894,0.011581597619592583
2.634360,0.011917296101319903
2.634825,0.011581597619592583
2.635291,0.011917296101319903
2.635756,0.011749446860456245
2.636222,0.011917296101319903
2.636687,0.011917296101319903
2.637153,0.012252994583047227
2.637618,0.012588693064774548
2.638084,0.012252994583047227
2.638549,0.011917296101319903
2.639015,0.012252994583047227
2.639480,0.012252994583047227
2.639946,0.01292439154650187
2.640412,0.012588693064774548
2.640877,0.012252994583047227
2.641343,0.011917296101319903
2.641808,0.011917296101319903
2.642274,0.011917296101319903
2.642739,0.011749446860456245
2.643205,0.011917296101319903
2.643670,0.011917296101319903
2.644136,0.011245899137865261
2.644601,0.011078049897001601
2.645067,0.010574502174410621
2.645532,0.010574502174410621
2.645998,0.010406652933546959
2.646463,0.009903105210955977
2.646929,0.009735255970092317
2.647394,0.009231708247501335
2.647860,0.009567406729228655
2.648325,0.009231708247501335
2.648791,0.008896009765774012
2.649256,0.008896009765774012
2.649722,0.009231708247501335
2.650187,0.009735255970092317
2.650653,0.010070954451819639
2.651118,0.009903105210955977
2.651584,0.010238803692683297
2.652049,0.010574502174410621
2.652515,0.011245899137865261
2.652980,0.011917296101319903
2.653446,0.011917296101319903
2.653912,0.012420843823910887
2.654377,0.012588693064774548
2.654843,0.013092240787365528
2.655308,0.01326009002822919
2.655774,0.013092240787365528
2.656239,0.013092240787365528
2.656705,0.013092240787365528
2.657170,0.01292439154650187
2.657636,0.012588693064774548
2.658101,0.011917296101319903
2.658567,0.01292439154650187
2.659032,0.01326009002822919
2.659498,0.013092240787365528
2.659963,0.013092240787365528
2.660429,0.012588693064774548
2.660894,0.011917296101319903
2.661360,0.012588693064774548
2.661825,0.012588693064774548
2.662291,0.011917296101319903
2.662756,0.011078049897001601
2.663222,0.010574502174410621
2.663687,0.009903105210955977
2.664153,0.010238803692683297
2.664618,0.010238803692683297
2.665084,0.010238803692683297
2.665549,0.010238803692683297
2.666015,0.010238803692683297
2.666480,0.010406652933546959
2.666946,0.010238803692683297
2.667411,0.010238803692683297
2.667877,0.010574502174410621
2.668343,0.010406652933546959
2.668808,0.010910200656137941
2.669274,0.011413748378728923
2.669739,0.011917296101319903
2.670205,0.011917296101319903
2.670670,0.011917296101319903
2.671136,0.011917296101319903
2.671601,0.012588693064774548
2.672067,0.012588693064774548
2.672532,0.012588693064774548
2.672998,0.012588693064774548
2.673463,0.01292439154650187
2.673929,0.012756542305638208
2.674394,0.012588693064774548
2.674860,0.012085145342183566
2.675325,0.011917296101319903
2.675791,0.012588693064774548
2.676256,0.012085145342183566
2.676722,0.012252994583047227
2.677187,0.012420843823910887
2.677653,0.012420843823910887
2.678118,0.011917296101319903
2.678584,0.011581597619592583
2.679049,0.011245899137865261
2.679515,0.011581597619592583
2.679980,0.011749446860456245
2.680446,0.011917296101319903
2.680911,0.011581597619592583
2.681377,0.011078049897001601
2.681843,0.011245899137865261
2.682308,0.011581597619592583
2.682774,0.011245899137865261
2.683239,0.010574502174410621
2.683705,0.010910200656137941
2.684170,0.011581597619592583
2.684636,0.011245899137865261
2.685101,0.011245899137865261
2.685567,0.011245899137865261
2.686032,0.010574502174410621
2.686498,0.010574502174410621
2.686963,0.010238803692683297
2.687429,0.010574502174410621
2.687894,0.010574502174410621
2.688360,0.010574502174410621
2.688825,0.010238803692683297
2.689291,0.010406652933546959
2.689756,0.010238803692683297
2.690222,0.010574502174410621
2.690687,0.010406652933546959
2.691153,0.010574502174410621
2.691618,0.010574502174410621
2.692084,0.009903105210955977
2.692549,0.009231708247501335
2.693015,0.009567406729228655
2.693480,0.009231708247501335
2.693946,0.009903105210955977
2.694411,0.009903105210955977
2.694877,0.009903105210955977
2.695343,0.009231708247501335
2.695808,0.008896009765774012
2.696274,0.009231708247501335
2.696739,0.009903105210955977
2.697205,0.010406652933546959
2.697670,0.010238803692683297
2.698136,0.009903105210955977
2.698601,0.009903105210955977
2.699067,0.009903105210955977
2.699532,0.010574502174410621
2.699998,0.011078049897001601
2.700463,0.011413748378728923
2.700929,0.011581597619592583
2.701394,0.011917296101319903
2.701860,0.012588693064774548
2.702325,0.012252994583047227
2.702791,0.011917296101319903
2.703256,0.011917296101319903
2.703722,0.011917296101319903
2.704187,0.011749446860456245
2.704653,0.011245899137865261
2.705118,0.010910200656137941
2.705584,0.010574502174410621
2.706049,0.010910200656137941
2.706515,0.010574502174410621
2.706980,0.010574502174410621
2.707446,0.010574502174410621
2.707911,0.010574502174410621
2.708377,0.010574502174410621
2.708842,0.010574502174410621
2.709308,0.010910200656137941
2.709774,0.010910200656137941
2.710239,0.010910200656137941
2.710705,0.011245899137865261
2.711170,0.011245899137865261
2.711636,0.011078049897001601
2.712101,0.010910200656137941
2.712567,0.011245899137865261
2.713032,0.011245899137865261
2.713498,0.010910200656137941
2.713963,0.011245899137865261
2.714429,0.011245899137865261
2.714894,0.011581597619592583
2.715360,0.011917296101319903
2.715825,0.011581597619592583
2.716291,0.009903105210955977
2.716756,0.008224612802319372
2.717222,0.007553215838864729
2.717687,0.007553215838864729
2.718153,0.008224612802319372
2.718618,0.008896009765774012
2.719084,0.008896009765774012
2.719549,0.009231708247501335
2.720015,0.009903105210955977
2.720480,0.010238803692683297
2.720946,0.010910200656137941
2.721411,0.011245899137865261
2.721877,0.011749446860456245
2.722342,0.011749446860456245
2.722808,0.012588693064774548
2.723274,0.01326009002822919
2.723739,0.013092240787365528
2.724205,0.01292439154650187
2.724670,0.01376363775082017
2.725136,0.014435034714274816
2.725601,0.014267185473411156
2.726067,0.01376363775082017
2.726532,0.013931486991683832
2.726998,0.014602883955138474
2.727463,0.014602883955138474
2.727929,0.014938582436865796
2.728394,0.014099336232547494
2.728860,0.013931486991683832
2.729325,0.01359578850995651
2.729791,0.014267185473411156
2.730256,0.014267185473411156
2.730722,0.014099336232547494
2.731187,0.013931486991683832
2.731653,0.014267185473411156
2.732118,0.014602883955138474
2.732584,0.014602883955138474
2.733049,0.014938582436865796
2.733515,0.014938582436865796
2.733980,0.01527428091859312
2.734446,0.01527428091859312
2.734911,0.01527428091859312
2.735377,0.01560997940032044
2.735842,0.01594567788204776
2.736308,0.01560997940032044
2.736774,0.014938582436865796
2.737239,0.014602883955138474
2.737705,0.014267185473411156
2.738170,0.014435034714274816
2.738636,0.014267185473411156
2.739101,0.014602883955138474
2.739567,0.014267185473411156
2.740032,0.013931486991683832
2.740498,0.01359578850995651
2.740963,0.01326009002822919
2.741429,0.01326009002822919
2.741894,0.01326009002822919
2.742360,0.01359578850995651
2.742825,0.01359578850995651
2.743291,0.01359578850995651
2.743756,0.01359578850995651
2.744222,0.01326009002822919
2.744687,0.01292439154650187
2.745153,0.012252994583047227
2.745618,0.012588693064774548
2.746084,0.012588693064774548
2.746549,0.012252994583047227
2.747015,0.011917296101319903
2.747480,0.011917296101319903
2.747946,0.011749446860456245
2.748411,0.011581597619592583
2.748877,0.011245899137865261
2.749342,0.011078049897001601
2.749808,0.010574502174410621
2.750273,0.010238803692683297
2.750739,0.009735255970092317
2.751205,0.009567406729228655
2.751670,0.009231708247501335
2.752136,0.008896009765774012
2.752601,0.00788891432059205
2.753067,0.00788891432059205
2.753532,0.007721065079728388
2.753998,0.00788891432059205
2.754463,0.007721065079728388
2.754929,0.00788891432059205
2.755394,0.007721065079728388
2.755860,0.00788891432059205
2.756325,0.00788891432059205
2.756791,0.008392462043183033
2.757256,0.009231708247501335
2.757722,0.009231708247501335
2.758187,0.009903105210955977
2.758653,0.010238803692683297
2.759118,0.010574502174410621
2.759584,0.010574502174410621
2.760049,0.010910200656137941
2.760515,0.011245899137865261
2.760980,0.011581597619592583
2.761446,0.011581597619592583
2.761911,0.011917296101319903
2.762377,0.011917296101319903
2.762842,0.011917296101319903
2.763308,0.012420843823910887
2.763773,0.011917296101319903
2.764239,0.011917296101319903
2.764705,0.012420843823910887
2.765170,0.012420843823910887
2.765636,0.012252994583047227
2.766101,0.012420843823910887
2.766567,0.012252994583047227
2.767032,0.012252994583047227
2.767498,0.012252994583047227
2.767963,0.011581597619592583
2.768429,0.011078049897001601
2.768894,0.010574502174410621
2.769360,0.010910200656137941
2.769825,0.010910200656137941
2.770291,0.009903105210955977
2.770756,0.009903105210955977
2.771222,0.009735255970092317
2.771687,0.010238803692683297
2.772153,0.010574502174410621
2.772618,0.010574502174410621
2.773084,0.010070954451819639
2.773549,0.010238803692683297
2.774015,0.009735255970092317
2.774480,0.010238803692683297
2.774946,0.010910200656137941
2.775411,0.011245899137865261
2.775877,0.011245899137865261
2.776342,0.011245899137865261
2.776808,0.010574502174410621
2.777273,0.010910200656137941
2.777739,0.011245899137865261
2.778205,0.011917296101319903
2.778670,0.011917296101319903
2.779136,0.011917296101319903
2.779601,0.011245899137865261
2.780067,0.010406652933546959
2.780532,0.010406652933546959
2.780998,0.010910200656137941
2.781463,0.011245899137865261
2.781929,0.011581597619592583
2.782394,0.011917296101319903
2.782860,0.012588693064774548
2.783325,0.012588693064774548
2.783791,0.012588693064774548
2.784256,0.011917296101319903
2.784722,0.011917296101319903
2.785187,0.011917296101319903
2.785653,0.011917296101319903
2.786118,0.011917296101319903
2.786584,0.011749446860456245
2.787049,0.011413748378728923
2.787515,0.011245899137865261
2.787980,0.011245899137865261
2.788446,0.010910200656137941
2.788911,0.010910200656137941
2.789377,0.010238803692683297
2.789842,0.009903105210955977
2.790308,0.010574502174410621
2.790773,0.010574502174410621
2.791239,0.009903105210955977
2.791704,0.009735255970092317
2.792170,0.009567406729228655
2.792636,0.009735255970092317
2.793101,0.009903105210955977
2.793567,0.009903105210955977
2.794032,0.010238803692683297
2.794498,0.009903105210955977
2.794963,0.009903105210955977
2.795429,0.009903105210955977
2.795894,0.009567406729228655
2.796360,0.009903105210955977
2.796825,0.009903105210955977
2.797291,0.009903105210955977
2.797756,0.009903105210955977
2.798222,0.009903105210955977
2.798687,0.010238803692683297
2.799153,0.010574502174410621
2.799618,0.010574502174410621
2.800084,0.009903105210955977
2.800549,0.010238803692683297
2.801015,0.010238803692683297
2.801480,0.010574502174410621
2.801946,0.011245899137865261
2.802411,0.011749446860456245
2.802877,0.012252994583047227
2.803342,0.01292439154650187
2.803808,0.012588693064774548
2.804273,0.012588693064774548
2.804739,0.01292439154650187
2.805204,0.01326009002822919
2.805670,0.01326009002822919
2.806136,0.01326009002822919
2.806601,0.013092240787365528
2.807067,0.01326009002822919
2.807532,0.01326009002822919
2.807998,0.01292439154650187
2.808463,0.01292439154650187
2.808929,0.01326009002822919
2.809394,0.01292439154650187
2.809860,0.01292439154650187
2.810325,0.012252994583047227
2.810791,0.011749446860456245
2.811256,0.011581597619592583
2.811722,0.011245899137865261
2.812187,0.011917296101319903
2.812653,0.011581597619592583
2.813118,0.011245899137865261
2.813584,0.010910200656137941
2.814049,0.010910200656137941
2.814515,0.010574502174410621
2.814980,0.010910200656137941
2.815446,0.011245899137865261
2.815911,0.011245899137865261
2.816377,0.011581597619592583
2.816842,0.010910200656137941
2.817308,0.011245899137865261
2.817773,0.011078049897001601
2.818239,0.010910200656137941
2.818704,0.011078049897001601
2.819170,0.011078049897001601
2.819636,0.010574502174410621
2.820101,0.010910200656137941
2.820567,0.011245899137865261
2.821032,0.010910200656137941
2.821498,0.011245899137865261
2.821963,0.011917296101319903
2.822429,0.011749446860456245
2.822894,0.011749446860456245
2.823360,0.011917296101319903
2.823825,0.011581597619592583
2.824291,0.011917296101319903
2.824756,0.011917296101319903
2.825222,0.011413748378728923
2.825687,0.011245899137865261
2.826153,0.011245899137865261
2.826618,0.011581597619592583
2.827084,0.010910200656137941
2.827549,0.010574502174410621
2.828015,0.010238803692683297
2.828480,0.009567406729228655
2.828946,0.009567406729228655
2.829411,0.009903105210955977
2.829877,0.009567406729228655
2.830342,0.009567406729228655
2.830808,0.009567406729228655
2.831273,0.009231708247501335
2.831739,0.009567406729228655
2.832204,0.009735255970092317
2.832670,0.009231708247501335
2.833135,0.009231708247501335
2.833601,0.009903105210955977
2.834067,0.010070954451819639
2.834532,0.009735255970092317
2.834998,0.009735255970092317
2.835463,0.010238803692683297
2.835929,0.010574502174410621
2.836394,0.010574502174410621
2.836860,0.011245899137865261
2.837325,0.011245899137865261
2.837791,0.011749446860456245
2.838256,0.011917296101319903
2.838722,0.012252994583047227
2.839187,0.01292439154650187
2.839653,0.01326009002822919
2.840118,0.013931486991683832
2.840584,0.013931486991683832
2.841049,0.013931486991683832
2.841515,0.014267185473411156
2.841980,0.014602883955138474
2.842446,0.013931486991683832
2.842911,0.014435034714274816
2.843377,0.013931486991683832
2.843842,0.013931486991683832
2.844308,0.01326009002822919
2.844773,0.01376363775082017
2.845239,0.013931486991683832
2.845704,0.01376363775082017
2.846170,0.01326009002822919
2.846635,0.013931486991683832
2.847101,0.013931486991683832
2.847567,0.01376363775082017
2.848032,0.01376363775082017
2.848498,0.013931486991683832
2.848963,0.013931486991683832
2.849429,0.01326009002822919
2.849894,0.012588693064774548
2.850360,0.01292439154650187
2.850825,0.01292439154650187
2.851291,0.01292439154650187
2.851756,0.012252994583047227
2.852222,0.011917296101319903
2.852687,0.011581597619592583
2.853153,0.011917296101319903
2.853618,0.012252994583047227
2.854084,0.011413748378728923
2.854549,0.011749446860456245
2.855015,0.011917296101319903
2.855480,0.011917296101319903
2.855946,0.011917296101319903
2.856411,0.011749446860456245
2.856877,0.011917296101319903
2.857342,0.011917296101319903
2.857808,0.011917296101319903
2.858273,0.011917296101319903
2.858739,0.011917296101319903
2.859204,0.011917296101319903
2.859670,0.011917296101319903
2.860135,0.012420843823910887
2.860601,0.012252994583047227
2.861066,0.011581597619592583
2.861532,0.011917296101319903
2.861998,0.011245899137865261
2.862463,0.011078049897001601
2.862929,0.010406652933546959
2.863394,0.010406652933546959
2.863860,0.010238803692683297
2.864325,0.010238803692683297
2.864791,0.010238803692683297
2.865256,0.010574502174410621
2.865722,0.010238803692683297
2.866187,0.010574502174410621
2.866653,0.010238803692683297
2.867118,0.010406652933546959
2.867584,0.010070954451819639
2.868049,0.009567406729228655
2.868515,0.009231708247501335
2.868980,0.008560311284046692
2.869446,0.008896009765774012
2.869911,0.009567406729228655
2.870377,0.009567406729228655
2.870842,0.009231708247501335
2.871308,0.009231708247501335
2.871773,0.009231708247501335
2.872239,0.010238803692683297
2.872704,0.010238803692683297
2.873170,0.010238803692683297
2.873635,0.010574502174410621
2.874101,0.010742351415274281
2.874566,0.010910200656137941
2.875032,0.011581597619592583
2.875498,0.012252994583047227
2.875963,0.012420843823910887
2.876429,0.012588693064774548
2.876894,0.012588693064774548
2.877360,0.012588693064774548
2.877825,0.012420843823910887
2.878291,0.011917296101319903
2.878756,0.011749446860456245
2.879222,0.011749446860456245
2.879687,0.011581597619592583
2.880153,0.011749446860456245
2.880618,0.011245899137865261
2.881084,0.010910200656137941
2.881549,0.010574502174410621
2.882015,0.011245899137865261
2.882480,0.011245899137865261
2.882946,0.011917296101319903
2.883411,0.012588693064774548
2.883877,0.012420843823910887
2.884342,0.012588693064774548
2.884808,0.012588693064774548
2.885273,0.01292439154650187
2.885739,0.012588693064774548
2.886204,0.012085145342183566
2.886670,0.011581597619592583
2.887135,0.011245899137865261
2.887601,0.011078049897001601
2.888066,0.010574502174410621
2.888532,0.010910200656137941
2.888998,0.010910200656137941
2.889463,0.010238803692683297
2.889929,0.010238803692683297
2.890394,0.009903105210955977
2.890860,0.009567406729228655
2.891325,0.009231708247501335
2.891791,0.009567406729228655
2.892256,0.010070954451819639
2.892722,0.010574502174410621
2.893187,0.010574502174410621
2.893653,0.009903105210955977
2.894118,0.009903105210955977
2.894584,0.010238803692683297
2.895049,0.010238803692683297
2.895515,0.010574502174410621
2.895980,0.010910200656137941
2.896446,0.010910200656137941
2.896911,0.010574502174410621
2.897377,0.010238803692683297
2.897842,0.010238803692683297
2.898308,0.010238803692683297
2.898773,0.010574502174410621
2.899239,0.010574502174410621
2.899704,0.010910200656137941
2.900170,0.010574502174410621
2.900635,0.010574502174410621
2.901101,0.010574502174410621
2.901566,0.011245899137865261
2.902032,0.011581597619592583
2.902497,0.011917296101319903
2.902963,0.011581597619592583
2.903429,0.011245899137865261
2.903894,0.011917296101319903
2.904360,0.011917296101319903
2.904825,0.011917296101319903
2.905291,0.012252994583047227
2.905756,0.012588693064774548
2.906222,0.01292439154650187
2.906687,0.012588693064774548
2.907153,0.012420843823910887
2.907618,0.012252994583047227
2.908084,0.012420843823910887
2.908549,0.013092240787365528
2.909015,0.01326009002822919
2.909480,0.01326009002822919
2.909946,0.01326009002822919
2.910411,0.013092240787365528
2.910877,0.012588693064774548
2.911342,0.012420843823910887
2.911808,0.011917296101319903
2.912273,0.011917296101319903
2.912739,0.011245899137865261
2.913204,0.010910200656137941
2.913670,0.011245899137865261
2.914135,0.010910200656137941
2.914601,0.010910200656137941
2.915066,0.011078049897001601
2.915532,0.011581597619592583
2.915997,0.011917296101319903
2.916463,0.011917296101319903
2.916929,0.011917296101319903
2.917394,0.012252994583047227
2.917860,0.012588693064774548
2.918325,0.012588693064774548
2.918791,0.012588693064774548
2.919256,0.012420843823910887
2.919722,0.01292439154650187
2.920187,0.012588693064774548
2.920653,0.012588693064774548
2.921118,0.012588693064774548
2.921584,0.012756542305638208
2.922049,0.01292439154650187
2.922515,0.012588693064774548
2.922980,0.012420843823910887
2.923446,0.011917296101319903
2.923911,0.011749446860456245
2.924377,0.011749446860456245
2.924842,0.011245899137865261
2.925308,0.010910200656137941
2.925773,0.010574502174410621
2.926239,0.010910200656137941
2.926704,0.010910200656137941
2.927170,0.011078049897001601
2.927635,0.011078049897001601
2.928101,0.010910200656137941
2.928566,0.010574502174410621
2.929032,0.010574502174410621
2.929497,0.010238803692683297
2.929963,0.009567406729228655
2.930429,0.009903105210955977
2.930894,0.009903105210955977
2.931360,0.010406652933546959
2.931825,0.010238803692683297
2.932291,0.010574502174410621
2.932756,0.010238803692683297
2.933222,0.009903105210955977
2.933687,0.010574502174410621
2.934153,0.010910200656137941
2.934618,0.011078049897001601
2.935084,0.011078049897001601
2.935549,0.011245899137865261
2.936015,0.011581597619592583
2.936480,0.011245899137865261
2.936946,0.011245899137865261
2.937411,0.011917296101319903
2.937877,0.012252994583047227
2.938342,0.012252994583047227
2.938808,0.011917296101319903
2.939273,0.011917296101319903
2.939739,0.011917296101319903
2.940204,0.012252994583047227
2.940670,0.012420843823910887
2.941135,0.012588693064774548
2.941601,0.01292439154650187
2.942066,0.012588693064774548
2.942532,0.012588693064774548
2.942997,0.01292439154650187
2.943463,0.013931486991683832
2.943928,0.014267185473411156
2.944394,0.014267185473411156
2.944860,0.013931486991683832
2.945325,0.01359578850995651
2.945791,0.013931486991683832
2.946256,0.013931486991683832
2.946722,0.013931486991683832
2.947187,0.01359578850995651
2.947653,0.01326009002822919
2.948118,0.01292439154650187
2.948584,0.012588693064774548
2.949049,0.012588693064774548
2.949515,0.01292439154650187
2.949980,0.012252994583047227
2.950446,0.011581597619592583
2.950911,0.011917296101319903
2.951377,0.011749446860456245
2.951842,0.011917296101319903
2.952308,0.011413748378728923
2.952773,0.011078049897001601
2.953239,0.010910200656137941
2.953704,0.010910200656137941
2.954170,0.010910200656137941
2.954635,0.010574502174410621
2.955101,0.010574502174410621
2.955566,0.010574502174410621
2.956032,0.010238803692683297
2.956497,0.010574502174410621
2.956963,0.010574502174410621
2.957428,0.010574502174410621
2.957894,0.010574502174410621
2.958360,0.010406652933546959
2.958825,0.010070954451819639
2.959291,0.010238803692683297
2.959756,0.010238803692683297
2.960222,0.009903105210955977
2.960687,0.009903105210955977
2.961153,0.009903105210955977
2.961618,0.009903105210955977
2.962084,0.009903105210955977
2.962549,0.010238803692683297
2.963015,0.009903105210955977
2.963480,0.009903105210955977
2.963946,0.010406652933546959
2.964411,0.010574502174410621
2.964877,0.010574502174410621
2.965342,0.011245899137865261
2.965808,0.010574502174410621
2.966273,0.009903105210955977
2.966739,0.010238803692683297
2.967204,0.010238803692683297
2.967670,0.010574502174410621
2.968135,0.011245899137865261
2.968601,0.011245899137865261
2.969066,0.010742351415274281
2.969532,0.010574502174410621
2.969997,0.011245899137865261
2.970463,0.011245899137865261
2.970928,0.011245899137865261
2.971394,0.011245899137865261
2.971860,0.011245899137865261
2.972325,0.010910200656137941
2.972791,0.011245899137865261
2.973256,0.011245899137865261
2.973722,0.011245899137865261
2.974187,0.011749446860456245
2.974653,0.011245899137865261
2.975118,0.011078049897001601
2.975584,0.011245899137865261
2.976049,0.010910200656137941
2.976515,0.010574502174410621
2.976980,0.010238803692683297
2.977446,0.010238803692683297
2.977911,0.010910200656137941
2.978377,0.011078049897001601
2.978842,0.010574502174410621
2.979308,0.009903105210955977
2.979773,0.009903105210955977
2.980239,0.010406652933546959
2.980704,0.010406652933546959
2.981170,0.010406652933546959
2.981635,0.009903105210955977
2.982101,0.010238803692683297
2.982566,0.010238803692683297
2.983032,0.010574502174410621
2.983497,0.009903105210955977
2.983963,0.010574502174410621
2.984428,0.010574502174410621
2.984894,0.010238803692683297
2.985359,0.010238803692683297
2.985825,0.009903105210955977
2.986291,0.010574502174410621
2.986756,0.011078049897001601
2.987222,0.010910200656137941
2.987687,0.010910200656137941
2.988153,0.011245899137865261
2.988618,0.011581597619592583
2.989084,0.011581597619592583
2.989549,0.011245899137865261
2.990015,0.011581597619592583
2.990480,0.011917296101319903
2.990946,0.012252994583047227
2.991411,0.012420843823910887
2.991877,0.012252994583047227
2.992342,0.012252994583047227
2.992808,0.012588693064774548
2.993273,0.01292439154650187
2.993739,0.012588693064774548
2.994204,0.012588693064774548
2.994670,0.012588693064774548
2.995135,0.012588693064774548
2.995601,0.012588693064774548
2.996066,0.01292439154650187
2.996532,0.012420843823910887
2.996997,0.011917296101319903
2.997463,0.011749446860456245
2.997928,0.011749446860456245
2.998394,0.011917296101319903
2.998859,0.012252994583047227
2.999325,0.012252994583047227
2.999791,0.012588693064774548
3.000256,0.012756542305638208
3.000722,0.012588693064774548
3.001187,0.01292439154650187
3.001653,0.012588693064774548
3.002118,0.01292439154650187
3.002584,0.012588693064774548
3.003049,0.012588693064774548
3.003515,0.012420843823910887
3.003980,0.012252994583047227
3.004446,0.012252994583047227
3.004911,0.011917296101319903
3.005377,0.011917296101319903
3.005842,0.012420843823910887
3.006308,0.011917296101319903
3.006773,0.011581597619592583
3.007239,0.011078049897001601
3.007704,0.011078049897001601
3.008170,0.010574502174410621
3.008635,0.011245899137865261
3.009101,0.011245899137865261
3.009566,0.011245899137865261
3.010032,0.011245899137865261
3.010497,0.011078049897001601
3.010963,0.011245899137865261
3.011428,0.011245899137865261
3.011894,0.011078049897001601
3.012359,0.011245899137865261
3.012825,0.010574502174410621
3.013291,0.010238803692683297
3.013756,0.010574502174410621
3.014222,0.010742351415274281
3.014687,0.010574502174410621
3.015153,0.011078049897001601
3.015618,0.010910200656137941
3.016084,0.010238803692683297
3.016549,0.009567406729228655
3.017015,0.009231708247501335
3.017480,0.009903105210955977
3.017946,0.009231708247501335
3.018411,0.009903105210955977
3.018877,0.009903105210955977
3.019342,0.009735255970092317
3.019808,0.009567406729228655
3.020273,0.009231708247501335
3.020739,0.009903105210955977
3.021204,0.010238803692683297
3.021670,0.009903105210955977
3.022135,0.010238803692683297
3.022601,0.010238803692683297
3.023066,0.010910200656137941
3.023532,0.011245899137865261
3.023997,0.011581597619592583
3.024463,0.011917296101319903
3.024928,0.011581597619592583
3.025394,0.011581597619592583
3.025859,0.011581597619592583
3.026325,0.011581597619592583
3.026790,0.011917296101319903
3.027256,0.011917296101319903
3.027722,0.011917296101319903
3.028187,0.011917296101319903
3.028653,0.011245899137865261
3.029118,0.010910200656137941
3.029584,0.010574502174410621
3.030049,0.010910200656137941
3.030515,0.010910200656137941
3.030980,0.010910200656137941
3.031446,0.010574502174410621
3.031911,0.010574502174410621
3.032377,0.010574502174410621
3.032842,0.010574502174410621
3.033308,0.010574502174410621
3.033773,0.010910200656137941
3.034239,0.010910200656137941
3.034704,0.010910200656137941
3.035170,0.010574502174410621
3.035635,0.011245899137865261
3.036101,0.011245899137865261
3.036566,0.011245899137865261
3.037032,0.011245899137865261
3.037497,0.011245899137865261
3.037963,0.011245899137865261
3.038428,0.011581597619592583
3.038894,0.011581597619592583
3.039359,0.011917296101319903
3.039825,0.011917296101319903
3.040290,0.012420843823910887
3.040756,0.012588693064774548
3.041222,0.011917296101319903
3.041687,0.011917296101319903
3.042153,0.011917296101319903
3.042618,0.012420843823910887
3.043084,0.011917296101319903
3.043549,0.012252994583047227
3.044015,0.012588693064774548
3.044480,0.012588693064774548
3.044946,0.01292439154650187
3.045411,0.01292439154650187
3.045877,0.012588693064774548
3.046342,0.012252994583047227
3.046808,0.011917296101319903
3.047273,0.011917296101319903
3.047739,0.012252994583047227
3.048204,0.012588693064774548
3.048670,0.012588693064774548
3.049135,0.012252994583047227
3.049601,0.012420843823910887
3.050066,0.011917296101319903
3.050532,0.011917296101319903
3.050997,0.011917296101319903
3.051463,0.012420843823910887
3.051928,0.012588693064774548
3.052394,0.012420843823910887
3.052859,0.01326009002822919
3.053325,0.01326009002822919
3.053790,0.01326009002822919
3.054256,0.01326009002822919
3.054722,0.01326009002822919
3.055187,0.012588693064774548
3.055653,0.012588693064774548
3.056118,0.012588693064774548
3.056584,0.012588693064774548
3.057049,0.012420843823910887
3.057515,0.012420843823910887
3.057980,0.012588693064774548
3.058446,0.012588693064774548
3.058911,0.012252994583047227
3.059377,0.011917296101319903
3.059842,0.011917296101319903
3.060308,0.011917296101319903
3.060773,0.011917296101319903
3.061239,0.011749446860456245
3.061704,0.011245899137865261
3.062170,0.011078049897001601
3.062635,0.010574502174410621
3.063101,0.010574502174410621
3.063566,0.010574502174410621
3.064032,0.009903105210955977
3.064497,0.010238803692683297
3.064963,0.010910200656137941
3.065428,0.010910200656137941
3.065894,0.010574502174410621
3.066359,0.010574502174410621
3.066825,0.010070954451819639
3.067290,0.009735255970092317
3.067756,0.009903105210955977
3.068221,0.009903105210955977
3.068687,0.009231708247501335
3.069153,0.009231708247501335
3.069618,0.009231708247501335
3.070084,0.008896009765774012
3.070549,0.008560311284046692
3.071015,0.008392462043183033
3.071480,0.008560311284046692
3.071946,0.008392462043183033
3.072411,0.008896009765774012
3.072877,0.009231708247501335
3.073342,0.009231708247501335
3.073808,0.009231708247501335
3.074273,0.009231708247501335
3.074739,0.009231708247501335
3.075204,0.009231708247501335
3.075670,0.009903105210955977
3.076135,0.010070954451819639
3.076601,0.010238803692683297
3.077066,0.010910200656137941
3.077532,0.011581597619592583
3.077997,0.011917296101319903
3.078463,0.011917296101319903
3.078928,0.012252994583047227
3.079394,0.012756542305638208
3.079859,0.01326009002822919
3.080325,0.01326009002822919
3.080790,0.01326009002822919
3.081256,0.01326009002822919
3.081721,0.01292439154650187
3.082187,0.01326009002822919
3.082653,0.01376363775082017
3.083118,0.014099336232547494
3.083584,0.01376363775082017
3.084049,0.013931486991683832
3.084515,0.013931486991683832
3.084980,0.01376363775082017
3.085446,0.01359578850995651
3.085911,0.01326009002822919
3.086377,0.01326009002822919
3.086842,0.012588693064774548
3.087308,0.012588693064774548
3.087773,0.012588693064774548
3.088239,0.011917296101319903
3.088704,0.012085145342183566
3.089170,0.011413748378728923
3.089635,0.011245899137865261
3.090101,0.010910200656137941
3.090566,0.010574502174410621
3.091032,0.010238803692683297
3.091497,0.010238803692683297
3.091963,0.010406652933546959
3.092428,0.010238803692683297
3.092894,0.009903105210955977
3.093359,0.009903105210955977
3.093825,0.009903105210955977
3.094290,0.010238803692683297
3.094756,0.009903105210955977
3.095221,0.009903105210955977
3.095687,0.009903105210955977
3.096153,0.010574502174410621
3.096618,0.011245899137865261
3.097084,0.010910200656137941
3.097549,0.011078049897001601
3.098015,0.011078049897001601
3.098480,0.011413748378728923
3.098946,0.011749446860456245
3.099411,0.012588693064774548
3.099877,0.012588693064774548
3.100342,0.012588693064774548
3.100808,0.012588693064774548
3.101273,0.012588693064774548
3.101739,0.012588693064774548
3.102204,0.012420843823910887
3.102670,0.011917296101319903
3.103135,0.012252994583047227
3.103601,0.012588693064774548
3.104066,0.01292439154650187
3.104532,0.012252994583047227
3.104997,0.011917296101319903
3.105463,0.011917296101319903
3.105928,0.012252994583047227
3.106394,0.011917296101319903
3.106859,0.011917296101319903
3.107325,0.011581597619592583
3.107790,0.011245899137865261
3.108256,0.010574502174410621
3.108721,0.010574502174410621
3.109187,0.009903105210955977
3.109652,0.009903105210955977
3.110118,0.010238803692683297
3.110584,0.010238803692683297
3.111049,0.009903105210955977
3.111515,0.009903105210955977
3.111980,0.009903105210955977
3.112446,0.009903105210955977
3.112911,0.010238803692683297
3.113377,0.009903105210955977
3.113842,0.009567406729228655
3.114308,0.009903105210955977
3.114773,0.010574502174410621
3.115239,0.011413748378728923
3.115704,0.011581597619592583
3.116170,0.011917296101319903
3.116635,0.011917296101319903
3.117101,0.011917296101319903
3.117566,0.011917296101319903
3.118032,0.011917296101319903
3.118497,0.011917296101319903
3.118963,0.012588693064774548
3.119428,0.01326009002822919
3.119894,0.01292439154650187
3.120359,0.01326009002822919
3.120825,0.012420843823910887
3.121290,0.012588693064774548
3.121756,0.011917296101319903
3.122221,0.011581597619592583
3.122687,0.011078049897001601
3.123152,0.011245899137865261
3.123618,0.010574502174410621
3.124084,0.010574502174410621
3.124549,0.011245899137865261
3.125015,0.011917296101319903
3.125480,0.011749446860456245
3.125946,0.011245899137865261
3.126411,0.011749446860456245
3.126877,0.011749446860456245
3.127342,0.011917296101319903
3.127808,0.012588693064774548
3.128273,0.012588693064774548
3.128739,0.011917296101319903
3.129204,0.011917296101319903
3.129670,0.011917296101319903
3.130135,0.011917296101319903
3.130601,0.011581597619592583
3.131066,0.011245899137865261
3.131532,0.011917296101319903
3.131997,0.011245899137865261
3.132463,0.010910200656137941
3.132928,0.010574502174410621
3.133394,0.010574502174410621
3.133859,0.010574502174410621
3.134325,0.010574502174410621
3.134790,0.009903105210955977
3.135256,0.009903105210955977
3.135721,0.009231708247501335
3.136187,0.009231708247501335
3.136652,0.009903105210955977
3.137118,0.010574502174410621
3.137584,0.010574502174410621
3.138049,0.010406652933546959
3.138515,0.010742351415274281
3.138980,0.011245899137865261
3.139446,0.011245899137865261
3.139911,0.011245899137865261
3.140377,0.011245899137865261
3.140842,0.010574502174410621
3.141308,0.011245899137865261
3.141773,0.010910200656137941
3.142239,0.011245899137865261
3.142704,0.011078049897001601
3.143170,0.011078049897001601
3.143635,0.010574502174410621
3.144101,0.010574502174410621
3.144566,0.010574502174410621
3.145032,0.010910200656137941
3.145497,0.010910200656137941
3.145963,0.010238803692683297
3.146428,0.010238803692683297
3.146894,0.010574502174410621
3.147359,0.010574502174410621
3.147825,0.010910200656137941
3.148290,0.010574502174410621
3.148756,0.010574502174410621
3.149221,0.010574502174410621
3.149687,0.010238803692683297
3.150152,0.010238803692683297
3.150618,0.010238803692683297
3.151083,0.010406652933546959
3.151549,0.010910200656137941
3.152015,0.011245899137865261
3.152480,0.011245899137865261
3.152946,0.011245899137865261
3.153411,0.011245899137865261
3.153877,0.011245899137865261
3.154342,0.011245899137865261
3.154808,0.011245899137865261
3.155273,0.010910200656137941
3.155739,0.010574502174410621
3.156204,0.011245899137865261
3.156670,0.011581597619592583
3.157135,0.011917296101319903
3.157601,0.011245899137865261
3.158066,0.011581597619592583
3.158532,0.011917296101319903
3.158997,0.012252994583047227
3.159463,0.01292439154650187
3.159928,0.013092240787365528
3.160394,0.01326009002822919
3.160859,0.013931486991683832
3.161325,0.013931486991683832
3.161790,0.01376363775082017
3.162256,0.013931486991683832
3.162721,0.014602883955138474
3.163187,0.014602883955138474
3.163652,0.014602883955138474
3.164118,0.01376363775082017
3.164583,0.01326009002822919
3.165049,0.01326009002822919
3.165515,0.01326009002822919
3.165980,0.013092240787365528
3.166446,0.013092240787365528
3.166911,0.01326009002822919
3.167377,0.01326009002822919
3.167842,0.013092240787365528
3.168308,0.01292439154650187
3.168773,0.012420843823910887
3.169239,0.012588693064774548
3.169704,0.012420843823910887
3.170170,0.011749446860456245
3.170635,0.011917296101319903
3.171101,0.011917296101319903
3.171566,0.011581597619592583
3.172032,0.011078049897001601
3.172497,0.010910200656137941
3.172963,0.011245899137865261
3.173428,0.011581597619592583
3.173894,0.011917296101319903
3.174359,0.012420843823910887
3.174825,0.011581597619592583
3.175290,0.010574502174410621
3.175756,0.010238803692683297
3.176221,0.010574502174410621
3.176687,0.010406652933546959
3.177152,0.009903105210955977
3.177618,0.009903105210955977
3.178083,0.009399557488364994
3.178549,0.009567406729228655
3.179015,0.009567406729228655
3.179480,0.009903105210955977
3.179946,0.010070954451819639
3.180411,0.010406652933546959
3.180877,0.010574502174410621
3.181342,0.010574502174410621
3.181808,0.010406652933546959
3.182273,0.010574502174410621
3.182739,0.011245899137865261
3.183204,0.011078049897001601
3.183670,0.011749446860456245
3.184135,0.011581597619592583
3.184601,0.011245899137865261
3.185066,0.011078049897001601
3.185532,0.011078049897001601
3.185997,0.011581597619592583
3.186463,0.011917296101319903
3.186928,0.012252994583047227
3.187394,0.011917296101319903
3.187859,0.011917296101319903
3.188325,0.011917296101319903
3.188790,0.011749446860456245
3.189256,0.011245899137865261
3.189721,0.010910200656137941
3.190187,0.011078049897001601
3.190652,0.010910200656137941
3.191118,0.011245899137865261
3.191583,0.011078049897001601
3.192049,0.011245899137865261
3.192514,0.010910200656137941
3.192980,0.011078049897001601
3.193446,0.010910200656137941
3.193911,0.011245899137865261
3.194377,0.011749446860456245
3.194842,0.011917296101319903
3.195308,0.012252994583047227
3.195773,0.012588693064774548
3.196239,0.012588693064774548
3.196704,0.013092240787365528
3.197170,0.01292439154650187
3.197635,0.013092240787365528
3.198101,0.01292439154650187
3.198566,0.01292439154650187
3.199032,0.01292439154650187
3.199497,0.01326009002822919
3.199963,0.01326009002822919
3.200428,0.01326009002822919
3.200894,0.01359578850995651
3.201359,0.01326009002822919
3.201825,0.01326009002822919
3.202290,0.01326009002822919
3.202756,0.01292439154650187
3.203221,0.01292439154650187
3.203687,0.01292439154650187
3.204152,0.013092240787365528
3.204618,0.012588693064774548
3.205083,0.011581597619592583
3.205549,0.011581597619592583
3.206014,0.011581597619592583
3.206480,0.011078049897001601
3.206946,0.011078049897001601
3.207411,0.011245899137865261
3.207877,0.010910200656137941
3.208342,0.010238803692683297
3.208808,0.009903105210955977
3.209273,0.009567406729228655
3.209739,0.009231708247501335
3.210204,0.009231708247501335
3.210670,0.009231708247501335
3.211135,0.008560311284046692
3.211601,0.008224612802319372
3.212066,0.00788891432059205
3.212532,0.008224612802319372
3.212997,0.008224612802319372
3.213463,0.008560311284046692
3.213928,0.008560311284046692
3.214394,0.008392462043183033
3.214859,0.008560311284046692
3.215325,0.008560311284046692
3.215790,0.009567406729228655
3.216256,0.009903105210955977
3.216721,0.010238803692683297
3.217187,0.009903105210955977
3.217652,0.010574502174410621
3.218118,0.011245899137865261
3.218583,0.011917296101319903
3.219049,0.012252994583047227
3.219514,0.012588693064774548
3.219980,0.01292439154650187
3.220445,0.01326009002822919
3.220911,0.01359578850995651
3.221377,0.01292439154650187
3.221842,0.012588693064774548
3.222308,0.01292439154650187
3.222773,0.012588693064774548
3.223239,0.012588693064774548
3.223704,0.012252994583047227
3.224170,0.011917296101319903
3.224635,0.011917296101319903
3.225101,0.011917296101319903
3.225566,0.012420843823910887
3.226032,0.01292439154650187
3.226497,0.01292439154650187
3.226963,0.012588693064774548
3.227428,0.01292439154650187
3.227894,0.01326009002822919
3.228359,0.01292439154650187
3.228825,0.011917296101319903
3.229290,0.011581597619592583
3.229756,0.010910200656137941
3.230221,0.011078049897001601
3.230687,0.011078049897001601
3.231152,0.010574502174410621
3.231618,0.011245899137865261
3.232083,0.011245899137865261
3.232549,0.011245899137865261
3.233014,0.011245899137865261
3.233480,0.011245899137865261
3.233945,0.011245899137865261
3.234411,0.011413748378728923
3.234877,0.011413748378728923
3.235342,0.011917296101319903
3.235808,0.012588693064774548
3.236273,0.012252994583047227
3.236739,0.011917296101319903
3.237204,0.012252994583047227
3.237670,0.012588693064774548
3.238135,0.012588693064774548
3.238601,0.012588693064774548
3.239066,0.012252994583047227
3.239532,0.011749446860456245
3.239997,0.011917296101319903
3.240463,0.012252994583047227
3.240928,0.011917296101319903
3.241394,0.011917296101319903
3.241859,0.012252994583047227
3.242325,0.011917296101319903
3.242790,0.011917296101319903
3.243256,0.012252994583047227
3.243721,0.011917296101319903
3.244187,0.011917296101319903
3.244652,0.011245899137865261
3.245118,0.010910200656137941
3.245583,0.010238803692683297
3.246049,0.009903105210955977
3.246514,0.009735255970092317
3.246980,0.009735255970092317
3.247445,0.009231708247501335
3.247911,0.009231708247501335
3.248377,0.009231708247501335
3.248842,0.009231708247501335
3.249308,0.008896009765774012
3.249773,0.009231708247501335
3.250239,0.009231708247501335
3.250704,0.009231708247501335
3.251170,0.009231708247501335
3.251635,0.009567406729228655
3.252101,0.009567406729228655
3.252566,0.009231708247501335
3.253032,0.009735255970092317
3.253497,0.009567406729228655
3.253963,0.009903105210955977
3.254428,0.009903105210955977
3.254894,0.009567406729228655
3.255359,0.009903105210955977
3.255825,0.009903105210955977
3.256290,0.010406652933546959
3.256756,0.010574502174410621
3.257221,0.011917296101319903
3.257687,0.011917296101319903
3.258152,0.012252994583047227
3.258618,0.011917296101319903
3.259083,0.011749446860456245
3.259549,0.011917296101319903
3.260014,0.012588693064774548
3.260480,0.01292439154650187
3.260945,0.012588693064774548
3.261411,0.01326009002822919
3.261876,0.013931486991683832
3.262342,0.013931486991683832
3.262808,0.01326009002822919
3.263273,0.01326009002822919
3.263739,0.01326009002822919
3.264204,0.012588693064774548
3.264670,0.012588693064774548
3.265135,0.011917296101319903
3.265601,0.011581597619592583
3.266066,0.011749446860456245
3.266532,0.011917296101319903
3.266997,0.011917296101319903
3.267463,0.011245899137865261
3.267928,0.010574502174410621
3.268394,0.010238803692683297
3.268859,0.010574502174410621
3.269325,0.010406652933546959
3.269790,0.010406652933546959
3.270256,0.010574502174410621
3.270721,0.010910200656137941
3.271187,0.011581597619592583
3.271652,0.011749446860456245
3.272118,0.011749446860456245
3.272583,0.011245899137865261
3.273049,0.011581597619592583
3.273514,0.011749446860456245
3.273980,0.011917296101319903
3.274445,0.011749446860456245
3.274911,0.011917296101319903
3.275376,0.011917296101319903
3.275842,0.011917296101319903
3.276308,0.011917296101319903
3.276773,0.012756542305638208
3.277239,0.012588693064774548
3.277704,0.012252994583047227
3.278170,0.012588693064774548
3.278635,0.01292439154650187
3.279101,0.012588693064774548
3.279566,0.012252994583047227
3.280032,0.011917296101319903
3.280497,0.011917296101319903
3.280963,0.011917296101319903
3.281428,0.012252994583047227
3.281894,0.011917296101319903
3.282359,0.011581597619592583
3.282825,0.011581597619592583
3.283290,0.011581597619592583
3.283756,0.011245899137865261
3.284221,0.010910200656137941
3.284687,0.011245899137865261
3.285152,0.011917296101319903
3.285618,0.011917296101319903
3.286083,0.011581597619592583
3.286549,0.011917296101319903
3.287014,0.012252994583047227
3.287480,0.012420843823910887
3.287945,0.012252994583047227
3.288411,0.012252994583047227
3.288876,0.012420843823910887
3.289342,0.011917296101319903
3.289808,0.011917296101319903
3.290273,0.011749446860456245
3.290739,0.011245899137865261
3.291204,0.011245899137865261
3.291670,0.011245899137865261
3.292135,0.011917296101319903
3.292601,0.012420843823910887
3.293066,0.012252994583047227
3.293532,0.011917296101319903
3.293997,0.011749446860456245
3.294463,0.011917296101319903
3.294928,0.011245899137865261
3.295394,0.011245899137865261
3.295859,0.011917296101319903
3.296325,0.011749446860456245
3.296790,0.011581597619592583
3.297256,0.011917296101319903
3.297721,0.011917296101319903
3.298187,0.012252994583047227
3.298652,0.012252994583047227
3.299118,0.011413748378728923
3.299583,0.011078049897001601
3.300049,0.011245899137865261
3.300514,0.011078049897001601
3.300980,0.010574502174410621
3.301445,0.010406652933546959
3.301911,0.010574502174410621
3.302376,0.010574502174410621
3.302842,0.010238803692683297
3.303307,0.010574502174410621
3.303773,0.011245899137865261
3.304239,0.011245899137865261
3.304704,0.011581597619592583
3.305170,0.011749446860456245
3.305635,0.011245899137865261
3.306101,0.011245899137865261
3.306566,0.010910200656137941
3.307032,0.010574502174410621
3.307497,0.009903105210955977
3.307963,0.009903105210955977
3.308428,0.009231708247501335
3.308894,0.009567406729228655
3.309359,0.010070954451819639
3.309825,0.009903105210955977
3.310290,0.008896009765774012
3.310756,0.008392462043183033
3.311221,0.008560311284046692
3.311687,0.009231708247501335
3.312152,0.009231708247501335
3.312618,0.009231708247501335
3.313083,0.009567406729228655
3.313549,0.009903105210955977
3.314014,0.010406652933546959
3.314480,0.010574502174410621
3.314945,0.010574502174410621
3.315411,0.011078049897001601
3.315876,0.011078049897001601
3.316342,0.011245899137865261
3.316807,0.011245899137865261
3.317273,0.011245899137865261
3.317739,0.011749446860456245
3.318204,0.011917296101319903
3.318670,0.012252994583047227
3.319135,0.012420843823910887
3.319601,0.012588693064774548
3.320066,0.01292439154650187
3.320532,0.013092240787365528
3.320997,0.01292439154650187
3.321463,0.01326009002822919
3.321928,0.01292439154650187
3.322394,0.012420843823910887
3.322859,0.01292439154650187
3.323325,0.012756542305638208
3.323790,0.012756542305638208
3.324256,0.012588693064774548
3.324721,0.011917296101319903
3.325187,0.011917296101319903
3.325652,0.011917296101319903
3.326118,0.011749446860456245
3.326583,0.011245899137865261
3.327049,0.011749446860456245
3.327514,0.011581597619592583
3.327980,0.011581597619592583
3.328445,0.010910200656137941
3.328911,0.010910200656137941
3.329376,0.010574502174410621
3.329842,0.010406652933546959
3.330307,0.009903105210955977
3.330773,0.009231708247501335
3.331239,0.009063859006637675
3.331704,0.009231708247501335
3.332170,0.009903105210955977
3.332635,0.009903105210955977
3.333101,0.009903105210955977
3.333566,0.009735255970092317
3.334032,0.009903105210955977
3.334497,0.009903105210955977
3.334963,0.010238803692683297
3.335428,0.010574502174410621
3.335894,0.011245899137865261
3.336359,0.011581597619592583
3.336825,0.011245899137865261
3.337290,0.011245899137865261
3.337756,0.011581597619592583
3.338221,0.011581597619592583
3.338687,0.011581597619592583
3.339152,0.011078049897001601
3.339618,0.010910200656137941
3.340083,0.010910200656137941
3.340549,0.011581597619592583
3.341014,0.011245899137865261
3.341480,0.011078049897001601
3.341945,0.011078049897001601
3.342411,0.011245899137865261
3.342876,0.011581597619592583
3.343342,0.011917296101319903
3.343807,0.012252994583047227
3.344273,0.011917296101319903
3.344738,0.011749446860456245
3.345204,0.011749446860456245
3.345670,0.011917296101319903
3.346135,0.012085145342183566
3.346601,0.011917296101319903
3.347066,0.011245899137865261
3.347532,0.011413748378728923
3.347997,0.011245899137865261
3.348463,0.011245899137865261
3.348928,0.011581597619592583
3.349394,0.011245899137865261
3.349859,0.011917296101319903
3.350325,0.011245899137865261
3.350790,0.010574502174410621
3.351256,0.010406652933546959
3.351721,0.010574502174410621
3.352187,0.010910200656137941
3.352652,0.011245899137865261
3.353118,0.011581597619592583
3.353583,0.011749446860456245
3.354049,0.011917296101319903
3.354514,0.011917296101319903
3.354980,0.012252994583047227
3.355445,0.012588693064774548
3.355911,0.01326009002822919
3.356376,0.012588693064774548
3.356842,0.011917296101319903
3.357307,0.011917296101319903
3.357773,0.011917296101319903
3.358238,0.011917296101319903
3.358704,0.011581597619592583
3.359170,0.011917296101319903
3.359635,0.012588693064774548
3.360101,0.012252994583047227
3.360566,0.012420843823910887
3.361032,0.012588693064774548
3.361497,0.012420843823910887
3.361963,0.012588693064774548
3.362428,0.012420843823910887
3.362894,0.012252994583047227
3.363359,0.012252994583047227
3.363825,0.011917296101319903
3.364290,0.011749446860456245
3.364756,0.011749446860456245
3.365221,0.011581597619592583
3.365687,0.011245899137865261
3.366152,0.011749446860456245
3.366618,0.011581597619592583
3.367083,0.011413748378728923
3.367549,0.011581597619592583
3.368014,0.011749446860456245
3.368480,0.011581597619592583
3.368945,0.011245899137865261
3.369411,0.011245899137865261
3.369876,0.010910200656137941
3.370342,0.011078049897001601
3.370807,0.011245899137865261
3.371273,0.011245899137865261
3.371738,0.011245899137865261
3.372204,0.010574502174410621
3.372670,0.010910200656137941
3.373135,0.010910200656137941
3.373601,0.011581597619592583
3.374066,0.011581597619592583
3.374532,0.011245899137865261
3.374997,0.011078049897001601
3.375463,0.011581597619592583
3.375928,0.012420843823910887
3.376394,0.012252994583047227
3.376859,0.013092240787365528
3.377325,0.01292439154650187
3.377790,0.01326009002822919
3.378256,0.01326009002822919
3.378721,0.01326009002822919
3.379187,0.013931486991683832
3.379652,0.013931486991683832
3.380118,0.014602883955138474
3.380583,0.014435034714274816
3.381049,0.014267185473411156
3.381514,0.013931486991683832
3.381980,0.013931486991683832
3.382445,0.01359578850995651
3.382911,0.01326009002822919
3.383376,0.013092240787365528
3.383842,0.012588693064774548
3.384307,0.012756542305638208
3.384773,0.011917296101319903
3.385238,0.011245899137865261
3.385704,0.011581597619592583
3.386169,0.011749446860456245
3.386635,0.011917296101319903
3.387101,0.011581597619592583
3.387566,0.011078049897001601
3.388032,0.010910200656137941
3.388497,0.010070954451819639
3.388963,0.010070954451819639
3.389428,0.010406652933546959
3.389894,0.010406652933546959
3.390359,0.010406652933546959
3.390825,0.010238803692683297
3.391290,0.010238803692683297
3.391756,0.010238803692683297
3.392221,0.010574502174410621
3.392687,0.010574502174410621
3.393152,0.010574502174410621
3.393618,0.010238803692683297
3.394083,0.009567406729228655
3.394549,0.010238803692683297
3.395014,0.010574502174410621
3.395480,0.011078049897001601
3.395945,0.011078049897001601
3.396411,0.011245899137865261
3.396876,0.011245899137865261
3.397342,0.011749446860456245
3.397807,0.011581597619592583
3.398273,0.011245899137865261
3.398738,0.010574502174410621
3.399204,0.011245899137865261
3.399669,0.011749446860456245
3.400135,0.011245899137865261
3.400601,0.011917296101319903
3.401066,0.011581597619592583
3.401532,0.011917296101319903
3.401997,0.011917296101319903
3.402463,0.010910200656137941
3.402928,0.010574502174410621
3.403394,0.010574502174410621
3.403859,0.010574502174410621
3.404325,0.010070954451819639
3.404790,0.009903105210955977
3.405256,0.010070954451819639
3.405721,0.009903105210955977
3.406187,0.010238803692683297
3.406652,0.010574502174410621
3.407118,0.010406652933546959
3.407583,0.009735255970092317
3.408049,0.009567406729228655
3.408514,0.010070954451819639
3.408980,0.010574502174410621
3.409445,0.009903105210955977
3.409911,0.009735255970092317
3.410376,0.009231708247501335
3.410842,0.009231708247501335
3.411307,0.009903105210955977
3.411773,0.009903105210955977
3.412238,0.009231708247501335
3.412704,0.009903105210955977
3.413169,0.010574502174410621
3.413635,0.010574502174410621
3.414101,0.010406652933546959
3.414566,0.010406652933546959
3.415032,0.010238803692683297
3.415497,0.010910200656137941
3.415963,0.010910200656137941
3.416428,0.011245899137865261
3.416894,0.010574502174410621
3.417359,0.010910200656137941
3.417825,0.010574502174410621
3.418290,0.011245899137865261
3.418756,0.011245899137865261
3.419221,0.011245899137865261
3.419687,0.011749446860456245
3.420152,0.012588693064774548
3.420618,0.012588693064774548
3.421083,0.012420843823910887
3.421549,0.012588693064774548
3.422014,0.012588693064774548
3.422480,0.01292439154650187
3.422945,0.012588693064774548
3.423411,0.012252994583047227
3.423876,0.011917296101319903
3.424342,0.012420843823910887
3.424807,0.012756542305638208
3.425273,0.012588693064774548
3.425738,0.012588693064774548
3.426204,0.011917296101319903
3.426669,0.011917296101319903
3.427135,0.011917296101319903
3.427600,0.011917296101319903
3.428066,0.011749446860456245
3.428532,0.011078049897001601
3.428997,0.011581597619592583
3.429463,0.011245899137865261
3.429928,0.010910200656137941
3.430394,0.010910200656137941
3.430859,0.011245899137865261
3.431325,0.011245899137865261
3.431790,0.011917296101319903
3.432256,0.011917296101319903
3.432721,0.011917296101319903
3.433187,0.011749446860456245
3.433652,0.011917296101319903
3.434118,0.012252994583047227
3.434583,0.012252994583047227
3.435049,0.011917296101319903
3.435514,0.011581597619592583
3.435980,0.011581597619592583
3.436445,0.011581597619592583
3.436911,0.012252994583047227
3.437376,0.012588693064774548
3.437842,0.01292439154650187
3.438307,0.01292439154650187
3.438773,0.01292439154650187
3.439238,0.01292439154650187
3.439704,0.01292439154650187
3.440169,0.01292439154650187
3.440635,0.013092240787365528
3.441100,0.01292439154650187
3.441566,0.01292439154650187
3.442032,0.012588693064774548
3.442497,0.01326009002822919
3.442963,0.01326009002822919
3.443428,0.01326009002822919
3.443894,0.01292439154650187
3.444359,0.01326009002822919
3.444825,0.012588693064774548
3.445290,0.011917296101319903
3.445756,0.012588693064774548
3.446221,0.012756542305638208
3.446687,0.012588693064774548
3.447152,0.012252994583047227
3.447618,0.011749446860456245
3.448083,0.011078049897001601
3.448549,0.010574502174410621
3.449014,0.011078049897001601
3.449480,0.010574502174410621
3.449945,0.010238803692683297
3.450411,0.010238803692683297
3.450876,0.009903105210955977
3.451342,0.010406652933546959
3.451807,0.010574502174410621
3.452273,0.010574502174410621
3.452738,0.010910200656137941
3.453204,0.011078049897001601
3.453669,0.011245899137865261
3.454135,0.010910200656137941
3.454600,0.010406652933546959
3.455066,0.010238803692683297
3.455532,0.010574502174410621
3.455997,0.010574502174410621
3.456463,0.010910200656137941
3.456928,0.010910200656137941
3.457394,0.010574502174410621
3.457859,0.011245899137865261
3.458325,0.011245899137865261
3.458790,0.011245899137865261
3.459256,0.011245899137865261
3.459721,0.011749446860456245
3.460187,0.011749446860456245
3.460652,0.011749446860456245
3.461118,0.011749446860456245
3.461583,0.011917296101319903
3.462049,0.011581597619592583
3.462514,0.011917296101319903
3.462980,0.011917296101319903
3.463445,0.012252994583047227
3.463911,0.011581597619592583
3.464376,0.011581597619592583
3.464842,0.011917296101319903
3.465307,0.011245899137865261
3.465773,0.011245899137865261
3.466238,0.010910200656137941
3.466704,0.010574502174410621
3.467169,0.010910200656137941
3.467635,0.010742351415274281
3.468100,0.010406652933546959
3.468566,0.010238803692683297
3.469031,0.009903105210955977
3.469497,0.009735255970092317
3.469963,0.009903105210955977
3.470428,0.009903105210955977
3.470894,0.009903105210955977
3.471359,0.010238803692683297
3.471825,0.009735255970092317
3.472290,0.010070954451819639
3.472756,0.009903105210955977
3.473221,0.009903105210955977
3.473687,0.010238803692683297
3.474152,0.010574502174410621
3.474618,0.011245899137865261
3.475083,0.011078049897001601
3.475549,0.010574502174410621
3.476014,0.011245899137865261
3.476480,0.011581597619592583
3.476945,0.011581597619592583
3.477411,0.011917296101319903
3.477876,0.011245899137865261
3.478342,0.011581597619592583
3.478807,0.011245899137865261
3.479273,0.011917296101319903
3.479738,0.011581597619592583
3.480204,0.011245899137865261
3.480669,0.011917296101319903
3.481135,0.011917296101319903
3.481600,0.011413748378728923
3.482066,0.011581597619592583
3.482531,0.011749446860456245
3.482997,0.011917296101319903
3.483463,0.012252994583047227
3.483928,0.012588693064774548
3.484394,0.01292439154650187
3.484859,0.01326009002822919
3.485325,0.013092240787365528
3.485790,0.01292439154650187
3.486256,0.01326009002822919
3.486721,0.01359578850995651
3.487187,0.01359578850995651
3.487652,0.012588693064774548
3.488118,0.011413748378728923
3.488583,0.010910200656137941
3.489049,0.010910200656137941
3.489514,0.010910200656137941
3.489980,0.011245899137865261
3.490445,0.011078049897001601
3.490911,0.011245899137865261
3.491376,0.011078049897001601
3.491842,0.010910200656137941
3.492307,0.011078049897001601
3.492773,0.011245899137865261
3.493238,0.011245899137865261
3.493704,0.010910200656137941
3.494169,0.011245899137865261
3.494635,0.011245899137865261
3.495100,0.011245899137865261
3.495566,0.011078049897001601
3.496031,0.010574502174410621
3.496497,0.010910200656137941
3.496963,0.011245899137865261
3.497428,0.011245899137865261
3.497894,0.012252994583047227
3.498359,0.01292439154650187
3.498825,0.01326009002822919
3.499290,0.01292439154650187
3.499756,0.01326009002822919
3.500221,0.01292439154650187
3.500687,0.012420843823910887
3.501152,0.012588693064774548
3.501618,0.01326009002822919
3.502083,0.01326009002822919
3.502549,0.01326009002822919
3.503014,0.01292439154650187
3.503480,0.012420843823910887
3.503945,0.011917296101319903
3.504411,0.012252994583047227
3.504876,0.012588693064774548
3.505342,0.01292439154650187
3.505807,0.012588693064774548
3.506273,0.012252994583047227
3.506738,0.011917296101319903
3.507204,0.011581597619592583
3.507669,0.011245899137865261
3.508135,0.010910200656137941
3.508600,0.009903105210955977
3.509066,0.009735255970092317
3.509531,0.009903105210955977
3.509997,0.009903105210955977
3.510462,0.010238803692683297
3.510928,0.009903105210955977
3.511394,0.009735255970092317
3.511859,0.009903105210955977
3.512325,0.009903105210955977
3.512790,0.010406652933546959
3.513256,0.010574502174410621
3.513721,0.010574502174410621
3.514187,0.010574502174410621
3.514652,0.010910200656137941
3.515118,0.011245899137865261
3.515583,0.011917296101319903
3.516049,0.011749446860456245
3.516514,0.011917296101319903
3.516980,0.011917296101319903
3.517445,0.011917296101319903
3.517911,0.011917296101319903
3.518376,0.011917296101319903
3.518842,0.012420843823910887
3.519307,0.012588693064774548
3.519773,0.012252994583047227
3.520238,0.01292439154650187
3.520704,0.012756542305638208
3.521169,0.01292439154650187
3.521635,0.01292439154650187
3.522100,0.012588693064774548
3.522566,0.012420843823910887
3.523031,0.011917296101319903
3.523497,0.012252994583047227
3.523962,0.012252994583047227
3.524428,0.011749446860456245
3.524894,0.011413748378728923
3.525359,0.011581597619592583
3.525825,0.010910200656137941
3.526290,0.010406652933546959
3.526756,0.010070954451819639
3.527221,0.009903105210955977
3.527687,0.009903105210955977
3.528152,0.009903105210955977
3.528618,0.009903105210955977
3.529083,0.009231708247501335
3.529549,0.009567406729228655
3.530014,0.009567406729228655
3.530480,0.009231708247501335
3.530945,0.009903105210955977
3.531411,0.009567406729228655
3.531876,0.009231708247501335
3.532342,0.009567406729228655
3.532807,0.009903105210955977
3.533273,0.010238803692683297
3.533738,0.009903105210955977
3.534204,0.009567406729228655
3.534669,0.009903105210955977
3.535135,0.010238803692683297
3.535600,0.010070954451819639
3.536066,0.010238803692683297
3.536531,0.010238803692683297
3.536997,0.010574502174410621
3.537462,0.011245899137865261
3.537928,0.011581597619592583
3.538394,0.011581597619592583
3.538859,0.011917296101319903
3.539325,0.011917296101319903
3.539790,0.011917296101319903
3.540256,0.012420843823910887
3.540721,0.01292439154650187
3.541187,0.01292439154650187
3.541652,0.01326009002822919
3.542118,0.014099336232547494
3.542583,0.013931486991683832
3.543049,0.013931486991683832
3.543514,0.013931486991683832
3.543980,0.01326009002822919
3.544445,0.013931486991683832
3.544911,0.014602883955138474
3.545376,0.013931486991683832
3.545842,0.013931486991683832
3.546307,0.01359578850995651
3.546773,0.01359578850995651
3.547238,0.013092240787365528
3.547704,0.013092240787365528
3.548169,0.01326009002822919
3.548635,0.01376363775082017
3.549100,0.01326009002822919
3.549566,0.012420843823910887
3.550031,0.011581597619592583
3.550497,0.011749446860456245
3.550962,0.011917296101319903
3.551428,0.012252994583047227
3.551893,0.011917296101319903
3.552359,0.011917296101319903
3.552825,0.011749446860456245
3.553290,0.012085145342183566
3.553756,0.012252994583047227
3.554221,0.011917296101319903
3.554687,0.011581597619592583
3.555152,0.011245899137865261
3.555618,0.011581597619592583
3.556083,0.011245899137865261
3.556549,0.011245899137865261
3.557014,0.011078049897001601
3.557480,0.011581597619592583
3.557945,0.011917296101319903
3.558411,0.011581597619592583
3.558876,0.011245899137865261
3.559342,0.011245899137865261
3.559807,0.011581597619592583
3.560273,0.011749446860456245
3.560738,0.011581597619592583
3.561204,0.011749446860456245
3.561669,0.011749446860456245
3.562135,0.011581597619592583
3.562600,0.011078049897001601
3.563066,0.010910200656137941
3.563531,0.010910200656137941
3.563997,0.010910200656137941
3.564462,0.011078049897001601
3.564928,0.010574502174410621
3.565393,0.010574502174410621
3.565859,0.010238803692683297
3.566325,0.010238803692683297
3.566790,0.010406652933546959
3.567256,0.010910200656137941
3.567721,0.010910200656137941
3.568187,0.010574502174410621
3.568652,0.009567406729228655
3.569118,0.009231708247501335
3.569583,0.008896009765774012
3.570049,0.009231708247501335
3.570514,0.009231708247501335
3.570980,0.009567406729228655
3.571445,0.009231708247501335
3.571911,0.009231708247501335
3.572376,0.008896009765774012
3.572842,0.008896009765774012
3.573307,0.008896009765774012
3.573773,0.009231708247501335
3.574238,0.008896009765774012
3.574704,0.009903105210955977
3.575169,0.010574502174410621
3.575635,0.010574502174410621
3.576100,0.011078049897001601
3.576566,0.011078049897001601
3.577031,0.010910200656137941
3.577497,0.011078049897001601
3.577962,0.011245899137865261
3.578428,0.011581597619592583
3.578893,0.011078049897001601
3.579359,0.011581597619592583
3.579825,0.011581597619592583
3.580290,0.011581597619592583
3.580756,0.011581597619592583
3.581221,0.011917296101319903
3.581687,0.011917296101319903
3.582152,0.011917296101319903
3.582618,0.011581597619592583
3.583083,0.011581597619592583
3.583549,0.011581597619592583
3.584014,0.011749446860456245
3.584480,0.011245899137865261
3.584945,0.010574502174410621
3.585411,0.010238803692683297
3.585876,0.010238803692683297
3.586342,0.010238803692683297
3.586807,0.009903105210955977
3.587273,0.009567406729228655
3.587738,0.009231708247501335
3.588204,0.009231708247501335
3.588669,0.009231708247501335
3.589135,0.009735255970092317
3.589600,0.010574502174410621
3.590066,0.010910200656137941
3.590531,0.011413748378728923
3.590997,0.011245899137865261
3.591462,0.011581597619592583
3.591928,0.011245899137865261
3.592393,0.011581597619592583
3.592859,0.012252994583047227
3.593324,0.011917296101319903
3.593790,0.011749446860456245
3.594256,0.011245899137865261
3.594721,0.011245899137865261
3.595187,0.010910200656137941
3.595652,0.010910200656137941
3.596118,0.011245899137865261
3.596583,0.011245899137865261
3.597049,0.011581597619592583
3.597514,0.011581597619592583
3.597980,0.011581597619592583
3.598445,0.011917296101319903
3.598911,0.012588693064774548
3.599376,0.012588693064774548
3.599842,0.013092240787365528
3.600307,0.012756542305638208
3.600773,0.013092240787365528
3.601238,0.01326009002822919
3.601704,0.013931486991683832
3.602169,0.01376363775082017
3.602635,0.013092240787365528
3.603100,0.01326009002822919
3.603566,0.01326009002822919
3.604031,0.01359578850995651
3.604497,0.013931486991683832
3.604962,0.013931486991683832
3.605428,0.01359578850995651
3.605893,0.013092240787365528
3.606359,0.013092240787365528
3.606824,0.012588693064774548
3.607290,0.012588693064774548
3.607756,0.011917296101319903
3.608221,0.011917296101319903
3.608687,0.011917296101319903
3.609152,0.012252994583047227
3.609618,0.011917296101319903
3.610083,0.011581597619592583
3.610549,0.011245899137865261
3.611014,0.011245899137865261
3.611480,0.011245899137865261
3.611945,0.011245899137865261
3.612411,0.011245899137865261
3.612876,0.010910200656137941
3.613342,0.010910200656137941
3.613807,0.010574502174410621
3.614273,0.010910200656137941
3.614738,0.011245899137865261
3.615204,0.011078049897001601
3.615669,0.010910200656137941
3.616135,0.010574502174410621
3.616600,0.011245899137865261
3.617066,0.011581597619592583
3.617531,0.011245899137865261
3.617997,0.011581597619592583
3.618462,0.011749446860456245
3.618928,0.011917296101319903
3.619393,0.011917296101319903
3.619859,0.012252994583047227
3.620324,0.012252994583047227
3.620790,0.012252994583047227
3.621255,0.012420843823910887
3.621721,0.012588693064774548
3.622187,0.012420843823910887
3.622652,0.012588693064774548
3.623118,0.012252994583047227
3.623583,0.011245899137865261
3.624049,0.011581597619592583
3.624514,0.011245899137865261
3.624980,0.011749446860456245
3.625445,0.011245899137865261
3.625911,0.011245899137865261
3.626376,0.010910200656137941
3.626842,0.011245899137865261
3.627307,0.011245899137865261
3.627773,0.011078049897001601
3.628238,0.011245899137865261
3.628704,0.011245899137865261
3.629169,0.011245899137865261
3.629635,0.010574502174410621
3.630100,0.010406652933546959
3.630566,0.009903105210955977
3.631031,0.009735255970092317
3.631497,0.010238803692683297
3.631962,0.010574502174410621
3.632428,0.010574502174410621
3.632893,0.010238803692683297
3.633359,0.011078049897001601
3.633824,0.010910200656137941
3.634290,0.010574502174410621
3.634755,0.009903105210955977
3.635221,0.010238803692683297
3.635687,0.010574502174410621
3.636152,0.011245899137865261
3.636618,0.011581597619592583
3.637083,0.011245899137865261
3.637549,0.010910200656137941
3.638014,0.010910200656137941
3.638480,0.011245899137865261
3.638945,0.011245899137865261
3.639411,0.010574502174410621
3.639876,0.010574502174410621
3.640342,0.010574502174410621
3.640807,0.010574502174410621
3.641273,0.010910200656137941
3.641738,0.010574502174410621
3.642204,0.010910200656137941
3.642669,0.010910200656137941
3.643135,0.010910200656137941
3.643600,0.010574502174410621
3.644066,0.010406652933546959
3.644531,0.010406652933546959
3.644997,0.010406652933546959
3.645462,0.009903105210955977
3.645928,0.010238803692683297
3.646393,0.010574502174410621
3.646859,0.011245899137865261
3.647324,0.011245899137865261
3.647790,0.010910200656137941
3.648255,0.011245899137865261
3.648721,0.010238803692683297
3.649187,0.009903105210955977
3.649652,0.009903105210955977
3.650118,0.010574502174410621
3.650583,0.010574502174410621
3.651049,0.010574502174410621
3.651514,0.011245899137865261
3.651980,0.011749446860456245
3.652445,0.011917296101319903
3.652911,0.011581597619592583
3.653376,0.011917296101319903
3.653842,0.012252994583047227
3.654307,0.012588693064774548
3.654773,0.012420843823910887
3.655238,0.011917296101319903
3.655704,0.012252994583047227
3.656169,0.012588693064774548
3.656635,0.013092240787365528
3.657100,0.01326009002822919
3.657566,0.013092240787365528
3.658031,0.012588693064774548
3.658497,0.012756542305638208
3.658962,0.01292439154650187
3.659428,0.01292439154650187
3.659893,0.01326009002822919
3.660359,0.01326009002822919
3.660824,0.01326009002822919
3.661290,0.013931486991683832
3.661755,0.014267185473411156
3.662221,0.014602883955138474
3.662686,0.014602883955138474
3.663152,0.014938582436865796
3.663618,0.014602883955138474
3.664083,0.014602883955138474
3.664549,0.014267185473411156
3.665014,0.013931486991683832
3.665480,0.013931486991683832
3.665945,0.013931486991683832
3.666411,0.013931486991683832
3.666876,0.01326009002822919
3.667342,0.01292439154650187
3.667807,0.012588693064774548
3.668273,0.012588693064774548
3.668738,0.011917296101319903
3.669204,0.011245899137865261
3.669669,0.011245899137865261
3.670135,0.011078049897001601
3.670600,0.011245899137865261
3.671066,0.010910200656137941
3.671531,0.011078049897001601
3.671997,0.011581597619592583
3.672462,0.011581597619592583
3.672928,0.010910200656137941
3.673393,0.010574502174410621
3.673859,0.010910200656137941
3.674324,0.011245899137865261
3.674790,0.011245899137865261
3.675255,0.011245899137865261
3.675721,0.010574502174410621
3.676186,0.010574502174410621
3.676652,0.010910200656137941
3.677118,0.011245899137865261
3.677583,0.011245899137865261
3.678049,0.011245899137865261
3.678514,0.010574502174410621
3.678980,0.010406652933546959
3.679445,0.010406652933546959
3.679911,0.010574502174410621
3.680376,0.010406652933546959
3.680842,0.010574502174410621
3.681307,0.010238803692683297
3.681773,0.010406652933546959
3.682238,0.010574502174410621
3.682704,0.010910200656137941
3.683169,0.011078049897001601
3.683635,0.010574502174410621
3.684100,0.010910200656137941
3.684566,0.010910200656137941
3.685031,0.010574502174410621
3.685497,0.010574502174410621
3.685962,0.010574502174410621
3.686428,0.010574502174410621
3.686893,0.010574502174410621
3.687359,0.010406652933546959
3.687824,0.010238803692683297
3.688290,0.010574502174410621
3.688755,0.010574502174410621
3.689221,0.009903105210955977
3.689686,0.009903105210955977
3.690152,0.010406652933546959
3.690618,0.010406652933546959
3.691083,0.009903105210955977
3.691549,0.009567406729228655
3.692014,0.009231708247501335
3.692480,0.009231708247501335
3.692945,0.008896009765774012
3.693411,0.009567406729228655
3.693876,0.009735255970092317
3.694342,0.009903105210955977
3.694807,0.010406652933546959
3.695273,0.011245899137865261
3.695738,0.011581597619592583
3.696204,0.011245899137865261
3.696669,0.010910200656137941
3.697135,0.011078049897001601
3.697600,0.011245899137865261
3.698066,0.011917296101319903
3.698531,0.012252994583047227
3.698997,0.011917296101319903
3.699462,0.011581597619592583
3.699928,0.011581597619592583
3.700393,0.011917296101319903
3.700859,0.011917296101319903
3.701324,0.011917296101319903
3.701790,0.011917296101319903
3.702255,0.011245899137865261
3.702721,0.011078049897001601
3.703186,0.010238803692683297
3.703652,0.010406652933546959
3.704117,0.010910200656137941
3.704583,0.010574502174410621
3.705049,0.011078049897001601
3.705514,0.011078049897001601
3.705980,0.010574502174410621
3.706445,0.010574502174410621
3.706911,0.010574502174410621
3.707376,0.010238803692683297
3.707842,0.010406652933546959
3.708307,0.010574502174410621
3.708773,0.010406652933546959
3.709238,0.010574502174410621
3.709704,0.010574502174410621
3.710169,0.010574502174410621
3.710635,0.010574502174410621
3.711100,0.010238803692683297
3.711566,0.010574502174410621
3.712031,0.010910200656137941
3.712497,0.011245899137865261
3.712962,0.011245899137865261
3.713428,0.011413748378728923
3.713893,0.011581597619592583
3.714359,0.011917296101319903
3.714824,0.011581597619592583
3.715290,0.011245899137865261
3.715755,0.011749446860456245
3.716221,0.012252994583047227
3.716686,0.012252994583047227
3.717152,0.012252994583047227
3.717617,0.01326009002822919
3.718083,0.014267185473411156
3.718549,0.014267185473411156
3.719014,0.014267185473411156
3.719480,0.014267185473411156
3.719945,0.014602883955138474
3.720411,0.014602883955138474
3.720876,0.014267185473411156
3.721342,0.013931486991683832
3.721807,0.014099336232547494
3.722273,0.014099336232547494
3.722738,0.013931486991683832
3.723204,0.01326009002822919
3.723669,0.01376363775082017
3.724135,0.01359578850995651
3.724600,0.01376363775082017
3.725066,0.013931486991683832
3.725531,0.01359578850995651
3.725997,0.01292439154650187
3.726462,0.012588693064774548
3.726928,0.012588693064774548
3.727393,0.012420843823910887
3.727859,0.01292439154650187
3.728324,0.012588693064774548
3.728790,0.011581597619592583
3.729255,0.011245899137865261
3.729721,0.011078049897001601
3.730186,0.010910200656137941
3.730652,0.010910200656137941
3.731117,0.011245899137865261
3.731583,0.011245899137865261
3.732049,0.010910200656137941
3.732514,0.010574502174410621
3.732980,0.010910200656137941
3.733445,0.011245899137865261
3.733911,0.011917296101319903
3.734376,0.011245899137865261
3.734842,0.010574502174410621
3.735307,0.010574502174410621
3.735773,0.010574502174410621
3.736238,0.010574502174410621
3.736704,0.010238803692683297
3.737169,0.010574502174410621
3.737635,0.010238803692683297
3.738100,0.009903105210955977
3.738566,0.009903105210955977
3.739031,0.009903105210955977
3.739497,0.010238803692683297
3.739962,0.009903105210955977
3.740428,0.009735255970092317
3.740893,0.009735255970092317
3.741359,0.010070954451819639
3.741824,0.010574502174410621
3.742290,0.010574502174410621
3.742755,0.010238803692683297
3.743221,0.010574502174410621
3.743686,0.010910200656137941
3.744152,0.011749446860456245
3.744617,0.011917296101319903
3.745083,0.011581597619592583
3.745548,0.011749446860456245
3.746014,0.011581597619592583
3.746480,0.011581597619592583
3.746945,0.011245899137865261
3.747411,0.011245899137865261
3.747876,0.010574502174410621
3.748342,0.011245899137865261
3.748807,0.010910200656137941
3.749273,0.010574502174410621
3.749738,0.010238803692683297
3.750204,0.009903105210955977
3.750669,0.009903105210955977
3.751135,0.010238803692683297
3.751600,0.010574502174410621
3.752066,0.010238803692683297
3.752531,0.010574502174410621
3.752997,0.010574502174410621
3.753462,0.010406652933546959
3.753928,0.010238803692683297
3.754393,0.010574502174410621
3.754859,0.011245899137865261
3.755324,0.011245899137865261
3.755790,0.011917296101319903
3.756255,0.011245899137865261
3.756721,0.011245899137865261
3.757186,0.011917296101319903
3.757652,0.012252994583047227
3.758117,0.011917296101319903
3.758583,0.011581597619592583
3.759048,0.011749446860456245
3.759514,0.011917296101319903
3.759980,0.011581597619592583
3.760445,0.011917296101319903
3.760911,0.011917296101319903
3.761376,0.011917296101319903
3.761842,0.011917296101319903
3.762307,0.011581597619592583
3.762773,0.011917296101319903
3.763238,0.012252994583047227
3.763704,0.01292439154650187
3.764169,0.012756542305638208
3.764635,0.01292439154650187
3.765100,0.012588693064774548
3.765566,0.012420843823910887
3.766031,0.011581597619592583
3.766497,0.011078049897001601
3.766962,0.010574502174410621
3.767428,0.011078049897001601
3.767893,0.011245899137865261
3.768359,0.011581597619592583
3.768824,0.010574502174410621
3.769290,0.010574502174410621
3.769755,0.010574502174410621
3.770221,0.010574502174410621
3.770686,0.010574502174410621
3.771152,0.010574502174410621
3.771617,0.011245899137865261
3.772083,0.011245899137865261
3.772548,0.011413748378728923
3.773014,0.011245899137865261
3.773480,0.010574502174410621
3.773945,0.011245899137865261
3.774411,0.011245899137865261
3.774876,0.011245899137865261
3.775342,0.010910200656137941
3.775807,0.011245899137865261
3.776273,0.011078049897001601
3.776738,0.011245899137865261
3.777204,0.011581597619592583
3.777669,0.011749446860456245
3.778135,0.011917296101319903
3.778600,0.011581597619592583
3.779066,0.011917296101319903
3.779531,0.011581597619592583
3.779997,0.011245899137865261
3.780462,0.011917296101319903
3.780928,0.011917296101319903
3.781393,0.011581597619592583
3.781859,0.010910200656137941
3.782324,0.011245899137865261
3.782790,0.011245899137865261
3.783255,0.011245899137865261
3.783721,0.011413748378728923
3.784186,0.011245899137865261
3.784652,0.011749446860456245
3.785117,0.011917296101319903
3.785583,0.011917296101319903
3.786048,0.010910200656137941
3.786514,0.010574502174410621
3.786979,0.010910200656137941
3.787445,0.010574502174410621
3.787911,0.010910200656137941
3.788376,0.010574502174410621
3.788842,0.010406652933546959
3.789307,0.010574502174410621
3.789773,0.010910200656137941
3.790238,0.011245899137865261
3.790704,0.011917296101319903
3.791169,0.011917296101319903
3.791635,0.011581597619592583
3.792100,0.011581597619592583
3.792566,0.011245899137865261
3.793031,0.011245899137865261
3.793497,0.011245899137865261
3.793962,0.011245899137865261
3.794428,0.011245899137865261
3.794893,0.010910200656137941
3.795359,0.011581597619592583
3.795824,0.011245899137865261
3.796290,0.012085145342183566
3.796755,0.012588693064774548
3.797221,0.01326009002822919
3.797686,0.01326009002822919
3.798152,0.01359578850995651
3.798617,0.01376363775082017
3.799083,0.01376363775082017
3.799548,0.013931486991683832
3.800014,0.01326009002822919
3.800479,0.012588693064774548
3.800945,0.011749446860456245
3.801411,0.011917296101319903
3.801876,0.012420843823910887
3.802342,0.011917296101319903
3.802807,0.011749446860456245
3.803273,0.011078049897001601
3.803738,0.011245899137865261
3.804204,0.011245899137865261
3.804669,0.011581597619592583
3.805135,0.011245899137865261
3.805600,0.010574502174410621
3.806066,0.009903105210955977
3.806531,0.010406652933546959
3.806997,0.010238803692683297
3.807462,0.010070954451819639
3.807928,0.009567406729228655
3.808393,0.009903105210955977
3.808859,0.009903105210955977
3.809324,0.009903105210955977
3.809790,0.009903105210955977
3.810255,0.010574502174410621
3.810721,0.010574502174410621
3.811186,0.010574502174410621
3.811652,0.010406652933546959
3.812117,0.010574502174410621
3.812583,0.011245899137865261
3.813048,0.011078049897001601
3.813514,0.010574502174410621
3.813979,0.010910200656137941
3.814445,0.011078049897001601
3.814911,0.011245899137865261
3.815376,0.011749446860456245
3.815842,0.012252994583047227
3.816307,0.013092240787365528
3.816773,0.01326009002822919
3.817238,0.01326009002822919
3.817704,0.01292439154650187
3.818169,0.012588693064774548
3.818635,0.01292439154650187
3.819100,0.01292439154650187
3.819566,0.013092240787365528
3.820031,0.01292439154650187
3.820497,0.012588693064774548
3.820962,0.012588693064774548
3.821428,0.012588693064774548
3.821893,0.01292439154650187
3.822359,0.01292439154650187
3.822824,0.012588693064774548
3.823290,0.012420843823910887
3.823755,0.012588693064774548
3.824221,0.013092240787365528
3.824686,0.013092240787365528
3.825152,0.013092240787365528
3.825617,0.013092240787365528
3.826083,0.012756542305638208
3.826548,0.012588693064774548
3.827014,0.012588693064774548
3.827479,0.012756542305638208
3.827945,0.013092240787365528
3.828410,0.01292439154650187
3.828876,0.01292439154650187
3.829342,0.012588693064774548
3.829807,0.012588693064774548
3.830273,0.012420843823910887
3.830738,0.011917296101319903
3.831204,0.011917296101319903
3.831669,0.011749446860456245
3.832135,0.011581597619592583
3.832600,0.011245899137865261
3.833066,0.011245899137865261
3.833531,0.011413748378728923
3.833997,0.011245899137865261
3.834462,0.011749446860456245
3.834928,0.011917296101319903
3.835393,0.011917296101319903
3.835859,0.012252994583047227
3.836324,0.012588693064774548
3.836790,0.012420843823910887
3.837255,0.012252994583047227
3.837721,0.012588693064774548
3.838186,0.012588693064774548
3.838652,0.01292439154650187
3.839117,0.01292439154650187
3.839583,0.012588693064774548
3.840048,0.012588693064774548
3.840514,0.011917296101319903
3.840979,0.011917296101319903
3.841445,0.012588693064774548
3.841910,0.012588693064774548
3.842376,0.012252994583047227
3.842842,0.011917296101319903
3.843307,0.011245899137865261
3.843773,0.010574502174410621
3.844238,0.011078049897001601
3.844704,0.011245899137865261
3.845169,0.011245899137865261
3.845635,0.010910200656137941
3.846100,0.010574502174410621
3.846566,0.010238803692683297
3.847031,0.009903105210955977
3.847497,0.009903105210955977
3.847962,0.009903105210955977
3.848428,0.009735255970092317
3.848893,0.010070954451819639
3.849359,0.010238803692683297
3.849824,0.009567406729228655
3.850290,0.009567406729228655
3.850755,0.009735255970092317
3.851221,0.009567406729228655
3.851686,0.009567406729228655
3.852152,0.009231708247501335
3.852617,0.009231708247501335
3.853083,0.009063859006637675
3.853548,0.009231708247501335
3.854014,0.008560311284046692
3.854479,0.008560311284046692
3.854945,0.008560311284046692
3.855410,0.009231708247501335
3.855876,0.009567406729228655
3.856342,0.009903105210955977
3.856807,0.009903105210955977
3.857273,0.010574502174410621
3.857738,0.010574502174410621
3.858204,0.010574502174410621
3.858669,0.010910200656137941
3.859135,0.011245899137865261
3.859600,0.011245899137865261
3.860066,0.011245899137865261
3.860531,0.011245899137865261
3.860997,0.011749446860456245
3.861462,0.011749446860456245
3.861928,0.011581597619592583
3.862393,0.011749446860456245
3.862859,0.011917296101319903
3.863324,0.011078049897001601
3.863790,0.011245899137865261
3.864255,0.011245899137865261
3.864721,0.011245899137865261
3.865186,0.011245899137865261
3.865652,0.011078049897001601
3.866117,0.011245899137865261
3.866583,0.011581597619592583
3.867048,0.011581597619592583
3.867514,0.011245899137865261
3.867979,0.011917296101319903
3.868445,0.011917296101319903
3.868910,0.011917296101319903
3.869376,0.012588693064774548
3.869841,0.012756542305638208
3.870307,0.01292439154650187
3.870773,0.01326009002822919
3.871238,0.01326009002822919
3.871704,0.01326009002822919
3.872169,0.012588693064774548
3.872635,0.01292439154650187
3.873100,0.01326009002822919
3.873566,0.01292439154650187
3.874031,0.011917296101319903
3.874497,0.011917296101319903
3.874962,0.011581597619592583
3.875428,0.011917296101319903
3.875893,0.012420843823910887
3.876359,0.01326009002822919
3.876824,0.013092240787365528
3.877290,0.01326009002822919
3.877755,0.013092240787365528
3.878221,0.01292439154650187
3.878686,0.012252994583047227
3.879152,0.011917296101319903
3.879617,0.012588693064774548
3.880083,0.012588693064774548
3.880548,0.012588693064774548
3.881014,0.012252994583047227
3.881479,0.011917296101319903
3.881945,0.011917296101319903
3.882410,0.011413748378728923
3.882876,0.011245899137865261
3.883341,0.010574502174410621
3.883807,0.010238803692683297
3.884273,0.009903105210955977
3.884738,0.009567406729228655
3.885204,0.009567406729228655
3.885669,0.009903105210955977
3.886135,0.009903105210955977
3.886600,0.009231708247501335
3.887066,0.009231708247501335
3.887531,0.009231708247501335
3.887997,0.009567406729228655
3.888462,0.009231708247501335
3.888928,0.009231708247501335
3.889393,0.009231708247501335
3.889859,0.010070954451819639
3.890324,0.009903105210955977
3.890790,0.009903105210955977
3.891255,0.010238803692683297
3.891721,0.010574502174410621
3.892186,0.010238803692683297
3.892652,0.010238803692683297
3.893117,0.010574502174410621
3.893583,0.010574502174410621
3.894048,0.010910200656137941
3.894514,0.010910200656137941
3.894979,0.011245899137865261
3.895445,0.011245899137865261
3.895910,0.011245899137865261
3.896376,0.011245899137865261
3.896841,0.011917296101319903
3.897307,0.012420843823910887
3.897773,0.01292439154650187
3.898238,0.01326009002822919
3.898704,0.01326009002822919
3.899169,0.01326009002822919
3.899635,0.01376363775082017
3.900100,0.01359578850995651
3.900566,0.01359578850995651
3.901031,0.013931486991683832
3.901497,0.013931486991683832
3.901962,0.014099336232547494
3.902428,0.01376363775082017
3.902893,0.01326009002822919
3.903359,0.01376363775082017
3.903824,0.01326009002822919
3.904290,0.01292439154650187
3.904755,0.012420843823910887
3.905221,0.012252994583047227
3.905686,0.011917296101319903
3.906152,0.011917296101319903
3.906617,0.011581597619592583
3.907083,0.011581597619592583
3.907548,0.011917296101319903
3.908014,0.011581597619592583
3.908479,0.010910200656137941
3.908945,0.011078049897001601
3.909410,0.011245899137865261
3.909876,0.011078049897001601
3.910341,0.011245899137865261
3.910807,0.010574502174410621
3.911272,0.010910200656137941
3.911738,0.010574502174410621
3.912204,0.010910200656137941
3.912669,0.010910200656137941
3.913135,0.011078049897001601
3.913600,0.011078049897001601
3.914066,0.010910200656137941
3.914531,0.011245899137865261
3.914997,0.011581597619592583
3.915462,0.011245899137865261
3.915928,0.010910200656137941
3.916393,0.011245899137865261
3.916859,0.011581597619592583
3.917324,0.011581597619592583
3.917790,0.011917296101319903
3.918255,0.011917296101319903
3.918721,0.011917296101319903
3.919186,0.012252994583047227
3.919652,0.012252994583047227
3.920117,0.01292439154650187
3.920583,0.013092240787365528
3.921048,0.01326009002822919
3.921514,0.01326009002822919
3.921979,0.01326009002822919
3.922445,0.01326009002822919
3.922910,0.01376363775082017
3.923376,0.01292439154650187
3.923841,0.012588693064774548
3.924307,0.012420843823910887
3.924772,0.011917296101319903
3.925238,0.011581597619592583
3.925704,0.011245899137865261
3.926169,0.011917296101319903
3.926635,0.012085145342183566
3.927100,0.011917296101319903
3.927566,0.011581597619592583
3.928031,0.011749446860456245
3.928497,0.011245899137865261
3.928962,0.011245899137865261
3.929428,0.011245899137865261
3.929893,0.011245899137865261
3.930359,0.011917296101319903
3.930824,0.011749446860456245
3.931290,0.011917296101319903
3.931755,0.011917296101319903
3.932221,0.011245899137865261
3.932686,0.011245899137865261
3.933152,0.010910200656137941
3.933617,0.011245899137865261
3.934083,0.011078049897001601
3.934548,0.011245899137865261
3.935014,0.010574502174410621
3.935479,0.011245899137865261
3.935945,0.011245899137865261
3.936410,0.011245899137865261
3.936876,0.010574502174410621
3.937341,0.010574502174410621
3.937807,0.011245899137865261
3.938272,0.011078049897001601
3.938738,0.010910200656137941
3.939204,0.010910200656137941
3.939669,0.011245899137865261
3.940135,0.011245899137865261
3.940600,0.010910200656137941
3.941066,0.010574502174410621
3.941531,0.010574502174410621
3.941997,0.010406652933546959
3.942462,0.010238803692683297
3.942928,0.010574502174410621
3.943393,0.010910200656137941
3.943859,0.011078049897001601
3.944324,0.011078049897001601
3.944790,0.011078049897001601
3.945255,0.010238803692683297
3.945721,0.009903105210955977
3.946186,0.010574502174410621
3.946652,0.010910200656137941
3.947117,0.011245899137865261
3.947583,0.010910200656137941
3.948048,0.010238803692683297
3.948514,0.010070954451819639
3.948979,0.009903105210955977
3.949445,0.009903105210955977
3.949910,0.010238803692683297
3.950376,0.010238803692683297
3.950841,0.010574502174410621
3.951307,0.011245899137865261
3.951772,0.011581597619592583
3.952238,0.011917296101319903
3.952703,0.012252994583047227
3.953169,0.012588693064774548
3.953635,0.012588693064774548
3.954100,0.01326009002822919
3.954566,0.01326009002822919
3.955031,0.01292439154650187
3.955497,0.01292439154650187
3.955962,0.01326009002822919
3.956428,0.013092240787365528
3.956893,0.01326009002822919
3.957359,0.014267185473411156
3.957824,0.013931486991683832
3.958290,0.013931486991683832
3.958755,0.01292439154650187
3.959221,0.012588693064774548
3.959686,0.012588693064774548
3.960152,0.012756542305638208
3.960617,0.012252994583047227
3.961083,0.011917296101319903
3.961548,0.011581597619592583
3.962014,0.011245899137865261
3.962479,0.010574502174410621
3.962945,0.010574502174410621
3.963410,0.010574502174410621
3.963876,0.010574502174410621
3.964341,0.010574502174410621
3.964807,0.010574502174410621
3.965272,0.010406652933546959
3.965738,0.009903105210955977
3.966203,0.009735255970092317
3.966669,0.010238803692683297
3.967135,0.009567406729228655
3.967600,0.009567406729228655
3.968066,0.010070954451819639
3.968531,0.009903105210955977
3.968997,0.010238803692683297
3.969462,0.010574502174410621
3.969928,0.011245899137865261
3.970393,0.011078049897001601
3.970859,0.010574502174410621
3.971324,0.011245899137865261
3.971790,0.011581597619592583
3.972255,0.011917296101319903
3.972721,0.012252994583047227
3.973186,0.011581597619592583
3.973652,0.011245899137865261
3.974117,0.010742351415274281
3.974583,0.010574502174410621
3.975048,0.010910200656137941
3.975514,0.010574502174410621
3.975979,0.010574502174410621
3.976445,0.010574502174410621
3.976910,0.011245899137865261
3.977376,0.010910200656137941
3.977841,0.010910200656137941
3.978307,0.010910200656137941
3.978772,0.010910200656137941
3.979238,0.011581597619592583
3.979703,0.011917296101319903
3.980169,0.012252994583047227
3.980634,0.011581597619592583
3.981100,0.011917296101319903
3.981566,0.011917296101319903
3.982031,0.011917296101319903
3.982497,0.011917296101319903
3.982962,0.011581597619592583
3.983428,0.011581597619592583
3.983893,0.011581597619592583
3.984359,0.011581597619592583
3.984824,0.010910200656137941
3.985290,0.011245899137865261
3.985755,0.010574502174410621
3.986221,0.010910200656137941
3.986686,0.011078049897001601
3.987152,0.011581597619592583
3.987617,0.011245899137865261
3.988083,0.010574502174410621
3.988548,0.010574502174410621
3.989014,0.011245899137865261
3.989479,0.011245899137865261
3.989945,0.011245899137865261
3.990410,0.010574502174410621
3.990876,0.010910200656137941
3.991341,0.010574502174410621
3.991807,0.010910200656137941
3.992272,0.011245899137865261
3.992738,0.011581597619592583
3.993203,0.011245899137865261
3.993669,0.011749446860456245
3.994134,0.011917296101319903
3.994600,0.011917296101319903
3.995066,0.011581597619592583
3.995531,0.011245899137865261
3.995997,0.010910200656137941
3.996462,0.010574502174410621
3.996928,0.010574502174410621
3.997393,0.011078049897001601
3.997859,0.011749446860456245
3.998324,0.011581597619592583
3.998790,0.011245899137865261
3.999255,0.010910200656137941
3.999721,0.011078049897001601
4.000186,0.011245899137865261
4.000652,0.011749446860456245
4.001117,0.011917296101319903
4.001583,0.011917296101319903
4.002048,0.011917296101319903
4.002514,0.011917296101319903
4.002979,0.011917296101319903
4.003445,0.011245899137865261
4.003910,0.011245899137865261
4.004376,0.011245899137865261
4.004841,0.011245899137865261
4.005307,0.010574502174410621
4.005772,0.010574502174410621
4.006238,0.011078049897001601
4.006703,0.010574502174410621
4.007169,0.010574502174410621
4.007634,0.010574502174410621
4.008100,0.009903105210955977
4.008566,0.010070954451819639
4.009031,0.010406652933546959
4.009497,0.010574502174410621
4.009962,0.011245899137865261
4.010428,0.010910200656137941
4.010893,0.010574502174410621
4.011359,0.010910200656137941
4.011824,0.010574502174410621
4.012290,0.010574502174410621
4.012755,0.010574502174410621
4.013221,0.010574502174410621
4.013686,0.010574502174410621
4.014152,0.010910200656137941
4.014617,0.010910200656137941
4.015083,0.011245899137865261
4.015548,0.011581597619592583
4.016014,0.011581597619592583
4.016479,0.011917296101319903
4.016945,0.011749446860456245
4.017410,0.011581597619592583
4.017876,0.011245899137865261
4.018341,0.011917296101319903
4.018807,0.012252994583047227
4.019272,0.012420843823910887
4.019738,0.012588693064774548
4.020203,0.012588693064774548
4.020669,0.011917296101319903
4.021134,0.011749446860456245
4.021600,0.012252994583047227
4.022065,0.012252994583047227
4.022531,0.011917296101319903
4.022997,0.011917296101319903
4.023462,0.011917296101319903
4.023928,0.012252994583047227
4.024393,0.011917296101319903
4.024859,0.012756542305638208
4.025324,0.01292439154650187
4.025790,0.01292439154650187
4.026255,0.012252994583047227
4.026721,0.011917296101319903
4.027186,0.011917296101319903
4.027652,0.012420843823910887
4.028117,0.012588693064774548
4.028583,0.011917296101319903
4.029048,0.011581597619592583
4.029514,0.011245899137865261
4.029979,0.010574502174410621
4.030445,0.010574502174410621
4.030910,0.010574502174410621
4.031376,0.011078049897001601
4.031841,0.011078049897001601
4.032307,0.011581597619592583
4.032772,0.011917296101319903
4.033238,0.012252994583047227
4.033703,0.012588693064774548
4.034169,0.01326009002822919
4.034634,0.01326009002822919
4.035100,0.01326009002822919
4.035565,0.01326009002822919
4.036031,0.01326009002822919
4.036497,0.01326009002822919
4.036962,0.01326009002822919
4.037428,0.01292439154650187
4.037893,0.01292439154650187
4.038359,0.013092240787365528
4.038824,0.01326009002822919
4.039290,0.01326009002822919
4.039755,0.01292439154650187
4.040221,0.012756542305638208
4.040686,0.013092240787365528
4.041152,0.01326009002822919
4.041617,0.01326009002822919
4.042083,0.012420843823910887
4.042548,0.012420843823910887
4.043014,0.011917296101319903
4.043479,0.011917296101319903
4.043945,0.011749446860456245
4.044410,0.011581597619592583
4.044876,0.010910200656137941
4.045341,0.010574502174410621
4.045807,0.010238803692683297
4.046272,0.009903105210955977
4.046738,0.009903105210955977
4.047203,0.009903105210955977
4.047669,0.009567406729228655
4.048134,0.009231708247501335
4.048600,0.009567406729228655
4.049065,0.009903105210955977
4.049531,0.009735255970092317
4.049997,0.009231708247501335
4.050462,0.009567406729228655
4.050928,0.009903105210955977
4.051393,0.010238803692683297
4.051859,0.010574502174410621
4.052324,0.010574502174410621
4.052790,0.010574502174410621
4.053255,0.010574502174410621
4.053721,0.010574502174410621
4.054186,0.011413748378728923
4.054652,0.011245899137865261
4.055117,0.011245899137865261
4.055583,0.011413748378728923
4.056048,0.011917296101319903
4.056514,0.011749446860456245
4.056979,0.011581597619592583
4.057445,0.011245899137865261
4.057910,0.011917296101319903
4.058376,0.012252994583047227
4.058841,0.012252994583047227
4.059307,0.011917296101319903
4.059772,0.011581597619592583
4.060238,0.011917296101319903
4.060703,0.011917296101319903
4.061169,0.011581597619592583
4.061634,0.011245899137865261
4.062100,0.010574502174410621
4.062565,0.010910200656137941
4.063031,0.010574502174410621
4.063496,0.011245899137865261
4.063962,0.010574502174410621
4.064428,0.009903105210955977
4.064893,0.009903105210955977
4.065359,0.009903105210955977
4.065824,0.009399557488364994
4.066290,0.009567406729228655
4.066755,0.009063859006637675
4.067221,0.008560311284046692
4.067686,0.008560311284046692
4.068152,0.009231708247501335
4.068617,0.009567406729228655
4.069083,0.009735255970092317
4.069548,0.009903105210955977
4.070014,0.009903105210955977
4.070479,0.010406652933546959
4.070945,0.010574502174410621
4.071410,0.010238803692683297
4.071876,0.010238803692683297
4.072341,0.010238803692683297
4.072807,0.010574502174410621
4.073272,0.011245899137865261
4.073738,0.011917296101319903
4.074203,0.011917296101319903
4.074669,0.011749446860456245
4.075134,0.011581597619592583
4.075600,0.011917296101319903
4.076065,0.011245899137865261
4.076531,0.011581597619592583
4.076996,0.011749446860456245
4.077462,0.011581597619592583
4.077928,0.011245899137865261
4.078393,0.011581597619592583
4.078859,0.011917296101319903
4.079324,0.012588693064774548
4.079790,0.01292439154650187
4.080255,0.01326009002822919
4.080721,0.01359578850995651
4.081186,0.01326009002822919
4.081652,0.01292439154650187
4.082117,0.013092240787365528
4.082583,0.012252994583047227
4.083048,0.012252994583047227
4.083514,0.011749446860456245
4.083979,0.011245899137865261
4.084445,0.011581597619592583
4.084910,0.011917296101319903
4.085376,0.012588693064774548
4.085841,0.012252994583047227
4.086307,0.011917296101319903
4.086772,0.011245899137865261
4.087238,0.010574502174410621
4.087703,0.010406652933546959
4.088169,0.011245899137865261
4.088634,0.011581597619592583
4.089100,0.011245899137865261
4.089565,0.010574502174410621
4.090031,0.010574502174410621
4.090496,0.010742351415274281
4.090962,0.011078049897001601
4.091428,0.011245899137865261
4.091893,0.010910200656137941
4.092359,0.010574502174410621
4.092824,0.010574502174410621
4.093290,0.011245899137865261
4.093755,0.011581597619592583
4.094221,0.012420843823910887
4.094686,0.011917296101319903
4.095152,0.011917296101319903
4.095617,0.01326009002822919
4.096083,0.01326009002822919
4.096548,0.01359578850995651
4.097014,0.01326009002822919
4.097479,0.01292439154650187
4.097945,0.011917296101319903
4.098410,0.012252994583047227
4.098876,0.012252994583047227
4.099341,0.012588693064774548
4.099807,0.011917296101319903
4.100272,0.011581597619592583
4.100738,0.011749446860456245
4.101203,0.011917296101319903
4.101669,0.011917296101319903
4.102134,0.012252994583047227
4.102600,0.011917296101319903
4.103065,0.012252994583047227
4.103531,0.011917296101319903
4.103996,0.012252994583047227
4.104462,0.012252994583047227
4.104927,0.012588693064774548
4.105393,0.012420843823910887
4.105859,0.012252994583047227
4.106324,0.011917296101319903
4.106790,0.011917296101319903
4.107255,0.011749446860456245
4.107721,0.011245899137865261
4.108186,0.011245899137865261
4.108652,0.011245899137865261
4.109117,0.011917296101319903
4.109583,0.011245899137865261
4.110048,0.010910200656137941
4.110514,0.010910200656137941
4.110979,0.011245899137865261
4.111445,0.011581597619592583
4.111910,0.011917296101319903
4.112376,0.012252994583047227
4.112841,0.011749446860456245
4.113307,0.011581597619592583
4.113772,0.011413748378728923
4.114238,0.010910200656137941
4.114703,0.010406652933546959
4.115169,0.010574502174410621
4.115634,0.010910200656137941
4.116100,0.010574502174410621
4.116565,0.010406652933546959
4.117031,0.010574502174410621
4.117496,0.010574502174410621
4.117962,0.011245899137865261
4.118427,0.011749446860456245
4.118893,0.011581597619592583
4.119359,0.011581597619592583
4.119824,0.011581597619592583
4.120290,0.011917296101319903
4.120755,0.011581597619592583
4.121221,0.011078049897001601
4.121686,0.010910200656137941
4.122152,0.011078049897001601
4.122617,0.010574502174410621
4.123083,0.009903105210955977
4.123548,0.010070954451819639
4.124014,0.009903105210955977
4.124479,0.010574502174410621
4.124945,0.010238803692683297
4.125410,0.010574502174410621
4.125876,0.010910200656137941
4.126341,0.010574502174410621
4.126807,0.011245899137865261
4.127272,0.011581597619592583
4.127738,0.011581597619592583
4.128203,0.011581597619592583
4.128669,0.011413748378728923
4.129134,0.011413748378728923
4.129600,0.011245899137865261
4.130065,0.010910200656137941
4.130531,0.011581597619592583
4.130996,0.011917296101319903
4.131462,0.011917296101319903
4.131927,0.011917296101319903
4.132393,0.011917296101319903
4.132859,0.012420843823910887
4.133324,0.012588693064774548
4.133790,0.012588693064774548
4.134255,0.011917296101319903
4.134721,0.011917296101319903
4.135186,0.011917296101319903
4.135652,0.012252994583047227
4.136117,0.012420843823910887
4.136583,0.012420843823910887
4.137048,0.011917296101319903
4.137514,0.011749446860456245
4.137979,0.011245899137865261
4.138445,0.011581597619592583
4.138910,0.011749446860456245
4.139376,0.011917296101319903
4.139841,0.011917296101319903
4.140307,0.012252994583047227
4.140772,0.011917296101319903
4.141238,0.011245899137865261
4.141703,0.011245899137865261
4.142169,0.011413748378728923
4.142634,0.011245899137865261
4.143100,0.011245899137865261
4.143565,0.010574502174410621
4.144031,0.010574502174410621
4.144496,0.010574502174410621
4.144962,0.010574502174410621
4.145427,0.010574502174410621
4.145893,0.010910200656137941
4.146358,0.010910200656137941
4.146824,0.010910200656137941
4.147290,0.009903105210955977
4.147755,0.010238803692683297
4.148221,0.010574502174410621
4.148686,0.010742351415274281
4.149152,0.010910200656137941
4.149617,0.010574502174410621
4.150083,0.010070954451819639
4.150548,0.010070954451819639
4.151014,0.010574502174410621
4.151479,0.010574502174410621
4.151945,0.011245899137865261
4.152410,0.011581597619592583
4.152876,0.011581597619592583
4.153341,0.011245899137865261
4.153807,0.011245899137865261
4.154272,0.011245899137865261
4.154738,0.011245899137865261
4.155203,0.011581597619592583
4.155669,0.011413748378728923
4.156134,0.011581597619592583
4.156600,0.011917296101319903
4.157065,0.011581597619592583
4.157531,0.011581597619592583
4.157996,0.011245899137865261
4.158462,0.011245899137865261
4.158927,0.011917296101319903
4.159393,0.011917296101319903
4.159858,0.012252994583047227
4.160324,0.011917296101319903
4.160790,0.011917296101319903
4.161255,0.011749446860456245
4.161721,0.011581597619592583
4.162186,0.011078049897001601
4.162652,0.010910200656137941
4.163117,0.010574502174410621
4.163583,0.009903105210955977
4.164048,0.009903105210955977
4.164514,0.009567406729228655
4.164979,0.010238803692683297
4.165445,0.010238803692683297
4.165910,0.010574502174410621
4.166376,0.010574502174410621
4.166841,0.011245899137865261
4.167307,0.011245899137865261
4.167772,0.010910200656137941
4.168238,0.011245899137865261
4.168703,0.011749446860456245
4.169169,0.012252994583047227
4.169634,0.011917296101319903
4.170100,0.011245899137865261
4.170565,0.011917296101319903
4.171031,0.011917296101319903
4.171496,0.012252994583047227
4.171962,0.011917296101319903
4.172427,0.012252994583047227
4.172893,0.011917296101319903
4.173358,0.011917296101319903
4.173824,0.011917296101319903
4.174290,0.012588693064774548
4.174755,0.012252994583047227
4.175221,0.012588693064774548
4.175686,0.011917296101319903
4.176152,0.011917296101319903
4.176617,0.011917296101319903
4.177083,0.011917296101319903
4.177548,0.011917296101319903
4.178014,0.012588693064774548
4.178479,0.011917296101319903
4.178945,0.011917296101319903
4.179410,0.011749446860456245
4.179876,0.011749446860456245
4.180341,0.011917296101319903
4.180807,0.012420843823910887
4.181272,0.012252994583047227
4.181738,0.012252994583047227
4.182203,0.012588693064774548
4.182669,0.012588693064774548
4.183134,0.012420843823910887
4.183600,0.011917296101319903
4.184065,0.011581597619592583
4.184531,0.011917296101319903
4.184996,0.011581597619592583
4.185462,0.010910200656137941
4.185927,0.010574502174410621
4.186393,0.009903105210955977
4.186858,0.009903105210955977
4.187324,0.009231708247501335
4.187789,0.009231708247501335
4.188255,0.008728160524910353
4.188721,0.008896009765774012
4.189186,0.008728160524910353
4.189652,0.008560311284046692
4.190117,0.009063859006637675
4.190583,0.009231708247501335
4.191048,0.009231708247501335
4.191514,0.008896009765774012
4.191979,0.008896009765774012
4.192445,0.009231708247501335
4.192910,0.009231708247501335
4.193376,0.009735255970092317
4.193841,0.010406652933546959
4.194307,0.010574502174410621
4.194772,0.011078049897001601
4.195238,0.011581597619592583
4.195703,0.011749446860456245
4.196169,0.011917296101319903
4.196634,0.012252994583047227
4.197100,0.012588693064774548
4.197565,0.01292439154650187
4.198031,0.013092240787365528
4.198496,0.01292439154650187
4.198962,0.01292439154650187
4.199427,0.01326009002822919
4.199893,0.012756542305638208
4.200358,0.013092240787365528
4.200824,0.012588693064774548
4.201289,0.012588693064774548
4.201755,0.012252994583047227
4.202221,0.011917296101319903
4.202686,0.011413748378728923
4.203152,0.011917296101319903
4.203617,0.011749446860456245
4.204083,0.011245899137865261
4.204548,0.011078049897001601
4.205014,0.010910200656137941
4.205479,0.010574502174410621
4.205945,0.010574502174410621
4.206410,0.010574502174410621
4.206876,0.010238803692683297
4.207341,0.010238803692683297
4.207807,0.010574502174410621
4.208272,0.011245899137865261
4.208738,0.011917296101319903
4.209203,0.011917296101319903
4.209669,0.012252994583047227
4.210134,0.012252994583047227
4.210600,0.011917296101319903
4.211065,0.011917296101319903
4.211531,0.011917296101319903
4.211996,0.011581597619592583
4.212462,0.011245899137865261
4.212927,0.011245899137865261
4.213393,0.011749446860456245
4.213858,0.012756542305638208
4.214324,0.012756542305638208
4.214789,0.01292439154650187
4.215255,0.01326009002822919
4.215721,0.01292439154650187
4.216186,0.01326009002822919
4.216652,0.01376363775082017
4.217117,0.01359578850995651
4.217583,0.01326009002822919
4.218048,0.01326009002822919
4.218514,0.013931486991683832
4.218979,0.013931486991683832
4.219445,0.01326009002822919
4.219910,0.01326009002822919
4.220376,0.01326009002822919
4.220841,0.01326009002822919
4.221307,0.01292439154650187
4.221772,0.012252994583047227
4.222238,0.011245899137865261
4.222703,0.011245899137865261
4.223169,0.011581597619592583
4.223634,0.011749446860456245
4.224100,0.011749446860456245
4.224565,0.011581597619592583
4.225031,0.010910200656137941
4.225496,0.010910200656137941
4.225962,0.010574502174410621
4.226427,0.009903105210955977
4.226893,0.009735255970092317
4.227358,0.009903105210955977
4.227824,0.009231708247501335
4.228289,0.009567406729228655
4.228755,0.009231708247501335
4.229220,0.009567406729228655
4.229686,0.009231708247501335
4.230152,0.009231708247501335
4.230617,0.009231708247501335
4.231083,0.009567406729228655
4.231548,0.009735255970092317
4.232014,0.009903105210955977
4.232479,0.010574502174410621
4.232945,0.010910200656137941
4.233410,0.011245899137865261
4.233876,0.011917296101319903
4.234341,0.012252994583047227
4.234807,0.012588693064774548
4.235272,0.012756542305638208
4.235738,0.012588693064774548
4.236203,0.012588693064774548
4.236669,0.012588693064774548
4.237134,0.01292439154650187
4.237600,0.01326009002822919
4.238065,0.013092240787365528
4.238531,0.01292439154650187
4.238996,0.012588693064774548
4.239462,0.012420843823910887
4.239927,0.012588693064774548
4.240393,0.012588693064774548
4.240858,0.012420843823910887
4.241324,0.011749446860456245
4.241789,0.010910200656137941
4.242255,0.010574502174410621
4.242720,0.010574502174410621
4.243186,0.010910200656137941
4.243652,0.010238803692683297
4.244117,0.010070954451819639
4.244583,0.009735255970092317
4.245048,0.009231708247501335
4.245514,0.009231708247501335
4.245979,0.009231708247501335
4.246445,0.009567406729228655
4.246910,0.009735255970092317
4.247376,0.009903105210955977
4.247841,0.009567406729228655
4.248307,0.009231708247501335
4.248772,0.009231708247501335
4.249238,0.009231708247501335
4.249703,0.009903105210955977
4.250169,0.010406652933546959
4.250634,0.010574502174410621
4.251100,0.010910200656137941
4.251565,0.011581597619592583
4.252031,0.011581597619592583
4.252496,0.012252994583047227
4.252962,0.012588693064774548
4.253427,0.013092240787365528
4.253893,0.01292439154650187
4.254358,0.01292439154650187
4.254824,0.01326009002822919
4.255289,0.012588693064774548
4.255755,0.012588693064774548
4.256220,0.012252994583047227
4.256686,0.012756542305638208
4.257152,0.01326009002822919
4.257617,0.013931486991683832
4.258083,0.01359578850995651
4.258548,0.01326009002822919
4.259014,0.01292439154650187
4.259479,0.01292439154650187
4.259945,0.01292439154650187
4.260410,0.01326009002822919
4.260876,0.013092240787365528
4.261341,0.012756542305638208
4.261807,0.012420843823910887
4.262272,0.011917296101319903
4.262738,0.011245899137865261
4.263203,0.011245899137865261
4.263669,0.010910200656137941
4.264134,0.011078049897001601
4.264600,0.010910200656137941
4.265065,0.010574502174410621
4.265531,0.011078049897001601
4.265996,0.011078049897001601
4.266462,0.011078049897001601
4.266927,0.010574502174410621
4.267393,0.010406652933546959
4.267858,0.010574502174410621
4.268324,0.010574502174410621
4.268789,0.010574502174410621
4.269255,0.010070954451819639
4.269720,0.010574502174410621
4.270186,0.011245899137865261
4.270651,0.011413748378728923
4.271117,0.011917296101319903
4.271583,0.011245899137865261
4.272048,0.010574502174410621
4.272514,0.011245899137865261
4.272979,0.011245899137865261
4.273445,0.011581597619592583
4.273910,0.011078049897001601
4.274376,0.011245899137865261
4.274841,0.011245899137865261
4.275307,0.011917296101319903
4.275772,0.011749446860456245
4.276238,0.011245899137865261
4.276703,0.011245899137865261
4.277169,0.011245899137865261
4.277634,0.011245899137865261
4.278100,0.011245899137865261
4.278565,0.011245899137865261
4.279031,0.010574502174410621
4.279496,0.011078049897001601
4.279962,0.011581597619592583
4.280427,0.011581597619592583
4.280893,0.011245899137865261
4.281358,0.011245899137865261
4.281824,0.011245899137865261
4.282289,0.011245899137865261
4.282755,0.011245899137865261
4.283220,0.010910200656137941
4.283686,0.011581597619592583
4.284151,0.011749446860456245
4.284617,0.011245899137865261
4.285083,0.010574502174410621
4.285548,0.010238803692683297
4.286014,0.010238803692683297
4.286479,0.009567406729228655
4.286945,0.009231708247501335
4.287410,0.009231708247501335
4.287876,0.008896009765774012
4.288341,0.008896009765774012
4.288807,0.009231708247501335
4.289272,0.009231708247501335
4.289738,0.009231708247501335
4.290203,0.008896009765774012
4.290669,0.009231708247501335
4.291134,0.009231708247501335
4.291600,0.009903105210955977
4.292065,0.009903105210955977
4.292531,0.010070954451819639
4.292996,0.010238803692683297
4.293462,0.010406652933546959
4.293927,0.010574502174410621
4.294393,0.010910200656137941
4.294858,0.011245899137865261
4.295324,0.011245899137865261
4.295789,0.011245899137865261
4.296255,0.011749446860456245
4.296720,0.012252994583047227
4.297186,0.012588693064774548
4.297651,0.012420843823910887
4.298117,0.012588693064774548
4.298583,0.01326009002822919
4.299048,0.01359578850995651
4.299514,0.014267185473411156
4.299979,0.013931486991683832
4.300445,0.013931486991683832
4.300910,0.014267185473411156
4.301376,0.014099336232547494
4.301841,0.014435034714274816
4.302307,0.014267185473411156
4.302772,0.01326009002822919
4.303238,0.012252994583047227
4.303703,0.012252994583047227
4.304169,0.013092240787365528
4.304634,0.01326009002822919
4.305100,0.012588693064774548
4.305565,0.012252994583047227
4.306031,0.012252994583047227
4.306496,0.012252994583047227
4.306962,0.011917296101319903
4.307427,0.012252994583047227
4.307893,0.011917296101319903
4.308358,0.011581597619592583
4.308824,0.011917296101319903
4.309289,0.012588693064774548
4.309755,0.012588693064774548
4.310220,0.011917296101319903
4.310686,0.011581597619592583
4.311151,0.012252994583047227
4.311617,0.011917296101319903
4.312082,0.012588693064774548
4.312548,0.012252994583047227
4.313014,0.012252994583047227
4.313479,0.011917296101319903
4.313945,0.011917296101319903
4.314410,0.012588693064774548
4.314876,0.012588693064774548
4.315341,0.011917296101319903
4.315807,0.011917296101319903
4.316272,0.011078049897001601
4.316738,0.011245899137865261
4.317203,0.011078049897001601
4.317669,0.010574502174410621
4.318134,0.010238803692683297
4.318600,0.009903105210955977
4.319065,0.010238803692683297
4.319531,0.010406652933546959
4.319996,0.010238803692683297
4.320462,0.009903105210955977
4.320927,0.010238803692683297
4.321393,0.009903105210955977
4.321858,0.009903105210955977
4.322324,0.010574502174410621
4.322789,0.010574502174410621
4.323255,0.010574502174410621
4.323720,0.010574502174410621
4.324186,0.010574502174410621
4.324651,0.010574502174410621
4.325117,0.010574502174410621
4.325582,0.010574502174410621
4.326048,0.010574502174410621
4.326514,0.010574502174410621
4.326979,0.010574502174410621
4.327445,0.010574502174410621
4.327910,0.011245899137865261
4.328376,0.011245899137865261
4.328841,0.011245899137865261
4.329307,0.011581597619592583
4.329772,0.011245899137865261
4.330238,0.011581597619592583
4.330703,0.010910200656137941
4.331169,0.011078049897001601
4.331634,0.010574502174410621
4.332100,0.010910200656137941
4.332565,0.011078049897001601
4.333031,0.010910200656137941
4.333496,0.010406652933546959
4.333962,0.010238803692683297
4.334427,0.010406652933546959
4.334893,0.010406652933546959
4.335358,0.010238803692683297
4.335824,0.010238803692683297
4.336289,0.010574502174410621
4.336755,0.010910200656137941
4.337220,0.011245899137865261
4.337686,0.010574502174410621
4.338151,0.011245899137865261
4.338617,0.011245899137865261
4.339082,0.011749446860456245
4.339548,0.011917296101319903
4.340013,0.011917296101319903
4.340479,0.011581597619592583
4.340945,0.011245899137865261
4.341410,0.011749446860456245
4.341876,0.011917296101319903
4.342341,0.011917296101319903
4.342807,0.011917296101319903
4.343272,0.011917296101319903
4.343738,0.012588693064774548
4.344203,0.012588693064774548
4.344669,0.013092240787365528
4.345134,0.012588693064774548
4.345600,0.011749446860456245
4.346065,0.011245899137865261
4.346531,0.011245899137865261
4.346996,0.011245899137865261
4.347462,0.011581597619592583
4.347927,0.011917296101319903
4.348393,0.011917296101319903
4.348858,0.012252994583047227
4.349324,0.01292439154650187
4.349789,0.01292439154650187
4.350255,0.01326009002822919
4.350720,0.012756542305638208
4.351186,0.012252994583047227
4.351651,0.012252994583047227
4.352117,0.01292439154650187
4.352582,0.012756542305638208
4.353048,0.01292439154650187
4.353513,0.01326009002822919
4.353979,0.01359578850995651
4.354445,0.01359578850995651
4.354910,0.013092240787365528
4.355376,0.012756542305638208
4.355841,0.012420843823910887
4.356307,0.012252994583047227
4.356772,0.011917296101319903
4.357238,0.011917296101319903
4.357703,0.012252994583047227
4.358169,0.012252994583047227
4.358634,0.012252994583047227
4.359100,0.011917296101319903
4.359565,0.012420843823910887
4.360031,0.012420843823910887
4.360496,0.012252994583047227
4.360962,0.011917296101319903
4.361427,0.011581597619592583
4.361893,0.011917296101319903
4.362358,0.012252994583047227
4.362824,0.012588693064774548
4.363289,0.012420843823910887
4.363755,0.011245899137865261
4.364220,0.010574502174410621
4.364686,0.010574502174410621
4.365151,0.010406652933546959
4.365617,0.010406652933546959
4.366082,0.010070954451819639
4.366548,0.009903105210955977
4.367013,0.009231708247501335
4.367479,0.009735255970092317
4.367945,0.010238803692683297
4.368410,0.010574502174410621
4.368876,0.010238803692683297
4.369341,0.010238803692683297
4.369807,0.010910200656137941
4.370272,0.010574502174410621
4.370738,0.010574502174410621
4.371203,0.010238803692683297
4.371669,0.011245899137865261
4.372134,0.011245899137865261
4.372600,0.011245899137865261
4.373065,0.011245899137865261
4.373531,0.011917296101319903
4.373996,0.011917296101319903
4.374462,0.011917296101319903
4.374927,0.012420843823910887
4.375393,0.012420843823910887
4.375858,0.012252994583047227
4.376324,0.011917296101319903
4.376789,0.012588693064774548
4.377255,0.012588693064774548
4.377720,0.012588693064774548
4.378186,0.012588693064774548
4.378651,0.011917296101319903
4.379117,0.012252994583047227
4.379582,0.011917296101319903
4.380048,0.011917296101319903
4.380513,0.012420843823910887
4.380979,0.011917296101319903
4.381444,0.011917296101319903
4.381910,0.011749446860456245
4.382376,0.011245899137865261
4.382841,0.010910200656137941
4.383307,0.010574502174410621
4.383772,0.010574502174410621
4.384238,0.011078049897001601
4.384703,0.010574502174410621
4.385169,0.010406652933546959
4.385634,0.010070954451819639
4.386100,0.010406652933546959
4.386565,0.009903105210955977
4.387031,0.010238803692683297
4.387496,0.010574502174410621
4.387962,0.009903105210955977
4.388427,0.009903105210955977
4.388893,0.009903105210955977
4.389358,0.010406652933546959
4.389824,0.010574502174410621
4.390289,0.010406652933546959
4.390755,0.010238803692683297
4.391220,0.010238803692683297
4.391686,0.010406652933546959
4.392151,0.009903105210955977
4.392617,0.010406652933546959
4.393082,0.010574502174410621
4.393548,0.010910200656137941
4.394013,0.011078049897001601
4.394479,0.011581597619592583
4.394944,0.011917296101319903
4.395410,0.011917296101319903
4.395876,0.011749446860456245
4.396341,0.011917296101319903
4.396807,0.011917296101319903
4.397272,0.011917296101319903
4.397738,0.011917296101319903
4.398203,0.011581597619592583
4.398669,0.011917296101319903
4.399134,0.012252994583047227
4.399600,0.011917296101319903
4.400065,0.011749446860456245
4.400531,0.011749446860456245
4.400996,0.011245899137865261
4.401462,0.011245899137865261
4.401927,0.011245899137865261
4.402393,0.011917296101319903
4.402858,0.011917296101319903
4.403324,0.011749446860456245
4.403789,0.011581597619592583
4.404255,0.011245899137865261
4.404720,0.010910200656137941
4.405186,0.010574502174410621
4.405651,0.010574502174410621
4.406117,0.010574502174410621
4.406582,0.010574502174410621
4.407048,0.010574502174410621
4.407513,0.010238803692683297
4.407979,0.010238803692683297
4.408444,0.010574502174410621
4.408910,0.010574502174410621
4.409376,0.010406652933546959
4.409841,0.010238803692683297
4.410307,0.009567406729228655
4.410772,0.009735255970092317
4.411238,0.009567406729228655
4.411703,0.009567406729228655
4.412169,0.009735255970092317
4.412634,0.009903105210955977
4.413100,0.009567406729228655
4.413565,0.009903105210955977
4.414031,0.010070954451819639
4.414496,0.010238803692683297
4.414962,0.010238803692683297
4.415427,0.010910200656137941
4.415893,0.011749446860456245
4.416358,0.011917296101319903
4.416824,0.011917296101319903
4.417289,0.012588693064774548
4.417755,0.01292439154650187
4.418220,0.012588693064774548
4.418686,0.01292439154650187
4.419151,0.01292439154650187
4.419617,0.012588693064774548
4.420082,0.012588693064774548
4.420548,0.012588693064774548
4.421013,0.012588693064774548
4.421479,0.011917296101319903
4.421944,0.011749446860456245
4.422410,0.012252994583047227
4.422875,0.012252994583047227
4.423341,0.011917296101319903
4.423807,0.011581597619592583
4.424272,0.010910200656137941
4.424738,0.010574502174410621
4.425203,0.010574502174410621
4.425669,0.010910200656137941
4.426134,0.010574502174410621
4.426600,0.010910200656137941
4.427065,0.011078049897001601
4.427531,0.010910200656137941
4.427996,0.010910200656137941
4.428462,0.011245899137865261
4.428927,0.010910200656137941
4.429393,0.011245899137865261
4.429858,0.012420843823910887
4.430324,0.012420843823910887
4.430789,0.012588693064774548
4.431255,0.012420843823910887
4.431720,0.012588693064774548
4.432186,0.012588693064774548
4.432651,0.01326009002822919
4.433117,0.013931486991683832
4.433582,0.013931486991683832
4.434048,0.013931486991683832
4.434513,0.013931486991683832
4.434979,0.013931486991683832
4.435444,0.014267185473411156
4.435910,0.014602883955138474
4.436375,0.014267185473411156
4.436841,0.013931486991683832
4.437307,0.014099336232547494
4.437772,0.013931486991683832
4.438238,0.013931486991683832
4.438703,0.01376363775082017
4.439169,0.01326009002822919
4.439634,0.01326009002822919
4.440100,0.01292439154650187
4.440565,0.013092240787365528
4.441031,0.013092240787365528
4.441496,0.012588693064774548
4.441962,0.012252994583047227
4.442427,0.011749446860456245
4.442893,0.011245899137865261
4.443358,0.011245899137865261
4.443824,0.010574502174410621
4.444289,0.010574502174410621
4.444755,0.010238803692683297
4.445220,0.009903105210955977
4.445686,0.009567406729228655
4.446151,0.009735255970092317
4.446617,0.009903105210955977
4.447082,0.009903105210955977
4.447548,0.009231708247501335
4.448013,0.009231708247501335
4.448479,0.009231708247501335
4.448944,0.009567406729228655
4.449410,0.009567406729228655
4.449875,0.009231708247501335
4.450341,0.009231708247501335
4.450807,0.009735255970092317
4.451272,0.010238803692683297
4.451738,0.010574502174410621
4.452203,0.010574502174410621
4.452669,0.010574502174410621
4.453134,0.011245899137865261
4.453600,0.011917296101319903
4.454065,0.012252994583047227
4.454531,0.012420843823910887
4.454996,0.012588693064774548
4.455462,0.012588693064774548
4.455927,0.013092240787365528
4.456393,0.01326009002822919
4.456858,0.014267185473411156
4.457324,0.013931486991683832
4.457789,0.013931486991683832
4.458255,0.01326009002822919
4.458720,0.013931486991683832
4.459186,0.013931486991683832
4.459651,0.01326009002822919
4.460117,0.01292439154650187
4.460582,0.012588693064774548
4.461048,0.012588693064774548
4.461513,0.012420843823910887
4.461979,0.012588693064774548
4.462444,0.012252994583047227
4.462910,0.011917296101319903
4.463375,0.011917296101319903
4.463841,0.011917296101319903
4.464306,0.011581597619592583
4.464772,0.011245899137865261
4.465238,0.010910200656137941
4.465703,0.010910200656137941
4.466169,0.011245899137865261
4.466634,0.011245899137865261
4.467100,0.010910200656137941
4.467565,0.010406652933546959
4.468031,0.010238803692683297
4.468496,0.010238803692683297
4.468962,0.010238803692683297
4.469427,0.010406652933546959
4.469893,0.010574502174410621
4.470358,0.010574502174410621
4.470824,0.010574502174410621
4.471289,0.011581597619592583
4.471755,0.011245899137865261
4.472220,0.010910200656137941
4.472686,0.011245899137865261
4.473151,0.011581597619592583
4.473617,0.011917296101319903
4.474082,0.011917296101319903
4.474548,0.011917296101319903
4.475013,0.012252994583047227
4.475479,0.012252994583047227
4.475944,0.011917296101319903
4.476410,0.012252994583047227
4.476875,0.011917296101319903
4.477341,0.011245899137865261
4.477806,0.011245899137865261
4.478272,0.011245899137865261
4.478738,0.010574502174410621
4.479203,0.011245899137865261
4.479669,0.011245899137865261
4.480134,0.010574502174410621
4.480600,0.010574502174410621
4.481065,0.010238803692683297
4.481531,0.010406652933546959
4.481996,0.010238803692683297
4.482462,0.009903105210955977
4.482927,0.009903105210955977
4.483393,0.009903105210955977
4.483858,0.009903105210955977
4.484324,0.010070954451819639
4.484789,0.009735255970092317
4.485255,0.009567406729228655
4.485720,0.009231708247501335
4.486186,0.009231708247501335
4.486651,0.009735255970092317
4.487117,0.009903105210955977
4.487582,0.010406652933546959
4.488048,0.011245899137865261
4.488513,0.011581597619592583
4.488979,0.011917296101319903
4.489444,0.011917296101319903
4.489910,0.012588693064774548
4.490375,0.012588693064774548
4.490841,0.011917296101319903
4.491306,0.012252994583047227
4.491772,0.011917296101319903
4.492238,0.012756542305638208
4.492703,0.01359578850995651
4.493169,0.013931486991683832
4.493634,0.013931486991683832
4.494100,0.01326009002822919
4.494565,0.01292439154650187
4.495031,0.01326009002822919
4.495496,0.01326009002822919
4.495962,0.01326009002822919
4.496427,0.01292439154650187
4.496893,0.01292439154650187
4.497358,0.01292439154650187
4.497824,0.01292439154650187
4.498289,0.012588693064774548
4.498755,0.012588693064774548
4.499220,0.012588693064774548
4.499686,0.012588693064774548
4.500151,0.01326009002822919
4.500617,0.01326009002822919
4.501082,0.01326009002822919
4.501548,0.012420843823910887
4.502013,0.011917296101319903
4.502479,0.011749446860456245
4.502944,0.011917296101319903
4.503410,0.012588693064774548
4.503875,0.01292439154650187
4.504341,0.013092240787365528
4.504806,0.01292439154650187
4.505272,0.013092240787365528
4.505737,0.01326009002822919
4.506203,0.01326009002822919
4.506669,0.013092240787365528
4.507134,0.01326009002822919
4.507600,0.01326009002822919
4.508065,0.012588693064774548
4.508531,0.011917296101319903
4.508996,0.012420843823910887
4.509462,0.012588693064774548
4.509927,0.012252994583047227
4.510393,0.012420843823910887
4.510858,0.012588693064774548
4.511324,0.011917296101319903
4.511789,0.011917296101319903
4.512255,0.011917296101319903
4.512720,0.011245899137865261
4.513186,0.011245899137865261
4.513651,0.011245899137865261
4.514117,0.011917296101319903
4.514582,0.011245899137865261
4.515048,0.011245899137865261
4.515513,0.010238803692683297
4.515979,0.010574502174410621
4.516444,0.010910200656137941
4.516910,0.011245899137865261
4.517375,0.011078049897001601
4.517841,0.010910200656137941
4.518306,0.010574502174410621
4.518772,0.010406652933546959
4.519237,0.010574502174410621
4.519703,0.010910200656137941
4.520169,0.011245899137865261
4.520634,0.011581597619592583
4.521100,0.011917296101319903
4.521565,0.011581597619592583
4.522031,0.011749446860456245
4.522496,0.012420843823910887
4.522962,0.01326009002822919
4.523427,0.01326009002822919
4.523893,0.01326009002822919
4.524358,0.01326009002822919
4.524824,0.01292439154650187
4.525289,0.012588693064774548
4.525755,0.012588693064774548
4.526220,0.012252994583047227
4.526686,0.012588693064774548
4.527151,0.01292439154650187
4.527617,0.01292439154650187
4.528082,0.012588693064774548
4.528548,0.012588693064774548
4.529013,0.012252994583047227
4.529479,0.011917296101319903
4.529944,0.011581597619592583
4.530410,0.011245899137865261
4.530875,0.010910200656137941
4.531341,0.010910200656137941
4.531806,0.011245899137865261
4.532272,0.011245899137865261
4.532737,0.011245899137865261
4.533203,0.010574502174410621
4.533669,0.010238803692683297
4.534134,0.009735255970092317
4.534600,0.009903105210955977
4.535065,0.009903105210955977
4.535531,0.010070954451819639
4.535996,0.010238803692683297
4.536462,0.010238803692683297
4.536927,0.009567406729228655
4.537393,0.009231708247501335
4.537858,0.009567406729228655
4.538324,0.009567406729228655
4.538789,0.009231708247501335
4.539255,0.009231708247501335
4.539720,0.009567406729228655
4.540186,0.009567406729228655
4.540651,0.010238803692683297
4.541117,0.010574502174410621
4.541582,0.009903105210955977
4.542048,0.009231708247501335
4.542513,0.008560311284046692
4.542979,0.008224612802319372
4.543444,0.00788891432059205
4.543910,0.00788891432059205
4.544375,0.008560311284046692
4.544841,0.008560311284046692
4.545306,0.008896009765774012
4.545772,0.009231708247501335
4.546237,0.009735255970092317
4.546703,0.010574502174410621
4.547168,0.010406652933546959
4.547634,0.010070954451819639
4.548100,0.010406652933546959
4.548565,0.010742351415274281
4.549031,0.010910200656137941
4.549496,0.010910200656137941
4.549962,0.010406652933546959
4.550427,0.009903105210955977
4.550893,0.010574502174410621
4.551358,0.010574502174410621
4.551824,0.010910200656137941
4.552289,0.011078049897001601
4.552755,0.010574502174410621
4.553220,0.010574502174410621
4.553686,0.009903105210955977
4.554151,0.009903105210955977
4.554617,0.009903105210955977
4.555082,0.009735255970092317
4.555548,0.009567406729228655
4.556013,0.009567406729228655
4.556479,0.009735255970092317
4.556944,0.009903105210955977
4.557410,0.010238803692683297
4.557875,0.010238803692683297
4.558341,0.010238803692683297
4.558806,0.009903105210955977
4.559272,0.010238803692683297
4.559737,0.010574502174410621
4.560203,0.010574502174410621
4.560668,0.010574502174410621
4.561134,0.010574502174410621
4.561600,0.010910200656137941
4.562065,0.011245899137865261
4.562531,0.011413748378728923
4.562996,0.011245899137865261
4.563462,0.011245899137865261
4.563927,0.011581597619592583
4.564393,0.011581597619592583
4.564858,0.011749446860456245
4.565324,0.011245899137865261
4.565789,0.010910200656137941
4.566255,0.010910200656137941
4.566720,0.011245899137865261
4.567186,0.011245899137865261
4.567651,0.010910200656137941
4.568117,0.010574502174410621
4.568582,0.010238803692683297
4.569048,0.010238803692683297
4.569513,0.009903105210955977
4.569979,0.009735255970092317
4.570444,0.009231708247501335
4.570910,0.009231708247501335
4.571375,0.009735255970092317
4.571841,0.009567406729228655
4.572306,0.009231708247501335
4.572772,0.009567406729228655
4.573237,0.009735255970092317
4.573703,0.009903105210955977
4.574168,0.010574502174410621
4.574634,0.011245899137865261
4.575100,0.011245899137865261
4.575565,0.011245899137865261
4.576031,0.010574502174410621
4.576496,0.011245899137865261
4.576962,0.011581597619592583
4.577427,0.011917296101319903
4.577893,0.012252994583047227
4.578358,0.011749446860456245
4.578824,0.011245899137865261
4.579289,0.011917296101319903
4.579755,0.012252994583047227
4.580220,0.011917296101319903
4.580686,0.011917296101319903
4.581151,0.012420843823910887
4.581617,0.012252994583047227
4.582082,0.012588693064774548
4.582548,0.012588693064774548
4.583013,0.012252994583047227
4.583479,0.011917296101319903
4.583944,0.011581597619592583
4.584410,0.012252994583047227
4.584875,0.011917296101319903
4.585341,0.011245899137865261
4.585806,0.010910200656137941
4.586272,0.010574502174410621
4.586737,0.010574502174410621
4.587203,0.010910200656137941
4.587668,0.010910200656137941
4.588134,0.010574502174410621
4.588599,0.011245899137865261
4.589065,0.011245899137865261
4.589531,0.010910200656137941
4.589996,0.010574502174410621
4.590462,0.010574502174410621
4.590927,0.010574502174410621
4.591393,0.011245899137865261
4.591858,0.011581597619592583
4.592324,0.011581597619592583
4.592789,0.010742351415274281
4.593255,0.010406652933546959
4.593720,0.010238803692683297
4.594186,0.009903105210955977
4.594651,0.009903105210955977
4.595117,0.009567406729228655
4.595582,0.009231708247501335
4.596048,0.009903105210955977
4.596513,0.009735255970092317
4.596979,0.009903105210955977
4.597444,0.010238803692683297
4.597910,0.010574502174410621
4.598375,0.010574502174410621
4.598841,0.011245899137865261
4.599306,0.011581597619592583
4.599772,0.011581597619592583
4.600237,0.011917296101319903
4.600703,0.012588693064774548
4.601168,0.012588693064774548
4.601634,0.012588693064774548
4.602099,0.012588693064774548
4.602565,0.012588693064774548
4.603031,0.012588693064774548
4.603496,0.012588693064774548
4.603962,0.011917296101319903
4.604427,0.012252994583047227
4.604893,0.012252994583047227
4.605358,0.012252994583047227
4.605824,0.011917296101319903
4.606289,0.011917296101319903
4.606755,0.011245899137865261
4.607220,0.011245899137865261
4.607686,0.011413748378728923
4.608151,0.011917296101319903
4.608617,0.012588693064774548
4.609082,0.011917296101319903
4.609548,0.011245899137865261
4.610013,0.011581597619592583
4.610479,0.011917296101319903
4.610944,0.012252994583047227
4.611410,0.011917296101319903
4.611875,0.011917296101319903
4.612341,0.011917296101319903
4.612806,0.012252994583047227
4.613272,0.012252994583047227
4.613737,0.012588693064774548
4.614203,0.012588693064774548
4.614668,0.01292439154650187
4.615134,0.01326009002822919
4.615599,0.01326009002822919
4.616065,0.012588693064774548
4.616531,0.012252994583047227
4.616996,0.012420843823910887
4.617462,0.011917296101319903
4.617927,0.011917296101319903
4.618393,0.011917296101319903
4.618858,0.011917296101319903
4.619324,0.011749446860456245
4.619789,0.011078049897001601
4.620255,0.011245899137865261
4.620720,0.011078049897001601
4.621186,0.010910200656137941
4.621651,0.011245899137865261
4.622117,0.011581597619592583
4.622582,0.011078049897001601
4.623048,0.011581597619592583
4.623513,0.011245899137865261
4.623979,0.011245899137865261
4.624444,0.010910200656137941
4.624910,0.011245899137865261
4.625375,0.010574502174410621
4.625841,0.010574502174410621
4.626306,0.010070954451819639
4.626772,0.009903105210955977
4.627237,0.009735255970092317
4.627703,0.009567406729228655
4.628168,0.010238803692683297
4.628634,0.010574502174410621
4.629099,0.011245899137865261
4.629565,0.011078049897001601
4.630030,0.011245899137865261
4.630496,0.011245899137865261
4.630962,0.011078049897001601
4.631427,0.011749446860456245
4.631893,0.011917296101319903
4.632358,0.012420843823910887
4.632824,0.011917296101319903
4.633289,0.011917296101319903
4.633755,0.011245899137865261
4.634220,0.011581597619592583
4.634686,0.011245899137865261
4.635151,0.011581597619592583
4.635617,0.011581597619592583
4.636082,0.011581597619592583
4.636548,0.011581597619592583
4.637013,0.011749446860456245
4.637479,0.011917296101319903
4.637944,0.011581597619592583
4.638410,0.011581597619592583
4.638875,0.011917296101319903
4.639341,0.011917296101319903
4.639806,0.011749446860456245
4.640272,0.011245899137865261
4.640737,0.011078049897001601
4.641203,0.011245899137865261
4.641668,0.011749446860456245
4.642134,0.011917296101319903
4.642599,0.011581597619592583
4.643065,0.011245899137865261
4.643530,0.011245899137865261
4.643996,0.010910200656137941
4.644462,0.011078049897001601
4.644927,0.011581597619592583
4.645393,0.011917296101319903
4.645858,0.012588693064774548
4.646324,0.01292439154650187
4.646789,0.01326009002822919
4.647255,0.01326009002822919
4.647720,0.01326009002822919
4.648186,0.01326009002822919
4.648651,0.01376363775082017
4.649117,0.01376363775082017
4.649582,0.01326009002822919
4.650048,0.013931486991683832
4.650513,0.013931486991683832
4.650979,0.01359578850995651
4.651444,0.01326009002822919
4.651910,0.01376363775082017
4.652375,0.01359578850995651
4.652841,0.01359578850995651
4.653306,0.01326009002822919
4.653772,0.012588693064774548
4.654237,0.011917296101319903
4.654703,0.011245899137865261
4.655168,0.011245899137865261
4.655634,0.010574502174410621
4.656099,0.010574502174410621
4.656565,0.010574502174410621
4.657030,0.010574502174410621
4.657496,0.010574502174410621
4.657962,0.010238803692683297
4.658427,0.009903105210955977
4.658893,0.009399557488364994
4.659358,0.009567406729228655
4.659824,0.009231708247501335
4.660289,0.009399557488364994
4.660755,0.009231708247501335
4.661220,0.010238803692683297
4.661686,0.010910200656137941
4.662151,0.011078049897001601
4.662617,0.011078049897001601
4.663082,0.010910200656137941
4.663548,0.011245899137865261
4.664013,0.011917296101319903
4.664479,0.011917296101319903
4.664944,0.011917296101319903
4.665410,0.012252994583047227
4.665875,0.012588693064774548
4.666341,0.01292439154650187
4.666806,0.012252994583047227
4.667272,0.012252994583047227
4.667737,0.012420843823910887
4.668203,0.012588693064774548
4.668668,0.012756542305638208
4.669134,0.012588693064774548
4.669599,0.012252994583047227
4.670065,0.011917296101319903
4.670530,0.011581597619592583
4.670996,0.011245899137865261
4.671461,0.011581597619592583
4.671927,0.011245899137865261
4.672393,0.011078049897001601
4.672858,0.011245899137865261
4.673324,0.010574502174410621
4.673789,0.010574502174410621
4.674255,0.010574502174410621
4.674720,0.010910200656137941
4.675186,0.011581597619592583
4.675651,0.011245899137865261
4.676117,0.011245899137865261
4.676582,0.010238803692683297
4.677048,0.007217517357137408
4.677513,0.003189135576409552
4.677979,0.0015106431677729458
4.678444,0.0011749446860456242
4.678910,0.001846341649500267
4.679375,0.0025177386129549098
4.679841,0.0030212863355458916
4.680306,0.003189135576409552
4.680772,0.003860532539864194
4.681237,0.0052033264667734795
4.681703,0.005874723430228122
4.682168,0.007049668116273747
4.682634,0.007553215838864729
4.683099,0.008560311284046692
4.683565,0.009231708247501335
4.684030,0.009231708247501335
4.684496,0.009903105210955977
4.684961,0.009903105210955977
4.685427,0.010406652933546959
4.685893,0.011581597619592583
4.686358,0.012588693064774548
4.686824,0.01292439154650187
4.687289,0.01326009002822919
4.687755,0.01326009002822919
4.688220,0.01326009002822919
4.688686,0.01359578850995651
4.689151,0.01376363775082017
4.689617,0.014602883955138474
4.690082,0.014938582436865796
4.690548,0.014602883955138474
4.691013,0.01527428091859312
4.691479,0.01527428091859312
4.691944,0.01560997940032044
4.692410,0.01594567788204776
4.692875,0.01628137636377508
4.693341,0.016617074845502403
4.693806,0.01695277332722972
4.694272,0.01695277332722972
4.694737,0.017120622568093383
4.695203,0.017288471808957043
4.695668,0.017959868772411687
4.696134,0.017288471808957043
4.696599,0.01695277332722972
4.697065,0.01695277332722972
4.697530,0.016449225604638743
4.697996,0.016449225604638743
4.698461,0.01628137636377508
4.698927,0.01594567788204776
4.699393,0.01560997940032044
4.699858,0.015106431677729458
4.700324,0.014267185473411156
4.700789,0.014602883955138474
4.701255,0.014267185473411156
4.701720,0.013931486991683832
4.702186,0.013092240787365528
4.702651,0.012588693064774548
4.703117,0.012252994583047227
4.703582,0.011917296101319903
4.704048,0.011245899137865261
4.704513,0.010574502174410621
4.704979,0.010238803692683297
4.705444,0.010574502174410621
4.705910,0.010574502174410621
4.706375,0.009567406729228655
4.706841,0.009231708247501335
4.707306,0.010238803692683297
4.707772,0.010070954451819639
4.708237,0.009567406729228655
4.708703,0.010238803692683297
4.709168,0.010574502174410621
4.709634,0.010574502174410621
4.710099,0.010574502174410621
4.710565,0.010574502174410621
4.711030,0.010910200656137941
4.711496,0.010910200656137941
4.711961,0.011245899137865261
4.712427,0.011245899137865261
4.712892,0.012252994583047227
4.713358,0.012588693064774548
4.713824,0.01292439154650187
4.714289,0.01326009002822919
4.714755,0.01326009002822919
4.715220,0.013931486991683832
4.715686,0.013931486991683832
4.716151,0.01376363775082017
4.716617,0.01376363775082017
4.717082,0.01292439154650187
4.717548,0.01292439154650187
4.718013,0.012252994583047227
4.718479,0.011581597619592583
4.718944,0.011245899137865261
4.719410,0.011078049897001601
4.719875,0.011245899137865261
4.720341,0.010574502174410621
4.720806,0.010406652933546959
4.721272,0.009903105210955977
4.721737,0.009903105210955977
4.722203,0.010574502174410621
4.722668,0.010238803692683297
4.723134,0.009567406729228655
4.723599,0.009567406729228655
4.724065,0.009231708247501335
4.724530,0.009231708247501335
4.724996,0.009231708247501335
4.725461,0.009063859006637675
4.725927,0.008896009765774012
4.726392,0.009063859006637675
4.726858,0.009231708247501335
4.727324,0.008728160524910353
4.727789,0.008896009765774012
4.728255,0.008560311284046692
4.728720,0.008728160524910353
4.729186,0.008896009765774012
4.729651,0.009063859006637675
4.730117,0.009231708247501335
4.730582,0.009567406729228655
4.731048,0.009903105210955977
4.731513,0.009903105210955977
4.731979,0.009903105210955977
4.732444,0.009903105210955977
4.732910,0.010574502174410621
4.733375,0.010910200656137941
4.733841,0.011245899137865261
4.734306,0.011749446860456245
4.734772,0.012420843823910887
4.735237,0.01326009002822919
4.735703,0.014099336232547494
4.736168,0.014602883955138474
4.736634,0.014938582436865796
4.737099,0.01527428091859312
4.737565,0.014602883955138474
4.738030,0.014602883955138474
4.738496,0.013931486991683832
4.738961,0.014602883955138474
4.739427,0.013931486991683832
4.739892,0.01326009002822919
4.740358,0.01292439154650187
4.740823,0.012588693064774548
4.741289,0.012588693064774548
4.741755,0.012252994583047227
4.742220,0.011245899137865261
4.742686,0.010238803692683297
4.743151,0.010238803692683297
4.743617,0.010238803692683297
4.744082,0.009735255970092317
4.744548,0.009231708247501335
4.745013,0.008896009765774012
4.745479,0.008392462043183033
4.745944,0.00788891432059205
4.746410,0.008560311284046692
4.746875,0.008560311284046692
4.747341,0.009903105210955977
4.747806,0.011245899137865261
4.748272,0.011749446860456245
4.748737,0.011917296101319903
4.749203,0.012588693064774548
4.749668,0.012588693064774548
4.750134,0.012588693064774548
4.750599,0.012420843823910887
4.751065,0.011917296101319903
4.751530,0.011917296101319903
4.751996,0.011917296101319903
4.752461,0.012252994583047227
4.752927,0.012252994583047227
4.753392,0.011917296101319903
4.753858,0.012588693064774548
4.754323,0.012588693064774548
4.754789,0.012588693064774548
4.755255,0.012420843823910887
4.755720,0.012252994583047227
4.756186,0.012588693064774548
4.756651,0.012588693064774548
4.757117,0.012420843823910887
4.757582,0.012252994583047227
4.758048,0.011917296101319903
4.758513,0.012588693064774548
4.758979,0.012588693064774548
4.759444,0.011917296101319903
4.759910,0.011245899137865261
4.760375,0.011581597619592583
4.760841,0.011581597619592583
4.761306,0.011581597619592583
4.761772,0.011245899137865261
4.762237,0.010574502174410621
4.762703,0.011245899137865261
4.763168,0.011245899137865261
4.763634,0.011078049897001601
4.764099,0.010910200656137941
4.764565,0.010574502174410621
4.765030,0.010238803692683297
4.765496,0.009903105210955977
4.765961,0.009567406729228655
4.766427,0.009231708247501335
4.766892,0.009231708247501335
4.767358,0.009063859006637675
4.767823,0.009903105210955977
4.768289,0.009903105210955977
4.768755,0.009735255970092317
4.769220,0.010070954451819639
4.769686,0.010238803692683297
4.770151,0.010238803692683297
4.770617,0.010574502174410621
4.771082,0.010574502174410621
4.771548,0.011245899137865261
4.772013,0.011749446860456245
4.772479,0.011749446860456245
4.772944,0.011749446860456245
4.773410,0.011245899137865261
4.773875,0.011917296101319903
4.774341,0.012588693064774548
4.774806,0.012588693064774548
4.775272,0.012588693064774548
4.775737,0.012588693064774548
4.776203,0.011917296101319903
4.776668,0.012756542305638208
4.777134,0.012588693064774548
4.777599,0.012588693064774548
4.778065,0.011917296101319903
4.778530,0.011581597619592583
4.778996,0.011245899137865261
4.779461,0.011245899137865261
4.779927,0.010238803692683297
4.780392,0.010574502174410621
4.780858,0.010574502174410621
4.781323,0.009903105210955977
4.781789,0.009567406729228655
4.782254,0.009567406729228655
4.782720,0.009231708247501335
4.783186,0.009231708247501335
4.783651,0.009231708247501335
4.784117,0.009567406729228655
4.784582,0.009231708247501335
4.785048,0.009231708247501335
4.785513,0.009735255970092317
4.785979,0.010574502174410621
4.786444,0.011245899137865261
4.786910,0.010910200656137941
4.787375,0.010574502174410621
4.787841,0.010910200656137941
4.788306,0.010910200656137941
4.788772,0.010910200656137941
4.789237,0.011245899137865261
4.789703,0.011078049897001601
4.790168,0.010406652933546959
4.790634,0.009903105210955977
4.791099,0.010574502174410621
4.791565,0.010574502174410621
4.792030,0.010406652933546959
4.792496,0.010574502174410621
4.792961,0.010574502174410621
4.793427,0.011245899137865261
4.793892,0.012252994583047227
4.794358,0.01292439154650187
4.794823,0.01292439154650187
4.795289,0.012420843823910887
4.795754,0.012588693064774548
4.796220,0.01292439154650187
4.796686,0.012588693064774548
4.797151,0.012588693064774548
4.797617,0.01326009002822919
4.798082,0.01326009002822919
4.798548,0.01292439154650187
4.799013,0.012420843823910887
4.799479,0.011917296101319903
4.799944,0.011581597619592583
4.800410,0.011245899137865261
4.800875,0.010574502174410621
4.801341,0.010574502174410621
4.801806,0.010574502174410621
4.802272,0.009903105210955977
4.802737,0.009903105210955977
4.803203,0.010238803692683297
4.803668,0.010574502174410621
4.804134,0.010910200656137941
4.804599,0.010910200656137941
4.805065,0.011245899137865261
4.805530,0.011245899137865261
4.805996,0.011245899137865261
4.806461,0.010574502174410621
4.806927,0.010574502174410621
4.807392,0.010910200656137941
4.807858,0.010910200656137941
4.808323,0.010574502174410621
4.808789,0.010574502174410621
4.809254,0.010574502174410621
4.809720,0.010574502174410621
4.810186,0.010910200656137941
4.810651,0.011413748378728923
4.811117,0.011749446860456245
4.811582,0.011749446860456245
4.812048,0.011917296101319903
4.812513,0.011917296101319903
4.812979,0.011917296101319903
4.813444,0.011749446860456245
4.813910,0.011245899137865261
4.814375,0.010910200656137941
4.814841,0.010910200656137941
4.815306,0.011078049897001601
4.815772,0.011581597619592583
4.816237,0.011749446860456245
4.816703,0.011078049897001601
4.817168,0.010574502174410621
4.817634,0.010574502174410621
4.818099,0.010574502174410621
4.818565,0.010238803692683297
4.819030,0.010238803692683297
4.819496,0.009903105210955977
4.819961,0.009567406729228655
4.820427,0.009903105210955977
4.820892,0.009567406729228655
4.821358,0.009735255970092317
4.821823,0.009231708247501335
4.822289,0.008896009765774012
4.822754,0.008896009765774012
4.823220,0.009063859006637675
4.823685,0.008560311284046692
4.824151,0.008896009765774012
4.824617,0.008896009765774012
4.825082,0.008896009765774012
4.825548,0.009231708247501335
4.826013,0.009231708247501335
4.826479,0.009735255970092317
4.826944,0.009903105210955977
4.827410,0.010574502174410621
4.827875,0.010910200656137941
4.828341,0.011245899137865261
4.828806,0.011749446860456245
4.829272,0.011917296101319903
4.829737,0.012252994583047227
4.830203,0.012756542305638208
4.830668,0.01292439154650187
4.831134,0.012588693064774548
4.831599,0.01292439154650187
4.832065,0.01326009002822919
4.832530,0.01376363775082017
4.832996,0.014267185473411156
4.833461,0.014267185473411156
4.833927,0.014435034714274816
4.834392,0.014435034714274816
4.834858,0.014267185473411156
4.835323,0.013931486991683832
4.835789,0.014267185473411156
4.836254,0.014602883955138474
4.836720,0.014435034714274816
4.837185,0.014267185473411156
4.837651,0.014267185473411156
4.838117,0.014602883955138474
4.838582,0.013931486991683832
4.839048,0.013092240787365528
4.839513,0.013092240787365528
4.839979,0.012588693064774548
4.840444,0.01326009002822919
4.840910,0.01292439154650187
4.841375,0.012420843823910887
4.841841,0.011917296101319903
4.842306,0.011917296101319903
4.842772,0.011917296101319903
4.843237,0.011917296101319903
4.843703,0.011749446860456245
4.844168,0.011245899137865261
4.844634,0.011245899137865261
4.845099,0.010910200656137941
4.845565,0.010574502174410621
4.846030,0.010238803692683297
4.846496,0.009903105210955977
4.846961,0.009903105210955977
4.847427,0.010070954451819639
4.847892,0.010574502174410621
4.848358,0.010070954451819639
4.848823,0.009063859006637675
4.849289,0.008896009765774012
4.849754,0.009735255970092317
4.850220,0.010574502174410621
4.850685,0.010574502174410621
4.851151,0.010238803692683297
4.851617,0.010238803692683297
4.852082,0.010910200656137941
4.852548,0.011245899137865261
4.853013,0.011581597619592583
4.853479,0.011581597619592583
4.853944,0.011245899137865261
4.854410,0.010910200656137941
4.854875,0.010574502174410621
4.855341,0.010910200656137941
4.855806,0.011078049897001601
4.856272,0.010574502174410621
4.856737,0.010742351415274281
4.857203,0.011245899137865261
4.857668,0.011581597619592583
4.858134,0.011749446860456245
4.858599,0.011581597619592583
4.859065,0.011581597619592583
4.859530,0.011917296101319903
4.859996,0.012252994583047227
4.860461,0.011917296101319903
4.860927,0.011749446860456245
4.861392,0.011917296101319903
4.861858,0.011581597619592583
4.862323,0.011245899137865261
4.862789,0.011581597619592583
4.863254,0.011581597619592583
4.863720,0.011078049897001601
4.864185,0.010406652933546959
4.864651,0.009567406729228655
4.865116,0.009063859006637675
4.865582,0.009063859006637675
4.866048,0.009903105210955977
4.866513,0.010238803692683297
4.866979,0.010574502174410621
4.867444,0.010910200656137941
4.867910,0.012588693064774548
4.868375,0.013931486991683832
4.868841,0.014099336232547494
4.869306,0.013931486991683832
4.869772,0.013931486991683832
4.870237,0.014435034714274816
4.870703,0.015106431677729458
4.871168,0.01527428091859312
4.871634,0.014435034714274816
4.872099,0.014267185473411156
4.872565,0.014267185473411156
4.873030,0.014267185473411156
4.873496,0.014267185473411156
4.873961,0.013931486991683832
4.874427,0.013931486991683832
4.874892,0.014267185473411156
4.875358,0.014602883955138474
4.875823,0.013931486991683832
4.876289,0.01376363775082017
4.876754,0.013931486991683832
4.877220,0.013931486991683832
4.877685,0.013931486991683832
4.878151,0.01376363775082017
4.878616,0.01292439154650187
4.879082,0.011917296101319903
4.879548,0.011917296101319903
4.880013,0.011917296101319903
4.880479,0.011749446860456245
4.880944,0.011581597619592583
4.881410,0.010574502174410621
4.881875,0.009903105210955977
4.882341,0.009567406729228655
4.882806,0.009567406729228655
4.883272,0.009903105210955977
4.883737,0.009567406729228655
4.884203,0.009735255970092317
4.884668,0.009231708247501335
4.885134,0.009903105210955977
4.885599,0.010406652933546959
4.886065,0.010574502174410621
4.886530,0.010406652933546959
4.886996,0.010406652933546959
4.887461,0.010238803692683297
4.887927,0.010574502174410621
4.888392,0.010910200656137941
4.888858,0.011245899137865261
4.889323,0.011245899137865261
4.889789,0.011245899137865261
4.890254,0.011245899137865261
4.890720,0.011581597619592583
4.891185,0.011749446860456245
4.891651,0.012252994583047227
4.892116,0.012588693064774548
4.892582,0.01326009002822919
4.893048,0.013931486991683832
4.893513,0.014435034714274816
4.893979,0.014602883955138474
4.894444,0.014602883955138474
4.894910,0.014602883955138474
4.895375,0.014602883955138474
4.895841,0.012588693064774548
4.896306,0.011078049897001601
4.896772,0.009903105210955977
4.897237,0.009567406729228655
4.897703,0.009567406729228655
4.898168,0.009231708247501335
4.898634,0.009735255970092317
4.899099,0.010238803692683297
4.899565,0.009903105210955977
4.900030,0.010406652933546959
4.900496,0.009903105210955977
4.900961,0.009735255970092317
4.901427,0.009735255970092317
4.901892,0.009231708247501335
4.902358,0.009567406729228655
4.902823,0.009903105210955977
4.903289,0.010574502174410621
4.903754,0.010574502174410621
4.904220,0.011245899137865261
4.904685,0.011917296101319903
4.905151,0.011917296101319903
4.905616,0.012588693064774548
4.906082,0.011917296101319903
4.906547,0.012588693064774548
4.907013,0.012588693064774548
4.907479,0.01326009002822919
4.907944,0.01326009002822919
4.908410,0.01326009002822919
4.908875,0.01359578850995651
4.909341,0.01326009002822919
4.909806,0.01326009002822919
4.910272,0.013092240787365528
4.910737,0.013092240787365528
4.911203,0.012588693064774548
4.911668,0.01326009002822919
4.912134,0.013931486991683832
4.912599,0.013931486991683832
4.913065,0.013931486991683832
4.913530,0.014602883955138474
4.913996,0.014267185473411156
4.914461,0.013931486991683832
4.914927,0.014267185473411156
4.915392,0.013931486991683832
4.915858,0.014267185473411156
4.916323,0.014435034714274816
4.916789,0.01359578850995651
4.917254,0.01326009002822919
4.917720,0.013092240787365528
4.918185,0.012588693064774548
4.918651,0.012588693064774548
4.919116,0.012252994583047227
4.919582,0.011917296101319903
4.920047,0.011917296101319903
4.920513,0.011917296101319903
4.920979,0.011245899137865261
4.921444,0.011078049897001601
4.921910,0.010574502174410621
4.922375,0.010574502174410621
4.922841,0.010574502174410621
4.923306,0.009903105210955977
4.923772,0.009567406729228655
4.924237,0.009231708247501335
4.924703,0.009063859006637675
4.925168,0.008896009765774012
4.925634,0.008896009765774012
4.926099,0.008728160524910353
4.926565,0.009063859006637675
4.927030,0.009231708247501335
4.927496,0.009231708247501335
4.927961,0.009231708247501335
4.928427,0.009231708247501335
4.928892,0.008560311284046692
4.929358,0.008560311284046692
4.929823,0.009231708247501335
4.930289,0.008896009765774012
4.930754,0.009231708247501335
4.931220,0.008896009765774012
4.931685,0.008560311284046692
4.932151,0.009063859006637675
4.932616,0.009567406729228655
4.933082,0.009903105210955977
4.933547,0.009903105210955977
4.934013,0.009231708247501335
4.934479,0.010238803692683297
4.934944,0.010574502174410621
4.935410,0.011245899137865261
4.935875,0.011581597619592583
4.936341,0.011581597619592583
4.936806,0.011581597619592583
4.937272,0.011917296101319903
4.937737,0.011917296101319903
4.938203,0.011917296101319903
4.938668,0.011917296101319903
4.939134,0.011581597619592583
4.939599,0.011245899137865261
4.940065,0.011078049897001601
4.940530,0.010574502174410621
4.940996,0.010574502174410621
4.941461,0.010574502174410621
4.941927,0.009903105210955977
4.942392,0.009903105210955977
4.942858,0.009903105210955977
4.943323,0.009903105210955977
4.943789,0.009231708247501335
4.944254,0.009735255970092317
4.944720,0.009735255970092317
4.945185,0.009231708247501335
4.945651,0.009567406729228655
4.946116,0.010406652933546959
4.946582,0.010574502174410621
4.947047,0.011245899137865261
4.947513,0.011581597619592583
4.947978,0.011749446860456245
4.948444,0.011917296101319903
4.948910,0.011917296101319903
4.949375,0.011917296101319903
4.949841,0.011917296101319903
4.950306,0.011917296101319903
4.950772,0.012420843823910887
4.951237,0.012588693064774548
4.951703,0.01292439154650187
4.952168,0.013931486991683832
4.952634,0.013931486991683832
4.953099,0.013931486991683832
4.953565,0.01376363775082017
4.954030,0.013092240787365528
4.954496,0.01326009002822919
4.954961,0.01359578850995651
4.955427,0.01359578850995651
4.955892,0.01326009002822919
4.956358,0.01326009002822919
4.956823,0.012588693064774548
4.957289,0.012420843823910887
4.957754,0.012588693064774548
4.958220,0.012588693064774548
4.958685,0.011917296101319903
4.959151,0.011917296101319903
4.959616,0.011749446860456245
4.960082,0.011581597619592583
4.960547,0.011245899137865261
4.961013,0.010910200656137941
4.961478,0.010574502174410621
4.961944,0.010910200656137941
4.962410,0.011245899137865261
4.962875,0.010910200656137941
4.963341,0.010574502174410621
4.963806,0.009231708247501335
4.964272,0.009567406729228655
4.964737,0.009567406729228655
4.965203,0.010238803692683297
4.965668,0.010406652933546959
4.966134,0.010574502174410621
4.966599,0.010238803692683297
4.967065,0.010574502174410621
4.967530,0.010574502174410621
4.967996,0.010574502174410621
4.968461,0.010574502174410621
4.968927,0.010910200656137941
4.969392,0.011245899137865261
4.969858,0.011917296101319903
4.970323,0.011917296101319903
4.970789,0.011749446860456245
4.971254,0.011245899137865261
4.971720,0.011245899137865261
4.972185,0.011917296101319903
4.972651,0.012252994583047227
4.973116,0.01292439154650187
4.973582,0.012588693064774548
4.974047,0.011917296101319903
4.974513,0.011917296101319903
4.974978,0.011917296101319903
4.975444,0.011917296101319903
4.975910,0.012252994583047227
4.976375,0.011749446860456245
4.976841,0.011581597619592583
4.977306,0.011581597619592583
4.977772,0.011917296101319903
4.978237,0.011917296101319903
4.978703,0.011581597619592583
4.979168,0.011581597619592583
4.979634,0.011245899137865261
4.980099,0.011245899137865261
4.980565,0.010574502174410621
4.981030,0.010238803692683297
4.981496,0.010238803692683297
4.981961,0.010406652933546959
4.982427,0.010574502174410621
4.982892,0.010238803692683297
4.983358,0.010070954451819639
4.983823,0.009903105210955977
4.984289,0.009903105210955977
4.984754,0.009567406729228655
4.985220,0.009231708247501335
4.985685,0.009231708247501335
4.986151,0.009567406729228655
4.986616,0.009903105210955977
4.987082,0.009567406729228655
4.987547,0.009567406729228655
4.988013,0.009735255970092317
4.988478,0.009903105210955977
4.988944,0.009903105210955977
4.989409,0.010406652933546959
4.989875,0.010910200656137941
4.990341,0.010574502174410621
4.990806,0.011245899137865261
4.991272,0.011245899137865261
4.991737,0.011581597619592583
4.992203,0.012252994583047227
4.992668,0.012588693064774548
4.993134,0.012588693064774548
4.993599,0.011917296101319903
4.994065,0.011917296101319903
4.994530,0.012588693064774548
4.994996,0.01292439154650187
4.995461,0.012588693064774548
4.995927,0.012588693064774548
4.996392,0.012420843823910887
4.996858,0.012420843823910887
4.997323,0.012420843823910887
4.997789,0.012588693064774548
4.998254,0.012588693064774548
4.998720,0.012588693064774548
4.999185,0.01292439154650187
4.999651,0.01292439154650187
5.000116,0.012588693064774548
5.000582,0.012252994583047227
5.001047,0.012588693064774548
5.001513,0.012252994583047227
5.001978,0.012420843823910887
5.002444,0.012588693064774548
5.002909,0.01292439154650187
5.003375,0.01292439154650187
5.003841,0.01292439154650187
5.004306,0.012420843823910887
5.004772,0.012588693064774548
5.005237,0.012588693064774548
5.005703,0.011917296101319903
5.006168,0.012588693064774548
5.006634,0.012588693064774548
5.007099,0.01292439154650187
5.007565,0.012756542305638208
5.008030,0.012588693064774548
5.008496,0.012756542305638208
5.008961,0.01326009002822919
5.009427,0.01326009002822919
5.009892,0.013092240787365528
5.010358,0.01292439154650187
5.010823,0.012588693064774548
5.011289,0.012420843823910887
5.011754,0.011917296101319903
5.012220,0.011581597619592583
5.012685,0.011581597619592583
5.013151,0.011749446860456245
5.013616,0.011917296101319903
5.014082,0.011917296101319903
5.014547,0.012588693064774548
5.015013,0.012588693064774548
5.015478,0.012252994583047227
5.015944,0.012252994583047227
5.016409,0.012588693064774548
5.016875,0.012420843823910887
5.017341,0.012420843823910887
5.017806,0.011917296101319903
5.018272,0.010910200656137941
5.018737,0.010910200656137941
5.019203,0.010574502174410621
5.019668,0.010574502174410621
5.020134,0.010574502174410621
5.020599,0.009903105210955977
5.021065,0.009231708247501335
5.021530,0.009063859006637675
5.021996,0.009231708247501335
5.022461,0.009231708247501335
5.022927,0.009231708247501335
5.023392,0.009063859006637675
5.023858,0.008896009765774012
5.024323,0.009231708247501335
5.024789,0.008896009765774012
5.025254,0.009063859006637675
5.025720,0.009567406729228655
5.026185,0.009231708247501335
5.026651,0.009903105210955977
5.027116,0.009903105210955977
5.027582,0.009231708247501335
5.028047,0.009231708247501335
5.028513,0.009231708247501335
5.028978,0.009903105210955977
5.029444,0.010574502174410621
5.029909,0.011245899137865261
5.030375,0.011245899137865261
5.030840,0.011917296101319903
5.031306,0.012252994583047227
5.031772,0.012588693064774548
5.032237,0.01326009002822919
5.032703,0.01359578850995651
5.033168,0.01359578850995651
5.033634,0.01359578850995651
5.034099,0.01326009002822919
5.034565,0.013092240787365528
5.035030,0.01326009002822919
5.035496,0.01326009002822919
5.035961,0.01359578850995651
5.036427,0.012588693064774548
5.036892,0.012588693064774548
5.037358,0.012588693064774548
5.037823,0.012252994583047227
5.038289,0.011917296101319903
5.038754,0.012252994583047227
5.039220,0.012420843823910887
5.039685,0.011749446860456245
5.040151,0.011245899137865261
5.040616,0.010574502174410621
5.041082,0.010406652933546959
5.041547,0.010910200656137941
5.042013,0.010574502174410621
5.042478,0.011245899137865261
5.042944,0.011581597619592583
5.043409,0.011581597619592583
5.043875,0.011917296101319903
5.044340,0.011749446860456245
5.044806,0.011917296101319903
5.045272,0.011917296101319903
5.045737,0.011917296101319903
5.046203,0.012588693064774548
5.046668,0.012588693064774548
5.047134,0.011917296101319903
5.047599,0.011749446860456245
5.048065,0.011245899137865261
5.048530,0.011917296101319903
5.048996,0.011581597619592583
5.049461,0.011581597619592583
5.049927,0.011581597619592583
5.050392,0.011245899137865261
5.050858,0.011245899137865261
5.051323,0.011245899137865261
5.051789,0.011078049897001601
5.052254,0.011245899137865261
5.052720,0.010910200656137941
5.053185,0.011245899137865261
5.053651,0.011917296101319903
5.054116,0.012252994583047227
5.054582,0.011917296101319903
5.055047,0.011581597619592583
5.055513,0.011581597619592583
5.055978,0.010910200656137941
5.056444,0.011581597619592583
5.056909,0.012252994583047227
5.057375,0.012588693064774548
5.057840,0.012252994583047227
5.058306,0.011917296101319903
5.058772,0.012588693064774548
5.059237,0.012588693064774548
5.059703,0.011917296101319903
5.060168,0.011917296101319903
5.060634,0.011917296101319903
5.061099,0.012252994583047227
5.061565,0.011917296101319903
5.062030,0.011581597619592583
5.062496,0.011245899137865261
5.062961,0.011078049897001601
5.063427,0.010574502174410621
5.063892,0.010574502174410621
5.064358,0.010574502174410621
5.064823,0.010070954451819639
5.065289,0.010238803692683297
5.065754,0.010238803692683297
5.066220,0.009903105210955977
5.066685,0.009903105210955977
5.067151,0.009567406729228655
5.067616,0.010574502174410621
5.068082,0.010574502174410621
5.068547,0.011078049897001601
5.069013,0.011245899137865261
5.069478,0.011581597619592583
5.069944,0.010910200656137941
5.070409,0.010910200656137941
5.070875,0.010910200656137941
5.071340,0.011245899137865261
5.071806,0.011917296101319903
5.072271,0.012588693064774548
5.072737,0.01292439154650187
5.073203,0.01359578850995651
5.073668,0.01326009002822919
5.074134,0.01292439154650187
5.074599,0.01292439154650187
5.075065,0.01326009002822919
5.075530,0.01376363775082017
5.075996,0.01359578850995651
5.076461,0.01359578850995651
5.076927,0.01326009002822919
5.077392,0.01326009002822919
5.077858,0.01326009002822919
5.078323,0.01359578850995651
5.078789,0.01326009002822919
5.079254,0.012588693064774548
5.079720,0.012588693064774548
5.080185,0.012588693064774548
5.080651,0.012588693064774548
5.081116,0.011917296101319903
5.081582,0.011917296101319903
5.082047,0.011917296101319903
5.082513,0.011581597619592583
5.082978,0.011245899137865261
5.083444,0.010910200656137941
5.083909,0.011245899137865261
5.084375,0.011245899137865261
5.084840,0.011245899137865261
5.085306,0.010910200656137941
5.085771,0.011078049897001601
5.086237,0.010574502174410621
5.086703,0.010238803692683297
5.087168,0.010574502174410621
5.087634,0.010238803692683297
5.088099,0.010406652933546959
5.088565,0.010574502174410621
5.089030,0.010406652933546959
5.089496,0.010070954451819639
5.089961,0.009903105210955977
5.090427,0.009903105210955977
5.090892,0.009903105210955977
5.091358,0.010574502174410621
5.091823,0.011078049897001601
5.092289,0.010574502174410621
5.092754,0.011245899137865261
5.093220,0.011581597619592583
5.093685,0.011917296101319903
5.094151,0.011749446860456245
5.094616,0.011749446860456245
5.095082,0.011917296101319903
5.095547,0.011245899137865261
5.096013,0.010910200656137941
5.096478,0.010574502174410621
5.096944,0.010574502174410621
5.097409,0.010238803692683297
5.097875,0.009231708247501335
5.098340,0.009231708247501335
5.098806,0.009231708247501335
5.099271,0.009231708247501335
5.099737,0.009399557488364994
5.100202,0.009231708247501335
5.100668,0.008896009765774012
5.101134,0.008560311284046692
5.101599,0.008560311284046692
5.102065,0.008560311284046692
5.102530,0.008896009765774012
5.102996,0.008560311284046692
5.103461,0.008560311284046692
5.103927,0.008896009765774012
5.104392,0.009231708247501335
5.104858,0.009567406729228655
5.105323,0.009567406729228655
5.105789,0.009903105210955977
5.106254,0.009903105210955977
5.106720,0.010574502174410621
5.107185,0.010910200656137941
5.107651,0.011917296101319903
5.108116,0.012252994583047227
5.108582,0.012252994583047227
5.109047,0.012252994583047227
5.109513,0.012588693064774548
5.109978,0.01292439154650187
5.110444,0.01326009002822919
5.110909,0.01376363775082017
5.111375,0.01359578850995651
5.111840,0.01359578850995651
5.112306,0.01326009002822919
5.112771,0.012588693064774548
5.113237,0.012420843823910887
5.113702,0.012252994583047227
5.114168,0.012252994583047227
5.114634,0.012420843823910887
5.115099,0.012756542305638208
5.115565,0.012252994583047227
5.116030,0.012588693064774548
5.116496,0.01292439154650187
5.116961,0.01292439154650187
5.117427,0.012588693064774548
5.117892,0.012420843823910887
5.118358,0.012588693064774548
5.118823,0.012252994583047227
5.119289,0.012252994583047227
5.119754,0.011917296101319903
5.120220,0.011917296101319903
5.120685,0.011078049897001601
5.121151,0.010574502174410621
5.121616,0.011078049897001601
5.122082,0.010742351415274281
5.122547,0.010574502174410621
5.123013,0.010238803692683297
5.123478,0.010406652933546959
5.123944,0.010238803692683297
5.124409,0.010238803692683297
5.124875,0.010070954451819639
5.125340,0.010574502174410621
5.125806,0.011078049897001601
5.126271,0.011245899137865261
5.126737,0.011078049897001601
5.127202,0.011245899137865261
5.127668,0.011749446860456245
5.128134,0.011917296101319903
5.128599,0.012252994583047227
5.129065,0.012588693064774548
5.129530,0.012252994583047227
5.129996,0.012588693064774548
5.130461,0.012588693064774548
5.130927,0.012588693064774548
5.131392,0.012588693064774548
5.131858,0.01292439154650187
5.132323,0.012588693064774548
5.132789,0.01292439154650187
5.133254,0.01292439154650187
5.133720,0.01326009002822919
5.134185,0.01326009002822919
5.134651,0.01326009002822919
5.135116,0.01376363775082017
5.135582,0.01292439154650187
5.136047,0.012252994583047227
5.136513,0.011917296101319903
5.136978,0.011917296101319903
5.137444,0.012420843823910887
5.137909,0.012252994583047227
5.138375,0.012588693064774548
5.138840,0.012252994583047227
5.139306,0.012420843823910887
5.139771,0.011581597619592583
5.140237,0.010574502174410621
5.140702,0.010574502174410621
5.141168,0.010238803692683297
5.141633,0.010070954451819639
5.142099,0.010238803692683297
5.142565,0.009231708247501335
5.143030,0.009063859006637675
5.143496,0.009231708247501335
5.143961,0.009735255970092317
5.144427,0.009567406729228655
5.144892,0.009903105210955977
5.145358,0.010238803692683297
5.145823,0.010238803692683297
5.146289,0.010574502174410621
5.146754,0.011245899137865261
5.147220,0.011749446860456245
5.147685,0.011917296101319903
5.148151,0.011917296101319903
5.148616,0.011917296101319903
5.149082,0.011581597619592583
5.149547,0.011581597619592583
5.150013,0.011581597619592583
5.150478,0.011917296101319903
5.150944,0.011917296101319903
5.151409,0.012420843823910887
5.151875,0.012588693064774548
5.152340,0.011917296101319903
5.152806,0.011245899137865261
5.153271,0.010574502174410621
5.153737,0.010574502174410621
5.154202,0.011078049897001601
5.154668,0.011245899137865261
5.155133,0.010910200656137941
5.155599,0.010910200656137941
5.156065,0.010910200656137941
5.156530,0.011245899137865261
5.156996,0.011245899137865261
5.157461,0.011245899137865261
5.157927,0.011581597619592583
5.158392,0.011245899137865261
5.158858,0.011917296101319903
5.159323,0.012252994583047227
5.159789,0.011917296101319903
5.160254,0.011581597619592583
5.160720,0.010910200656137941
5.161185,0.010910200656137941
5.161651,0.010574502174410621
5.162116,0.010742351415274281
5.162582,0.010574502174410621
5.163047,0.010574502174410621
5.163513,0.010238803692683297
5.163978,0.010574502174410621
5.164444,0.010574502174410621
5.164909,0.010910200656137941
5.165375,0.011245899137865261
5.165840,0.011245899137865261
5.166306,0.011245899137865261
5.166771,0.011917296101319903
5.167237,0.012252994583047227
5.167702,0.012588693064774548
5.168168,0.012588693064774548
5.168633,0.01326009002822919
5.169099,0.01326009002822919
5.169565,0.012420843823910887
5.170030,0.012756542305638208
5.170496,0.01292439154650187
5.170961,0.012420843823910887
5.171427,0.011917296101319903
5.171892,0.011413748378728923
5.172358,0.011749446860456245
5.172823,0.011245899137865261
5.173289,0.010910200656137941
5.173754,0.011245899137865261
5.174220,0.011245899137865261
5.174685,0.011749446860456245
5.175151,0.012252994583047227
5.175616,0.011917296101319903
5.176082,0.011245899137865261
5.176547,0.011245899137865261
5.177013,0.011245899137865261
5.177478,0.011245899137865261
5.177944,0.011581597619592583
5.178409,0.011917296101319903
5.178875,0.011749446860456245
5.179340,0.011245899137865261
5.179806,0.011581597619592583
5.180271,0.011581597619592583
5.180737,0.011917296101319903
5.181202,0.011917296101319903
5.181668,0.011917296101319903
5.182133,0.011917296101319903
5.182599,0.011581597619592583
5.183064,0.010910200656137941
5.183530,0.011078049897001601
5.183996,0.011078049897001601
5.184461,0.010574502174410621
5.184927,0.009903105210955977
5.185392,0.009903105210955977
5.185858,0.010574502174410621
5.186323,0.010910200656137941
5.186789,0.011078049897001601
5.187254,0.010574502174410621
5.187720,0.010574502174410621
5.188185,0.010574502174410621
5.188651,0.011078049897001601
5.189116,0.011917296101319903
5.189582,0.011917296101319903
5.190047,0.011581597619592583
5.190513,0.011917296101319903
5.190978,0.011413748378728923
5.191444,0.011917296101319903
5.191909,0.011917296101319903
5.192375,0.011749446860456245
5.192840,0.011917296101319903
5.193306,0.012252994583047227
5.193771,0.012252994583047227
5.194237,0.012252994583047227
5.194702,0.012252994583047227
5.195168,0.011917296101319903
5.195633,0.011581597619592583
5.196099,0.011581597619592583
5.196564,0.011245899137865261
5.197030,0.010574502174410621
5.197496,0.010574502174410621
5.197961,0.009903105210955977
5.198427,0.010238803692683297
5.198892,0.010574502174410621
5.199358,0.010574502174410621
5.199823,0.009903105210955977
5.200289,0.009567406729228655
5.200754,0.009231708247501335
5.201220,0.009735255970092317
5.201685,0.009903105210955977
5.202151,0.009903105210955977
5.202616,0.010238803692683297
5.203082,0.010070954451819639
5.203547,0.010574502174410621
5.204013,0.010910200656137941
5.204478,0.010910200656137941
5.204944,0.010910200656137941
5.205409,0.010910200656137941
5.205875,0.010910200656137941
5.206340,0.011581597619592583
5.206806,0.011581597619592583
5.207271,0.011749446860456245
5.207737,0.011245899137865261
5.208202,0.011917296101319903
5.208668,0.011581597619592583
5.209133,0.011245899137865261
5.209599,0.011245899137865261
5.210064,0.011078049897001601
5.210530,0.011749446860456245
5.210996,0.011749446860456245
5.211461,0.011245899137865261
5.211927,0.011581597619592583
5.212392,0.011917296101319903
5.212858,0.012588693064774548
5.213323,0.012588693064774548
5.213789,0.012588693064774548
5.214254,0.011917296101319903
5.214720,0.012252994583047227
5.215185,0.011917296101319903
5.215651,0.012252994583047227
5.216116,0.012420843823910887
5.216582,0.012252994583047227
5.217047,0.011749446860456245
5.217513,0.011245899137865261
5.217978,0.012252994583047227
5.218444,0.012252994583047227
5.218909,0.011917296101319903
5.219375,0.011749446860456245
5.219840,0.011749446860456245
5.220306,0.011245899137865261
5.220771,0.011581597619592583
5.221237,0.010742351415274281
5.221702,0.010910200656137941
5.222168,0.011078049897001601
5.222633,0.011078049897001601
5.223099,0.010574502174410621
5.223564,0.011078049897001601
5.224030,0.011749446860456245
5.224495,0.011917296101319903
5.224961,0.011917296101319903
5.225427,0.011917296101319903
5.225892,0.011245899137865261
5.226358,0.011245899137865261
5.226823,0.011245899137865261
5.227289,0.011245899137865261
5.227754,0.011581597619592583
5.228220,0.011245899137865261
5.228685,0.011581597619592583
5.229151,0.011917296101319903
5.229616,0.011917296101319903
5.230082,0.012588693064774548
5.230547,0.012588693064774548
5.231013,0.012420843823910887
5.231478,0.012252994583047227
5.231944,0.012588693064774548
5.232409,0.012588693064774548
5.232875,0.012420843823910887
5.233340,0.012588693064774548
5.233806,0.012588693064774548
5.234271,0.01292439154650187
5.234737,0.01359578850995651
5.235202,0.013931486991683832
5.235668,0.013931486991683832
5.236133,0.013931486991683832
5.236599,0.013931486991683832
5.237064,0.01326009002822919
5.237530,0.01326009002822919
5.237995,0.01326009002822919
5.238461,0.01326009002822919
5.238927,0.012756542305638208
5.239392,0.011917296101319903
5.239858,0.011917296101319903
5.240323,0.011581597619592583
5.240789,0.011245899137865261
5.241254,0.011245899137865261
5.241720,0.010574502174410621
5.242185,0.010574502174410621
5.242651,0.009903105210955977
5.243116,0.009903105210955977
5.243582,0.009567406729228655
5.244047,0.009231708247501335
5.244513,0.009735255970092317
5.244978,0.009903105210955977
5.245444,0.009903105210955977
5.245909,0.009567406729228655
5.246375,0.009231708247501335
5.246840,0.009231708247501335
5.247306,0.009231708247501335
5.247771,0.009231708247501335
5.248237,0.009735255970092317
5.248702,0.010238803692683297
5.249168,0.010238803692683297
5.249633,0.010238803692683297
5.250099,0.010238803692683297
5.250564,0.010910200656137941
5.251030,0.011245899137865261
5.251495,0.011581597619592583
5.251961,0.011917296101319903
5.252427,0.011917296101319903
5.252892,0.011917296101319903
5.253358,0.012420843823910887
5.253823,0.012588693064774548
5.254289,0.012588693064774548
5.254754,0.01292439154650187
5.255220,0.012588693064774548
5.255685,0.012588693064774548
5.256151,0.012252994583047227
5.256616,0.011917296101319903
5.257082,0.011581597619592583
5.257547,0.011581597619592583
5.258013,0.011581597619592583
5.258478,0.011749446860456245
5.258944,0.011078049897001601
5.259409,0.011413748378728923
5.259875,0.011245899137865261
5.260340,0.011078049897001601
5.260806,0.010238803692683297
5.261271,0.010070954451819639
5.261737,0.010238803692683297
5.262202,0.010910200656137941
5.262668,0.011078049897001601
5.263133,0.010910200656137941
5.263599,0.010574502174410621
5.264064,0.010574502174410621
5.264530,0.010574502174410621
5.264995,0.010406652933546959
5.265461,0.010574502174410621
5.265926,0.011581597619592583
5.266392,0.012252994583047227
5.266858,0.012588693064774548
5.267323,0.012588693064774548
5.267789,0.01326009002822919
5.268254,0.01326009002822919
5.268720,0.01326009002822919
5.269185,0.01326009002822919
5.269651,0.01326009002822919
5.270116,0.01359578850995651
5.270582,0.013931486991683832
5.271047,0.013931486991683832
5.271513,0.014099336232547494
5.271978,0.013931486991683832
5.272444,0.013931486991683832
5.272909,0.014099336232547494
5.273375,0.013931486991683832
5.273840,0.01359578850995651
5.274306,0.01359578850995651
5.274771,0.01359578850995651
5.275237,0.01359578850995651
5.275702,0.01359578850995651
5.276168,0.01326009002822919
5.276633,0.01292439154650187
5.277099,0.012588693064774548
5.277564,0.011917296101319903
5.278030,0.011245899137865261
5.278495,0.011581597619592583
5.278961,0.011245899137865261
5.279426,0.010910200656137941
5.279892,0.010574502174410621
5.280358,0.009903105210955977
5.280823,0.009735255970092317
5.281289,0.009735255970092317
5.281754,0.009567406729228655
5.282220,0.008896009765774012
5.282685,0.008224612802319372
5.283151,0.008560311284046692
5.283616,0.008896009765774012
5.284082,0.008896009765774012
5.284547,0.009231708247501335
5.285013,0.009567406729228655
5.285478,0.010238803692683297
5.285944,0.010238803692683297
5.286409,0.010406652933546959
5.286875,0.010574502174410621
5.287340,0.010910200656137941
5.287806,0.010574502174410621
5.288271,0.010910200656137941
5.288737,0.011245899137865261
5.289202,0.010910200656137941
5.289668,0.011581597619592583
5.290133,0.011917296101319903
5.290599,0.011749446860456245
5.291064,0.011245899137865261
5.291530,0.011917296101319903
5.291995,0.011917296101319903
5.292461,0.011581597619592583
5.292926,0.011581597619592583
5.293392,0.011581597619592583
5.293858,0.012252994583047227
5.294323,0.012588693064774548
5.294789,0.01326009002822919
5.295254,0.01326009002822919
5.295720,0.013092240787365528
5.296185,0.012756542305638208
5.296651,0.012588693064774548
5.297116,0.011917296101319903
5.297582,0.011581597619592583
5.298047,0.011917296101319903
5.298513,0.011917296101319903
5.298978,0.011581597619592583
5.299444,0.011245899137865261
5.299909,0.011245899137865261
5.300375,0.011245899137865261
5.300840,0.010574502174410621
5.301306,0.010574502174410621
5.301771,0.010910200656137941
5.302237,0.010406652933546959
5.302702,0.010070954451819639
5.303168,0.009735255970092317
5.303633,0.009903105210955977
5.304099,0.010238803692683297
5.304564,0.009567406729228655
5.305030,0.009567406729228655
5.305495,0.009567406729228655
5.305961,0.009567406729228655
5.306426,0.009735255970092317
5.306892,0.009903105210955977
5.307357,0.010574502174410621
5.307823,0.010574502174410621
5.308289,0.010574502174410621
5.308754,0.011245899137865261
5.309220,0.011581597619592583
5.309685,0.011917296101319903
5.310151,0.012252994583047227
5.310616,0.012420843823910887
5.311082,0.013092240787365528
5.311547,0.012588693064774548
5.312013,0.012252994583047227
5.312478,0.011917296101319903
5.312944,0.011917296101319903
5.313409,0.011917296101319903
5.313875,0.01292439154650187
5.314340,0.012588693064774548
5.314806,0.011917296101319903
5.315271,0.011749446860456245
5.315737,0.010574502174410621
5.316202,0.010574502174410621
5.316668,0.010910200656137941
5.317133,0.011245899137865261
5.317599,0.011245899137865261
5.318064,0.011078049897001601
5.318530,0.010910200656137941
5.318995,0.011245899137865261
5.319461,0.011245899137865261
5.319926,0.010910200656137941
5.320392,0.010574502174410621
5.320857,0.010238803692683297
5.321323,0.009231708247501335
5.321789,0.009231708247501335
5.322254,0.009903105210955977
5.322720,0.010574502174410621
5.323185,0.010910200656137941
5.323651,0.010910200656137941
5.324116,0.010910200656137941
5.324582,0.010574502174410621
5.325047,0.010574502174410621
5.325513,0.010070954451819639
5.325978,0.009903105210955977
5.326444,0.009903105210955977
5.326909,0.010406652933546959
5.327375,0.010574502174410621
5.327840,0.010574502174410621
5.328306,0.010574502174410621
5.328771,0.010910200656137941
5.329237,0.011581597619592583
5.329702,0.012420843823910887
5.330168,0.012756542305638208
5.330633,0.01292439154650187
5.331099,0.01326009002822919
5.331564,0.01326009002822919
5.332030,0.01326009002822919
5.332495,0.01359578850995651
5.332961,0.01359578850995651
5.333426,0.01326009002822919
5.333892,0.01326009002822919
5.334357,0.013931486991683832
5.334823,0.014267185473411156
5.335289,0.01359578850995651
5.335754,0.01326009002822919
5.336220,0.01326009002822919
5.336685,0.012588693064774548
5.337151,0.01292439154650187
5.337616,0.012252994583047227
5.338082,0.011245899137865261
5.338547,0.011917296101319903
5.339013,0.011917296101319903
5.339478,0.011245899137865261
5.339944,0.010238803692683297
5.340409,0.010574502174410621
5.340875,0.010238803692683297
5.341340,0.009903105210955977
5.341806,0.009735255970092317
5.342271,0.010238803692683297
5.342737,0.010406652933546959
5.343202,0.009567406729228655
5.343668,0.009231708247501335
5.344133,0.008896009765774012
5.344599,0.009231708247501335
5.345064,0.009063859006637675
5.345530,0.009231708247501335
5.345995,0.009231708247501335
5.346461,0.009567406729228655
5.346926,0.009567406729228655
5.347392,0.009567406729228655
5.347857,0.010406652933546959
5.348323,0.010574502174410621
5.348788,0.010574502174410621
5.349254,0.010238803692683297
5.349720,0.010910200656137941
5.350185,0.011749446860456245
5.350651,0.011917296101319903
5.351116,0.011581597619592583
5.351582,0.011581597619592583
5.352047,0.012252994583047227
5.352513,0.012756542305638208
5.352978,0.012588693064774548
5.353444,0.011917296101319903
5.353909,0.012252994583047227
5.354375,0.01292439154650187
5.354840,0.01292439154650187
5.355306,0.012756542305638208
5.355771,0.012588693064774548
5.356237,0.012420843823910887
5.356702,0.012252994583047227
5.357168,0.011917296101319903
5.357633,0.011581597619592583
5.358099,0.011581597619592583
5.358564,0.011581597619592583
5.359030,0.011245899137865261
5.359495,0.011581597619592583
5.359961,0.011581597619592583
5.360426,0.010910200656137941
5.360892,0.010406652933546959
5.361357,0.010238803692683297
5.361823,0.009903105210955977
5.362288,0.009735255970092317
5.362754,0.009567406729228655
5.363220,0.010238803692683297
5.363685,0.010574502174410621
5.364151,0.010574502174410621
5.364616,0.011245899137865261
5.365082,0.011749446860456245
5.365547,0.011917296101319903
5.366013,0.011917296101319903
5.366478,0.012588693064774548
5.366944,0.012588693064774548
5.367409,0.012756542305638208
5.367875,0.012420843823910887
5.368340,0.011917296101319903
5.368806,0.012588693064774548
5.369271,0.013092240787365528
5.369737,0.01359578850995651
5.370202,0.01376363775082017
5.370668,0.01326009002822919
5.371133,0.01292439154650187
5.371599,0.01292439154650187
5.372064,0.013092240787365528
5.372530,0.01326009002822919
5.372995,0.01326009002822919
5.373461,0.013092240787365528
5.373926,0.01326009002822919
5.374392,0.01326009002822919
5.374857,0.01326009002822919
5.375323,0.01326009002822919
5.375788,0.01292439154650187
5.376254,0.012588693064774548
5.376720,0.012588693064774548
5.377185,0.01292439154650187
5.377651,0.01292439154650187
5.378116,0.01292439154650187
5.378582,0.012420843823910887
5.379047,0.011917296101319903
5.379513,0.011245899137865261
5.379978,0.009903105210955977
5.380444,0.009063859006637675
5.380909,0.009231708247501335
5.381375,0.009231708247501335
5.381840,0.009231708247501335
5.382306,0.008896009765774012
5.382771,0.008728160524910353
5.383237,0.008560311284046692
5.383702,0.008392462043183033
5.384168,0.008896009765774012
5.384633,0.008560311284046692
5.385099,0.008560311284046692
5.385564,0.008896009765774012
5.386030,0.009063859006637675
5.386495,0.008896009765774012
5.386961,0.008560311284046692
5.387426,0.009063859006637675
5.387892,0.009231708247501335
5.388357,0.010070954451819639
5.388823,0.010238803692683297
5.389288,0.010910200656137941
5.389754,0.011581597619592583
5.390219,0.012420843823910887
5.390685,0.01326009002822919
5.391151,0.013931486991683832
5.391616,0.014267185473411156
5.392082,0.013931486991683832
5.392547,0.014267185473411156
5.393013,0.014267185473411156
5.393478,0.01359578850995651
5.393944,0.01326009002822919
5.394409,0.01326009002822919
5.394875,0.01326009002822919
5.395340,0.01292439154650187
5.395806,0.01326009002822919
5.396271,0.013931486991683832
5.396737,0.014267185473411156
5.397202,0.01376363775082017
5.397668,0.014099336232547494
5.398133,0.014435034714274816
5.398599,0.014938582436865796
5.399064,0.014938582436865796
5.399530,0.014602883955138474
5.399995,0.014938582436865796
5.400461,0.014602883955138474
5.400926,0.014602883955138474
5.401392,0.014602883955138474
5.401857,0.01527428091859312
5.402323,0.015106431677729458
5.402788,0.014602883955138474
5.403254,0.014938582436865796
5.403719,0.014770733196002136
5.404185,0.014602883955138474
5.404651,0.015106431677729458
5.405116,0.01560997940032044
5.405582,0.01527428091859312
5.406047,0.014602883955138474
5.406513,0.014267185473411156
5.406978,0.013931486991683832
5.407444,0.013931486991683832
5.407909,0.01326009002822919
5.408375,0.01292439154650187
5.408840,0.012252994583047227
5.409306,0.011917296101319903
5.409771,0.011917296101319903
5.410237,0.011917296101319903
5.410702,0.012252994583047227
5.411168,0.012588693064774548
5.411633,0.012588693064774548
5.412099,0.012252994583047227
5.412564,0.011917296101319903
5.413030,0.011581597619592583
5.413495,0.011749446860456245
5.413961,0.011413748378728923
5.414426,0.010910200656137941
5.414892,0.010910200656137941
5.415357,0.011245899137865261
5.415823,0.011245899137865261
5.416288,0.010574502174410621
5.416754,0.010574502174410621
5.417219,0.010574502174410621
5.417685,0.010574502174410621
5.418151,0.010406652933546959
5.418616,0.010406652933546959
5.419082,0.010238803692683297
5.419547,0.009903105210955977
5.420013,0.009903105210955977
5.420478,0.009903105210955977
5.420944,0.009903105210955977
5.421409,0.009735255970092317
5.421875,0.009567406729228655
5.422340,0.010070954451819639
5.422806,0.010574502174410621
5.423271,0.011245899137865261
5.423737,0.011581597619592583
5.424202,0.011245899137865261
5.424668,0.010574502174410621
5.425133,0.010574502174410621
5.425599,0.010238803692683297
5.426064,0.010406652933546959
5.426530,0.009903105210955977
5.426995,0.009735255970092317
5.427461,0.009903105210955977
5.427926,0.009903105210955977
5.428392,0.009567406729228655
5.428857,0.009735255970092317
5.429323,0.009735255970092317
5.429788,0.009735255970092317
5.430254,0.009735255970092317
5.430719,0.009567406729228655
5.431185,0.009567406729228655
5.431650,0.009735255970092317
5.432116,0.009231708247501335
5.432582,0.009231708247501335
5.433047,0.009063859006637675
5.433513,0.008896009765774012
5.433978,0.008560311284046692
5.434444,0.008560311284046692
5.434909,0.008896009765774012
5.435375,0.008560311284046692
5.435840,0.009231708247501335
5.436306,0.009231708247501335
5.436771,0.009231708247501335
5.437237,0.009567406729228655
5.437702,0.009567406729228655
5.438168,0.009231708247501335
5.438633,0.009063859006637675
5.439099,0.009063859006637675
5.439564,0.009231708247501335
5.440030,0.009567406729228655
5.440495,0.009567406729228655
5.440961,0.009903105210955977
5.441426,0.009567406729228655
5.441892,0.009903105210955977
5.442357,0.010070954451819639
5.442823,0.010238803692683297
5.443288,0.010406652933546959
5.443754,0.010910200656137941
5.444219,0.011245899137865261
5.444685,0.011245899137865261
5.445150,0.011245899137865261
5.445616,0.011749446860456245
5.446082,0.011245899137865261
5.446547,0.010238803692683297
5.447013,0.006881818875410085
5.447478,-0.00016784924086366064
5.447944,-0.006210421911955443
5.448409,-0.008224612802319372
5.448875,-0.007553215838864729
5.449340,-0.004867627985046159
5.449806,-0.0015106431677729458
5.450271,0.004196231021591517
5.450737,0.009735255970092317
5.451202,0.01560997940032044
5.451668,0.020141908903639278
5.452133,0.022323949034866862
5.452599,0.022323949034866862
5.453064,0.020645456626230255
5.453530,0.019806210421911954
5.453995,0.01829556725413901
5.454461,0.017624170290684367
5.454926,0.01695277332722972
5.455392,0.016449225604638743
5.455857,0.01628137636377508
5.456323,0.01560997940032044
5.456788,0.014770733196002136
5.457254,0.014267185473411156
5.457719,0.013092240787365528
5.458185,0.012588693064774548
5.458650,0.01326009002822919
5.459116,0.012588693064774548
5.459582,0.011245899137865261
5.460047,0.010574502174410621
5.460513,0.011078049897001601
5.460978,0.010574502174410621
5.461444,0.010574502174410621
5.461909,0.010574502174410621
5.462375,0.010574502174410621
5.462840,0.010574502174410621
5.463306,0.010070954451819639
5.463771,0.009567406729228655
5.464237,0.009903105210955977
5.464702,0.009903105210955977
5.465168,0.010238803692683297
5.465633,0.010238803692683297
5.466099,0.010238803692683297
5.466564,0.010406652933546959
5.467030,0.010574502174410621
5.467495,0.011245899137865261
5.467961,0.012252994583047227
5.468426,0.012588693064774548
5.468892,0.012588693064774548
5.469357,0.01326009002822919
5.469823,0.01326009002822919
5.470288,0.01326009002822919
5.470754,0.01326009002822919
5.471219,0.01376363775082017
5.471685,0.014435034714274816
5.472150,0.014435034714274816
5.472616,0.013931486991683832
5.473081,0.013931486991683832
5.473547,0.013931486991683832
5.474013,0.014267185473411156
5.474478,0.013931486991683832
5.474944,0.01326009002822919
5.475409,0.01326009002822919
5.475875,0.01326009002822919
5.476340,0.01326009002822919
5.476806,0.01292439154650187
5.477271,0.01292439154650187
5.477737,0.01292439154650187
5.478202,0.01326009002822919
5.478668,0.012420843823910887
5.479133,0.011581597619592583
5.479599,0.011749446860456245
5.480064,0.011245899137865261
5.480530,0.011581597619592583
5.480995,0.011078049897001601
5.481461,0.010574502174410621
5.481926,0.010238803692683297
5.482392,0.010238803692683297
5.482857,0.011245899137865261
5.483323,0.010910200656137941
5.483788,0.011078049897001601
5.484254,0.011245899137865261
5.484719,0.010910200656137941
5.485185,0.011245899137865261
5.485650,0.011581597619592583
5.486116,0.011413748378728923
5.486581,0.011245899137865261
5.487047,0.011581597619592583
5.487513,0.011917296101319903
5.487978,0.011581597619592583
5.488444,0.011917296101319903
5.488909,0.012588693064774548
5.489375,0.012588693064774548
5.489840,0.013092240787365528
5.490306,0.01326009002822919
5.490771,0.01359578850995651
5.491237,0.013931486991683832
5.491702,0.014267185473411156
5.492168,0.013931486991683832
5.492633,0.01359578850995651
5.493099,0.01326009002822919
5.493564,0.01359578850995651
5.494030,0.01359578850995651
5.494495,0.01326009002822919
5.494961,0.01292439154650187
5.495426,0.011917296101319903
5.495892,0.011917296101319903
5.496357,0.011749446860456245
5.496823,0.011749446860456245
5.497288,0.011917296101319903
5.497754,0.011749446860456245
5.498219,0.011917296101319903
5.498685,0.011245899137865261
5.499150,0.010574502174410621
5.499616,0.010574502174410621
5.500081,0.010238803692683297
5.500547,0.010406652933546959
5.501012,0.010574502174410621
5.501478,0.010238803692683297
5.501944,0.009735255970092317
5.502409,0.009231708247501335
5.502875,0.009063859006637675
5.503340,0.008896009765774012
5.503806,0.008896009765774012
5.504271,0.008560311284046692
5.504737,0.008896009765774012
5.505202,0.008560311284046692
5.505668,0.009231708247501335
5.506133,0.011245899137865261
5.506599,0.01376363775082017
5.507064,0.01628137636377508
5.507530,0.018631265735866327
5.507995,0.021820401312275882
5.508461,0.025345235370412753
5.508926,0.029877164873731592
5.509392,0.03474479285877775
5.509857,0.03978027008468757
5.510323,0.04515144579232471
5.510788,0.049515526054779886
5.511254,0.05304036011291676
5.511719,0.05656519417105363
5.512185,0.058915083543144876
5.512650,0.06126497291523613
5.513116,0.062272068360418105
5.513581,0.06092927443350881
5.514047,0.057572289616235596
5.514512,0.053208209353780414
5.514978,0.04917982757305257
5.515444,0.044815747310597384
5.515909,0.04061951628900587
5.516375,0.035416189822232394
5.516840,0.030045014114595252
5.517306,0.024673838406958113
5.517771,0.019302662699320974
5.518237,0.01326009002822919
5.518702,0.00788891432059205
5.519168,0.0021820401312275884
5.519633,-0.0052033264667734795
5.520099,-0.01326009002822919
5.520564,-0.0213168535896849
5.521030,-0.028702220187685965
5.521495,-0.035248340581368734
5.521961,-0.040451667048142216
5.522426,-0.04515144579232471
5.522892,-0.049347676813916226
5.523357,-0.05119401846341649
5.523823,-0.051865415426871134
5.524288,-0.051361867704280154
5.524754,-0.049851224536507206
5.525219,-0.04716563668268864
5.525685,-0.04313725490196078
5.526150,-0.03843747615777828
5.526616,-0.033401998931868467
5.527081,-0.029037918669413288
5.527547,-0.024673838406958113
5.528012,-0.019974059662775615
5.528478,-0.013931486991683832
5.528944,-0.00788891432059205
5.529409,-0.0006713969634546426
5.529875,0.006881818875410085
5.530340,0.01326009002822919
5.530806,0.018631265735866327
5.531271,0.024338139925230793
5.531737,0.02937361715114061
5.532202,0.03407339589532311
5.532668,0.037598229953459975
5.533133,0.03944457160296025
5.533599,0.040451667048142216
5.534064,0.03978027008468757
5.534530,0.03810177767605096
5.534995,0.03675898374914168
5.535461,0.03474479285877775
5.535926,0.03054856183718624
5.536392,0.0260166323338674
5.536857,0.021652552071412222
5.537323,0.017288471808957043
5.537788,0.011245899137865261
5.538254,0.004531929503318838
5.538719,-0.0023498893720912484
5.539185,-0.009567406729228655
5.539650,-0.01695277332722972
5.540116,-0.02366674296177615
5.540581,-0.029709315632867935
5.541047,-0.03608758678568704
5.541512,-0.042465857938506144
5.541978,-0.04716563668268864
5.542443,-0.051361867704280154
5.542909,-0.05421530479896238
5.543375,-0.05555809872587166
5.543840,0.4197909514000152
5.544306,3.708628976882582
5.544771,5.487830930037385
5.545237,5.491187914854658
5.545702,5.491523613336385
5.546168,5.492530708781567
5.546633,5.492530708781567
5.547099,5.4918593118181125
5.547564,5.4918593118181125
5.548030,5.4918593118181125
5.548495,5.492530708781567
5.548961,5.492530708781567
5.549426,5.492530708781567
5.549892,5.492530708781567
5.550357,5.493034256504157
5.550823,3.5669642175936525
5.551288,-4.442801556420234
5.551754,-5.487495231555656
5.552219,-5.491691462577248
5.552685,-5.4928664072632944
5.553150,-5.493369954985885
5.553616,-5.493705653467612
5.554081,-5.493873502708476
5.554547,-5.493873502708476
5.555012,-5.49404135194934
5.555478,-5.494209201190204
5.555943,-4.653116655222401
5.556409,0.8796978713664453
5.556875,5.465003433279927
5.557340,5.489845120927748
5.557806,5.490516517891203
5.558271,5.492530708781567
5.558737,5.4928664072632944
5.559202,5.493202105745021
5.559668,5.493202105745021
5.560133,5.493202105745021
5.560599,5.493202105745021
5.561064,5.493202105745021
5.561530,5.493202105745021
5.561995,5.493202105745021
5.562461,5.493202105745021
5.562926,5.493202105745021
5.563392,5.493202105745021
5.563857,5.493202105745021
5.564323,5.4928664072632944
5.564788,5.493202105745021
5.565254,5.492530708781567
5.565719,5.493202105745021
5.566185,5.493202105745021
5.566650,5.493202105745021
5.567116,5.493202105745021
5.567581,5.492530708781567
5.568047,5.492530708781567
5.568512,5.4928664072632944
5.568978,2.509849698634317
5.569443,-5.250827801937896
5.569909,-5.489173723964294
5.570375,-5.4923628595407035
5.570840,-5.493034256504157
5.571306,-5.493537804226749
5.571771,-5.493705653467612
5.572237,-5.493873502708476
5.572702,-5.493873502708476
5.573168,-5.493873502708476
5.573633,-5.49404135194934
5.574099,-5.494209201190204
5.574564,-5.494209201190204
5.575030,-5.494377050431067
5.575495,-5.494209201190204
5.575961,-5.49454489967193
5.576426,-5.494209201190204
5.576892,-5.494209201190204
5.577357,-5.494377050431067
5.577823,-5.494209201190204
5.578288,-5.494377050431067
5.578754,-5.49454489967193
5.579219,-1.2293278400854504
5.579685,5.401220721751735
5.580150,5.489845120927748
5.580616,5.4918593118181125
5.581081,5.4918593118181125
5.581547,5.492530708781567
5.582012,5.4928664072632944
5.582478,5.493202105745021
5.582943,5.493202105745021
5.583409,5.493873502708476
5.583874,5.493202105745021
5.584340,5.493202105745021
5.584806,5.493202105745021
5.585271,5.493202105745021
5.585737,5.493202105745021
5.586202,5.493202105745021
5.586668,5.493202105745021
5.587133,5.4928664072632944
5.587599,5.4928664072632944
5.588064,5.492530708781567
5.588530,5.493202105745021
5.588995,5.492530708781567
5.589461,-0.9485160601205462
5.589926,-5.468192568856336
5.590392,-5.491187914854658
5.590857,-5.492530708781567
5.591323,-5.493369954985885
5.591788,-5.493705653467612
5.592254,-5.493873502708476
5.592719,-5.493873502708476
5.593185,-5.493873502708476
5.593650,-5.494209201190204
5.594116,-5.49404135194934
5.594581,-5.494209201190204
5.595047,-5.494377050431067
5.595512,-5.494209201190204
5.595978,-5.494377050431067
5.596443,-5.494377050431067
5.596909,-5.494377050431067
5.597374,-5.494377050431067
5.597840,-5.494377050431067
5.598306,-5.494209201190204
5.598771,-5.494377050431067
5.599237,-2.233066300450141
5.599702,5.15246814679179
5.600168,5.489173723964294
5.600633,5.491187914854658
5.601099,5.4918593118181125
5.601564,5.4923628595407035
5.602030,5.4918593118181125
5.602495,5.4928664072632944
5.602961,5.493202105745021
5.603426,5.492530708781567
5.603892,5.4928664072632944
5.604357,5.493202105745021
5.604823,5.493202105745021
5.605288,5.492530708781567
5.605754,5.493202105745021
5.606219,5.493034256504157
5.606685,4.9893186846723125
5.607150,0.2845044632639048
5.607616,-3.4644083314259557
5.608081,-5.482124055848019
5.608547,-5.491691462577248
5.609012,-5.4928664072632944
5.609478,-5.493369954985885
5.609943,-5.493537804226749
5.610409,-5.493873502708476
5.610874,-5.49404135194934
5.611340,-5.494209201190204
5.611806,-5.49404135194934
5.612271,-5.49404135194934
5.612737,-5.494377050431067
5.613202,-5.494209201190204
5.613668,-5.494377050431067
5.614133,-5.494377050431067
5.614599,-5.49454489967193
5.615064,-5.494377050431067
5.615530,-5.494209201190204
5.615995,-5.494377050431067
5.616461,-5.494377050431067
5.616926,-5.494377050431067
5.617392,-5.494377050431067
5.617857,-5.494377050431067
5.618323,-5.494377050431067
5.618788,-5.494377050431067
5.619254,0.6490730144197757
5.619719,5.479102769512474
5.620185,5.490516517891203
5.620650,5.492530708781567
5.621116,5.493202105745021
5.621581,5.4928664072632944
5.622047,5.493202105745021
5.622512,5.492530708781567
5.622978,5.493202105745021
5.623443,5.493202105745021
5.623909,5.493202105745021
5.624374,5.493202105745021
5.624840,5.493202105745021
5.625305,5.493202105745021
5.625771,5.493202105745021
5.626237,5.492530708781567
5.626702,5.493202105745021
5.627168,5.493202105745021
5.627633,5.493202105745021
5.628099,5.493034256504157
5.628564,5.493202105745021
5.629030,5.4928664072632944
5.629495,5.493202105745021
5.629961,-1.593560692759594
5.630426,-5.470374608987564
5.630892,-5.491187914854658
5.631357,-5.4928664072632944
5.631823,-5.493369954985885
5.632288,-5.493369954985885
5.632754,-5.493705653467612
5.633219,-5.493873502708476
5.633685,-5.49404135194934
5.634150,-5.49404135194934
5.634616,-5.49404135194934
5.635081,-5.49404135194934
5.635547,-5.49404135194934
5.636012,-5.49404135194934
5.636478,-5.494209201190204
5.636943,-5.494209201190204
5.637409,-5.494209201190204
5.637874,-0.6186923018234531
5.638340,5.386449988555733
5.638805,5.489173723964294
5.639271,5.491187914854658
5.639737,5.492530708781567
5.640202,5.4928664072632944
5.640668,5.4928664072632944
5.641133,5.493202105745021
5.641599,5.493202105745021
5.642064,5.492530708781567
5.642530,5.493202105745021
5.642995,5.493202105745021
5.643461,5.493202105745021
5.643926,5.493202105745021
5.644392,5.493202105745021
5.644857,5.493873502708476
5.645323,5.493202105745021
5.645788,5.493705653467612
5.646254,5.493202105745021
5.646719,5.493202105745021
5.647185,5.493202105745021
5.647650,5.493202105745021
5.648116,5.493873502708476
5.648581,4.422323949034866
5.649047,1.1935759517814908
5.649512,0.2824902723735408
5.649978,-0.3785000381475548
5.650443,-1.5695582513160908
5.650909,-2.930144197756924
5.651374,-5.105470359349965
5.651840,-5.489341573205158
5.652305,-5.4923628595407035
5.652771,-5.493034256504157
5.653237,-5.493537804226749
5.653702,-5.493537804226749
5.654168,-5.493873502708476
5.654633,-5.493705653467612
5.655099,-5.49404135194934
5.655564,-5.49404135194934
5.656030,-5.494209201190204
5.656495,-5.49404135194934
5.656961,-5.494209201190204
5.657426,-5.494209201190204
5.657892,-5.494209201190204
5.658357,-5.494209201190204
5.658823,-5.494377050431067
5.659288,-5.494209201190204
5.659754,-5.494209201190204
5.660219,-5.494209201190204
5.660685,-5.494377050431067
5.661150,-5.494377050431067
5.661616,-5.494209201190204
5.662081,-5.494377050431067
5.662547,-5.494377050431067
5.663012,-5.494377050431067
5.663478,-5.494377050431067
5.663943,-5.494377050431067
5.664409,-5.148607614251927
5.664874,-1.527763790341039
5.665340,2.293324177920195
5.665805,5.422705424582284
5.666271,5.489509422446021
5.666736,5.4918593118181125
5.667202,5.4918593118181125
5.667668,5.492530708781567
5.668133,5.492530708781567
5.668599,5.492530708781567
5.669064,5.492530708781567
5.669530,5.4928664072632944
5.669995,5.492530708781567
5.670461,5.492530708781567
5.670926,5.4918593118181125
5.671392,5.4928664072632944
5.671857,5.493202105745021
5.672323,5.493034256504157
5.672788,5.4928664072632944
5.673254,5.4928664072632944
5.673719,5.493202105745021
5.674185,5.4918593118181125
5.674650,5.493202105745021
5.675116,5.493202105745021
5.675581,5.4918593118181125
5.676047,5.492530708781567
5.676512,5.492530708781567
5.676978,5.492530708781567
5.677443,5.4928664072632944
5.677909,5.493202105745021
5.678374,5.492530708781567
5.678840,5.493202105745021
5.679305,5.493202105745021
5.679771,5.492530708781567
5.680236,5.492530708781567
5.680702,5.493202105745021
5.681168,5.493202105745021
5.681633,5.493202105745021
5.682099,5.4928664072632944
5.682564,5.492530708781567
5.683030,5.493202105745021
5.683495,5.4928664072632944
5.683961,5.4928664072632944
5.684426,5.493202105745021
5.684892,5.493202105745021
5.685357,5.493202105745021
5.685823,5.492530708781567
5.686288,5.493202105745021
5.686754,5.4928664072632944
5.687219,5.4928664072632944
5.687685,5.4928664072632944
5.688150,5.4928664072632944
5.688616,5.493202105745021
5.689081,5.493202105745021
5.689547,5.4928664072632944
5.690012,5.493202105745021
5.690478,5.493202105745021
5.690943,5.493034256504157
5.691409,5.493202105745021
5.691874,5.493202105745021
5.692340,5.493202105745021
5.692805,5.493202105745021
5.693271,5.493202105745021
5.693736,5.493202105745021
5.694202,5.493202105745021
5.694668,5.493873502708476
5.695133,5.493202105745021
5.695599,5.493202105745021
5.696064,5.492530708781567
5.696530,5.4928664072632944
5.696995,5.430762188143739
5.697461,4.427695124742504
5.697926,2.31145189593347
5.698392,2.5262989242389557
5.698857,2.909666590371557
5.699323,2.5685969329365985
5.699788,1.9784390020599678
5.700254,1.5487449454489968
5.700719,1.2667582207980468
5.701185,1.0018921187151903
5.701650,1.4466926070038908
5.702116,4.617029068436713
5.702581,5.178988326848248
5.703047,5.1575036240177
5.703512,5.116548409246967
5.703978,5.062165255207141
5.704443,5.040344853894866
5.704909,5.0144960708018615
5.705374,4.978912031738766
5.705840,4.937117570763713
5.706305,4.886259250782024
5.706771,4.835904478522926
5.707236,4.7993133440146485
5.707702,4.774807354848554
5.708167,4.745601586938277
5.708633,4.685511558709087
5.709099,4.638513771267261
5.709564,4.617700465400167
5.710030,4.586480506599527
5.710495,4.550225070572976
5.710961,4.515648126955061
5.711426,4.471335927367056
5.711892,4.4458228427557795
5.712357,4.419638361181048
5.712823,4.374654764629588
5.713288,4.355855649652857
5.713754,4.325642786297397
5.714219,4.283344777599756
5.714685,4.257831692988479
5.715150,4.215533684290837
5.715616,4.181963836118105
5.716081,4.159136339360646
5.716547,4.132280460822461
5.717012,4.065140764476997
5.717478,1.8998855573357745
5.717943,-4.971694514381628
5.718409,-5.487327382314794
5.718874,-5.491187914854658
5.719340,-5.492027161058976
5.719805,-5.492698558022431
5.720271,-5.492698558022431
5.720736,-5.493034256504157
5.721202,-5.493034256504157
5.721667,-5.493034256504157
5.722133,-5.493034256504157
5.722599,-5.493369954985885
5.723064,-5.493202105745021
5.723530,-5.493369954985885
5.723995,-5.493369954985885
5.724461,-5.493369954985885
5.724926,-5.493537804226749
5.725392,-5.493369954985885
5.725857,-5.493537804226749
5.726323,-5.493369954985885
5.726788,-5.493369954985885
5.727254,-5.493537804226749
5.727719,-5.493369954985885
5.728185,-5.493537804226749
5.728650,-5.493537804226749
5.729116,-5.493537804226749
5.729581,-5.493537804226749
5.730047,-5.493705653467612
5.730512,-5.493537804226749
5.730978,-5.493537804226749
5.731443,-5.493705653467612
5.731909,-5.493873502708476
5.732374,-5.493873502708476
5.732840,-5.493873502708476
5.733305,-5.493705653467612
5.733771,-5.493705653467612
5.734236,-5.493873502708476
5.734702,-5.493873502708476
5.735167,-5.493873502708476
5.735633,-5.494209201190204
5.736099,-5.494209201190204
5.736564,-5.493873502708476
5.737030,-5.494209201190204
5.737495,-5.494209201190204
5.737961,-5.49404135194934
5.738426,-5.494377050431067
5.738892,-5.494377050431067
5.739357,-5.494377050431067
5.739823,-5.494377050431067
5.740288,-5.494377050431067
5.740754,-5.494377050431067
5.741219,-5.49454489967193
5.741685,-5.494377050431067
5.742150,-5.494209201190204
5.742616,-5.494209201190204
5.743081,-5.49454489967193
5.743547,-5.49454489967193
5.744012,-5.494377050431067
5.744478,-5.494377050431067
5.744943,-5.49454489967193
5.745409,-5.49454489967193
5.745874,-5.494377050431067
5.746340,-5.49454489967193
5.746805,-5.494377050431067
5.747271,-5.494209201190204
5.747736,-5.49454489967193
5.748202,-5.494377050431067
5.748667,-5.494712748912795
5.749133,-5.494377050431067
5.749598,-5.494377050431067
5.750064,-5.494377050431067
5.750530,-5.494377050431067
5.750995,-5.494209201190204
5.751461,-5.494377050431067
5.751926,-5.494209201190204
5.752392,-5.494377050431067
5.752857,-5.494377050431067
5.753323,-5.494209201190204
5.753788,-5.188723582818342
5.754254,-4.717402914473182
5.754719,-4.250614175631342
5.755185,-3.800778210116732
5.755650,-3.3678950179293508
5.756116,-2.9523002975509267
5.756581,-2.5561760891126877
5.757047,-2.163408865491722
5.757512,-1.77080949111162
5.757978,-1.3904631113145645
5.758443,-1.0275730525673303
5.758909,-0.6811322194247349
5.759374,-0.3546654459449149
5.759840,-0.042801556420233464
5.760305,0.26503395132372015
5.760771,0.5634699015793087
5.761236,0.8427710383764401
5.761702,1.103440909437705
5.762167,1.345143816281376
5.762633,1.5651941710536355
5.763098,1.7763485160601207
5.763564,1.9801174944686044
5.764030,2.168444342717632
5.764495,2.339314869916838
5.764961,2.492729076066224
5.765426,2.6343938353551537
5.765892,2.7656519417105363
5.766357,2.882810711833372
5.766823,2.9811703669794762
5.767288,3.070801861600671
5.767754,3.164797436484321
5.768219,3.2507362478065156
5.768685,3.320561532005798
5.769150,3.3762874799725333
5.769616,3.4226138704509044
5.770081,3.456183718623636
5.770547,3.4944533455405504
5.771012,3.537422751201648
5.771478,3.574349584191653
5.771943,3.599862668802929
5.772409,3.6176546883344773
5.772874,3.62738994430457
5.773340,3.63611810482948
5.773805,3.655252918287937
5.774271,3.6747234302281218
5.774736,3.6847943846799414
5.775202,3.689158464942397
5.775667,3.6894941634241243
5.776133,3.6797589074540316
5.776598,3.6737163347829402
5.777064,3.67505912870985
5.777530,3.673044937819485
5.777995,3.663981078812848
5.778461,3.650553139543755
5.778926,3.6347753109025707
5.779392,3.618326085297932
5.779857,3.601205462729839
5.780323,3.572335393301289
5.780788,3.5406118867780574
5.781254,3.518623636224918
5.781719,3.4998245212481875
5.782185,3.471625848783092
5.782650,3.435370412756542
5.783116,3.3910582131685354
5.783581,3.337346456092164
5.784047,3.2916914625772487
5.784512,3.2547646295872434
5.784978,3.21380941481651
5.785443,3.164461738002594
5.785909,3.110414282444495
5.786374,3.0499885557335773
5.786840,2.9902342259861143
5.787305,2.942397192339971
5.787771,2.895902952620737
5.788236,2.8411841000991838
5.788702,2.78142977035172
5.789167,2.725703822384985
5.789633,2.498603799496452
5.790098,-0.050522621499961846
5.790564,-4.6067902647440295
5.791029,-5.487998779278247
5.791495,-5.492027161058976
5.791961,-5.493034256504157
5.792426,-5.493369954985885
5.792892,-5.493537804226749
5.793357,-5.493873502708476
5.793823,-5.49404135194934
5.794288,-5.493873502708476
5.794754,-5.49404135194934
5.795219,-5.494209201190204
5.795685,-5.494209201190204
5.796150,-5.494209201190204
5.796616,-5.494209201190204
5.797081,-5.494209201190204
5.797547,-5.494209201190204
5.798012,-5.49404135194934
5.798478,-5.494377050431067
5.798943,-5.494209201190204
5.799409,-5.494209201190204
5.799874,-5.494209201190204
5.800340,-4.094850080109865
5.800805,0.8028229190508888
5.801271,5.2568703746089875
5.801736,5.489173723964294
5.802202,5.491187914854658
5.802667,5.492530708781567
5.803133,5.492530708781567
5.803598,5.492530708781567
5.804064,5.492530708781567
5.804529,5.492530708781567
5.804995,5.4928664072632944
5.805461,5.4928664072632944
5.805926,5.4928664072632944
5.806392,1.9049210345616845
5.806857,-0.37212176699473565
5.807323,-2.6315403982604715
5.807788,-5.347844663157091
5.808254,-5.490348668650339
5.808719,-5.492530708781567
5.809185,-5.493369954985885
5.809650,-5.493537804226749
5.810116,-5.493705653467612
5.810581,-5.493873502708476
5.811047,-5.49404135194934
5.811512,-5.494209201190204
5.811978,-5.494209201190204
5.812443,-5.494209201190204
5.812909,-5.494377050431067
5.813374,-5.494209201190204
5.813840,-5.494377050431067
5.814305,-5.494209201190204
5.814771,-5.494377050431067
5.815236,-5.494377050431067
5.815702,-5.494377050431067
5.816167,-5.494377050431067
5.816633,-5.494377050431067
5.817098,-5.494377050431067
5.817564,-2.954314488441291
5.818029,2.784115358205539
5.818495,5.485816739147021
5.818961,5.490516517891203
5.819426,5.491187914854658
5.819892,5.4918593118181125
5.820357,5.492530708781567
5.820823,5.492530708781567
5.821288,5.492195010299839
5.821754,5.492530708781567
5.822219,5.492530708781567
5.822685,5.492530708781567
5.823150,5.493202105745021
5.823616,5.493537804226749
5.824081,5.492530708781567
5.824547,5.4928664072632944
5.825012,5.4928664072632944
5.825478,5.492195010299839
5.825943,5.492530708781567
5.826409,5.493202105745021
5.826874,5.492530708781567
5.827340,5.492530708781567
5.827805,5.492530708781567
5.828271,5.4918593118181125
5.828736,5.492530708781567
5.829202,1.6209201190203706
5.829667,2.420889600976577
5.830133,5.432104982070649
5.830598,5.490516517891203
5.831064,5.4918593118181125
5.831529,5.4918593118181125
5.831995,5.492530708781567
5.832460,5.4918593118181125
5.832926,5.492530708781567
5.833392,5.4928664072632944
5.833857,5.493202105745021
5.834323,5.4928664072632944
5.834788,5.4928664072632944
5.835254,5.493202105745021
5.835719,5.4928664072632944
5.836185,5.4928664072632944
5.836650,5.4928664072632944
5.837116,5.493202105745021
5.837581,5.493202105745021
5.838047,5.493202105745021
5.838512,5.4928664072632944
5.838978,5.4928664072632944
5.839443,5.493034256504157
5.839909,5.493034256504157
5.840374,5.492530708781567
5.840840,5.492530708781567
5.841305,5.4928664072632944
5.841771,5.492530708781567
5.842236,5.492530708781567
5.842702,5.492530708781567
5.843167,5.493202105745021
5.843633,5.4928664072632944
5.844098,5.4928664072632944
5.844564,5.493202105745021
5.845029,5.492530708781567
5.845495,5.492530708781567
5.845960,5.492530708781567
5.846426,5.492530708781567
5.846892,5.4918593118181125
5.847357,5.493202105745021
5.847823,5.492530708781567
5.848288,5.492530708781567
5.848754,5.4928664072632944
5.849219,5.492530708781567
5.849685,5.492530708781567
5.850150,5.4928664072632944
5.850616,5.4928664072632944
5.851081,5.492530708781567
5.851547,5.492530708781567
5.852012,5.4918593118181125
5.852478,5.492530708781567
5.852943,5.492530708781567
5.853409,5.493202105745021
5.853874,5.4918593118181125
5.854340,5.492530708781567
5.854805,5.492530708781567
5.855271,5.4928664072632944
5.855736,5.4928664072632944
5.856202,5.493034256504157
5.856667,5.493202105745021
5.857133,5.493202105745021
5.857598,5.493202105745021
5.858064,2.8767681391622792
5.858529,2.8317845426108184
5.858995,3.398443579766537
5.859460,3.2493934538796063
5.859926,2.707743953612573
5.860391,2.2822461280231936
5.860857,2.0274509803921563
5.861323,1.80521858548867
5.861788,1.5541161211566337
5.862254,1.2952925917448692
5.862719,1.0549324788281071
5.863185,0.8337071793698023
5.863650,0.6252384222171359
5.864116,0.42549782558937965
5.864581,0.23532463569085216
5.865047,0.05656519417105363
5.865512,-0.11145189593347066
5.865978,-0.269062333104448
5.866443,-0.4174410620279241
5.866909,-0.556420233463035
5.867374,-0.6866712443732357
5.867840,-0.8075226977950714
5.868305,-0.9193102922102692
5.868771,-1.0233768215457386
5.869236,-1.1200579842832075
5.869702,-1.2096894789044021
5.870167,-1.2939497978179597
5.870633,-1.3716639963378348
5.871098,-1.4423285267414356
5.871564,-1.5071183337148089
5.872029,-1.56586556801709
5.872495,-1.6197451743343252
5.872960,-1.668925001907378
5.873426,-1.7129015030136567
5.873891,-1.7521782253757534
5.874357,-1.7869230182345308
5.874823,-1.8176394293125808
5.875288,-1.8441596093690393
5.875754,-1.8669871061264975
5.876219,-1.8861219195849548
5.876685,-1.9015640497444113
5.877150,-1.9136491950865948
5.877616,-1.92304875257496
5.878081,-1.930434119172961
5.878547,-1.9351338979171433
5.879012,-1.9374837872892348
5.879478,-1.9379873350118255
5.879943,-1.9371480888075072
5.880409,-1.9334554055085067
5.880874,-1.9270771343556878
5.881340,-1.9188525215533685
5.881805,-1.9094529640650035
5.882271,-1.8871290150301367
5.882736,-1.3434653238727394
5.883202,0.5611200122072174
5.883667,3.1318989852750434
5.884133,5.4780956740672915
5.884598,5.491187914854658
5.885064,5.4918593118181125
5.885529,5.492530708781567
5.885995,2.0905622949568934
5.886460,0.9107499809262226
5.886926,0.7632104982070649
5.887391,-0.9256885633630885
5.887857,-4.00337224383917
5.888323,-5.481788357366293
5.888788,-5.4918593118181125
5.889254,-5.4928664072632944
5.889719,-5.294804303044174
5.890185,-5.081300068665598
5.890650,-4.896162355992981
5.891116,-4.653452353704127
5.891581,-4.393789578088044
5.892047,-4.154604409857328
5.892512,-3.936568245975433
5.892978,-3.7274280918593115
5.893443,-3.524330510414282
5.893909,-3.3289539940489816
5.894374,-3.1423056382085903
5.894840,-2.9647211413748376
5.895305,-2.7965362020294497
5.895771,-2.636743724727245
5.896236,-2.484000915541314
5.896702,-2.3386434729533834
5.897167,-2.2010070954451817
5.897633,-1.9532616159304186
5.898098,0.21266498817425802
5.898564,5.053772793163958
5.899029,5.489173723964294
5.899495,5.491523613336385
5.899960,5.4918593118181125
5.900426,5.492530708781567
5.900891,5.4928664072632944
5.901357,5.492530708781567
5.901822,5.493202105745021
5.902288,5.492530708781567
5.902754,5.492530708781567
5.903219,5.493202105745021
5.903685,5.493034256504157
5.904150,5.4928664072632944
5.904616,5.492530708781567
5.905081,5.492530708781567
5.905547,5.492530708781567
5.906012,5.492530708781567
5.906478,5.488502327000839
5.906943,5.4267338063630115
5.907409,5.366979476615549
5.907874,5.33676661326009
5.908340,-2.070756084534981
5.908805,-5.480613412680247
5.909271,-5.491523613336385
5.909736,-5.4928664072632944
5.910202,-5.493369954985885
5.910667,-5.493705653467612
5.911133,-5.493705653467612
5.911598,-5.493873502708476
5.912064,-5.49404135194934
5.912529,-5.49404135194934
5.912995,-5.49404135194934
5.913460,-5.494209201190204
5.913926,-5.494209201190204
5.914391,-5.494377050431067
5.914857,-5.494377050431067
5.915322,-5.49404135194934
5.915788,-5.494377050431067
5.916254,-5.494377050431067
5.916719,-5.494377050431067
5.917185,-5.494377050431067
5.917650,-5.494377050431067
5.918116,-5.494377050431067
5.918581,-4.217715724422065
5.919047,1.577615014877546
5.919512,5.47843137254902
5.919978,5.490516517891203
5.920443,5.491691462577248
5.920909,5.492530708781567
5.921374,5.4928664072632944
5.921840,5.492530708781567
5.922305,5.493202105745021
5.922771,5.492530708781567
5.923236,5.4928664072632944
5.923702,5.493202105745021
5.924167,5.493202105745021
5.924633,3.82410925459678
5.925098,-3.823437857633326
5.925564,-5.486488136110475
5.926029,-5.4918593118181125
5.926495,-5.493034256504157
5.926960,-5.493369954985885
5.927426,-5.493705653467612
5.927891,-5.49404135194934
5.928357,-5.494209201190204
5.928822,-5.49404135194934
5.929288,-5.494209201190204
5.929754,-5.494209201190204
5.930219,-5.494209201190204
5.930685,-5.494377050431067
5.931150,-5.494377050431067
5.931616,-5.494209201190204
5.932081,-5.49454489967193
5.932547,-5.49454489967193
5.933012,-5.49454489967193
5.933478,-5.49454489967193
5.933943,-5.49454489967193
5.934409,-5.494377050431067
5.934874,-5.494377050431067
5.935340,-5.49454489967193
5.935805,-4.448508430609598
5.936271,-2.9657282368200195
5.936736,-1.618234531166552
5.937202,-0.3553368429083695
5.937667,0.8269932097352559
5.938133,1.9102922102693218
5.938598,2.8875104905775535
5.939064,3.7682154573891813
5.939529,4.563653009842069
5.939995,5.27902647440299
5.940460,5.490516517891203
5.940926,5.4918593118181125
5.941391,5.492195010299839
5.941857,5.4928664072632944
5.942322,5.492530708781567
5.942788,5.492530708781567
5.943253,5.492530708781567
5.943719,5.4918593118181125
5.944185,5.4923628595407035
5.944650,5.492530708781567
5.945116,5.492530708781567
5.945581,5.492530708781567
5.946047,5.492530708781567
5.946512,5.492530708781567
5.946978,5.492530708781567
5.947443,5.492530708781567
5.947909,5.493202105745021
5.948374,5.492530708781567
5.948840,5.492530708781567
5.949305,5.492530708781567
5.949771,5.492530708781567
5.950236,5.492530708781567
5.950702,5.492530708781567
5.951167,5.493202105745021
5.951633,5.492530708781567
5.952098,5.4928664072632944
5.952564,5.4928664072632944
5.953029,5.492530708781567
5.953495,5.493202105745021
5.953960,5.4928664072632944
5.954426,5.4928664072632944
5.954891,5.4928664072632944
5.955357,5.493202105745021
5.955822,5.492530708781567
5.956288,5.492530708781567
5.956753,3.971480888075075
5.957219,4.021499961852445
5.957685,4.754665445944915
5.958150,4.637170977340351
5.958616,4.083268482490272
5.959081,3.69251544975967
5.959547,3.4957961394674597
5.960012,3.315861753261616
5.960478,3.088258182650492
5.960943,2.8462195773250936
5.961409,2.6196231021591516
5.961874,2.40679026474403
5.962340,2.2006713969634544
5.962805,1.9972381170366977
5.963271,1.8003509575036236
5.963736,1.6101777676050963
5.964202,1.4278934920271609
5.964667,1.2526588845654991
5.965133,1.0838025482566567
5.965598,0.9213244831006332
5.966064,0.7658960860608836
5.966529,0.6175173571374075
5.966995,0.4751812008850232
5.967460,0.3400625619897764
5.967926,0.21199359121080338
5.968391,0.09013504234378575
5.968857,-0.025680933852140077
5.969322,-0.13545433737697413
5.969788,-0.23952086671244371
5.970253,-0.3377126726176852
5.970719,-0.4301976043335622
5.971185,-0.5174792095826657
5.971650,-0.5990539406424048
5.972116,-0.6762645914396886
5.972581,-0.7481040665293354
5.973047,-0.815579461356527
5.973512,-0.8786907759212634
5.973978,-0.9379415579461355
5.974443,-0.99316395819028
5.974909,-1.0438544289311054
5.975374,-1.0906843671320667
5.975840,-1.134157320515755
5.976305,-1.173098344396124
5.976771,-1.2085145342183565
5.977236,-1.2404058899824522
5.977702,-1.269611657892729
5.978167,-1.2959639887083239
5.978633,-1.3187914854657816
5.979098,-1.3385976958876935
5.979564,-1.355718318455787
5.980029,-1.3706569008926528
5.980495,-1.3825741969939724
5.980960,-1.3926451514457925
5.981426,-1.399694819562066
5.981891,-1.4040588998245211
5.982357,-1.4062409399557487
5.982822,-1.406073090714885
5.983288,-1.4047302967879758
5.983753,-1.4015411612115662
5.984219,-1.39667353322652
5.984684,-1.3899595635919737
5.985150,-1.381902800030518
5.985616,-1.3726710917830167
5.986081,-1.362600137331197
5.986547,-1.3518577859159229
5.987012,-1.3396047913328755
5.987478,-1.3263447013046463
5.987943,-1.3120775158312352
5.988409,-1.2979781795986878
5.988874,-1.2827038986800943
5.989340,-1.267093919279774
5.989805,-1.2516517891203174
5.990271,-1.2358739604791333
5.990736,-1.220096131837949
5.991202,-1.2039826047150375
5.991667,-1.1878690775921263
5.992133,-1.1720912489509423
5.992598,-1.1571526665140763
5.993064,-1.142381933318074
5.993529,-1.1274433508812083
5.993995,-1.1121690699626154
5.994460,-1.0975661860074768
5.994926,-1.0831311512932018
5.995391,-1.068696116578927
5.995857,-1.053925383382925
5.996322,-1.0403295948729685
5.996788,-1.026733806363012
5.997253,-1.0133058670939192
5.997719,-1.0002136263065537
5.998184,-0.987121385519188
5.998650,-0.9743648432135501
5.999116,-0.9616083009079118
5.999581,-0.9486839093614098
6.000047,-0.9360952162966354
6.000512,-0.9235065232318609
6.000978,-0.9109178301670862
6.001443,-0.8981612878614481
6.001909,-0.8845654993514916
6.002374,-0.8716411078049896
6.002840,-0.858548867017624
6.003305,-0.8454566262302586
6.003771,-0.8330357824063477
6.004236,-0.8206149385824368
6.004702,-0.8075226977950714
6.005167,-0.7944304570077059
6.005633,-0.7823453116655222
6.006098,-0.7702601663233386
6.006564,-0.7585107194628824
6.007029,-0.7470969710841534
6.007495,-0.7346761272602426
6.007960,-0.7229266803997862
6.008426,-0.7118486305027847
6.008891,-0.7011062790875104
6.009357,-0.6903639276722362
6.009822,-0.6802929732204166
6.010288,-0.6705577172503242
6.010753,-0.6613260090028229
6.011219,-0.6527656977187761
6.011684,-0.6447089341573206
6.012150,-0.6366521705958649
6.012616,-0.6292668039978637
6.013081,-0.622720683604181
6.013547,-0.6160067139696346
6.014012,-0.609796292057679
6.014478,-0.60341802090486
6.014943,-0.5973754482337682
6.015409,-0.5916685740444038
6.015874,-0.5859616998550392
6.016340,-0.5807583733882657
6.016805,-0.5755550469214923
6.017271,-0.5710231174181735
6.017736,-0.566323338673991
6.018202,-0.5622949568932631
6.018667,-0.5587701228351263
6.019133,-0.5540703440909437
6.019598,-0.5493705653467612
6.020064,-0.5453421835660334
6.020529,-0.5413138017853055
6.020995,-0.5369497215228504
6.021460,-0.5319142442969406
6.021926,-0.5273823147936216
6.022391,-0.5220111390859845
6.022857,-0.5164721141374836
6.023322,-0.5111009384298466
6.023788,-0.5057297627222095
6.024253,-0.5000228885328449
6.024719,-0.49481956206607147
6.025184,-0.4896162355992981
6.025650,-0.4855878538185702
6.026115,-0.4808880750743877
6.026581,-0.47702754253452356
6.027047,-0.47283131151293206
6.027512,-0.4688029297322041
6.027978,-0.46511024643320364
6.028443,-0.46108186465247575
6.028909,-0.4570534828717479
6.029374,-0.4528572518501564
6.029840,-0.4486610208285649
6.030305,-0.44429694056610974
6.030771,-0.4402685587853818
6.031236,-0.4365758754863813
6.031702,-0.4325474937056535
6.032167,-0.4285191119249256
6.032633,-0.424826428625925
6.033098,-0.4207980468451973
6.033564,-0.4171053635461967
6.034029,-0.4130769817654688
6.034495,-0.40871290150301365
6.034960,-0.40468451972228575
6.035426,-0.40099183642328523
6.035891,-0.3969634546425574
6.036357,-0.3931029221026932
6.036822,-0.38974593728541995
6.037288,-0.3862211032272831
6.037753,-0.3828641184100099
6.038219,-0.37883573662928205
6.038684,-0.3749752040894178
6.039150,-0.3717860685130083
6.039615,-0.36859693293659873
6.040081,-0.3657434958419165
6.040547,-0.362050812542916
6.041012,-0.3586938277256428
6.041478,-0.3546654459449149
6.041943,-0.35147631036850535
6.042409,-0.34828717479209587
6.042874,-0.34526588845654993
6.043340,-0.3419089036392767
6.043805,-0.3382162203402762
6.044271,-0.33485923552300295
6.044736,-0.3311665522240024
6.045202,-0.32780956740672923
6.045667,-0.3251239795529106
6.046133,-0.3217669947356374
6.046598,-0.3187457084000916
6.047064,-0.3157244220645456
6.047529,-0.31270313572899977
6.047995,-0.3096818493934539
6.048460,-0.3064927138170443
6.048926,-0.30330357824063475
6.049391,-0.3009536888685435
6.049857,-0.29826810101472495
6.050322,-0.29558251316090633
6.050788,-0.29256122682536045
6.051253,-0.28953994048981463
6.051719,-0.28719005111772333
6.052184,-0.28500801098649575
6.052650,-0.2826581216144045
6.053115,-0.2798046845197223
6.053581,-0.2767833981841764
6.054047,-0.27409781033035785
6.054512,-0.27174792095826655
6.054978,-0.269565880827039
6.055443,-0.26771953917753877
6.055909,-0.26536964980544747
6.056374,-0.26251621271076525
6.056840,-0.2603341725795376
6.057305,-0.2579842832074464
6.057771,-0.2552986953536278
6.058236,-0.25362020294499127
6.058702,-0.2519417105363546
6.059167,-0.24959182116426334
6.059633,-0.25597009231708245
6.060098,-0.09214923323414968
6.060564,3.0426031891355767
6.061029,5.486488136110475
6.061495,5.491187914854658
6.061960,5.492195010299839
6.062426,5.4923628595407035
6.062891,5.493034256504157
6.063357,5.492530708781567
6.063822,5.4918593118181125
6.064288,5.4918593118181125
6.064753,5.4928664072632944
6.065219,5.492530708781567
6.065684,5.492530708781567
6.066150,5.493202105745021
6.066615,5.493202105745021
6.067081,5.389471274891279
6.067546,-1.1610131990539405
6.068012,-5.026413366903181
6.068478,-5.488502327000839
6.068943,-5.492027161058976
6.069409,-5.493202105745021
6.069874,-5.493369954985885
6.070340,-5.493537804226749
6.070805,-5.493873502708476
6.071271,-5.493873502708476
6.071736,-5.49404135194934
6.072202,-5.49404135194934
6.072667,-5.494209201190204
6.073133,-5.494209201190204
6.073598,-5.49404135194934
6.074064,-5.494377050431067
6.074529,-5.494377050431067
6.074995,-5.494377050431067
6.075460,-5.494377050431067
6.075926,-5.494377050431067
6.076391,-5.49454489967193
6.076857,-5.494209201190204
6.077322,-5.494377050431067
6.077788,-5.49454489967193
6.078253,-5.49454489967193
6.078719,-5.494377050431067
6.079184,-5.494209201190204
6.079650,-5.494377050431067
6.080115,-5.494377050431067
6.080581,-5.494377050431067
6.081046,-5.494377050431067
6.081512,-5.49454489967193
6.081978,-5.49454489967193
6.082443,-5.49454489967193
6.082909,-5.49454489967193
6.083374,-5.49454489967193
6.083840,-5.49454489967193
6.084305,-5.494377050431067
6.084771,-5.49454489967193
6.085236,-5.016678110933089
6.085702,-3.6884870679789428
6.086167,-2.492729076066224
6.086633,-1.379888609140154
6.087098,-0.33250934615091166
6.087564,0.642023346303502
6.088029,1.5369954985885403
6.088495,2.3584496833752953
6.088960,3.102693217364767
6.089426,3.7754329747463182
6.089891,4.381368734264133
6.090357,4.9252002746623935
6.090822,5.406256198977645
6.091288,5.491187914854658
6.091753,5.4918593118181125
6.092219,5.4918593118181125
6.092684,5.492530708781567
6.093150,5.493202105745021
6.093615,5.493202105745021
6.094081,5.493202105745021
6.094546,5.4928664072632944
6.095012,5.492530708781567
6.095478,5.4928664072632944
6.095943,5.4918593118181125
6.096409,5.493202105745021
6.096874,5.493202105745021
6.097340,5.492530708781567
6.097805,5.492530708781567
6.098271,5.4928664072632944
6.098736,5.492530708781567
6.099202,5.493202105745021
6.099667,5.493202105745021
6.100133,5.493202105745021
6.100598,5.492530708781567
6.101064,5.4928664072632944
6.101529,5.493202105745021
6.101995,5.493202105745021
6.102460,5.493202105745021
6.102926,5.493202105745021
6.103391,4.618707560845349
6.103857,5.130647745479514
6.104322,5.4918593118181125
6.104788,5.492530708781567
6.105253,5.160860608834973
6.105719,4.863096055542839
6.106184,4.710353246356908
6.106650,4.550560769054703
6.107115,4.347463187609674
6.107581,4.132951857785916
6.108046,3.929518577859159
6.108512,3.7348134584573134
6.108977,3.5427939269092845
6.109443,3.351445792324711
6.109909,3.1634546425574124
6.110374,2.9794918745708396
6.110840,2.7992217898832683
6.111305,2.623651483939879
6.111771,2.452109559777218
6.112236,2.28526741435874
6.112702,2.1241321431296254
6.113167,1.967360952162966
6.113633,1.8159609369039442
6.114098,1.6695963988708322
6.114564,1.527260242618448
6.115029,1.390295262073701
6.115495,1.258701457236591
6.115960,1.133150225070573
6.116426,1.012970168612192
6.116891,0.8981612878614481
6.117357,0.7885557335774777
6.117822,0.6833142595559624
6.118288,0.5824368657969023
6.118753,0.4872663462272068
6.119219,0.39595635919737543
6.119684,0.3098496986343175
6.120150,0.22861066605630578
6.120615,0.15156786449988555
6.121081,0.07838559548332952
6.121546,0.010574502174410621
6.122012,-0.05337605859464408
6.122477,-0.11396963454642556
6.122943,-0.1700312809948882
6.123409,-0.22206454566262301
6.123874,-0.2710765239948119
6.124340,-0.31622796978713663
6.124805,-0.3576867322804608
6.125271,-0.39629205767910275
6.125736,-0.4318760967421988
6.126202,-0.46443884946974895
6.126667,-0.4938124666208897
6.127133,-0.5211718928816662
6.127598,-0.5458457312886243
6.128064,-0.5678339818417639
6.128529,-0.586633096818494
6.128995,-0.6040894178683145
6.129460,-0.6188601510643167
6.129926,-0.631616693369955
6.130391,-0.6416876478217746
6.130857,-0.6507515068284122
6.131322,-0.6591439688715953
6.131788,-0.6656900892652781
6.132253,-0.6695506218051422
6.132719,-0.6722362096589609
6.133184,-0.6739147020675975
6.133650,-0.6749217975127795
6.134115,-0.6747539482719158
6.134581,-0.6735790035858701
6.135046,-0.6712291142137788
6.135512,-0.6675364309147783
6.135977,-0.6631723506523232
6.136443,-0.6584725719081408
6.136909,-0.6527656977187761
6.137374,-0.6460517280842297
6.137840,-0.6386663614862287
6.138305,-0.6312809948882276
6.138771,-0.6238956282902266
6.139236,-0.6160067139696346
6.139702,-0.6071107042038605
6.140167,-0.5987182421606775
6.140633,-0.5906614785992217
6.141098,-0.581597619592584
6.141564,-0.572198062104219
6.142029,-0.5627985046158541
6.142495,-0.5527275501640345
6.142960,-0.5429922941939421
6.143426,-0.5332570382238497
6.143891,-0.5228503852903028
6.144357,-0.5131151293202105
6.144822,-0.5037155718318455
6.145288,-0.49398031586175317
6.145753,-0.48491645685511553
6.146219,-0.4748455024032958
6.146684,-0.46527809567406725
6.147150,-0.45571068894483857
6.147615,-0.4469825284199283
6.148081,-0.4382543678950179
6.148546,-0.4293583581292439
6.149012,-0.419958800640879
6.149477,-0.41072709239337757
6.149943,-0.40199893186846725
6.150408,-0.3936064698252842
6.150874,-0.38588540474555577
6.151340,-0.3785000381475548
6.151805,-0.370443274586099
6.152271,-0.3627222095063706
6.152736,-0.3553368429083695
6.153202,-0.34795147631036855
6.153667,-0.34056610971236745
6.154133,-0.33385214007782105
6.154598,-0.3268024719615472
6.155064,-0.3200885023270008
6.155529,-0.3130388342107271
6.155995,-0.30666056305790795
6.156460,-0.30128938735027083
6.156926,-0.29558251316090633
6.157391,-0.2902113374532692
6.157857,-0.2848401617456321
6.158322,-0.2798046845197223
6.158788,-0.27443350881208517
6.159253,-0.269062333104448
6.159719,-0.2643625543602655
6.160184,-0.25999847409781035
6.160650,-0.25563439383535513
6.161115,-0.2512703135728999
6.161581,-0.2472419317921721
6.162046,-0.24287785152971691
6.162512,-0.23952086671244371
6.162977,-0.2358281834134432
6.163443,-0.23247119859617
6.163908,-0.22844281681544215
6.164374,-0.22575722896162354
6.164840,-0.223071641107805
6.165305,-0.22005035477225907
6.165771,-0.21736476691844053
6.166236,-0.21434348058289462
6.166702,-0.21165789272907606
6.167167,-0.20863660639353018
6.167633,-0.2056153200579843
6.168098,-0.20360112916762035
6.168564,-0.20192263675898375
6.169029,-0.19957274738689249
6.169495,-0.19688715953307392
6.169960,-0.19453727016098266
6.170426,-0.19285877775234606
6.170891,-0.1915159838254368
6.171357,-0.18950179293507285
6.171822,-0.18815899900816355
6.172288,-0.18614480811779963
6.172753,-0.184969863431754
6.173219,-0.18345922026398107
6.173684,-0.18110933089188982
6.174150,-0.17875944151979858
6.174615,-0.17691309987029832
6.175081,-0.17540245670252536
6.175546,-0.17372396429388878
6.176012,-0.17137407492179751
6.176477,-0.1696955825131609
6.176943,-0.16784924086366063
6.177408,-0.16566720073243305
6.177874,-0.16331731136034178
6.178340,-0.16163881895170518
6.178805,-0.16063172350652322
6.179271,-0.1586175326161593
6.179736,-0.15660334172579538
6.180202,-0.1552605477988861
6.180667,-0.15391775387197681
6.181133,-0.15274280918593117
6.181598,-0.15140001525902191
6.182064,-0.1500572213321126
6.182529,-0.14854657816433967
6.182995,-0.14720378423743039
6.183460,-0.14653238727397572
6.183926,-0.14518959334706644
6.184391,-0.14418249790188448
6.184857,-0.14250400549324788
6.185322,-0.1414969100480659
6.185788,-0.14015411612115664
6.186253,-0.13931486991683834
6.186719,-0.13847562371252
6.187184,-0.13780422674906534
6.187650,-0.13612573434042877
6.188115,-0.1351186388952468
6.188581,-0.13411154345006485
6.189046,-0.13344014648661018
6.189512,-0.1317616540779736
6.189977,-0.1304188601510643
6.190443,-0.12974746318760969
6.190908,-0.1287403677424277
6.191374,-0.1279011215381094
6.191839,-0.12639047837033646
6.192305,-0.12504768444342718
6.192771,-0.1240405889982452
6.193236,-0.12336919203479056
6.193702,-0.12169069962615398
6.194167,-0.12068360418097199
6.194633,-0.11967650873579004
6.195098,-0.11917296101319905
6.195564,-0.11833371480888075
6.196029,-0.11715877012283514
6.196495,-0.11648737315938049
6.196960,-0.11564812695506219
6.197426,-0.11497672999160755
6.197891,-0.11430533302815289
6.198357,-0.11245899137865262
6.198822,-0.11044480048828872
6.199288,-0.10893415732051576
6.199753,-0.10759136339360646
6.200219,-0.10591287098496985
6.200684,-0.10457007705806058
6.201150,-0.10356298161287861
6.201615,-0.10289158464942397
6.202081,-0.10222018768596933
6.202546,-0.10054169527733271
6.203012,-0.09953459983215075
6.203477,-0.09819180590524147
6.203943,-0.0971847104600595
6.204408,-0.09617761501487754
6.204874,-0.0955062180514229
6.205339,-0.09433127336537728
6.205805,-0.09349202716105898
6.206271,-0.09298847943846798
6.206736,-0.09181353475242236
6.207202,-0.0908064393072404
6.207667,-0.08896009765774013
6.208133,-0.08812085145342184
6.208598,-0.08744945448996719
6.209064,-0.08677805752651253
6.209529,-0.0861066605630579
6.209995,-0.08509956511787593
6.210460,-0.08476386663614863
6.210926,-0.08409246967269397
6.211391,-0.08308537422751203
6.211857,-0.08224612802319371
6.212322,-0.08140688181887541
6.212788,-0.08073548485542076
6.213253,-0.0797283894102388
6.213719,-0.0788891432059205
6.214184,-0.07838559548332952
6.214650,-0.07737850003814756
6.215115,-0.07620355535210192
6.215581,-0.07536430914778362
6.216046,-0.07402151522087433
6.216512,-0.07335011825741969
6.216977,-0.07267872129396505
6.217443,-0.07167162584878309
6.217908,-0.07066453040360113
6.218374,-0.07016098268101013
6.218839,-0.06881818875410085
6.219305,-0.06831464103150987
6.219771,-0.06747539482719157
6.220236,-0.06663614862287326
6.220702,-0.06529335469596398
6.221167,-0.0639505607690547
6.221633,-0.06344701304646372
6.222098,-0.06260776684214542
6.222564,-0.061936369878690785
6.223029,-0.06109712367437248
6.223495,-0.06025787747005417
6.223960,-0.05958648050659952
6.224426,-0.05874723430228122
6.224891,-0.057572289616235596
6.225357,-0.056900892652780956
6.225822,-0.05656519417105363
6.226288,-0.056061646448462656
6.226753,-0.05555809872587166
6.227219,-0.05488670176241703
6.227684,-0.054551003280689715
6.228150,-0.054047455558098714
6.228615,-0.05354390783550774
6.229081,-0.053208209353780414
6.229546,-0.05253681239032577
6.230012,-0.052201113908598454
6.230477,-0.051026169222552833
6.230943,-0.050019073777370866
6.231408,-0.04917982757305257
6.231874,-0.04917982757305257
6.232339,-0.04917982757305257
6.232805,-0.048508430609597926
6.233270,-0.04783703364614328
6.233736,-0.04682993820096131
6.234202,-0.04582284275577936
6.234667,-0.044815747310597384
6.235133,-0.044480048828870064
6.235598,-0.043808651865415424
6.236064,-0.043472953383688104
6.236529,-0.042801556420233464
6.236995,-0.041794460975051496
6.237460,-0.041123064011596856
6.237926,-0.04078736552986953
6.238391,-0.040451667048142216
6.238857,-0.03978027008468757
6.239322,-0.03961242084382391
6.239788,-0.03927672236209659
6.240253,-0.03910887312123293
6.240719,-0.03910887312123293
6.241184,-0.03910887312123293
6.241650,-0.03843747615777828
6.242115,-0.03810177767605096
6.242581,-0.03776607919432364
6.243046,-0.037094682230869
6.243512,-0.037262531471732654
6.243977,-0.03776607919432364
6.244443,-0.03776607919432364
6.244908,-0.03743038071259632
6.245374,-0.036423285267414354
6.245839,-0.03608758678568704
6.246305,-0.035751888303959714
6.246770,-0.03608758678568704
6.247236,-0.035919737544823374
6.247702,-0.035416189822232394
6.248167,-0.03508049134050507
6.248633,-0.03508049134050507
6.249098,-0.035248340581368734
6.249564,-0.03508049134050507
6.250029,-0.03407339589532311
6.250495,-0.0323949034866865
6.250960,-0.03205920500495917
6.251426,-0.03105210955977722
6.251891,-0.030380712596322572
6.252357,-0.029877164873731592
6.252822,-0.029709315632867935
6.253288,-0.029709315632867935
6.253753,-0.02937361715114061
6.254219,-0.028702220187685965
6.254684,-0.028366521705958644
6.255150,-0.027359426260776684
6.255615,-0.02719157701991302
6.256081,-0.027359426260776684
6.256546,-0.027023727779049357
6.257012,-0.027023727779049357
6.257477,-0.02668802929732204
6.257943,-0.026352330815594724
6.258408,-0.02584878309300374
6.258874,-0.025680933852140077
6.259339,-0.025009536888685433
6.259805,-0.024338139925230793
6.260270,-0.02349889372091249
6.260736,-0.02333104448004883
6.261201,-0.022995345998321506
6.261667,-0.02265964751659419
6.262133,-0.022995345998321506
6.262598,-0.022995345998321506
6.263064,-0.022491798275730522
6.263529,-0.022323949034866862
6.263995,-0.022323949034866862
6.264460,-0.021652552071412222
6.264926,-0.020645456626230255
6.265391,-0.019638361181048294
6.265857,-0.018631265735866327
6.266322,-0.018631265735866327
6.266788,-0.017792019531548024
6.267253,-0.017624170290684367
6.267719,-0.01628137636377508
6.268184,-0.015442130159456776
6.268650,-0.014602883955138474
6.269115,-0.01359578850995651
6.269581,-0.01359578850995651
6.270046,-0.012588693064774548
6.270512,-0.011581597619592583
6.270977,-0.011245899137865261
6.271443,-0.010910200656137941
6.271908,-0.010238803692683297
6.272374,-0.009903105210955977
6.272839,-0.008896009765774012
6.273305,-0.008560311284046692
6.273770,-0.008896009765774012
6.274236,-0.009063859006637675
6.274701,-0.008896009765774012
6.275167,-0.008560311284046692
6.275633,-0.008560311284046692
6.276098,-0.008560311284046692
6.276564,-0.008224612802319372
6.277029,-0.00788891432059205
6.277495,-0.007553215838864729
6.277960,-0.008224612802319372
6.278426,-0.008224612802319372
6.278891,-0.008224612802319372
6.279357,-0.007553215838864729
6.279822,-0.007049668116273747
6.280288,-0.007049668116273747
6.280753,-0.007553215838864729
6.281219,-0.007553215838864729
6.281684,-0.007553215838864729
6.282150,-0.007553215838864729
6.282615,-0.008224612802319372
6.283081,-0.008224612802319372
6.283546,-0.008224612802319372
6.284012,-0.008224612802319372
6.284477,-0.007217517357137408
6.284943,-0.006881818875410085
6.285408,-0.006881818875410085
6.285874,-0.007049668116273747
6.286339,-0.007049668116273747
6.286805,-0.007553215838864729
6.287270,-0.007553215838864729
6.287736,-0.007553215838864729
6.288201,-0.007217517357137408
6.288667,-0.006881818875410085
6.289133,-0.007217517357137408
6.289598,-0.007217517357137408
6.290064,-0.006881818875410085
6.290529,-0.006210421911955443
6.290995,-0.006713969634546426
6.291460,-0.006210421911955443
6.291926,-0.005874723430228122
6.292391,-0.0055390249485008005
6.292857,-0.004867627985046159
6.293322,-0.004196231021591517
6.293788,-0.003692683299000534
6.294253,-0.003189135576409552
6.294719,-0.0028534370946822307
6.295184,-0.0025177386129549098
6.295650,-0.001846341649500267
6.296115,-0.001846341649500267
6.296581,-0.0023498893720912484
6.297046,-0.0028534370946822307
6.297512,-0.0030212863355458916
6.297977,-0.0035248340581368735
6.298443,-0.004196231021591517
6.298908,-0.004867627985046159
6.299374,-0.0055390249485008005
6.299839,-0.006881818875410085
6.300305,-0.007553215838864729
6.300770,-0.008224612802319372
6.301236,-0.009567406729228655
6.301701,-0.010406652933546959
6.302167,-0.011245899137865261
6.302632,-0.012252994583047227
6.303098,-0.01359578850995651
6.303564,-0.014938582436865796
6.304029,-0.0157778286411841
6.304495,-0.017624170290684367
6.304960,-0.01896696421759365
6.305426,-0.019638361181048294
6.305891,-0.019974059662775615
6.306357,-0.020981155107957578
6.306822,-0.021652552071412222
6.307288,-0.021820401312275882
6.307753,-0.022323949034866862
6.308219,-0.022995345998321506
6.308684,-0.02333104448004883
6.309150,-0.02366674296177615
6.309615,-0.02366674296177615
6.310081,-0.024338139925230793
6.310546,-0.024338139925230793
6.311012,-0.02400244144350347
6.311477,-0.023163195239185166
6.311943,-0.022995345998321506
6.312408,-0.021988250553139542
6.312874,-0.021652552071412222
6.313339,-0.020981155107957578
6.313805,-0.019806210421911954
6.314270,-0.018631265735866327
6.314736,-0.017624170290684367
6.315201,-0.016784924086366067
6.315667,-0.01594567788204776
6.316132,-0.014602883955138474
6.316598,-0.01326009002822919
6.317064,-0.011749446860456245
6.317529,-0.010406652933546959
6.317995,-0.008896009765774012
6.318460,-0.008224612802319372
6.318926,-0.007049668116273747
6.319391,-0.006210421911955443
6.319857,-0.004196231021591517
6.320322,-0.0021820401312275884
6.320788,-0.0008392462043183033
6.321253,-0.00016784924086366064
6.321719,0.0011749446860456242
6.322184,0.0025177386129549098
6.322650,0.004531929503318838
6.323115,0.005874723430228122
6.323581,0.006546120393682764
6.324046,0.007721065079728388
6.324512,0.008224612802319372
6.324977,0.009567406729228655
6.325443,0.010574502174410621
6.325908,0.011581597619592583
6.326374,0.012588693064774548
6.326839,0.013931486991683832
6.327305,0.01527428091859312
6.327770,0.01628137636377508
6.328236,0.017120622568093383
6.328701,0.01829556725413901
6.329167,0.01896696421759365
6.329632,0.018631265735866327
6.330098,0.018631265735866327
6.330564,0.01896696421759365
6.331029,0.01896696421759365
6.331495,0.019974059662775615
6.331960,0.019974059662775615
6.332426,0.019638361181048294
6.332891,0.01913481345845731
6.333357,0.01896696421759365
6.333822,0.018631265735866327
6.334288,0.017959868772411687
6.334753,0.017624170290684367
6.335219,0.017288471808957043
6.335684,0.016617074845502403
6.336150,0.01594567788204776
6.336615,0.01594567788204776
6.337081,0.01527428091859312
6.337546,0.014938582436865796
6.338012,0.014938582436865796
6.338477,0.014602883955138474
6.338943,0.01326009002822919
6.339408,0.01292439154650187
6.339874,0.012588693064774548
6.340339,0.011581597619592583
6.340805,0.010574502174410621
6.341270,0.009231708247501335
6.341736,0.00788891432059205
6.342201,0.008224612802319372
6.342667,0.007721065079728388
6.343132,0.007217517357137408
6.343598,0.006546120393682764
6.344063,0.006378271152819104
6.344529,0.006210421911955443
6.344995,0.0052033264667734795
6.345460,0.004531929503318838
6.345926,0.004196231021591517
6.346391,0.003356984817273213
6.346857,0.0025177386129549098
6.347322,0.0025177386129549098
6.347788,0.0025177386129549098
6.348253,0.0025177386129549098
6.348719,0.0016784924086366065
6.349184,0.0011749446860456242
6.349650,0.0008392462043183033
6.350115,0.0005035477225909818
6.350581,-0.0006713969634546426
6.351046,-0.0008392462043183033
6.351512,-0.0005035477225909818
6.351977,-0.0005035477225909818
6.352443,-0.0011749446860456242
6.352908,-0.0005035477225909818
6.353374,-0.0003356984817273213
6.353839,-0.00016784924086366064
6.354305,-0.00016784924086366064
6.354770,-0.0005035477225909818
6.355236,-0.0005035477225909818
6.355701,0.00016784924086366064
6.356167,0.0005035477225909818
6.356632,-0.00016784924086366064
6.357098,-0.0005035477225909818
6.357563,-0.00016784924086366064
6.358029,-0.00016784924086366064
6.358495,-0.0005035477225909818
6.358960,-0.0011749446860456242
6.359426,-0.0015106431677729458
6.359891,-0.0021820401312275884
6.360357,-0.001846341649500267
6.360822,-0.0028534370946822307
6.361288,-0.004196231021591517
6.361753,-0.003860532539864194
6.362219,-0.004867627985046159
6.362684,-0.0055390249485008005
6.363150,-0.006210421911955443
6.363615,-0.0055390249485008005
6.364081,0.035416189822232394
6.364546,0.1708705271992065
6.365012,0.2754406042572671
6.365477,0.28014038300144956
6.365943,0.5194934004730297
6.366408,3.744884412909133
6.366874,5.489173723964294
6.367339,5.4918593118181125
6.367805,5.493202105745021
6.368270,5.493202105745021
6.368736,5.493873502708476
6.369201,5.494209201190204
6.369667,5.493873502708476
6.370132,5.493537804226749
6.370598,5.493873502708476
6.371063,5.493873502708476
6.371529,5.493202105745021
6.371995,5.493873502708476
6.372460,5.493873502708476
6.372926,5.493873502708476
6.373391,5.493873502708476
6.373857,2.379934386205844
6.374322,-3.8694285496299683
6.374788,-5.4834668497749295
6.375253,-5.490180819409476
6.375719,-5.491523613336385
6.376184,-5.4918593118181125
6.376650,-5.492027161058976
6.377115,-5.4923628595407035
6.377581,-5.4923628595407035
6.378046,-5.492530708781567
6.378512,-5.4928664072632944
6.378977,-5.493202105745021
6.379443,-5.493705653467612
6.379908,-5.49404135194934
6.380374,-5.49404135194934
6.380839,-5.494377050431067
6.381305,-5.494377050431067
6.381770,-5.494377050431067
6.382236,-5.49454489967193
6.382701,-5.49454489967193
6.383167,-5.494377050431067
6.383632,-5.49454489967193
6.384098,-5.49454489967193
6.384563,-5.49454489967193
6.385029,-5.494712748912795
6.385494,-5.494712748912795
6.385960,-5.494377050431067
6.386426,-5.49454489967193
6.386891,-5.494377050431067
6.387357,-5.49454489967193
6.387822,-5.49454489967193
6.388288,-5.494377050431067
6.388753,-5.494712748912795
6.389219,-5.49454489967193
6.389684,-5.49454489967193
6.390150,-5.49454489967193
6.390615,-5.49454489967193
6.391081,-5.49454489967193
6.391546,-5.49454489967193
6.392012,-5.494712748912795
6.392477,-5.494712748912795
6.392943,-5.494712748912795
6.393408,-5.49454489967193
6.393874,-5.494712748912795
6.394339,-5.49454489967193
6.394805,-5.493873502708476
6.395270,-5.4928664072632944
6.395736,-5.493034256504157
6.396201,-5.492698558022431
6.396667,-5.4928664072632944
6.397132,-5.4928664072632944
6.397598,-5.493034256504157
6.398063,-5.493034256504157
6.398529,-5.4928664072632944
6.398994,-5.493034256504157
6.399460,-5.493202105745021
6.399926,-5.493202105745021
6.400391,-5.493034256504157
6.400857,-5.493202105745021
6.401322,-5.493202105745021
6.401788,-5.493369954985885
6.402253,-5.493369954985885
6.402719,-5.493369954985885
6.403184,-5.493369954985885
6.403650,-5.493537804226749
6.404115,-5.493537804226749
6.404581,-4.963134203097582
6.405046,-4.393453879606317
6.405512,-3.8519722285801477
6.405977,-3.3269398031586173
6.406443,-2.8208743419546805
6.406908,-2.3371328297856104
6.407374,-1.8755474174105438
6.407839,-1.437293049515526
6.408305,-1.0206912336919205
6.408770,-0.6252384222171359
6.409236,-0.2512703135728999
6.409701,0.10305943389028763
6.410167,0.4382543678950179
6.410632,0.7554894331273365
6.411098,1.052582589456016
6.411563,1.3308766308079651
6.412029,1.5900358587014571
6.412494,1.833417257953765
6.412960,2.0583352407110707
6.413426,2.2676432440680556
6.413891,2.4611734187838556
6.414357,2.6402685587853814
6.414822,2.8049286640726327
6.415288,2.9559929808499277
6.415753,3.0948043030441745
6.416219,3.221194781414511
6.416684,3.335332265201801
6.417150,3.4387273975738153
6.417615,3.5307087815671014
6.418081,3.6119478141451133
6.418546,3.684458686198215
6.419012,3.7475700007629507
6.419477,3.8019531548027774
6.419943,3.848279545281147
6.420408,3.886549172198062
6.420874,3.917936980239566
6.421339,3.9422751201647968
6.421805,3.961074235141527
6.422270,3.973159380483712
6.422736,3.9792019531548024
6.423201,3.9805447470817126
6.423667,3.978530556191348
6.424132,3.9711451895933467
6.424598,3.959060044251163
6.425063,3.943617914091707
6.425529,3.9248187991149766
6.425994,3.9026626993209734
6.426460,3.8788281071183337
6.426925,3.8509651331349657
6.427391,3.8214236667429615
6.427857,3.789196612497139
6.428322,3.754283970397497
6.428788,3.7186999313344016
6.429253,3.6817730983443964
6.429719,3.642160677500572
6.430184,3.5991912718394747
6.430650,3.5562218661783773
6.431115,3.5152666514076447
6.431581,3.4729686427100024
6.432046,3.4303349355306323
6.432512,3.38669413290608
6.432977,3.343724727244984
6.433443,3.3004196231021585
6.433908,3.257785915922789
6.434374,3.21380941481651
6.434839,3.1708400091554134
6.435305,3.127870603494316
6.435770,3.0852368963149464
6.436236,3.0419317921721216
6.436701,2.9982909895475696
6.437167,2.9558251316090636
6.437632,2.9133592736705576
6.438098,2.872068360418097
6.438563,2.831113145647364
6.439029,2.7911650263218126
6.439494,2.750545510032807
6.439960,2.7116044861524378
6.440425,2.673334859235523
6.440891,2.6357366292820625
6.441357,2.5988097962920578
6.441822,2.561882963302052
6.442288,2.5262989242389557
6.442753,2.490379186694133
6.443219,2.457145037003128
6.443684,2.423575188830396
6.444150,2.3910124361028458
6.444615,2.3584496833752953
6.445081,2.3252155336842906
6.445546,2.292317082475013
6.446012,2.2624399176012817
6.446477,2.2332341496910044
6.446943,2.2040283817807276
6.447408,2.1758297093156327
6.447874,2.148302433813992
6.448339,2.122789349202716
6.448805,2.096269169146258
6.449270,2.0704203860532537
6.449736,2.0487678339818416
6.450201,2.028793774319066
6.450667,2.005966277561608
6.451132,1.9817959868772412
6.451598,1.958632791638056
6.452063,1.9354695963988706
6.452529,1.9123064011596858
6.452994,1.889814602883955
6.453460,1.8686655985351341
6.453925,1.848859388113222
6.454391,1.8287174792095828
6.454857,1.8092469672693978
6.455322,1.7897764553292137
6.455788,1.7719844357976653
6.456253,1.754863813229572
6.456719,1.7377431906614784
6.457184,1.7199511711299305
6.457650,1.701823453116655
6.458115,1.6843671320668345
6.458581,1.665400167849241
6.459046,1.6457618066681927
6.459512,1.62729839017319
6.459977,1.6135347524223695
6.460443,1.6011139085984585
6.460908,1.5880216678110932
6.461374,1.574258030060273
6.461839,1.5618371862363623
6.462305,1.550087739375906
6.462770,1.5380025940337223
6.463236,1.5275959411001756
6.463701,1.519874876020447
6.464167,1.5094682230869
6.464632,1.4963759822995346
6.465098,1.4836194399938962
6.465563,1.470862897688258
6.466029,1.457938506141756
6.466494,1.4453498130769817
6.466960,1.4349431601434346
6.467425,1.422858014801251
6.467891,1.411108567940795
6.468356,1.4003662165255204
6.468822,1.388281071183337
6.469288,1.3768673228046082
6.469753,1.3661249713893338
6.470219,1.3540398260471505
6.470684,1.341283283741512
6.471150,1.3290302891584649
6.471615,1.316609445334554
6.472081,1.305699244678416
6.472546,1.2969710841535058
6.473012,1.2909285114824138
6.473477,1.2842145418478674
6.473943,1.2775005722133213
6.474408,1.2768291752498664
6.474874,1.247287708857862
6.475339,0.844281681544213
6.475805,-0.21937895780880443
6.476270,-1.6081635767147324
6.476736,-2.883985656519417
6.477201,-3.9400930800335696
6.477667,-4.8155947203784235
6.478132,-5.47339589532311
6.478598,-5.492027161058976
6.479063,-5.4928664072632944
6.479529,-5.493202105745021
6.479994,-5.493537804226749
6.480460,-5.493873502708476
6.480925,-5.493873502708476
6.481391,-5.49404135194934
6.481856,-5.49404135194934
6.482322,-5.493873502708476
6.482788,-5.49404135194934
6.483253,-5.494209201190204
6.483719,-5.494209201190204
6.484184,-5.494209201190204
6.484650,-5.494209201190204
6.485115,-5.49404135194934
6.485581,-5.494209201190204
6.486046,-5.494209201190204
6.486512,-5.49404135194934
6.486977,-5.494209201190204
6.487443,-5.494377050431067
6.487908,-5.49404135194934
6.488374,-5.494377050431067
6.488839,-5.494209201190204
6.489305,-5.494209201190204
6.489770,-5.494377050431067
6.490236,-5.395345998321507
6.490701,-5.0002288853284504
6.491167,-4.592355230029755
6.491632,-4.161654077973601
6.492098,-3.7418631265735867
6.492563,-3.340871290150301
6.493029,-2.948271915770199
6.493494,-2.5551689936675057
6.493960,-2.1654230563820858
6.494425,-1.7896086060883498
6.494891,-1.4242008087281604
6.495356,-1.0522468909742884
6.495822,-0.6843213550011443
6.496288,-0.33687342641336687
6.496753,-0.007721065079728388
6.497219,0.3130388342107271
6.497684,0.6275883115892271
6.498150,0.9352559700923171
6.498615,1.2283207446402684
6.499081,1.5047684443427176
6.499546,1.7649347676813916
6.500012,2.0210727092393377
6.500477,2.2725108720531013
6.500943,2.5115281910429537
6.501408,2.734431982909895
6.501874,2.9519645990692
6.502339,3.1621118486305027
6.502805,3.362859540703441
6.503270,3.559243152513924
6.503736,3.744884412909133
6.504201,3.916090638590066
6.504667,4.084275577935454
6.505132,4.248432135500114
6.505598,4.392782482642862
6.506063,4.519005111772334
6.506529,4.629114213778896
6.506994,4.723109788662546
6.507460,4.805691615167468
6.507925,4.888944838635843
6.508391,4.971526665140764
6.508856,5.040344853894866
6.509322,5.0930495155260544
6.509787,5.135347524223698
6.510253,5.171602960250247
6.510719,5.205844205386435
6.511184,5.232028686961166
6.511650,5.246799420157169
6.512115,5.261234454871443
6.512581,5.274326695658807
6.513046,5.266941329060807
6.513512,5.244113832303349
6.513977,5.2159151598382545
6.514443,5.186709391927977
6.514908,5.153475242236973
6.515374,5.120912489509423
6.515839,5.088349736781872
6.516305,5.055451285572595
6.516770,5.017517357137407
6.517236,4.970519569695583
6.517701,4.9252002746623935
6.518167,4.894316014343481
6.518632,4.872831311512931
6.519098,4.843961242084383
6.519563,4.807370107576104
6.520029,4.779171435111009
6.520494,4.758693827725642
6.520960,4.738551918822003
6.521425,4.722438391699092
6.521891,4.702967879758907
6.522356,4.666712443732356
6.522822,4.620386053253986
6.523287,4.579430838483253
6.523753,4.548210879682612
6.524219,4.526054779888609
6.524684,4.508598458838788
6.525150,4.486106660563057
6.525615,4.451194018463417
6.526081,4.400671396963454
6.526546,4.337056534676127
6.527012,4.2799877927824825
6.527477,4.241046768902113
6.527943,4.2074769207293805
6.528408,4.170550087739375
6.528874,4.137483787289234
6.529339,4.112138551918822
6.529805,4.103410391393911
6.530270,4.11985961699855
6.530736,4.135637445639735
6.531201,4.0973678187228195
6.531667,3.9906157015335313
6.532132,3.848279545281147
6.532598,3.6884870679789428
6.533063,3.518623636224918
6.533529,3.328618295567254
6.533994,3.0802014190890366
6.534460,2.7626306553749904
6.534925,2.419546807049668
6.535391,2.1859006637674523
6.535856,2.0868696116578924
6.536322,2.04457160296025
6.536787,2.0143587396047913
6.537253,2.0435645075150686
6.537719,2.136217288471809
6.538184,2.118760967421988
6.538650,1.6195773250934613
6.539115,0.989135576409552
6.539581,0.7632104982070649
6.540046,1.1556420233463036
6.540512,1.9250629434653237
6.540977,3.0365606164644845
6.541443,4.132616159304187
6.541908,4.352162966353856
6.542374,3.7502555886167697
6.542839,2.6585641260395207
6.543305,1.708873121232929
6.543770,1.2976424811169605
6.544236,1.1529564354924848
6.544701,1.0337834744792858
6.545167,0.8139009689478903
6.545632,0.40535591668574045
6.546098,-0.26738384069581134
6.546563,-2.5543297474631874
6.547029,-5.458121614404517
6.547494,-5.491020065613794
6.547960,-5.492698558022431
6.548425,-5.493537804226749
6.548891,-5.493537804226749
6.549356,-5.493873502708476
6.549822,-5.493873502708476
6.550287,-5.49404135194934
6.550753,-5.493873502708476
6.551218,-5.494209201190204
6.551684,-5.494377050431067
6.552150,-5.494209201190204
6.552615,-5.494209201190204
6.553081,-5.49454489967193
6.553546,-5.494377050431067
6.554012,-5.494377050431067
6.554477,-5.494377050431067
6.554943,-5.494377050431067
6.555408,-5.494209201190204
6.555874,-5.49454489967193
6.556339,-5.494377050431067
6.556805,-5.494377050431067
6.557270,-2.5182421606775005
6.557736,1.0791027695124742
6.558201,4.284687571526665
6.558667,5.48715953307393
6.559132,5.490516517891203
6.559598,5.4918593118181125
6.560063,5.4918593118181125
6.560529,5.492530708781567
6.560994,5.4923628595407035
6.561460,5.492195010299839
6.561925,5.4918593118181125
6.562391,5.492530708781567
6.562856,5.493034256504157
6.563322,5.492530708781567
6.563787,5.492530708781567
6.564253,5.492530708781567
6.564718,5.492530708781567
6.565184,5.4918593118181125
6.565650,5.4928664072632944
6.566115,5.493202105745021
6.566581,5.492530708781567
6.567046,5.492530708781567
6.567512,5.4918593118181125
6.567977,5.4918593118181125
6.568443,5.492530708781567
6.568908,5.493202105745021
6.569374,5.492530708781567
6.569839,5.492530708781567
6.570305,5.492530708781567
6.570770,5.4928664072632944
6.571236,5.493202105745021
6.571701,5.493202105745021
6.572167,5.492530708781567
6.572632,5.493202105745021
6.573098,5.492530708781567
6.573563,5.492530708781567
6.574029,5.4928664072632944
6.574494,5.4928664072632944
6.574960,5.4928664072632944
6.575425,5.4928664072632944
6.575891,5.492530708781567
6.576356,5.493202105745021
6.576822,5.493202105745021
6.577287,5.492530708781567
6.577753,5.492530708781567
6.578218,5.493202105745021
6.578684,5.492530708781567
6.579150,5.493202105745021
6.579615,5.493202105745021
6.580081,5.492530708781567
6.580546,5.493202105745021
6.581012,5.493202105745021
6.581477,5.493202105745021
6.581943,5.492530708781567
6.582408,5.493202105745021
6.582874,5.493202105745021
6.583339,5.4928664072632944
6.583805,5.4928664072632944
6.584270,5.492530708781567
6.584736,5.492530708781567
6.585201,5.492530708781567
6.585667,5.493202105745021
6.586132,5.493202105745021
6.586598,5.4928664072632944
6.587063,5.492530708781567
6.587529,5.4529182879377425
6.587994,5.4106202792401
6.588460,5.363622491798276
6.588925,5.294468604562447
6.589391,5.228671702143893
6.589856,2.48198672465095
6.590322,2.3312581063553823
6.590787,2.869047074082551
6.591253,2.7109330891889827
6.591718,2.1442740520332646
6.592184,1.6860456244754711
6.592649,1.4037232013427938
6.593115,1.1613488975356678
6.593581,0.8941329060807202
6.594046,0.6225528343633172
6.594512,0.37094682230868997
6.594977,0.14015411612115664
6.595443,-0.07570000762951096
6.595908,-0.28014038300144956
6.596374,-0.47283131151293206
6.596839,-0.6534370946822308
6.597305,-0.8212863355458915
6.597770,-0.9777218280308233
6.598236,-1.1229114213778897
6.598701,-1.2575265125505455
6.599167,-1.3825741969939724
6.599632,-1.497047379262989
6.600098,-1.6022888532845043
6.600563,-1.6988021667811093
6.601029,-1.7864194705119405
6.601494,-1.865644312199588
6.601960,-1.9368123903257797
6.602425,-2.000930800335698
6.602891,-2.0578316929884797
6.603356,-2.10785076676585
6.603822,-2.1518272678721297
6.604287,-2.1892576485847255
6.604753,-2.2211490043488213
6.605218,-2.246997787441825
6.605684,-2.2684824902723735
6.606149,-2.2857709620813305
6.606615,-2.2980239566643776
6.607081,-2.30641641870756
6.607546,-2.311116197451743
6.608012,-2.312458991378653
6.608477,-2.3104448004882885
6.608943,-2.3047379262989236
6.609408,-2.296345464255741
6.609874,-2.285099565117876
6.610339,-2.2713359273670557
6.610805,-2.2560616464484626
6.611270,-2.238605325398642
6.611736,-2.2194705119401847
6.612201,-2.197985809109636
6.612667,-2.1711299305714507
6.613132,-2.142595559624628
6.613598,-2.1164110780498966
6.614063,-2.092576485847257
6.614529,-2.067399099717708
6.614994,-2.0405432211795222
6.615460,-2.0130159456778824
6.615925,-1.9859922178988325
6.616391,-1.9579613946746015
6.616856,-1.929427023727779
6.617322,-1.9005569542992296
6.617787,-1.8716868848706796
6.618253,-1.8419775692378115
6.618718,-1.812603952086671
6.619184,-1.783062485694667
6.619649,-1.75385671778439
6.620115,-1.7249866483558403
6.620580,-1.6961165789272905
6.621046,-1.6670786602578773
6.621512,-1.638544289311055
6.621977,-1.6110170138094146
6.622443,-1.5839932860303654
6.622908,-1.5566338597695886
6.623374,-1.5296101319905395
6.623839,-1.5032578011749445
6.624305,-1.4769054703593498
6.624770,-1.4512245365072098
6.625236,-1.425879301136797
6.625701,-1.4010376134889753
6.626167,-1.3772030212863355
6.626632,-1.3540398260471505
6.627098,-1.3313801785305561
6.627563,-1.3093919279774167
6.628029,-1.2927748531319143
6.628494,-1.2880750743877316
6.628960,-1.1365072098878461
6.629425,1.7129015030136567
6.629891,5.464332036316472
6.630356,5.492195010299839
6.630822,5.493202105745021
6.631287,5.493202105745021
6.631753,5.493202105745021
6.632218,5.493873502708476
6.632684,5.493202105745021
6.633149,5.493202105745021
6.633615,5.493202105745021
6.634080,5.493202105745021
6.634546,5.492530708781567
6.635012,5.493202105745021
6.635477,5.493202105745021
6.635943,5.493202105745021
6.636408,5.45694666971847
6.636874,2.404776073853666
6.637339,-4.106431677729457
6.637805,-5.4854810406652925
6.638270,-5.491020065613794
6.638736,-5.492027161058976
6.639201,-5.492530708781567
6.639667,-5.493034256504157
6.640132,-5.493034256504157
6.640598,-5.493202105745021
6.641063,-5.493202105745021
6.641529,-5.493202105745021
6.641994,-5.493369954985885
6.642460,-5.493202105745021
6.642925,-5.493369954985885
6.643391,-5.493537804226749
6.643856,-5.493369954985885
6.644322,-5.493369954985885
6.644787,-5.493369954985885
6.645253,-5.493537804226749
6.645718,-5.493705653467612
6.646184,-5.493537804226749
6.646649,-5.493537804226749
6.647115,-5.493369954985885
6.647580,-5.493705653467612
6.648046,-5.493537804226749
6.648512,-5.493537804226749
6.648977,-5.493705653467612
6.649443,-5.493369954985885
6.649908,-5.493537804226749
6.650374,-5.493537804226749
6.650839,-5.493537804226749
6.651305,-5.493705653467612
6.651770,-5.493537804226749
6.652236,-5.493537804226749
6.652701,-5.493537804226749
6.653167,-5.493537804226749
6.653632,-5.493537804226749
6.654098,-5.493537804226749
6.654563,-5.493537804226749
6.655029,-5.493537804226749
6.655494,-5.493705653467612
6.655960,-5.493705653467612
6.656425,-5.493537804226749
6.656891,-5.493537804226749
6.657356,-5.493537804226749
6.657822,-5.493705653467612
6.658287,-5.493537804226749
6.658753,-5.493537804226749
6.659218,-5.493705653467612
6.659684,-5.493537804226749
6.660149,-5.493873502708476
6.660615,-5.493537804226749
6.661080,-5.493537804226749
6.661546,-5.493705653467612
6.662011,-5.493537804226749
6.662477,-5.493537804226749
6.662943,-5.493705653467612
6.663408,-5.493705653467612
6.663874,-5.493537804226749
6.664339,-5.493705653467612
6.664805,-5.493705653467612
6.665270,-5.493705653467612
6.665736,-5.493537804226749
6.666201,-5.493537804226749
6.666667,-5.493537804226749
6.667132,-5.493537804226749
6.667598,-5.465003433279927
6.668063,-4.912947280079347
6.668529,-4.380361638818951
6.668994,-3.8622110322728314
6.669460,-3.362355992980849
6.669925,-2.8834821087968256
6.670391,-2.4265964751659417
6.670856,-1.9923704890516518
6.671322,-1.5792935072861827
6.671787,-1.1858548867017624
6.672253,-0.8108796826123444
6.672718,-0.45336079957274733
6.673184,-0.11296253910124363
6.673649,0.21199359121080338
6.674115,0.519829098954757
6.674580,0.6007324330510413
6.675046,-0.09231708247501334
6.675511,-1.4134584573128863
6.675977,-2.8442053864347296
6.676443,-4.129594872968643
6.676908,-5.298664835584038
6.677374,-5.491523613336385
6.677839,-5.493369954985885
6.678305,-5.493873502708476
6.678770,-5.493873502708476
6.679236,-5.49404135194934
6.679701,-5.494209201190204
6.680167,-5.494209201190204
6.680632,-5.494209201190204
6.681098,-5.494209201190204
6.681563,-5.494209201190204
6.682029,-5.494377050431067
6.682494,-5.494209201190204
6.682960,-5.494377050431067
6.683425,-5.494209201190204
6.683891,-5.494377050431067
6.684356,-5.494377050431067
6.684822,-5.49454489967193
6.685287,-5.494377050431067
6.685753,-5.494209201190204
6.686218,-5.494377050431067
6.686684,-5.494209201190204
6.687149,-4.937788967727169
6.687615,-4.330006866559853
6.688080,-3.7633478294041356
6.688546,-3.218341344319829
6.689011,-2.639597161821927
6.689477,-2.0868696116578924
6.689943,-1.6249485008010986
6.690408,-1.164705882352941
6.690874,-0.5770656900892653
6.691339,-0.01560997940032044
6.691805,0.4112306401159686
6.692270,0.7660639353017472
6.692736,1.1395284962233918
6.693201,1.574258030060273
6.693667,2.0133516441596093
6.694132,2.4222323949034865
6.694598,2.8163424124513616
6.695063,3.192996108949416
6.695529,3.5273517967498282
6.695994,3.8019531548027774
6.696460,3.9822232394903487
6.696925,4.084611276417182
6.697391,4.216876478217746
6.697856,4.3994964522774085
6.698322,4.602594033722438
6.698787,4.804348821240558
6.699253,4.988982986190585
6.699718,4.940978103303578
6.700184,2.9529716945143814
6.700649,-0.6403448538948654
6.701115,-3.0567025253681237
6.701580,-3.2863202868696115
6.702046,-2.4423743038071257
6.702511,-1.6021210040436409
6.702977,-0.9001754787518118
6.703442,-0.18345922026398107
6.703908,0.5158007171740291
6.704374,1.1203936827649348
6.704839,1.6393835355153732
6.705305,2.1489738307774466
6.705770,2.627008468757152
6.706236,3.0758373388265814
6.706701,3.5226520180056453
6.707167,3.9808804455634386
6.707632,4.486106660563057
6.708098,5.050751506828412
6.708563,5.486488136110475
6.709029,5.491187914854658
6.709494,5.4918593118181125
6.709960,5.492195010299839
6.710425,5.145418478675517
6.710891,5.197787441824978
6.711356,5.491187914854658
6.711822,5.492530708781567
6.712287,5.492530708781567
6.712753,5.4928664072632944
6.713218,5.492530708781567
6.713684,5.493034256504157
6.714149,5.493202105745021
6.714615,5.493202105745021
6.715080,5.4928664072632944
6.715546,5.492530708781567
6.716011,5.492530708781567
6.716477,5.493034256504157
6.716942,5.493202105745021
6.717408,5.493202105745021
6.717874,5.492530708781567
6.718339,5.492530708781567
6.718805,5.4928664072632944
6.719270,5.492530708781567
6.719736,5.4928664072632944
6.720201,5.492530708781567
6.720667,5.492530708781567
6.721132,5.492530708781567
6.721598,5.492530708781567
6.722063,5.492530708781567
6.722529,5.492530708781567
6.722994,5.492530708781567
6.723460,5.492530708781567
6.723925,5.492530708781567
6.724391,5.492530708781567
6.724856,5.493034256504157
6.725322,5.492530708781567
6.725787,5.492530708781567
6.726253,5.492530708781567
6.726718,5.492530708781567
6.727184,5.4928664072632944
6.727649,5.493202105745021
6.728115,5.4928664072632944
6.728580,5.4928664072632944
6.729046,5.492530708781567
6.729511,5.4928664072632944
6.729977,5.4918593118181125
6.730442,5.492195010299839
6.730908,5.493202105745021
6.731374,5.492530708781567
6.731839,5.4918593118181125
6.732305,5.492530708781567
6.732770,5.4928664072632944
6.733236,5.493202105745021
6.733701,5.493202105745021
6.734167,5.4928664072632944
6.734632,5.492530708781567
6.735098,5.492530708781567
6.735563,5.4435187304493775
6.736029,5.303196765087358
6.736494,5.144747081712062
6.736960,4.973540856031128
6.737425,4.801663233386739
6.737891,4.643213550011444
6.738356,4.508934157320515
6.738822,4.384725719081406
6.739287,4.256153200579843
6.739753,4.1812924391546495
6.740218,4.317586022735942
6.740684,4.435751888303959
6.741149,4.311207751583124
6.741615,4.021164263370718
6.742080,3.6186617837796597
6.742546,2.995269703212024
6.743011,2.4994430457007706
6.743477,2.3312581063553823
6.743942,2.320851453421836
6.744408,2.285603112840467
6.744873,2.197985809109636
6.745339,2.0919050888838027
6.745805,1.9935454337376974
6.746270,1.9143205920500495
6.746736,1.834592202639811
6.747201,1.7192797741664758
6.747667,1.550591287098497
6.748132,1.3446402685587853
6.748598,1.13852140077821
6.749063,0.9438162813763636
6.749529,0.67861448081178
6.749994,0.1675135423819333
6.750460,-0.36675059128709847
6.750925,-0.6185244525825895
6.751391,-0.5681696803234914
6.751856,-0.37749294270237277
6.752322,-0.1722133211261158
6.752787,0.02333104448004883
6.753253,0.23549248493171587
6.753718,0.4503395132372015
6.754184,0.6252384222171359
6.754649,0.7610284580758372
6.755115,0.8847333485923551
6.755580,1.000549324788281
6.756046,1.1022659647516593
6.756511,1.1986114290074006
6.756977,1.2880750743877316
6.757442,1.362096589608606
6.757908,1.4188296330205232
6.758373,1.452735179674983
6.758839,1.4688487067978944
6.759305,1.4735484855420766
6.759770,1.4691844052796215
6.760236,1.456595712214847
6.760701,1.43930724040589
6.761167,1.4257114518959333
6.761632,1.415640497444114
6.762098,1.405065995269703
6.762563,1.4033875028610665
6.763029,1.4221866178377964
6.763494,1.4473640039673457
6.763960,1.4507209887846189
6.764425,1.4231937132829784
6.764891,1.3746852826733806
6.765356,1.3278553444724193
6.765822,1.311741817349508
6.766287,1.3382619974059662
6.766753,1.3627679865720606
6.767218,1.3506828412298773
6.767684,1.305699244678416
6.768149,1.2321812771801328
6.768615,1.1469138628213928
6.769080,1.0660105287251087
6.769546,0.9988708323796446
6.770011,0.9512016479743648
6.770477,0.9167925535973143
6.770942,0.8838941023880368
6.771408,0.8417639429312581
6.771873,0.7900663767452505
6.772339,0.7378652628366522
6.772805,0.703791866941329
6.773270,0.6814679179064621
6.773736,0.6517586022735942
6.774201,0.6047608148317694
6.774667,0.5456778820477607
6.775132,0.5027084763866636
6.775598,0.48693064774547945
6.776063,0.46947432669565886
6.776529,0.4221408407721065
6.776994,0.37514305333028153
6.777460,0.36607919432364383
6.777925,0.3684290836957351
6.778391,0.3583581292439155
6.778856,0.3556725413900969
6.779322,0.3623865110246433
6.779787,0.3476157778286411
6.780253,0.30548561837186233
6.780718,0.2626840619516289
6.781184,0.24422064545662625
6.781649,0.24925612268253605
6.782115,0.2589913786526284
6.782580,0.25395590142671853
6.783046,0.231464103150988
6.783511,0.1965514610513466
6.783977,0.16130312046997786
6.784442,0.13679713130388343
6.784908,0.12269779507133592
6.785373,0.10171663996337835
6.785839,0.06747539482719157
6.786304,0.03608758678568704
6.786770,0.0050354772259098195
6.787236,-0.03205920500495917
6.787701,-0.05874723430228122
6.788167,-0.062272068360418105
6.788632,-0.05488670176241703
6.789098,-0.056061646448462656
6.789563,-0.06596475165941862
6.790029,-0.07100022888532845
6.790494,-0.0528725108720531
6.790960,-0.02333104448004883
6.791425,-0.03927672236209659
6.791891,-0.12689402609292744
6.792356,-0.2375066758220798
6.792822,-0.26771953917753877
6.793287,-0.20796520943007551
6.793753,-0.15794613565270463
6.794218,-0.1552605477988861
6.794684,-0.16331731136034178
6.795149,-0.15828183413443195
6.795615,-0.1445181963836118
6.796080,-0.1279011215381094
6.796546,-0.09449912260624094
6.797011,-0.050522621499961846
6.797477,-0.019638361181048294
6.797942,-0.01376363775082017
6.798408,-0.02366674296177615
6.798873,-0.02887006942854963
6.799339,-0.019974059662775615
6.799804,0.0016784924086366065
6.800270,0.01326009002822919
6.800736,-0.027695124742504008
6.801201,-0.11967650873579004
6.801667,-0.21568627450980396
6.802132,-0.26469825284199283
6.802598,-0.2724193179217212
6.803063,-0.24858472571908144
6.803529,-0.2183718623636225
6.803994,-0.20964370183871214
6.804460,-0.20863660639353018
6.804925,-0.1901731898985275
6.805391,-0.14518959334706644
6.805856,-0.09752040894178682
6.806322,-0.09835965514610515
6.806787,-0.18228427557793545
6.807253,-0.3103532463569085
6.807718,-0.4374151216906996
6.808184,-0.5669947356374456
6.808649,-0.7252765697718776
6.809115,-0.9320668345159074
6.809580,-1.1573205157549402
6.810046,-1.4483710994125274
6.810511,-1.8549019607843136
6.810977,-2.2632791638056
6.811442,-2.5548332951857784
6.811908,-2.749874113069352
6.812373,-2.9449149309529257
6.812839,-3.2002136263065535
6.813304,-3.4194247348744944
6.813770,-3.4647440299076826
6.814236,-3.3574883649958034
6.814701,-3.207934691386282
6.815167,-3.01390096894789
6.815632,-1.8743724727244981
6.816098,-0.01560997940032044
6.816563,1.1559777218280307
6.817029,1.3276874952315556
6.817494,1.5695582513160908
6.817960,2.1590447852292662
6.818425,2.374563210498207
6.818891,1.7854123750667583
6.819356,0.6124818799114976
6.819822,-0.5960326543068589
6.820287,-1.9747463187609675
6.820753,-3.7438773174639506
6.821218,-4.666376745250629
6.821684,-5.2667734798199435
6.822149,-5.490348668650339
6.822615,-5.492698558022431
6.823080,-5.493369954985885
6.823546,-5.493873502708476
6.824011,-5.493873502708476
6.824477,-5.49404135194934
6.824942,-5.493873502708476
6.825408,-5.493873502708476
6.825873,-5.493873502708476
6.826339,-5.49404135194934
6.826804,-5.494209201190204
6.827270,-5.494209201190204
6.827735,-5.494209201190204
6.828201,-5.494209201190204
6.828667,-5.494209201190204
6.829132,-5.494377050431067
6.829598,-5.494209201190204
6.830063,-5.494377050431067
6.830529,-5.49454489967193
6.830994,-5.494377050431067
6.831460,-5.494377050431067
6.831925,-5.494377050431067
6.832391,-5.494377050431067
6.832856,-5.494209201190204
6.833322,-5.494209201190204
6.833787,-5.494377050431067
6.834253,-5.494377050431067
6.834718,-5.49454489967193
6.835184,-5.494377050431067
6.835649,-5.494377050431067
6.836115,-5.494377050431067
6.836580,-5.494377050431067
6.837046,-5.494209201190204
6.837511,-2.96253910124361
6.837977,0.26503395132372015
6.838442,3.189639124132143
6.838908,5.450904097047379
6.839373,5.489845120927748
6.839839,5.491187914854658
6.840304,5.4918593118181125
6.840770,5.4918593118181125
6.841235,5.491691462577248
6.841701,5.4918593118181125
6.842167,5.492530708781567
6.842632,5.4923628595407035
6.843098,5.492195010299839
6.843563,5.492530708781567
6.844029,5.492530708781567
6.844494,5.4918593118181125
6.844960,5.4918593118181125
6.845425,5.492530708781567
6.845891,5.492530708781567
6.846356,5.4928664072632944
6.846822,5.492530708781567
6.847287,5.492530708781567
6.847753,5.492530708781567
6.848218,5.492530708781567
6.848684,5.492530708781567
6.849149,5.493202105745021
6.849615,5.493202105745021
6.850080,5.4928664072632944
6.850546,5.492530708781567
6.851011,5.4928664072632944
6.851477,5.492530708781567
6.851942,5.4928664072632944
6.852408,5.493202105745021
6.852873,5.4928664072632944
6.853339,5.492530708781567
6.853804,5.492530708781567
6.854270,5.492530708781567
6.854735,5.4923628595407035
6.855201,5.493034256504157
6.855667,5.493202105745021
6.856132,5.492530708781567
6.856598,5.493034256504157
6.857063,5.493202105745021
6.857529,5.492530708781567
6.857994,5.493202105745021
6.858460,5.493034256504157
6.858925,5.493202105745021
6.859391,5.493202105745021
6.859856,5.493202105745021
6.860322,5.493034256504157
6.860787,5.493202105745021
6.861253,5.4928664072632944
6.861718,5.4928664072632944
6.862184,5.4928664072632944
6.862649,5.493202105745021
6.863115,5.493202105745021
6.863580,5.493202105745021
6.864046,5.493202105745021
6.864511,5.493202105745021
6.864977,5.4928664072632944
6.865442,5.493034256504157
6.865908,5.493202105745021
6.866373,5.493202105745021
6.866839,5.493202105745021
6.867304,5.4928664072632944
6.867770,5.4928664072632944
6.868235,5.492530708781567
6.868701,5.492530708781567
6.869166,2.9620355535210194
6.869632,2.858640421149004
6.870098,3.4038147554741744
6.870563,3.2467078660257878
6.871029,2.690119783321889
6.871494,2.24632639047837
6.871960,1.9750820172426946
6.872425,1.7405966277561609
6.872891,1.4795910582131684
6.873356,1.2137178606851302
6.873822,0.966475928892958
6.874287,0.7390402075226977
6.874753,0.5248645761806667
6.875218,0.3207598992904554
6.875684,0.12739757381551842
6.876149,-0.05387960631723506
6.876615,-0.22374303807125961
6.877080,-0.3831998168917372
6.877546,-0.5319142442969406
6.878011,-0.6705577172503242
6.878477,-0.8004730296787975
6.878942,-0.9206530861371787
6.879408,-1.0316014343480582
6.879873,-1.1343251697566186
6.880339,-1.2283207446402684
6.880804,-1.3149309529259174
6.881270,-1.3939879453727018
6.881735,-1.4663309681849395
6.882201,-1.5312886243991761
6.882666,-1.5903715571831847
6.883132,-1.6429083695735103
6.883598,-1.6894026092927443
6.884063,-1.7303578240634772
6.884529,-1.7667811093308916
6.884994,-1.79833676661326
6.885460,-1.8246890974288548
6.885925,-1.8466773479819942
6.886391,-1.8648050659952697
6.886856,-1.8787365529869537
6.887322,-1.8888075074387733
6.887787,-1.895689326314183
6.888253,-1.89921416037232
6.888718,-1.9002212558175016
6.889184,-1.898878461890593
6.889649,-1.8946822308690014
6.890115,-1.8878004119935914
6.890580,-1.878904402227817
6.891046,-1.8690012970168612
6.891511,-1.8567483024338138
6.891977,-1.8424811169604027
6.892442,-1.8260318913557638
6.892908,-1.8089112687876707
6.893373,-1.7911192492561223
6.893839,-1.7723201342793926
6.894304,-1.752849622339208
6.894770,-1.732036316472114
6.895235,-1.712230106050202
6.895701,-1.7021591515983825
6.896166,-1.7061875333791103
6.896632,-1.6862134737163343
6.897098,0.2099794003204395
6.897563,4.957427328908217
6.898029,5.49085221637293
6.898494,5.4928664072632944
6.898960,5.493202105745021
6.899425,5.493873502708476
6.899891,5.493873502708476
6.900356,5.494209201190204
6.900822,5.493873502708476
6.901287,5.493873502708476
6.901753,5.493873502708476
6.902218,5.492530708781567
6.902684,5.493202105745021
6.903149,5.486152437628748
6.903615,5.447547112230106
6.904080,5.384435797665369
6.904546,5.344151979858091
6.905011,5.313939116502632
6.905477,5.247470817120623
6.905942,0.8830548561837185
6.906408,-5.1744563973449305
6.906873,-5.487998779278247
6.907339,-5.4913557640955215
6.907804,-5.492195010299839
6.908270,-5.492698558022431
6.908735,-5.4928664072632944
6.909201,-5.493034256504157
6.909666,-5.493034256504157
6.910132,-5.493034256504157
6.910597,-5.493034256504157
6.911063,-5.493369954985885
6.911529,-5.493369954985885
6.911994,-5.493369954985885
6.912460,-5.493537804226749
6.912925,-5.493369954985885
6.913391,-5.493369954985885
6.913856,-5.493202105745021
6.914322,-5.493369954985885
6.914787,-5.493537804226749
6.915253,-5.493705653467612
6.915718,-5.493537804226749
6.916184,-5.493369954985885
6.916649,-5.493705653467612
6.917115,-5.493705653467612
6.917580,-5.493537804226749
6.918046,-5.493873502708476
6.918511,-5.493537804226749
6.918977,-5.493369954985885
6.919442,-5.493705653467612
6.919908,-5.493537804226749
6.920373,-5.493537804226749
6.920839,-5.493537804226749
6.921304,-5.493537804226749
6.921770,-5.493705653467612
6.922235,-5.493705653467612
6.922701,-5.493537804226749
6.923166,-5.493537804226749
6.923632,-5.493537804226749
6.924097,-5.493537804226749
6.924563,-5.493537804226749
6.925029,-5.493705653467612
6.925494,-5.493705653467612
6.925960,-5.493705653467612
6.926425,-5.493537804226749
6.926891,-5.493705653467612
6.927356,-5.493537804226749
6.927822,-5.493705653467612
6.928287,-5.493537804226749
6.928753,-5.493537804226749
6.929218,-5.493537804226749
6.929684,-5.493705653467612
6.930149,-5.493705653467612
6.930615,-5.493705653467612
6.931080,-5.493873502708476
6.931546,-5.493705653467612
6.932011,-5.493537804226749
6.932477,-5.493705653467612
6.932942,-5.493705653467612
6.933408,-5.493705653467612
6.933873,-5.493705653467612
6.934339,-5.493705653467612
6.934804,-5.493705653467612
6.935270,-5.493537804226749
6.935735,-5.493537804226749
6.936201,-5.493537804226749
6.936666,-5.493369954985885
6.937132,-5.052094300755321
6.937597,-4.513130388342106
6.938063,-3.988769359884032
6.938529,-3.4827038986800947
6.938994,-2.9989623865110246
6.939460,-2.537712672617685
6.939925,-2.0964370183871215
6.940391,-1.6753032730601967
6.940856,-1.2758220798046847
6.941322,-0.897154192416266
6.941787,-0.537621118486305
6.942253,-0.19722285801480124
6.942718,0.12588693064774548
6.943184,0.4307011520561531
6.943649,0.7148699168383307
6.944115,0.9783932249942779
6.944580,1.2244602121004045
6.945046,1.455085069047074
6.945511,1.6709391927977417
6.945977,1.871015487907225
6.946442,2.0559853513389794
6.946908,2.226855878538186
6.947373,2.3826199740596627
6.947839,2.5261310749980925
6.948304,2.656885633630884
6.948770,2.7740444037537193
6.949235,2.8841535057602803
6.949701,2.9895628290226592
6.950166,3.0875867856870376
6.950632,3.175539787899595
6.951097,3.208438239108873
6.951563,2.7780727855344467
6.952028,1.6024567025253682
6.952494,0.07133592736705577
6.952960,-1.3518577859159229
6.953425,-2.5346913862821396
6.953891,-3.5439688715953306
6.954356,-4.4582436865796895
6.954822,-5.296818493934539
6.955287,-5.490684367132067
6.955753,-5.492698558022431
6.956218,-5.493369954985885
6.956684,-5.493705653467612
6.957149,-5.493873502708476
6.957615,-5.49404135194934
6.958080,-5.494209201190204
6.958546,-5.494377050431067
6.959011,-5.494377050431067
6.959477,-5.494209201190204
6.959942,-5.494209201190204
6.960408,-5.494377050431067
6.960873,-5.494209201190204
6.961339,-5.494209201190204
6.961804,-5.494209201190204
6.962270,-5.494377050431067
6.962735,-5.494377050431067
6.963201,-5.494377050431067
6.963666,-5.494209201190204
6.964132,-5.494209201190204
6.964597,-5.494209201190204
6.965063,-5.494209201190204
6.965528,-4.850507362478065
6.965994,-4.1822995345998315
6.966460,-4.000015259021897
6.966925,-4.101228351262684
6.967391,-4.128252079041734
6.967856,-3.764187075608454
6.968322,-3.2992446784161134
6.968787,-3.086579690241855
6.969253,-2.9022812237735556
6.969718,-2.4225680933852134
6.970184,-1.6922560463874268
6.970649,-1.2415808346684978
6.971115,-1.1838406958113983
6.971580,-1.211703669794766
6.972046,-0.9589227130540932
6.972511,-0.8550240329594874
6.972977,-1.244937819485771
6.973442,-1.222110322728313
6.973908,-0.5542381933318073
6.974373,0.2912184328984512
6.974839,1.1009231708247502
6.975304,2.077805752651255
6.975770,2.769680323491264
6.976235,3.2082703898680096
6.976701,3.636789501792935
6.977166,4.0731975280384525
6.977632,4.458579385061418
6.978097,4.6645304036011295
6.978563,4.856046387426566
6.979028,5.258213168535897
6.979494,5.489845120927748
6.979960,5.4918593118181125
6.980425,5.4918593118181125
6.980891,5.4918593118181125
6.981356,5.492530708781567
6.981822,5.492530708781567
6.982287,5.492530708781567
6.982753,5.492530708781567
6.983218,5.493034256504157
6.983684,5.492530708781567
6.984149,5.493202105745021
6.984615,5.493537804226749
6.985080,5.492530708781567
6.985546,5.493202105745021
6.986011,5.493202105745021
6.986477,5.493202105745021
6.986942,5.493202105745021
6.987408,5.493202105745021
6.987873,5.4928664072632944
6.988339,5.492530708781567
6.988804,5.492530708781567
6.989270,5.195773250934615
6.989735,5.195437552452888
6.990201,5.329381246662089
6.990666,5.4404974441138325
6.991132,5.492530708781567
6.991597,5.493202105745021
6.992063,5.492530708781567
6.992528,5.492530708781567
6.992994,5.4928664072632944
6.993459,5.492530708781567
6.993925,5.492530708781567
6.994391,5.4918593118181125
6.994856,5.493202105745021
6.995322,5.492530708781567
6.995787,5.493034256504157
6.996253,5.492530708781567
6.996718,5.492530708781567
6.997184,5.493034256504157
6.997649,5.493034256504157
6.998115,5.493202105745021
6.998580,5.493202105745021
6.999046,5.492530708781567
6.999511,5.492530708781567
6.999977,5.4928664072632944
7.000442,5.493202105745021
7.000908,5.493202105745021
7.001373,5.493202105745021
7.001839,5.493202105745021
7.002304,5.4928664072632944
7.002770,5.4928664072632944
7.003235,5.493202105745021
7.003701,5.493202105745021
7.004166,5.493537804226749
7.004632,5.4928664072632944
7.005097,5.493202105745021
7.005563,5.4928664072632944
7.006028,5.492530708781567
7.006494,5.486488136110475
7.006959,5.4928664072632944
7.007425,5.426062409399557
7.007891,5.2420996414129855
7.008356,5.062500953688867
7.008822,4.9745479514763105
7.009287,4.915800717174029
7.009753,4.823147936217288
7.010218,4.715388723582818
7.010684,4.62240024414435
7.011149,4.540489814602884
7.011615,4.459250782024872
7.012080,4.433737697413596
7.012546,4.422995345998321
7.013011,4.334370946822308
7.013477,4.177935454337376
7.013942,4.021499961852445
7.014408,3.8899061570153353
7.014873,3.777782864118409
7.015339,3.656763561455711
7.015804,3.5239948119325555
7.016270,3.4316777294575416
7.016735,3.397772182803082
7.017201,3.3796444647898065
7.017666,3.3185473411154343
7.018132,3.2143129625391014
7.018597,3.0986648355840387
7.019063,3.000305180437934
7.019528,2.9304798962386513
7.019994,2.8747539482719158
7.020459,2.804257267109178
7.020925,2.6661173418783854
7.021390,2.491721980621042
7.021856,2.410147249561303
7.022322,2.410147249561303
7.022787,2.4145113298237586
7.023253,2.3947051194018463
7.023718,2.362981612878614
7.024184,2.3309224078736555
7.024649,2.3030594338902874
7.025115,2.2765392538338287
7.025580,2.2483405813687347
7.026046,2.2179598687724114
7.026511,2.1758297093156327
7.026977,2.1120469977874414
7.027442,2.0469214923323418
7.027908,1.9970702677958347
7.028373,1.958632791638056
7.028839,1.9213702601663234
7.029304,1.8827649347676811
7.029770,1.8451667048142213
7.030235,1.80521858548867
7.030701,1.7639276722362096
7.031166,1.7280079346913866
7.031632,1.698970016021973
7.032097,1.6729533836881054
7.032563,1.6427405203326464
7.033028,1.6048065918974592
7.033494,1.555458915083543
7.033959,1.5014114595254444
7.034425,1.456092164492256
7.034890,1.418493934538796
7.035356,1.3815671015487907
7.035822,1.3278553444724193
7.036287,1.2674296177615014
7.036753,1.2298313878080414
7.037218,1.2204318303196764
7.037684,1.217746242465858
7.038149,1.206332494087129
7.038615,1.181994354161898
7.039080,1.1472495613031204
7.039546,1.1146868085755703
7.040011,1.0886701762417028
7.040477,1.0660105287251087
7.040942,1.0453650720988783
7.041408,1.0307621881437399
7.041873,1.0319371328297855
7.042339,1.047043564507515
7.042804,1.0415045395590141
7.043270,0.9901426718547343
7.043735,0.9233386739909971
7.044201,0.8749980926222628
7.044666,0.8568703746089875
7.045132,0.8592202639810788
7.045597,0.8538490882734415
7.046063,0.8246433203631647
7.046528,0.785366598001068
7.046994,0.7548180361638819
7.047459,0.736018921187152
7.047925,0.7269550621805143
7.048390,0.727626459143969
7.048856,0.7303120469977874
7.049322,0.7188982986190584
7.049787,0.7034561684596017
7.050253,0.6987563897154192
7.050718,0.6947280079346914
7.051184,0.6739147020675975
7.051649,0.6457160296025024
7.052115,0.6290989547570001
7.052580,0.6269169146257725
7.053046,0.6282597085526819
7.053511,0.6225528343633172
7.053977,0.6054322117952239
7.054442,0.5812619211108567
7.054908,0.5520561532005797
7.055373,0.5186541542687114
7.055839,0.494651712825208
7.056304,0.48709849698634317
7.056770,0.4864271000228885
7.057235,0.48357366292820625
7.057701,0.4771953917753872
7.058166,0.46779583428702226
7.058632,0.4590676737621119
7.059097,0.4657816433966583
7.059563,0.49398031586175317
7.060028,0.516807812619211
7.060494,0.49901579308766314
7.060959,0.44496833752956433
7.061425,0.4100556954299229
7.061890,0.4288548104066529
7.062356,0.4783703364614328
7.062821,0.5094224460212101
7.063287,0.4976729991607538
7.063753,0.4597390707255664
7.064218,0.41475547417410535
7.064684,0.38974593728541995
7.065149,0.4031738765545128
7.065615,0.4285191119249256
7.066080,0.43976501106279087
7.066546,0.43422598611429003
7.067011,0.4258335240711071
7.067477,0.4348973830777447
7.067942,0.4637674525062943
7.068408,0.46645304036011287
7.068873,0.4154268711375601
7.069339,0.3476157778286411
7.069804,0.29860379949645227
7.070270,0.267048142214084
7.070735,0.24153505760280766
7.071201,0.2114900434882124
7.071666,0.1733882658121614
7.072132,0.13192950331883724
7.072597,0.09214923323414968
7.073063,0.057572289616235596
7.073528,0.029037918669413288
7.073994,0.007721065079728388
7.074459,-0.006210421911955443
7.074925,-0.014938582436865796
7.075390,-0.021149004348821242
7.075856,-0.03054856183718624
7.076321,-0.04313725490196078
7.076787,-0.05824368657969024
7.077253,-0.07435721370260165
7.077718,-0.08577096208133059
7.078184,-0.1002059967956054
7.078649,-0.15274280918593117
7.079115,-0.25362020294499127
7.079580,-0.4325474937056535
7.080046,-0.6326237888151368
7.080511,-0.7450827801937896
7.080977,-0.7778133821622034
7.081442,-0.8283360036621652
7.081908,-0.9193102922102692
7.082373,-1.013473716334783
7.082839,-1.0364690623331045
7.083304,-1.008941786831464
7.083770,-1.0572823682001984
7.084235,-1.2029755092698557
7.084701,-1.3815671015487907
7.085166,-1.5366598001068132
7.085632,-1.668925001907378
7.086097,-1.7387502861066602
7.086563,-1.5700617990386816
7.087028,-1.099916075379568
7.087494,-0.581597619592584
7.087959,-0.2004119935912108
7.088425,0.08711375600823987
7.088890,0.33485923552300295
7.089356,0.54702067597467
7.089821,0.7088273441672388
7.090287,0.8172579537651636
7.090753,0.8813763637750819
7.091218,0.9172961013199055
7.091684,0.9488517586022734
7.092149,0.9800717174029145
7.092615,0.992156862745098
7.093080,0.9770504310673686
7.093546,0.939787899595636
7.094011,0.8780193789578087
7.094477,0.8068513008316167
7.094942,0.7502861066605631
7.095408,0.69741359578851
7.095873,0.6232242313267718
7.096339,0.534096284428168
7.096804,0.4273441672388799
7.097270,0.29356832227054247
7.097735,0.18362706950484473
7.098201,0.12068360418097199
7.098666,0.0955062180514229
7.099132,0.08644235904478523
7.099597,0.07637140459296558
7.100063,0.06680399786373693
7.100528,0.06814679179064621
7.100994,0.07637140459296558
7.101459,0.06764324406805522
7.101925,0.019470511940184634
7.102390,-0.04649423971923399
7.102856,-0.07922484168764782
7.103321,-0.0780498970016022
7.103787,-0.07553215838864728
7.104252,-0.08207827878233005
7.104718,-0.11044480048828872
7.105184,-0.17271686884870677
7.105649,-0.25362020294499127
7.106115,-0.3283131151293202
7.106580,-0.3101853971160448
7.107046,-0.2046082246128023
7.107511,-0.12370489051651787
7.107977,-0.06596475165941862
7.108442,0.23179980163271532
7.108908,0.8686198214694438
7.109373,1.386266880292973
7.109839,1.5309529259174488
7.110304,1.431250476844434
7.110770,1.2613870450904097
7.111235,1.1214007782101165
7.111701,1.0438544289311054
7.112166,0.9619439993896391
7.112632,0.8471351186388952
7.113097,0.7094987411306934
7.113563,0.5186541542687114
7.114028,0.37027542534523533
7.114494,0.39427786678873883
7.114959,0.5245288776989395
7.115425,0.6144960708018615
7.115890,0.5832761120012206
7.116356,0.49028763256275276
7.116821,0.4422827496757458
7.117287,0.7272907606622415
7.117752,1.3070420386053254
7.118218,1.5927214465552757
7.118684,1.4440070191500722
7.119149,1.1208972304875255
7.119615,0.9097428854810405
7.120080,1.3795529106584266
7.120546,2.169115739681086
7.121011,2.537712672617685
7.121477,2.212756542305638
7.121942,1.2499732967116808
7.122408,0.15996032654306858
7.122873,-0.5520561532005797
7.123339,-0.955062180514229
7.123804,-1.4859693293659875
7.124270,-2.0720988784618903
7.124735,-2.4880292973220413
7.125201,-2.7169756618600744
7.125666,-2.872404058899824
7.126132,-3.1456626230258635
7.126597,-3.586938277256428
7.127063,-4.043152513923857
7.127528,-5.255024032959487
7.127994,-5.490684367132067
7.128459,-5.4928664072632944
7.128925,-5.493202105745021
7.129390,-5.493705653467612
7.129856,-5.493873502708476
7.130321,-5.493873502708476
7.130787,-5.493873502708476
7.131252,-5.49404135194934
7.131718,-5.49404135194934
7.132184,-5.49404135194934
7.132649,-5.49404135194934
7.133115,-5.494209201190204
7.133580,-5.494209201190204
7.134046,-5.494377050431067
7.134511,-5.494209201190204
7.134977,-5.494209201190204
7.135442,-5.494209201190204
7.135908,-5.494377050431067
7.136373,-5.494209201190204
7.136839,-5.494377050431067
7.137304,-5.494209201190204
7.137770,-5.494209201190204
7.138235,-3.402807660028992
7.138701,-0.5530632486457617
7.139166,1.972060730907149
7.139632,4.192034790569925
7.140097,5.4844739452201114
7.140563,5.490516517891203
7.141028,5.491187914854658
7.141494,5.4918593118181125
7.141959,5.4918593118181125
7.142425,5.492530708781567
7.142890,5.492530708781567
7.143356,5.492530708781567
7.143821,5.492530708781567
7.144287,5.492530708781567
7.144752,5.492530708781567
7.145218,5.492530708781567
7.145683,5.492530708781567
7.146149,5.4928664072632944
7.146615,5.493202105745021
7.147080,5.492530708781567
7.147546,5.492530708781567
7.148011,5.4928664072632944
7.148477,5.492530708781567
7.148942,5.492530708781567
7.149408,5.4928664072632944
7.149873,5.4928664072632944
7.150339,5.493202105745021
7.150804,5.4928664072632944
7.151270,5.492530708781567
7.151735,5.493202105745021
7.152201,5.493202105745021
7.152666,5.493202105745021
7.153132,5.493202105745021
7.153597,5.492530708781567
7.154063,5.493202105745021
7.154528,5.493202105745021
7.154994,5.493202105745021
7.155459,5.492530708781567
7.155925,5.4928664072632944
7.156390,5.492530708781567
7.156856,5.493537804226749
7.157321,5.493202105745021
7.157787,5.493202105745021
7.158252,5.493202105745021
7.158718,5.492530708781567
7.159183,5.4928664072632944
7.159649,5.493202105745021
7.160115,5.493202105745021
7.160580,5.493202105745021
7.161046,5.493202105745021
7.161511,5.493202105745021
7.161977,5.493202105745021
7.162442,5.493202105745021
7.162908,5.493202105745021
7.163373,5.493202105745021
7.163839,5.493202105745021
7.164304,5.493202105745021
7.164770,5.4928664072632944
7.165235,5.493202105745021
7.165701,5.493202105745021
7.166166,5.4529182879377425
7.166632,5.413138017853055
7.167097,5.366811627374685
7.167563,5.313939116502632
7.168028,5.26895551995117
7.168494,4.212176699473564
7.168959,2.306752117189288
7.169425,2.653192950331884
7.169890,3.0706340123598075
7.170356,2.7545738918135347
7.170821,2.211413748378729
7.171287,1.8421454184786756
7.171752,1.6091706721599146
7.172218,1.3815671015487907
7.172683,1.1271076523994812
7.173149,0.8753337911039903
7.173615,0.6447089341573206
7.174080,0.4298619058518348
7.174546,0.22542153047989621
7.175011,0.030716411078049892
7.175477,-0.15291065842679483
7.175942,-0.32579537651636525
7.176408,-0.4884412909132525
7.176873,-0.6416876478217746
7.177339,-0.7846952010376135
7.177804,-0.9189745937285421
7.178270,-1.0441901274128327
7.178735,-1.1606775005722132
7.179201,-1.2684367132066834
7.179666,-1.3686427100022887
7.180132,-1.4606240939955748
7.180597,-1.5453879606317233
7.181063,-1.6236057068741891
7.181528,-1.6947737850003814
7.181994,-1.7595635919737542
7.182459,-1.8186465247577628
7.182925,-1.871015487907225
7.183390,-1.918348973830777
7.183856,-1.9603112840466925
7.184321,-1.9977416647592892
7.184787,-2.0304722667277026
7.185252,-2.0583352407110707
7.185718,-2.0820019836728463
7.186183,-2.1011367971313035
7.186649,-2.116914625772488
7.187114,-2.129335469596399
7.187580,-2.139238574807355
7.188046,-2.14544899671931
7.188511,-2.1486381322957198
7.188977,-2.1489738307774466
7.189442,-2.14729533836881
7.189908,-2.1430991073472185
7.190373,-2.1360494392309453
7.190839,-2.127824826428626
7.191304,-2.117418173495079
7.191770,-2.105500877393759
7.192235,-2.0917372396429386
7.192701,-2.0764629587243455
7.193166,-2.059845883878843
7.193632,-2.042221713588159
7.194097,-2.0237582970931562
7.194563,-2.0044556343938353
7.195028,-1.9844815747310598
7.195494,-1.9638361181048294
7.195959,-1.9418478675516895
7.196425,-1.9200274662394137
7.196890,-1.8983749141680017
7.197356,-1.8762188143739988
7.197821,-1.8535591668574043
7.198287,-1.8297245746547646
7.198752,-1.8060578316929883
7.199218,-1.7827267872129393
7.199683,-1.759227893492027
7.200149,-1.7358968490119782
7.200614,-1.712397955291066
7.201080,-1.6888990615701536
7.201546,-1.6655680170901044
7.202011,-1.6430762188143737
7.202477,-1.620248722056916
7.202942,-1.5982604715037763
7.203408,-1.584161135271229
7.203873,-0.9770504310673686
7.204339,3.031860837720302
7.204804,5.4854810406652925
7.205270,5.4918593118181125
7.205735,5.4918593118181125
7.206201,5.493202105745021
7.206666,5.493202105745021
7.207132,5.493202105745021
7.207597,5.493202105745021
7.208063,5.493202105745021
7.208528,5.493202105745021
7.208994,5.492530708781567
7.209459,5.464332036316472
7.209925,5.408606088349737
7.210390,5.363622491798276
7.210856,5.345159075303274
7.211321,5.302189669642176
7.211787,-0.3009536888685435
7.212252,-5.396353093766689
7.212718,-5.48900587472343
7.213183,-5.491523613336385
7.213649,-5.4918593118181125
7.214114,-5.492195010299839
7.214580,-5.4923628595407035
7.215046,-5.492530708781567
7.215511,-5.4923628595407035
7.215977,-5.492698558022431
7.216442,-5.4928664072632944
7.216908,-5.4928664072632944
7.217373,-5.493202105745021
7.217839,-5.493369954985885
7.218304,-5.493537804226749
7.218770,-5.493705653467612
7.219235,-5.493537804226749
7.219701,-5.493537804226749
7.220166,-5.493705653467612
7.220632,-5.493705653467612
7.221097,-5.493705653467612
7.221563,-5.493873502708476
7.222028,-5.49404135194934
7.222494,-5.494209201190204
7.222959,-5.494377050431067
7.223425,-5.49454489967193
7.223890,-5.494377050431067
7.224356,-5.493873502708476
7.224821,-5.493873502708476
7.225287,-5.493873502708476
7.225752,-5.493705653467612
7.226218,-5.493537804226749
7.226683,-5.493705653467612
7.227149,-5.493537804226749
7.227614,-5.493705653467612
7.228080,-5.493873502708476
7.228545,-5.493369954985885
7.229011,-5.493705653467612
7.229477,-5.493705653467612
7.229942,-5.493705653467612
7.230408,-5.493705653467612
7.230873,-5.493537804226749
7.231339,-5.493705653467612
7.231804,-5.493705653467612
7.232270,-5.493705653467612
7.232735,-5.493537804226749
7.233201,-5.493705653467612
7.233666,-5.493705653467612
7.234132,-5.493537804226749
7.234597,-5.493537804226749
7.235063,-5.493705653467612
7.235528,-5.493705653467612
7.235994,-5.493705653467612
7.236459,-5.493537804226749
7.236925,-5.493537804226749
7.237390,-5.493705653467612
7.237856,-5.493705653467612
7.238321,-5.493537804226749
7.238787,-5.493873502708476
7.239252,-5.493705653467612
7.239718,-5.493705653467612
7.240183,-5.493705653467612
7.240649,-5.493705653467612
7.241114,-5.493369954985885
7.241580,-5.493369954985885
7.242045,-5.493369954985885
7.242511,-5.3812466620889605
7.242977,-4.830701152056153
7.243442,-4.297108415350575
7.243908,-3.778957808804456
7.244373,-3.280445563439383
7.244839,-2.80526436255436
7.245304,-2.3547570000762947
7.245770,-1.9247272449835966
7.246235,-1.5121538109407187
7.246701,-1.1190508888380255
7.247166,-0.7460898756389717
7.247632,-0.39427786678873883
7.248097,-0.06327916380560006
7.248563,0.250263218127718
7.249028,0.5436636911573968
7.249494,0.8192721446555274
7.249959,1.0780956740672922
7.250425,1.3197985809109636
7.250890,1.5453879606317233
7.251356,1.7551995117112993
7.251821,1.9488975356679636
7.252287,2.1288319218738074
7.252752,2.2946669718471044
7.253218,2.4464026855878536
7.253683,2.585381857022964
7.254149,2.7132829785610744
7.254614,2.829098954757
7.255080,2.932494087129015
7.255545,3.0256504158083466
7.256011,3.1097428854810403
7.256477,3.1852750438696877
7.256942,3.2514076447699702
7.257408,3.310490577553978
7.257873,3.36050965133135
7.258339,3.40180056458381
7.258804,3.434699015793087
7.259270,3.460212100404364
7.259735,3.483039597161822
7.260201,3.507209887846189
7.260666,3.531380178530556
7.261132,3.498817425803006
7.261597,2.9791561760891123
7.262063,1.7075303273060198
7.262528,0.08039978637369342
7.262994,-1.4384679942015717
7.263459,-2.7025406271457997
7.263925,-3.7838254367895017
7.264390,-4.726131074998093
7.264856,-5.46701762417029
7.265321,-5.4918593118181125
7.265787,-5.493034256504157
7.266252,-5.493537804226749
7.266718,-5.493873502708476
7.267183,-5.49404135194934
7.267649,-5.49404135194934
7.268114,-5.49404135194934
7.268580,-5.49404135194934
7.269045,-5.494209201190204
7.269511,-5.494209201190204
7.269976,-5.494209201190204
7.270442,-5.494209201190204
7.270908,-5.494209201190204
7.271373,-5.494377050431067
7.271839,-5.494377050431067
7.272304,-5.49404135194934
7.272770,-5.494209201190204
7.273235,-5.494209201190204
7.273701,-5.494377050431067
7.274166,-5.49404135194934
7.274632,-5.37990386816205
7.275097,-5.191912718394751
7.275563,-5.048737315938048
7.276028,-4.798977645532921
7.276494,-4.473685816739146
7.276959,-4.13496604867628
7.277425,-3.7930571450370025
7.277890,-3.4283207446402684
7.278356,-3.04461738002594
7.278821,-2.6830701152056156
7.279287,-2.3698634317540246
7.279752,-2.0439002059967954
7.280218,-1.6806744487678342
7.280683,-1.3211413748378729
7.281149,-1.0136415655756468
7.281614,-0.7081559472037842
7.282080,-0.32310978866254675
7.282545,0.11128404669260701
7.283011,0.575219348439765
7.283476,1.057953765163653
7.283942,1.4883192187380787
7.284408,1.9005569542992296
7.284873,2.2812390325780116
7.285339,2.5986419470511937
7.285804,2.8713969634546426
7.286270,3.118806744487678
7.286735,3.3591668574044404
7.287201,3.477668421454185
7.287666,3.5119096665903715
7.288132,3.6743877317463953
7.288597,3.94563210498207
7.289063,4.1812924391546495
7.289528,4.345784695201036
7.289994,4.508262760357061
7.290459,4.724452582589455
7.290925,4.961455710688944
7.291390,5.134676127260242
7.291856,5.2420996414129855
7.292321,5.308567940794995
7.292787,5.387121385519189
7.293252,5.479102769512474
7.293718,5.4918593118181125
7.294183,5.483802548256657
7.294649,5.4923628595407035
7.295114,5.4928664072632944
7.295580,5.4918593118181125
7.296045,5.492530708781567
7.296511,5.492530708781567
7.296976,5.492530708781567
7.297442,5.492530708781567
7.297908,5.4928664072632944
7.298373,5.4928664072632944
7.298839,5.492530708781567
7.299304,5.492530708781567
7.299770,5.492530708781567
7.300235,5.492195010299839
7.300701,5.493202105745021
7.301166,5.493202105745021
7.301632,5.4928664072632944
7.302097,5.4928664072632944
7.302563,5.4928664072632944
7.303028,5.492530708781567
7.303494,5.492530708781567
7.303959,5.4918593118181125
7.304425,5.492530708781567
7.304890,5.4918593118181125
7.305356,5.4928664072632944
7.305821,5.492530708781567
7.306287,5.492530708781567
7.306752,5.4928664072632944
7.307218,5.492530708781567
7.307683,5.4928664072632944
7.308149,5.436469062333104
7.308614,5.391149767299916
7.309080,5.36295109483482
7.309545,5.332066834515907
7.310011,5.304539559014267
7.310476,5.332738231479362
7.310942,5.489173723964294
7.311407,5.493202105745021
7.311873,5.4928664072632944
7.312339,5.409613183794918
7.312804,5.299504081788356
7.313270,5.27348744945449
7.313735,5.27348744945449
7.314201,5.191073472190432
7.314666,5.039002059967956
7.315132,4.88558785381857
7.315597,4.765407797360188
7.316063,4.702967879758907
7.316528,4.662684061951629
7.316994,4.586144808117799
7.317459,4.485435263599602
7.317925,4.378011749446861
7.318390,4.243564507515068
7.318856,4.108781567101548
7.319321,4.006393530174716
7.319787,3.928847180895704
7.320252,3.8576791027695116
7.320718,3.790539406424048
7.321183,3.7284351873044934
7.321649,3.6717021438925768
7.322114,3.6116121156633856
7.322580,3.5468223086900137
7.323045,3.4867322804608225
7.323511,3.4365453574425877
7.323976,3.3930724040588998
7.324442,3.3484245059891653
7.324907,3.304448004882887
7.325373,3.2628213931486987
7.325839,3.2203555352101927
7.326304,3.1772182803082316
7.326770,3.1359273670557712
7.327235,3.0963149462119475
7.327701,3.059052414740215
7.328166,3.0191042954146634
7.328632,2.974120698863203
7.329097,2.9224231326771952
7.329563,2.8710612649729153
7.330028,2.829098954757
7.330494,2.7941863126573585
7.330959,2.7575951781490806
7.331425,2.714961470969711
7.331890,2.6740062561989775
7.332356,2.6384222171358815
7.332821,2.604180971999695
7.333287,2.5662470435645073
7.333752,2.5261310749980925
7.334218,2.483329518577859
7.334683,2.433310444800488
7.335149,2.379598687724117
7.335614,2.3336079957274736
7.336080,2.2980239566643776
7.336545,2.265796902418555
7.337011,2.2292057679102766
7.337476,2.193957427328908
7.337942,2.160891126878767
7.338407,2.1281605249103532
7.338873,2.102647440299077
7.339339,2.0905622949568934
7.339804,2.085191119249256
7.340270,2.0764629587243455
7.340735,2.064377813382162
7.341201,2.053971160448615
7.341666,2.052628366521706
7.342132,2.072770275425345
7.342597,2.0784771496147094
7.343063,2.0308079652094295
7.343528,1.945204852368963
7.343994,1.8673228046082246
7.344459,1.8240177004654001
7.344925,1.8021972991531243
7.345390,1.779034103913939
7.345856,1.7488212405584802
7.346321,1.7129015030136567
7.346787,1.6642252231631953
7.347252,1.6105134660868239
7.347718,1.559822995345998
7.348183,1.5084611276417181
7.348649,1.4601205462729838
7.349114,1.4225223163195237
7.349580,1.394323643854429
7.350045,1.361089494163424
7.350511,1.318455786984054
7.350976,1.2786755168993669
7.351442,1.25131609063859
7.351907,1.2258030060273135
7.352373,1.187533379110399
7.352838,1.1477531090257111
7.353304,1.1123369192034789
7.353770,1.0859845883878843
7.354235,1.0660105287251087
7.354701,1.0373083085374228
7.355166,1.0042420080872814
7.355632,0.975371938658732
7.356097,0.9471732661936368
7.356563,0.9149462119478141
7.357028,0.8857404440375372
7.357494,0.8655985351338977
7.357959,0.8491493095292592
7.358425,0.8189364461738002
7.358890,0.7665674830243381
7.359356,0.7093308918898298
7.359821,0.6712291142137788
7.360287,0.6611581597619592
7.360752,0.731990539406424
7.361218,0.8612344548714427
7.361683,0.9471732661936368
7.362149,0.9866178377965971
7.362614,1.004913405050736
7.363080,0.9926604104676892
7.363545,0.9357595178149081
7.364011,0.8457923247119861
7.364476,0.7719386587319752
7.364942,0.7383688105592431
7.365407,0.7249408712901503
7.365873,0.7064774547951476
7.366338,0.6849927519645991
7.366804,0.6598153658350498
7.367270,0.6237277790493629
7.367735,0.5849546044098572
7.368201,0.5503776607919432
7.368666,0.5218432898451209
7.369132,0.5010299839780269
7.369597,0.480216678110933
7.370063,0.46897077897306777
7.370528,0.5137865262836652
7.370994,0.5812619211108567
7.371459,0.6121461814297703
7.371925,0.5967040512703136
7.372390,0.5654840924696727
7.372856,0.5305714503700313
7.373321,0.48390936140993357
7.373787,0.4265049210345616
7.374252,0.37111467154955363
7.374718,0.31538872358281833
7.375183,0.2581521324483101
7.375649,0.21115434500648506
7.376114,0.17875944151979858
7.376580,0.14854657816433967
7.377045,0.1232013427939269
7.377511,0.10691996643015184
7.377976,0.08308537422751203
7.378442,0.04213015945677882
7.378907,0.004364080262455177
7.379373,-0.014938582436865796
7.379838,-0.030716411078049892
7.380304,-0.053208209353780414
7.380769,-0.06663614862287326
7.381235,-0.06495765621423667
7.381701,-0.07553215838864728
7.382166,-0.10775921263447012
7.382632,-0.13914702067597465
7.383097,-0.15626764324406803
7.383563,-0.16734569314106965
7.384028,-0.17674525062943464
7.384494,-0.18194857709620815
7.384959,-0.1782558937972076
7.385425,-0.17691309987029832
7.385890,-0.17640955214770732
7.386356,-0.17708094911116198
7.386821,-0.1926909285114824
7.387287,-0.21904325932707713
7.387752,-0.2391851682307164
7.388218,-0.23515678644998858
7.388683,-0.21736476691844053
7.389149,-0.20846875715266647
7.389614,-0.2015869382772564
7.390080,-0.18043793392843518
7.390545,-0.14854657816433967
7.391011,-0.12101930266269931
7.391476,-0.1032272831311513
7.391942,-0.09651331349660487
7.392407,-0.07402151522087433
7.392873,0.013092240787365528
7.393338,0.1057450217441062
7.393804,0.12689402609292744
7.394269,0.10557717250324253
7.394735,0.08560311284046693
7.395201,0.07687495231555656
7.395666,0.06865033951323721
7.396132,0.05740444037537193
7.396597,0.052201113908598454
7.397063,0.10490577553978789
7.397528,0.29793240253299763
7.397994,0.516807812619211
7.398459,0.6218814373998627
7.398925,0.6175173571374075
7.399390,0.5658197909514
7.399856,0.4980086976424812
7.400321,0.4300297550926986
7.400787,0.36507209887846187
7.401252,0.2771190966659037
7.401718,0.16818493934538795
7.402183,0.05555809872587166
7.402649,-0.03860532539864195
7.403114,-0.14586099031052108
7.403580,-0.24338139925230795
7.404045,-0.3002822919050888
7.404511,-0.31438162813763637
7.404976,-0.30296787975890743
7.405442,-0.2848401617456321
7.405907,-0.2834973678187228
7.406373,-0.34526588845654993
7.406838,-0.40502021820401307
7.407304,-0.4204623483634699
7.407769,-0.44664682993820093
7.408235,-0.5977111467154955
7.408701,-0.8555275806820782
7.409166,-0.8619058518348974
7.409632,-0.48357366292820625
7.410097,-0.2391851682307164
7.410563,-0.3291523613336385
7.411028,-0.5570916304264897
7.411494,-0.7773098344396124
7.411959,-0.948180361638819
7.412425,-1.0616464484626533
7.412890,-1.2135500114442663
7.413356,-1.5756008239871824
7.413821,-1.8391241321431295
7.414287,-1.9651789120317384
7.414752,-1.7273365377279315
7.415218,-0.43859006637674525
7.415683,1.1150225070572977
7.416149,1.9438620584420536
7.416614,2.024765392538338
7.417080,1.9616540779736018
7.417545,1.9327840085450523
7.418011,1.7662775616083013
7.418476,1.4849622339208055
7.418942,1.187533379110399
7.419407,0.8706340123598078
7.419873,0.5305714503700313
7.420338,0.1837949187457084
7.420804,-0.1807736324101625
7.421269,-0.5718623636224918
7.421735,-1.0522468909742884
7.422200,-1.5766079194323643
7.422666,-2.6892805371175705
7.423132,-5.416327153429465
7.423597,-5.490684367132067
7.424063,-5.4928664072632944
7.424528,-5.493202105745021
7.424994,-5.493705653467612
7.425459,-5.493873502708476
7.425925,-5.49404135194934
7.426390,-5.494377050431067
7.426856,-5.49404135194934
7.427321,-5.49404135194934
7.427787,-5.494209201190204
7.428252,-5.494377050431067
7.428718,-5.494377050431067
7.429183,-5.494377050431067
7.429649,-5.494209201190204
7.430114,-5.494209201190204
7.430580,-5.494377050431067
7.431045,-5.494377050431067
7.431511,-5.494209201190204
7.431976,-5.494377050431067
7.432442,-5.494209201190204
7.432907,-5.49454489967193
7.433373,-5.0259098191805895
7.433838,-3.121324483100633
7.434304,-1.3876096742198822
7.434769,0.20830090791180284
7.435235,1.7159227893492026
7.435700,3.1292133974212253
7.436166,4.433737697413596
7.436632,5.474402990768292
7.437097,5.491187914854658
7.437563,5.4918593118181125
7.438028,5.4918593118181125
7.438494,5.4918593118181125
7.438959,5.4923628595407035
7.439425,5.4918593118181125
7.439890,5.492530708781567
7.440356,5.493034256504157
7.440821,5.4928664072632944
7.441287,5.4918593118181125
7.441752,5.493202105745021
7.442218,5.492530708781567
7.442683,5.492530708781567
7.443149,5.493202105745021
7.443614,5.493202105745021
7.444080,5.492530708781567
7.444545,5.492530708781567
7.445011,5.4928664072632944
7.445476,5.492530708781567
7.445942,5.492530708781567
7.446407,5.492530708781567
7.446873,5.493202105745021
7.447338,5.4928664072632944
7.447804,5.492530708781567
7.448269,5.493202105745021
7.448735,5.4928664072632944
7.449200,5.493202105745021
7.449666,5.493202105745021
7.450132,5.4918593118181125
7.450597,5.492530708781567
7.451063,5.4918593118181125
7.451528,5.492530708781567
7.451994,5.493202105745021
7.452459,5.4928664072632944
7.452925,5.4928664072632944
7.453390,5.493202105745021
7.453856,5.493202105745021
7.454321,5.493202105745021
7.454787,5.493202105745021
7.455252,5.492530708781567
7.455718,5.4928664072632944
7.456183,5.492530708781567
7.456649,5.493202105745021
7.457114,5.493202105745021
7.457580,5.4928664072632944
7.458045,5.4928664072632944
7.458511,5.492530708781567
7.458976,5.492530708781567
7.459442,5.4928664072632944
7.459907,5.492530708781567
7.460373,5.4928664072632944
7.460838,5.492530708781567
7.461304,5.4928664072632944
7.461769,5.492530708781567
7.462235,5.492530708781567
7.462700,5.461646448462654
7.463166,5.420019836728465
7.463631,5.409613183794918
7.464097,5.357244220645456
7.464563,5.318974593728542
7.465028,5.238742656595712
7.465494,5.268619821469444
7.465959,3.245868619821469
7.466425,3.143984130617227
7.466890,4.977233539330128
7.467356,5.082978561074235
7.467821,5.064179446097505
7.468287,4.993011367971312
7.468752,4.976226443884946
7.469218,1.9784390020599678
7.469683,1.6447547112230103
7.470149,2.601831082627603
7.470614,3.1553978789959563
7.471080,3.250064850843061
7.471545,3.3776302738994426
7.472011,4.0396276798657205
7.472476,4.734523537041275
7.472942,4.737209124895094
7.473407,4.700953688868543
7.473873,4.655970092317083
7.474338,4.64992751964599
7.474804,4.602929732204165
7.475269,4.578423743038071
7.475735,4.525719081406883
7.476200,4.49080643930724
7.476666,4.450522621499962
7.477131,4.409399557488365
7.477597,4.37297627222095
7.478063,4.3471274891279466
7.478528,4.306843671320668
7.478994,4.298115510795758
7.479459,4.253803311207751
7.479925,4.217212176699474
7.480390,4.177935454337376
7.480856,4.1408407721065075
7.481321,4.148393987945372
7.481787,4.091660944533455
7.482252,4.03089951934081
7.482718,-0.33687342641336687
7.483183,-5.466346227206835
7.483649,-5.490516517891203
7.484114,-5.4923628595407035
7.484580,-5.493202105745021
7.485045,-5.493369954985885
7.485511,-5.493369954985885
7.485976,-5.493705653467612
7.486442,-5.493873502708476
7.486907,-5.493873502708476
7.487373,-5.493873502708476
7.487838,-5.49404135194934
7.488304,-5.494209201190204
7.488769,-5.494209201190204
7.489235,-5.49404135194934
7.489700,-5.494377050431067
7.490166,-5.494377050431067
7.490631,-5.494209201190204
7.491097,-5.494209201190204
7.491563,-5.494209201190204
7.492028,-5.49454489967193
7.492494,-5.494209201190204
7.492959,-5.494377050431067
7.493425,-5.49454489967193
7.493890,-5.49454489967193
7.494356,-5.49454489967193
7.494821,-5.494377050431067
7.495287,-5.494377050431067
7.495752,-5.494377050431067
7.496218,-5.494377050431067
7.496683,-5.494377050431067
7.497149,-5.494377050431067
7.497614,-5.494209201190204
7.498080,-5.494209201190204
7.498545,-5.49454489967193
7.499011,-5.494377050431067
7.499476,-5.494377050431067
7.499942,-5.494209201190204
7.500407,-5.494209201190204
7.500873,-5.494377050431067
7.501338,-5.494377050431067
7.501804,-5.494377050431067
7.502269,-5.494209201190204
7.502735,-5.494377050431067
7.503200,-5.49454489967193
7.503666,-5.494377050431067
7.504131,-5.49454489967193
7.504597,-5.494377050431067
7.505062,-5.49454489967193
7.505528,-5.494377050431067
7.505994,-5.49454489967193
7.506459,-5.494377050431067
7.506925,-5.494209201190204
7.507390,-5.494377050431067
7.507856,-5.494377050431067
7.508321,-5.494377050431067
7.508787,-5.494377050431067
7.509252,-5.494377050431067
7.509718,-4.900862134737163
7.510183,-4.18817425803006
7.510649,-3.5427939269092845
7.511114,-2.920073243305104
7.511580,-2.337972075989929
7.512045,-1.9346303501945523
7.512511,-1.6477759975585564
7.512976,-1.2776684214541847
7.513442,-0.800808728160525
7.513907,-0.29625391012436103
7.514373,0.1790951400015259
7.514838,0.5970397497520409
7.515304,0.9800717174029145
7.515769,1.3506828412298773
7.516235,1.7085374227512014
7.516700,2.0395361257343403
7.517166,2.1456168459601734
7.517631,2.0274509803921563
7.518097,2.0660563057907986
7.518562,2.2704966811627374
7.519028,2.4564736400396736
7.519494,2.6669565880827033
7.519959,2.9110093842984663
7.520425,3.1191424429694057
7.520890,3.330632486457618
7.521356,3.5844205386434727
7.521821,3.8563363088426037
7.522287,4.188509956511788
7.522752,4.618707560845349
7.523218,4.912443732356756
7.523683,4.980254825665675
7.524149,4.910429541466392
7.524614,4.8486610208285645
7.525080,4.860746166170748
7.525545,4.895658808270389
7.526011,4.930235751888303
7.526476,4.978912031738766
7.526942,4.9809262226291295
7.527407,4.932249942778668
7.527873,4.909086747539482
7.528338,4.8822308690012965
7.528804,4.83053330281529
7.529269,4.780514229037919
7.529735,4.704310673685816
7.530200,4.580102235446708
7.530666,4.440451667048142
7.531131,4.339742122529946
7.531597,4.253803311207751
7.532062,4.129594872968643
7.532528,3.987762264438849
7.532994,3.8977950713359273
7.533459,3.861036087586785
7.533925,3.845593957427329
7.534390,3.822766460669871
7.534856,3.7609979400320435
7.535321,3.689158464942397
7.535787,3.7163500419623103
7.536252,3.8476081483176925
7.536718,3.884367132066834
7.537183,3.6485389486533912
7.537649,3.2977340352483404
7.538114,3.049317158770123
7.538580,2.9405508506904705
7.539045,2.8633401998931864
7.539511,2.7562523842221713
7.539976,2.6303654535744254
7.540442,2.457145037003128
7.540907,2.2777141985198748
7.541373,2.156359197375448
7.541838,2.107347219043259
7.542304,2.1019760433356223
7.542769,2.09727626459144
7.543235,2.04457160296025
7.543700,1.9126420996414129
7.544166,1.8079041733424888
7.544631,1.7776913099870295
7.545097,1.7540245670252537
7.545562,1.6982986190585183
7.546028,1.6125276569771878
7.546493,1.5561303120469978
7.546959,1.4278934920271609
7.547425,1.2204318303196764
7.547890,1.1136797131303884
7.548356,1.1190508888380255
7.548821,1.139192797741665
7.549287,1.1314717326619363
7.549752,1.108308537422751
7.550218,1.0789349202716105
7.550683,1.0492256046387427
7.551149,1.0552681773098345
7.551614,1.0650034332799265
7.552080,0.9879606317235063
7.552545,0.9072251468680858
7.553011,0.8830548561837185
7.553476,0.8803692683299
7.553942,0.8890974288548104
7.554407,0.9241779201953154
7.554873,0.962951094834821
7.555338,1.020355535210193
7.555804,1.1452353704127562
7.556269,1.2966353856717785
7.556735,1.4205081254291596
7.557200,1.5306172274357213
7.557666,1.5453879606317233
7.558131,1.431250476844434
7.558597,1.2956282902265963
7.559062,1.2781719691767757
7.559528,1.388281071183337
7.559993,1.4611276417181658
7.560459,1.422858014801251
7.560925,1.343297474631876
7.561390,1.2791790646219576
7.561856,1.2301670862897687
7.562321,1.1841763942931258
7.562787,1.1143511100938428
7.563252,1.0344548714427404
7.563718,0.9720149538414588
7.564183,0.9107499809262226
7.564649,0.8380712596322575
7.565114,0.789394979781796
7.565580,0.7732814526588845
7.566045,0.7538109407186999
7.566511,0.722590981918059
7.566976,0.704798962386511
7.567442,0.649408712901503
7.567907,0.27644769970244903
7.568373,-0.20729381246662087
7.568838,-0.4459754329747464
7.569304,-0.4473182269016556
7.569769,-0.36876478217746245
7.570235,-0.2787975890745403
7.570700,-0.19218738078889144
7.571166,-0.10708781567101548
7.571631,-0.0021820401312275884
7.572097,0.23012130922407872
7.572562,0.535606927595941
7.573028,0.7269550621805143
7.573493,0.7481040665293354
7.573959,0.6917067215991454
7.574425,0.6480659189745938
7.574890,0.6813000686655984
7.575356,0.8340428778515299
7.575821,1.002563515678645
7.576287,1.0636606393530172
7.576752,1.0535896849011979
7.577218,1.0498970016021973
7.577683,1.0280766002899215
7.578149,0.9706721599145494
7.578614,0.9137712672617686
7.579080,0.8671091783016709
7.579545,0.815579461356527
7.580011,0.7865415426871137
7.580476,0.7793240253299762
7.580942,0.7491111619745173
7.581407,0.6900282291905088
7.581873,0.6175173571374075
7.582338,0.5409781033035782
7.582804,0.46007476920729373
7.583269,0.37531090257114513
7.583735,0.2959182116426337
7.584200,0.22542153047989621
7.584666,0.16768139162279697
7.585131,0.1287403677424277
7.585597,0.08778515297169451
7.586062,0.030380712596322572
7.586528,-0.029709315632867935
7.586993,-0.08157473105973906
7.587459,-0.12202639810788128
7.587924,-0.15727473868925002
7.588390,-0.19084458686198216
7.588856,-0.2059510185397116
7.589321,-0.21199359121080338
7.589787,-0.23112840466926068
7.590252,-0.21367208361943996
7.590718,-0.16398870832379644
7.591183,-0.15458915083543145
7.591649,-0.1926909285114824
7.592114,-0.24187075608453498
7.592580,-0.2798046845197223
7.593045,-0.3053177691309987
7.593511,-0.3298237582970931
7.593976,-0.3590295262073701
7.594442,-0.38554970626382845
7.594907,-0.39914549477378497
7.595373,-0.40199893186846725
7.595838,-0.4036774242771038
7.596304,-0.40703440909437705
7.596769,-0.40535591668574045
7.597235,-0.39897764553292137
7.597700,-0.39327077134355687
7.598166,-0.38454261081864644
7.598631,-0.37010757610437167
7.599097,-0.35197985809109633
7.599562,-0.33989471274891275
7.600028,-0.33989471274891275
7.600493,-0.34862287327382313
7.600959,-0.3560082398718242
7.601424,-0.3563439383535515
7.601890,-0.3513084611276417
7.602356,-0.34795147631036855
7.602821,-0.34610513466086823
7.603287,-0.34946211947814143
7.603752,-0.36003662165255207
7.604218,-0.37010757610437167
7.604683,-0.3717860685130083
7.605149,-0.3597009231708247
7.605614,-0.3393911650263218
7.606080,-0.31706721599145493
7.606545,-0.28886854352635993
7.607011,-0.2576485847257191
7.607476,-0.22710002288853282
7.607942,-0.2029297322041657
7.608407,-0.19806210421911954
7.608873,-0.2059510185397116
7.609338,-0.21467917906462194
7.609804,-0.2192111085679408
7.610269,-0.22172884718089572
7.610735,-0.22508583199816892
7.611200,-0.22777141985198748
7.611666,-0.22189669642175933
7.612131,-0.21232928969253068
7.612597,-0.20729381246662087
7.613062,-0.20712596322575721
7.613528,-0.2056153200579843
7.613993,-0.2029297322041657
7.614459,-0.2017547875181201
7.614924,-0.19554436560616464
7.615390,-0.18144502937361714
7.615856,-0.16298161287861446
7.616321,-0.14938582436865797
7.616787,-0.15022507057297627
7.617252,-0.15928892957961394
7.617718,-0.15878538185702296
7.618183,-0.1475394827191577
7.618649,-0.14586099031052108
7.619114,-0.14586099031052108
7.619580,-0.12068360418097199
7.620045,-0.08274967574578469
7.620511,-0.05790798809796292
7.620976,-0.05589379720759898
7.621442,-0.06428625925078202
7.621907,-0.059754329747463183
7.622373,-0.029709315632867935
7.622838,0.008728160524910353
7.623304,0.04313725490196078
7.623769,0.08107118333714809
7.624235,0.12941176470588234
7.624700,0.17473105973907072
7.625166,0.18413061722743573
7.625631,0.15593194476234074
7.626097,0.1287403677424277
7.626562,0.13579003585870145
7.627028,0.16432440680552376
7.627493,0.18983749141680015
7.627959,0.2051117723353933
7.628424,0.21467917906462194
7.628890,0.22374303807125961
7.629355,0.23213550011444264
7.629821,0.23213550011444264
7.630287,0.22139314869916837
7.630752,0.20192263675898375
7.631218,0.176577401388571
7.631683,0.14602883955138474
7.632149,0.12202639810788128
7.632614,0.11598382543678949
7.633080,0.12471198596169988
7.633545,0.13344014648661018
7.634011,0.13276874952315554
7.634476,0.1257190814068818
7.634942,0.11799801632715344
7.635407,0.11111619745174332
7.635873,0.1096055542839704
7.636338,0.11464103150988021
7.636804,0.12420843823910888
7.637269,0.12857251850156404
7.637735,0.11027695124742502
7.638200,0.07167162584878309
7.638666,0.040451667048142216
7.639131,0.03138780804150454
7.639597,0.03608758678568704
7.640062,0.03860532539864195
7.640528,0.028030823224231328
7.640993,0.018631265735866327
7.641459,0.017624170290684367
7.641924,0.018799114976729987
7.642390,0.014267185473411156
7.642855,0.006042572671091783
7.643321,-0.007217517357137408
7.643787,-0.02937361715114061
7.644252,-0.05387960631723506
7.644718,-0.07570000762951096
7.645183,-0.10255588616769665
7.645649,-0.13864347295338367
7.646114,-0.17070267795834287
7.646580,-0.18446631570916305
7.647045,-0.17607385366598
7.647511,-0.1641565575646601
7.647976,-0.16835278858625158
7.648442,-0.17943083848325322
7.648907,-0.18144502937361714
7.649373,-0.17204547188525215
7.649838,-0.16046387426565956
7.650304,-0.14418249790188448
7.650769,-0.11564812695506219
7.651235,-0.07737850003814756
7.651700,-0.048508430609597926
7.652166,-0.04313725490196078
7.652631,-0.049851224536507206
7.653097,-0.05119401846341649
7.653562,-0.049851224536507206
7.654028,-0.056900892652780956
7.654493,-0.06126497291523613
7.654959,-0.053208209353780414
7.655424,-0.05253681239032577
7.655890,-0.07100022888532845
7.656355,-0.09382772564278628
7.656821,-0.10910200656137943
7.657287,-0.14703593499656673
7.657752,-0.21467917906462194
7.658218,-0.26923018234531165
7.658683,-0.286854352635996
7.659149,-0.28114747844663157
7.659614,-0.2781261921110857
7.660080,-0.29457541771572443
7.660545,-0.32143129625391015
7.661011,-0.3420767528801404
7.661476,-0.3459372854200045
7.661942,-0.33015945677882047
7.662407,-0.3083390554665446
7.662873,-0.2898756389715419
7.663338,-0.2902113374532692
7.663804,-0.3063248645761807
7.664269,-0.24354924849317158
7.664735,-0.15928892957961394
7.665200,-0.1002059967956054
7.665666,-0.03373769741359579
7.666131,0.01292439154650187
7.666597,0.027695124742504008
7.667062,0.033066300450141146
7.667528,0.03474479285877775
7.667993,0.036423285267414354
7.668459,0.04582284275577936
7.668924,0.09987029831387809
7.669390,0.17892729076066224
7.669855,0.22072175173571373
7.670321,0.22542153047989621
7.670786,0.240863660639353
7.671252,0.2781261921110857
7.671718,0.3121995880064088
7.672183,0.3261310749980926
7.672649,0.33284504463263903
7.673114,0.3563439383535515
7.673580,0.3825284199282826
7.674045,0.3919279774166476
7.674511,0.38823529411764707
7.674976,0.3835355153734646
7.675442,0.38722819867246505
7.675907,0.3936064698252842
7.676373,0.42180514229037924
7.676838,0.4612497138933394
7.677304,0.46494239719234
7.677769,0.5446707866025788
7.678235,0.7632104982070649
7.678700,1.0102845807583734
7.679166,1.1180437933928435
7.679631,1.1168688487067977
7.680097,1.0598001068131533
7.680562,0.9303883421072707
7.681028,0.7712672617685207
7.681493,0.5879758907454032
7.681959,0.3838712138551919
7.682424,0.25261310749980925
7.682890,0.4912947280079346
7.683355,1.0629892423895626
7.683821,1.4973830777447164
7.684286,1.6800030518043791
7.684752,1.7317006179903869
7.685218,1.6393835355153732
7.685683,1.4218509193560693
7.686149,1.1882047760738534
7.686614,0.9841000991836422
7.687080,0.7786526283665216
7.687545,0.5678339818417639
7.688011,0.36809338521400775
7.688476,0.13444724193179217
7.688942,-0.21031509880216676
7.689407,-0.6171816586556801
7.689873,-0.9636224917982757
7.690338,-1.2305027847714962
7.690804,-1.543038071259632
7.691269,-2.025268940260929
7.691735,-2.5783321889066912
7.692200,-3.1342488746471346
7.692666,-3.5454795147631035
7.693131,-3.6978866254673073
7.693597,-3.9792019531548024
7.694062,-4.369954985885405
7.694528,-4.468650339513236
7.694993,-4.580270084687571
7.695459,-5.4824597543297475
7.695924,-5.4923628595407035
7.696390,-5.493369954985885
7.696855,-5.493705653467612
7.697321,-5.49404135194934
7.697786,-5.494209201190204
7.698252,-5.49404135194934
7.698718,-5.49404135194934
7.699183,-5.494209201190204
7.699649,-5.494209201190204
7.700114,-5.494209201190204
7.700580,-5.494209201190204
7.701045,-5.494377050431067
7.701511,-5.494209201190204
7.701976,-5.49454489967193
7.702442,-5.494377050431067
7.702907,-5.494377050431067
7.703373,-5.494209201190204
7.703838,-5.49454489967193
7.704304,-5.494377050431067
7.704769,-5.494377050431067
7.705235,-5.494377050431067
7.705700,-4.435919737544823
7.706166,-3.119645990691996
7.706631,-1.8726939803158615
7.707097,-0.6789501792935072
7.707562,0.4523537041275654
7.708028,1.519874876020447
7.708493,2.5236133363851376
7.708959,3.4528267338063627
7.709424,4.3081864652475765
7.709890,5.0910353246356905
7.710355,5.489173723964294
7.710821,5.491187914854658
7.711286,5.4918593118181125
7.711752,5.4918593118181125
7.712217,5.492530708781567
7.712683,5.492530708781567
7.713149,5.4928664072632944
7.713614,5.4928664072632944
7.714080,5.492530708781567
7.714545,5.4928664072632944
7.715011,5.492530708781567
7.715476,5.493034256504157
7.715942,5.493202105745021
7.716407,5.4928664072632944
7.716873,5.492530708781567
7.717338,5.492530708781567
7.717804,5.492530708781567
7.718269,5.492530708781567
7.718735,5.492530708781567
7.719200,5.4928664072632944
7.719666,5.493202105745021
7.720131,5.492530708781567
7.720597,5.4928664072632944
7.721062,5.4918593118181125
7.721528,5.492530708781567
7.721993,5.492530708781567
7.722459,5.492530708781567
7.722924,5.492530708781567
7.723390,5.492530708781567
7.723855,5.492530708781567
7.724321,5.4918593118181125
7.724786,5.492530708781567
7.725252,5.492530708781567
7.725717,5.492530708781567
7.726183,5.492530708781567
7.726649,5.492530708781567
7.727114,5.493202105745021
7.727580,5.493202105745021
7.728045,5.493034256504157
7.728511,5.492530708781567
7.728976,5.493202105745021
7.729442,5.493034256504157
7.729907,5.493202105745021
7.730373,5.492530708781567
7.730838,5.493202105745021
7.731304,5.492530708781567
7.731769,5.493034256504157
7.732235,5.4928664072632944
7.732700,5.493537804226749
7.733166,5.493202105745021
7.733631,5.493202105745021
7.734097,5.492530708781567
7.734562,5.493202105745021
7.735028,5.493202105745021
7.735493,4.76406500343328
7.735959,3.218509193560693
7.736424,4.269916838330663
7.736890,5.488502327000839
7.737355,5.492530708781567
7.737821,5.448554207675288
7.738286,4.845639734493019
7.738752,2.272846570534828
7.739217,2.517570763714046
7.739683,3.4158999008163575
7.740148,3.522987716487373
7.740614,3.182253757534142
7.741080,2.9647211413748376
7.741545,2.922590981918059
7.742011,2.8989242389562824
7.742476,2.8431982909895477
7.742942,2.786129549095903
7.743407,2.7522240024414435
7.743873,2.741817349507896
7.744338,2.741145952544442
7.744804,2.734767681391623
7.745269,2.7334248874647136
7.745735,2.7488670176241703
7.746200,2.7789120317387654
7.746666,3.2272373540856027
7.747131,4.8822308690012965
7.747597,4.937285420004578
7.748062,4.8847486076142514
7.748528,4.862088960097657
7.748993,4.829526207370107
7.749459,4.789578088044556
7.749924,4.752483405813687
7.750390,4.70632486457618
7.750855,4.691554131380178
7.751321,4.637170977340351
7.751786,4.608300907911803
7.752252,4.571709773403525
7.752717,4.524376287479973
7.753183,4.50087739375906
7.753648,4.389089799343862
7.754114,2.861326009002823
7.754580,-5.250995651178759
7.755045,-5.488838025482566
7.755511,-5.492195010299839
7.755976,-5.4928664072632944
7.756442,-5.493369954985885
7.756907,-5.493705653467612
7.757373,-5.493873502708476
7.757838,-5.493873502708476
7.758304,-5.493873502708476
7.758769,-5.49404135194934
7.759235,-5.494209201190204
7.759700,-5.494209201190204
7.760166,-5.494209201190204
7.760631,-5.494209201190204
7.761097,-5.494209201190204
7.761562,-5.49404135194934
7.762028,-5.494377050431067
7.762493,-5.494377050431067
7.762959,-5.49454489967193
7.763424,-5.494377050431067
7.763890,-5.494377050431067
7.764355,-5.494377050431067
7.764821,-5.494377050431067
7.765286,-5.494377050431067
7.765752,-5.494377050431067
7.766217,-5.494209201190204
7.766683,-5.494377050431067
7.767148,-5.494209201190204
7.767614,-5.494377050431067
7.768080,-5.494209201190204
7.768545,-5.494377050431067
7.769011,-5.49454489967193
7.769476,-5.494377050431067
7.769942,-5.49454489967193
7.770407,-5.494377050431067
7.770873,-5.49454489967193
7.771338,-5.494377050431067
7.771804,-5.494377050431067
7.772269,-5.49454489967193
7.772735,-5.494377050431067
7.773200,-5.494377050431067
7.773666,-5.494377050431067
7.774131,-5.49454489967193
7.774597,-5.49454489967193
7.775062,-5.494209201190204
7.775528,-5.494377050431067
7.775993,-5.494377050431067
7.776459,-5.494377050431067
7.776924,-5.437476157778287
7.777390,-4.836072327763789
7.777855,-4.26387426565957
7.778321,-3.7235675593194473
7.778786,-3.21380941481651
7.779252,-2.7314106965743497
7.779717,-2.6046845197222854
7.780183,-2.717311360341802
7.780648,-2.283756771190966
7.781114,-1.4520637827115281
7.781579,-0.7202410925459677
7.782045,-0.2512703135728999
7.782511,0.09114213778896772
7.782976,0.4322117952239262
7.783442,0.6551155870908675
7.783907,0.707820248722057
7.784373,0.7940947585259784
7.784838,1.0458686198214693
7.785304,1.4030518043793392
7.785769,1.9052567330434116
7.786235,2.4900434882124056
7.786700,2.873075455863279
7.787166,3.095643549248493
7.787631,3.360845349813077
7.788097,3.5991912718394747
7.788562,3.7019150072480356
7.789028,3.7327992675669486
7.789493,3.8130312046997785
7.789959,3.9233081559472036
7.790424,3.9849088273441677
7.790890,3.9781948577096213
7.791355,3.933546959639887
7.791821,3.8899061570153353
7.792286,3.882856488899061
7.792752,3.934889753566796
7.793217,4.020157167925536
7.793683,4.099046311131457
7.794148,4.221576256961929
7.794614,4.518333714808881
7.795079,4.754665445944915
7.795545,4.703639276722362
7.796011,4.496177615014878
7.796476,4.348973830777448
7.796942,4.284687571526665
7.797407,4.230975814450293
7.797873,4.139665827420463
7.798338,3.9805447470817126
7.798804,3.817059586480507
7.799269,3.720042725261311
7.799735,3.6542458228427557
7.800200,3.5951628900587473
7.800666,3.566292820630197
7.801131,3.57099259937438
7.801597,3.5944914930952923
7.802062,3.612954909590295
7.802528,3.5985198748760205
7.802993,3.5169451438162813
7.803459,3.3910582131685354
7.803924,3.2819562066071564
7.804390,3.1540550850690465
7.804855,2.7740444037537193
7.805321,2.3020523384451055
7.805786,2.085191119249256
7.806252,2.04272526131075
7.806717,1.9388265812161438
7.807183,1.7944762340733955
7.807648,1.7092088197146564
7.808114,1.66858930342565
7.808579,1.5875181200885022
7.809045,1.4876478217746243
7.809511,1.4211795223926145
7.809976,1.4178225375753413
7.810442,1.4554207675288013
7.810907,1.4097657740138856
7.811373,1.3385976958876935
7.811838,1.3506828412298773
7.812304,1.4084229800869763
7.812769,1.4037232013427938
7.813235,1.3627679865720606
7.813700,1.4137941557946134
7.814166,1.576272220950637
7.814631,1.7061875333791103
7.815097,1.6971236743724725
7.815562,1.6004425116350043
7.816028,1.5098039215686274
7.816493,1.4641489280537114
7.816959,1.4695201037613488
7.817424,1.535820553902495
7.817890,1.5888609140154117
7.818355,1.5472343022812236
7.818821,1.4023804074158845
7.819286,1.252323186083772
7.819752,1.155306324864576
7.820217,1.090180819409476
7.820683,1.0542610818646525
7.821148,1.090516517891203
7.821614,1.196932936598764
7.822079,1.2808575570305942
7.822545,1.2969710841535058
7.823010,1.2882429236285955
7.823476,1.2588693064774548
7.823942,1.1922331578545815
7.824407,1.1042801556420232
7.824873,1.0284122987716486
7.825338,0.9357595178149081
7.825804,0.7934233615625238
7.826269,0.6672007324330511
7.826735,0.6202029449912261
7.827200,0.6437018387121386
7.827666,0.6792858777752345
7.828131,0.6876783398184176
7.828597,0.6557869840543221
7.829062,0.6050965133134966
7.829528,0.6057679102769511
7.829993,0.7924162661173418
7.830459,1.0421759365224688
7.830924,1.1442282749675745
7.831390,1.1066300450141144
7.831855,1.0368047608148319
7.832321,0.9887998779278246
7.832786,0.9552300297550927
7.833252,0.9028610666056307
7.833717,0.8296787975890745
7.834183,0.7605249103532463
7.834648,0.7054703593499656
7.835114,0.6668650339513237
7.835579,0.6663614862287328
7.836045,0.7716029602502479
7.836510,0.9142748149843594
7.836976,0.9651331349660487
7.837442,0.9444876783398184
7.837907,0.9139391165026323
7.838373,0.88540474555581
7.838838,0.8280003051804379
7.839304,0.7538109407186999
7.839769,0.6992599374380102
7.840235,0.6589761196307317
7.840700,0.6099641412985427
7.841166,0.5345998321507592
7.841631,0.4271763179980163
7.842097,0.3202563515678644
7.842562,0.21803616388189515
7.843028,0.12336919203479056
7.843493,0.1079270618753338
7.843959,0.4197909514000152
7.844424,0.8610666056305791
7.844890,0.992156862745098
7.845355,0.8390783550774397
7.845821,0.6453803311207752
7.846286,0.5245288776989395
7.846752,0.4590676737621119
7.847217,0.4004882887006942
7.847683,0.31337453269245436
7.848148,0.1999084458686198
7.848614,0.08711375600823987
7.849079,0.010070954451819639
7.849545,-0.033234149691004806
7.850010,-0.07435721370260165
7.850476,-0.1257190814068818
7.850942,-0.16684214541847867
7.851407,-0.1926909285114824
7.851873,-0.21736476691844053
7.852338,-0.26536964980544747
7.852804,-0.36423285267414357
7.853269,-0.47014572365911345
7.853735,-0.5238574807354848
7.854200,-0.5231860837720301
7.854666,-0.5000228885328449
7.855131,-0.47702754253452356
7.855597,-0.45806057831692987
7.856062,-0.4348973830777447
7.856528,-0.4066987106126497
7.856993,-0.38504615854123747
7.857459,-0.37615014877546343
7.857924,-0.3781643396658274
7.858390,-0.3781643396658274
7.858855,-0.36440070191500723
7.859321,-0.3419089036392767
7.859786,-0.31404592965590905
7.860252,-0.27644769970244903
7.860717,-0.24153505760280766
7.861183,-0.22760357061112382
7.861648,-0.22357518883039593
7.862114,-0.22206454566262301
7.862579,-0.21719691767757685
7.863045,-0.19856565194171052
7.863510,-0.17557030594338902
7.863976,-0.18513771267261767
7.864441,-0.24187075608453498
7.864907,-0.28802929732204163
7.865373,-0.28970778973067823
7.865838,-0.26755168993667505
7.866304,-0.24271000228885328
7.866769,-0.21702906843671319
7.867235,-0.18295567254139009
7.867700,-0.14720378423743039
7.868166,-0.12605477988860914
7.868631,-0.11564812695506219
7.869097,-0.10759136339360646
7.869562,-0.09953459983215075
7.870028,0.15727473868925002
7.870493,0.8048371099412528
7.870959,1.2268101014724955
7.871424,1.1851834897383076
7.871890,0.954558632791638
7.872355,0.7724422064545662
7.872821,0.6534370946822308
7.873286,0.5443350881208514
7.873752,0.437247272449836
7.874217,0.3445944914930953
7.874683,0.2630197604333562
7.875148,0.18446631570916305
7.875614,0.10843060959792476
7.876079,0.03675898374914168
7.876545,-0.029205767910276948
7.877010,-0.09315632867933166
7.877476,-0.15056076905470359
7.877941,-0.19957274738689249
7.878407,-0.24455634393835354
7.878873,-0.2881971465629053
7.879338,-0.33385214007782105
7.879804,-0.37413595788509957
7.880269,-0.4023346303501945
7.880735,-0.42532997634851605
7.881200,-0.44832532234683753
7.881666,-0.4684672312504768
7.882131,-0.4855878538185702
7.882597,-0.4996871900511177
7.883062,-0.5067368581673914
7.883528,-0.5070725566491188
7.883993,-0.5057297627222095
7.884459,-0.5085831998168918
7.884924,-0.5184863050278476
7.885390,-0.5268787670710307
7.885855,-0.5288929579613947
7.886321,-0.5305714503700313
7.886786,-0.5379568169680324
7.887252,-0.5463492790112154
7.887717,-0.546013580529488
7.888183,-0.5272144655527581
7.888648,-0.49179827573052565
7.889114,-0.4597390707255664
7.889579,-0.4422827496757458
7.890045,-0.43271534294651715
7.890510,-0.42314793621728847
7.890976,-0.41173418783855953
7.891441,-0.4033417257953765
7.891907,-0.39679560540169373
7.892373,-0.38554970626382845
7.892838,-0.36507209887846187
7.893304,-0.341741054398413
7.893769,-0.32277409018081943
7.894235,-0.3016250858319981
7.894700,-0.2678873884184023
7.895166,-0.2264286259250782
7.895631,-0.18950179293507285
7.896097,-0.15996032654306858
7.896562,-0.1364614328221561
7.897028,-0.11464103150988021
7.897493,-0.07200732433051041
7.897959,-0.019302662699320974
7.898424,0.00788891432059205
7.898890,0.0005035477225909818
7.899355,-0.024338139925230793
7.899821,-0.050186923018234526
7.900286,-0.07335011825741969
7.900752,-0.09651331349660487
7.901217,-0.11783016708628975
7.901683,-0.1317616540779736
7.902148,-0.13411154345006485
7.902614,-0.13109025711451894
7.903079,-0.13377584496833753
7.903545,-0.14586099031052108
7.904010,-0.16029602502479592
7.904476,-0.17271686884870677
7.904941,-0.18312352178225372
7.905407,-0.18883039597161821
7.905872,-0.19168383306630046
7.906338,-0.19319447623407338
7.906804,-0.19084458686198216
7.907269,-0.1807736324101625
7.907735,-0.17070267795834287
7.908200,-0.16533150225070573
7.908666,-0.16398870832379644
7.909131,-0.166674296177615
7.909597,-0.16952773327229725
7.910062,-0.1688563363088426
7.910528,-0.16231021591515984
7.910993,-0.1535820553902495
7.911459,-0.16231021591515984
7.911924,-0.3120317387655451
7.912390,-0.5777370870527199
7.912855,-0.7615320057984283
7.913321,-0.7917448691538871
7.913786,-0.7350118257419699
7.914252,-0.6614938582436865
7.914717,-0.5926756694895857
7.915183,-0.529228656443122
7.915648,-0.46359960326543065
7.916114,-0.39159227893492027
7.916579,-0.31068894483863574
7.917045,-0.23045700770580602
7.917510,-0.16197451743343252
7.917976,-0.1032272831311513
7.918441,-0.04917982757305257
7.918907,0.0028534370946822307
7.919372,0.051529716945143814
7.919838,0.09584191653315023
7.920304,0.1262226291294728
7.920769,0.12941176470588234
7.921235,0.12202639810788128
7.921700,0.12135500114442664
7.922166,0.1240405889982452
7.922631,0.1326009002822919
7.923097,0.14720378423743039
7.923562,0.16231021591515984
7.924028,0.18648050659952697
7.924493,0.23012130922407872
7.924959,0.27913328755626765
7.925424,0.31337453269245436
7.925890,0.32948805981536583
7.926355,0.3415732051575494
7.926821,0.3513084611276417
7.927286,0.34828717479209587
7.927752,0.33452353704127563
7.928217,0.3187457084000916
7.928683,0.3019607843137255
7.929148,0.2782940413519493
7.929614,0.24875257495994504
7.930079,0.22105745021744103
7.930545,0.20192263675898375
7.931010,0.18580910963607233
7.931476,0.1693598840314336
7.931941,0.1555962462806134
7.932407,0.14485389486533912
7.932872,0.1304188601510643
7.933338,0.11363393606469825
7.933804,0.09651331349660487
7.934269,0.08577096208133059
7.934735,0.08157473105973906
7.935200,0.07570000762951096
7.935666,0.06428625925078202
7.936131,0.04917982757305257
7.936597,0.03474479285877775
7.937062,0.02400244144350347
7.937528,0.0213168535896849
7.937993,0.021652552071412222
7.938459,0.014602883955138474
7.938924,0.003189135576409552
7.939390,-0.0035248340581368735
7.939855,0.003692683299000534
7.940321,0.0213168535896849
7.940786,0.03810177767605096
7.941252,0.0473334859235523
7.941717,0.05438315403982604
7.942183,0.06277561608300908
7.942648,0.06999313344014649
7.943114,0.06831464103150987
7.943579,0.055390249485008015
7.944045,0.035248340581368734
7.944510,0.012252994583047227
7.944976,-0.005874723430228122
7.945441,-0.01695277332722972
7.945907,-0.029037918669413288
7.946372,-0.04783703364614328
7.946838,-0.06529335469596398
7.947303,-0.07435721370260165
7.947769,-0.07234302281223774
7.948235,-0.06596475165941862
7.948700,-0.05656519417105363
7.949166,-0.03860532539864195
7.949631,-0.0006713969634546426
7.950097,0.092484931715877
7.950562,0.1999084458686198
7.951028,0.2638590066376745
7.951493,0.28853284504463267
7.951959,0.3046463721675441
7.952424,0.3382162203402762
7.952890,0.39713130388342105
7.953355,0.44798962386511015
7.953821,0.46645304036011287
7.954286,0.45151445792324707
7.954752,0.4127412832837415
7.955217,0.36440070191500723
7.955683,0.31992065308613715
7.956148,0.28551155870908673
7.956614,0.2574807354848554
7.957079,0.23179980163271532
7.957545,0.2076295109483482
7.958010,0.18883039597161821
7.958476,0.16768139162279697
7.958941,0.11665522240024415
7.959407,0.011245899137865261
7.959872,-0.13914702067597465
7.960338,-0.32394903486686505
7.960803,-0.6198672465094986
7.961269,-0.9750362401770046
7.961735,-1.1892118715190356
7.962200,-1.2105287251087204
7.962666,-1.113344014648661
7.963131,-0.9407949950408179
7.963597,-0.7843595025558863
7.964062,-0.6828107118333715
7.964528,-0.5951934081025406
7.964993,-0.5265430685893033
7.965459,-0.5238574807354848
7.965924,-0.5785763332570382
7.966390,-0.5819333180743114
7.966855,-0.5003585870145724
7.967321,-0.38991378652628367
7.967786,-0.29323262378881515
7.968252,-0.20846875715266647
7.968717,-0.12639047837033646
7.969183,-0.051865415426871134
7.969648,0.012252994583047227
7.970114,0.06630045014114595
7.970579,0.11229114213778896
7.971045,0.15207141222247655
7.971510,0.18513771267261767
7.971976,0.26973373006790263
7.972441,0.5394674601358053
7.972907,0.8692912184328984
7.973372,1.0485542076752878
7.973838,1.055939574273289
7.974303,0.9973601892118715
7.974769,0.9523765926604105
7.975235,0.92988479438468
7.975700,0.8860761425192646
7.976166,0.8068513008316167
7.976631,0.7202410925459677
7.977097,0.6376592660410467
7.977562,0.557427328908217
7.978028,0.47685969329365985
7.978493,0.3946135652704661
7.978959,0.3167315175097276
7.979424,0.24271000228885328
7.979890,0.17305256733043411
7.980355,0.10725566491187914
7.980821,0.041123064011596856
7.981286,-0.03105210955977722
7.981752,-0.10121309224078735
7.982217,-0.16214236667429618
7.982683,-0.2158541237506676
7.983148,-0.259662775616083
7.983614,-0.29356832227054247
7.984079,-0.3237811856260014
7.984545,-0.3568474860761425
7.985010,-0.3904173342488746
7.985476,-0.4152590218966964
7.985941,-0.43288319218738075
7.986407,-0.44496833752956433
7.986872,-0.45067521171892877
7.987338,-0.45671778439002053
7.987803,-0.46007476920729373
7.988269,-0.45839627679865713
7.988734,-0.45168230716411073
7.989200,-0.43875791561760885
7.989666,-0.4207980468451973
7.990131,-0.4033417257953765
7.990597,-0.3944457160296025
7.991062,-0.38739604791332877
7.991528,-0.37447165636682683
7.991993,-0.35751888303959717
7.992459,-0.3393911650263218
7.992924,-0.3323414969100481
7.993390,-0.3409018081940947
7.993855,-0.35382619974059665
7.994321,-0.3546654459449149
7.994786,-0.3375448233768215
7.995252,-0.3172350652323186
7.995717,-0.3026321812771801
7.996183,-0.3002822919050888
7.996648,-0.2959182116426337
7.997114,-0.27409781033035785
7.997579,-0.24271000228885328
7.998045,-0.22172884718089572
7.998510,-0.21803616388189515
7.998976,-0.2183718623636225
7.999441,-0.2056153200579843
7.999907,-0.18245212481879908
8.000372,-0.15928892957961394
8.000838,-0.14048981460288396
8.001303,-0.13310444800488286
8.001769,-0.13797207598992905
8.002234,-0.147875181200885
8.002700,-0.1555962462806134
8.003166,-0.15593194476234074
8.003631,-0.13847562371252
8.004097,0.5508812085145341
8.004562,1.6971236743724725
8.005028,1.6125276569771878
8.005493,0.564812695506218
8.005959,-0.28282597085526817
8.006424,-0.5550774395361256
8.006890,-0.571190966659037
8.007355,-0.6198672465094986
8.007821,-0.6866712443732357
8.008286,-0.7024490730144197
8.008752,-0.682978561074235
8.009217,-0.6744182497901884
8.009683,-0.6705577172503242
8.010148,-0.6235599298084993
8.010614,-0.5502098115510795
8.011079,-0.5112687876707103
8.011545,-0.5174792095826657
8.012010,-0.5513847562371251
8.012476,-0.578240634775311
8.012941,-0.5852903028915846
8.013407,-0.5955291065842679
8.013872,-0.659311818112459
8.014338,-0.7034561684596017
8.014803,-0.7561608300907912
8.015269,-0.8702983138780804
8.015734,-0.9188067444876783
8.016200,-0.8449530785076678
8.016666,-0.7316548409246966
8.017131,-0.6294346532387274
8.017597,-0.5431601434348058
8.018062,-0.5461814297703517
8.018528,-0.5557488364995803
8.018993,-0.4139162279697871
8.019459,-0.14586099031052108
8.019924,0.04750133516441596
8.020390,0.06277561608300908
8.020855,-0.08577096208133059
8.021321,-0.22458228427557791
8.021786,-0.25731288624399173
8.022252,-0.2626840619516289
8.022717,-0.3261310749980926
8.023183,-0.42919050888838023
8.023648,-0.47383840695811397
8.024114,-0.4657816433966583
8.024579,-0.4459754329747464
8.025045,-0.41139848935683215
8.025510,-0.343251697566186
8.025976,-0.2608377203021286
8.026441,-0.16801709010452429
8.026907,-0.06126497291523613
8.027372,0.10356298161287861
8.027838,0.34425879301136797
8.028303,0.5688410772869459
8.028769,0.6571297779812314
8.029234,0.6228885328450446
8.029700,0.5575951781490806
8.030165,0.5406424048218509
8.030631,0.5718623636224918
8.031097,0.6900282291905088
8.031562,0.7712672617685207
8.032028,0.721583886472877
8.032493,0.6275883115892271
8.032959,0.6401770046540016
8.033424,0.7521324483100633
8.033890,0.8340428778515299
8.034355,0.820950637064164
8.034821,0.8028229190508888
8.035286,0.8632486457618066
8.035752,0.9250171663996337
8.036217,0.9522087434195465
8.036683,0.9800717174029145
8.037148,1.0378118562600136
8.037614,1.018005645838102
8.038079,0.8914473182269017
8.038545,0.832867933165484
8.039010,0.9048752574959945
8.039476,0.9340810254062715
8.039941,0.8697947661554895
8.040407,0.7632104982070649
8.040872,0.6378271152819104
8.041338,0.47618829633020526
8.041803,0.33200579842832073
8.042269,0.267048142214084
8.042734,0.21971465629053175
8.043200,0.14048981460288396
8.043665,0.06965743495841917
8.044131,0.062272068360418105
8.044597,0.10389868009460593
8.045062,0.17573815518425268
8.045528,0.3878995956359197
8.045993,0.6188601510643167
8.046459,0.7188982986190584
8.046924,0.69741359578851
8.047390,0.6346379797055008
8.047855,0.5636377508201724
8.048321,0.4808880750743877
8.048786,0.4375829709315633
8.049252,0.611810482948043
8.049717,1.0700389105058368
8.050183,1.575265125505455
8.050648,1.83778133821622
8.051114,1.8005188067444877
8.051579,1.6259555962462806
8.052045,1.4377965972381168
8.052510,1.2835431448844128
8.052976,1.1422140840772106
8.053441,0.9718471046005952
8.053907,0.7759670405127032
8.054372,0.585626001373312
8.054838,0.4077058060578317
8.055303,0.24740978103303574
8.055769,0.10440222781719691
8.056234,-0.027695124742504008
8.056700,-0.15291065842679483
8.057165,-0.27460135805294883
8.057631,-0.42868696116578925
8.058097,-0.6598153658350498
8.058562,-0.8545204852368964
8.059028,-0.9777218280308233
8.059493,-1.0592965590905623
8.059959,-1.0871595330739299
8.060424,-1.0824597543297474
8.060890,-1.0814526588845652
8.061355,-1.0891737239642938
8.061821,-1.0918593118181126
8.062286,-1.1086442359044784
8.062752,-1.141878385595483
8.063217,-1.1522850385290302
8.063683,-1.1355001144426644
8.064148,-1.1155260547798886
8.064614,-1.1022659647516593
8.065079,-1.0995803768978407
8.065545,-1.1039444571602959
8.066010,-1.09404135194934
8.066476,-1.0524147402151522
8.066941,-0.9970244907301442
8.067407,-1.034119172961013
8.067872,-1.1584954604409858
8.068338,-1.2388952468146792
8.068803,-1.2335240711070419
8.069269,-1.153963530937667
8.069734,-1.0488899061570152
8.070200,-0.9528801403830014
8.070665,-0.8785229266803997
8.071131,-0.8441138323033495
8.071596,-0.8488136110475317
8.072062,-0.8598916609445334
8.072528,-0.8619058518348974
8.072993,-0.8338750286106659
8.073459,-0.7605249103532463
8.073924,-0.6729076066224154
8.074390,-0.5983825436789503
8.074855,-0.5265430685893033
8.075321,-0.43791866941329055
8.075786,-0.3311665522240024
8.076252,-0.2516060120546273
8.076717,-0.2212252994583047
8.077183,-0.21232928969253068
8.077648,-0.18715190356298161
8.078114,-0.1398184176394293
8.078579,-0.09164568551155872
8.079045,0.24606698710612646
8.079510,0.9216601815823605
8.079976,1.39667353322652
8.080441,1.5087968261234455
8.080907,1.3241626611734185
8.081372,1.0566109712367437
8.081838,0.8407568474860763
8.082303,0.6719005111772335
8.082769,0.5087510490577554
8.083234,0.3503013656824597
8.083700,0.22877851529716942
8.084165,0.1468680857557031
8.084631,0.12806897077897306
8.085096,0.2099794003204395
8.085562,0.2541237506675822
8.086028,0.18866254673075455
8.086493,0.08090333409628443
8.086959,0.0025177386129549098
8.087424,-0.028030823224231328
8.087890,-0.03944457160296025
8.088355,-0.06797894254978255
8.088821,-0.12303349355306323
8.089286,-0.20360112916762035
8.089752,-0.2626840619516289
8.090217,-0.27644769970244903
8.090683,-0.26604104676890206
8.091148,-0.25597009231708245
8.091614,-0.24589913786526282
8.092079,-0.2331425955596246
8.092545,-0.23012130922407872
8.093010,-0.23649958037689783
8.093476,-0.24271000228885328
8.093941,-0.24740978103303574
8.094407,-0.23616388189517049
8.094872,-0.17708094911116198
8.095338,-0.09500267032883192
8.095803,-0.07553215838864728
8.096269,-0.12202639810788128
8.096734,-0.13344014648661018
8.097200,-0.01359578850995651
8.097665,0.10859845883878842
8.098131,0.14132906080720226
8.098596,0.1062485694666972
8.099062,0.036423285267414354
8.099528,-0.277454795147631
8.099993,-0.6497444113832302
8.100459,-0.7645532921339742
8.100924,-0.666193636987869
8.101390,-0.5396353093766689
8.101855,-0.45218585488670177
8.102321,-0.3778286411841001
8.102786,-0.3009536888685435
8.103252,-0.24052796215762567
8.103717,-0.19789425497825588
8.104183,-0.1586175326161593
8.104648,-0.12588693064774548
8.105114,-0.08342107270923933
8.105579,-0.020309758144502935
8.106045,0.03407339589532311
8.106510,0.07100022888532845
8.106976,0.09819180590524147
8.107441,0.11161974517433432
8.107907,0.11229114213778896
8.108372,0.11581597619592585
8.108838,0.12269779507133592
8.109303,0.11934081025406272
8.109769,0.11044480048828872
8.110234,0.09701686121919585
8.110700,0.09315632867933166
8.111165,0.10356298161287861
8.111631,0.12034790569924468
8.112096,0.139482719157702
8.112562,0.1555962462806134
8.113027,0.15492484931715875
8.113493,0.1411612115663386
8.113959,0.1461966887922484
8.114424,0.16868848706797895
8.114890,0.18614480811779963
8.115355,0.19235523002975508
8.115821,0.19453727016098266
8.116286,0.19302662699320974
8.116752,0.1874876020447089
8.117217,0.17875944151979858
8.117683,0.1688563363088426
8.118148,0.16466010528725106
8.118614,0.16231021591515984
8.119079,0.14485389486533912
8.119545,0.14988937209124895
8.120010,0.18664835584039063
8.120476,0.2212252994583047
8.120941,0.240863660639353
8.121407,0.2532845044632639
8.121872,0.2626840619516289
8.122338,0.26755168993667505
8.122803,0.24690623331044484
8.123269,0.19084458686198216
8.123734,0.12135500114442664
8.124200,0.05824368657969024
8.124665,0.01896696421759365
8.125131,0.023163195239185166
8.125596,0.05941863126573587
8.126062,0.09919890135042343
8.126527,0.12605477988860914
8.126993,0.14485389486533912
8.127459,0.16231021591515984
8.127924,0.18010223544670784
8.128390,0.19554436560616464
8.128855,0.20527962157625693
8.129321,0.1952086671244373
8.129786,0.16063172350652322
8.130252,0.12605477988860914
8.130717,0.11497672999160755
8.131183,0.14552529182879376
8.131648,0.19856565194171052
8.132114,0.24119935912108034
8.132579,0.2636911573968108
8.133045,0.277454795147631
8.133510,0.2910505836575875
8.133976,0.30330357824063475
8.134441,0.31270313572899977
8.134907,0.3197528038452735
8.135372,0.3251239795529106
8.135838,0.3274738689250019
8.136303,0.3268024719615472
8.136769,0.31941710536354617
8.137234,0.3059891660944533
8.137700,0.29054703593499653
8.138165,0.27644769970244903
8.138631,0.26335545891508355
8.139096,0.24824902723735406
8.139562,0.2299534599832151
8.140027,0.2133363851377127
8.140493,0.20091554131380177
8.140958,0.19000534065766383
8.141424,0.17708094911116198
8.141890,0.16549935149156939
8.142355,0.15458915083543145
8.142821,0.13931486991683834
8.143286,0.12387273975738157
8.143752,0.11262684061951626
8.144217,0.1079270618753338
8.144683,0.10389868009460593
8.145148,0.09617761501487754
8.145614,0.08577096208133059
8.146079,0.0772106507972839
8.146545,0.06865033951323721
8.147010,0.06092927443350881
8.147476,0.054047455558098714
8.147941,0.04515144579232471
8.148407,0.028702220187685965
8.148872,0.008560311284046692
8.149338,-0.008224612802319372
8.149803,-0.020645456626230255
8.150269,-0.03105210955977722
8.150734,-0.044312199588006404
8.151200,-0.060761425192645144
8.151665,-0.07536430914778362
8.152131,-0.08577096208133059
8.152596,-0.09819180590524147
8.153062,-0.11732661936369877
8.153527,-0.1364614328221561
8.153993,-0.14384679942015716
8.154458,-0.1411612115663386
8.154924,-0.13847562371252
8.155390,-0.13394369420920116
8.155855,-0.12639047837033646
8.156321,-0.12370489051651787
8.156786,-0.1287403677424277
8.157252,-0.13545433737697413
8.157717,-0.13713282978561073
8.158183,-0.1364614328221561
8.158648,-0.13881132219424736
8.159114,-0.1414969100480659
8.159579,-0.14250400549324788
8.160045,-0.1414969100480659
8.160510,-0.1411612115663386
8.160976,-0.14418249790188448
8.161441,-0.1468680857557031
8.161907,-0.13847562371252
8.162372,-0.12639047837033646
8.162838,-0.12034790569924468
8.163303,-0.12068360418097199
8.163769,-0.1096055542839704
8.164234,-0.08409246967269397
8.164700,-0.058915083543144876
8.165165,-0.041794460975051496
8.165631,-0.03138780804150454
8.166096,-0.02937361715114061
8.166562,-0.027862973983367664
8.167027,-0.022323949034866862
8.167493,-0.01527428091859312
8.167958,-0.008224612802319372
8.168424,0.004364080262455177
8.168890,0.01829556725413901
8.169355,0.028030823224231328
8.169821,0.033401998931868467
8.170286,0.03608758678568704
8.170752,0.03843747615777828
8.171217,0.03944457160296025
8.171683,0.030045014114595252
8.172148,0.0050354772259098195
8.172614,-0.016784924086366067
8.173079,-0.01896696421759365
8.173545,-0.009735255970092317
8.174010,0.003860532539864194
8.174476,0.021988250553139542
8.174941,0.041123064011596856
8.175407,0.05824368657969024
8.175872,0.06999313344014649
8.176338,0.07771419851987486
8.176803,0.08426031891355765
8.177269,0.092484931715877
8.177734,0.10255588616769665
8.178200,0.11396963454642556
8.178665,0.12135500114442664
8.179131,0.12336919203479056
8.179596,0.12454413672083621
8.180062,0.12941176470588234
8.180527,0.14015411612115664
8.180993,0.14653238727397572
8.181458,0.1359578850995651
8.181924,0.11296253910124363
8.182389,0.04682993820096131
8.182855,-0.11699092088197145
8.183321,-0.2831616693369955
8.183786,-0.362050812542916
8.184252,-0.370443274586099
8.184717,-0.3568474860761425
8.185183,-0.34392309452964065
8.185648,-0.3311665522240024
8.186114,-0.3147173266193637
8.186579,-0.29222552834363313
8.187045,-0.26587319752803845
8.187510,-0.2341496910048066
8.187976,-0.19890135042343787
8.188441,-0.16331731136034178
8.188907,-0.12773327229724574
8.189372,-0.0955062180514229
8.189838,-0.07536430914778362
8.190303,-0.06797894254978255
8.190769,-0.06865033951323721
8.191234,-0.06160067139696345
8.191700,0.0052033264667734795
8.192165,0.1287403677424277
8.192631,0.2281071183337148
8.193096,0.2704051270313573
8.193562,0.28047608148317693
8.194027,0.31270313572899977
8.194493,0.37447165636682683
8.194958,0.40971999694819555
8.195424,0.39914549477378497
8.195889,0.36742198825055317
8.196355,0.33586633096818486
8.196821,0.30447852292668043
8.197286,0.26939803158617537
8.197752,0.2341496910048066
8.198217,0.2015869382772564
8.198683,0.1710383764400702
8.199148,0.14082551308461125
8.199614,0.11128404669260701
8.200079,0.0882887006942855
8.200545,0.06663614862287326
8.201010,0.04649423971923399
8.201476,0.028030823224231328
8.201941,0.004867627985046159
8.202407,-0.02937361715114061
8.202872,-0.06529335469596398
8.203338,-0.09047074082551307
8.203803,-0.10440222781719691
8.204269,-0.11396963454642556
8.204734,-0.12672617685206378
8.205200,-0.14418249790188448
8.205665,-0.16096742198825056
8.206131,-0.17305256733043411
8.206596,-0.18648050659952697
8.207062,-0.19789425497825588
8.207527,-0.2046082246128023
8.207993,-0.22105745021744103
8.208458,-0.27913328755626765
8.208924,-0.3476157778286411
8.209389,-0.38991378652628367
8.209855,-0.40199893186846725
8.210321,-0.39494926375219347
8.210786,-0.3825284199282826
8.211252,-0.3691004806591897
8.211717,-0.3573510337987335
8.212183,-0.34392309452964065
8.212648,-0.32327763790341035
8.213114,-0.29692530708781567
8.213579,-0.269062333104448
8.214045,-0.24354924849317158
8.214510,-0.21568627450980396
8.214976,-0.17808804455634394
8.215441,-0.13780422674906534
8.215907,-0.10557717250324253
8.216372,-0.08174258030060273
8.216838,-0.05790798809796292
8.217303,-0.035919737544823374
8.217769,-0.020141908903639278
8.218234,-0.004531929503318838
8.218700,0.010574502174410621
8.219165,0.01326009002822919
8.219631,0.020309758144502935
8.220096,0.04582284275577936
8.220562,0.07704280155642022
8.221027,0.10356298161287861
8.221493,0.11732661936369877
8.221958,0.12169069962615398
8.222424,0.1287403677424277
8.222889,0.14216830701152056
8.223355,0.16432440680552376
8.223820,0.19118028534370946
8.224286,0.21803616388189515
8.224752,0.23616388189517049
8.225217,0.24925612268253605
8.225683,0.26536964980544747
8.226148,0.2836652170595865
8.226614,0.3063248645761807
8.227079,0.33351644159609367
8.227545,0.3563439383535515
8.228010,0.36876478217746245
8.228476,0.37010757610437167
8.228941,0.36591134508278017
8.229407,0.36305790798809795
8.229872,0.36742198825055317
8.230338,0.3607080186160067
8.230803,0.31404592965590905
8.231269,0.25563439383535513
8.231734,0.21132219424734877
8.232200,0.18429846646829937
8.232665,0.1693598840314336
8.233131,0.16348516060120546
8.233596,0.1535820553902495
8.234062,0.13008316166933698
8.234527,0.007217517357137408
8.234993,-0.31908140688181885
8.235458,-0.6403448538948654
8.235924,-0.7427328908216984
8.236389,-0.6635080491340505
8.236855,-0.5413138017853055
8.237320,-0.4411078049897001
8.237786,-0.3576867322804608
8.238252,-0.2541237506675822
8.238717,-0.12185854886701762
8.239183,-0.009567406729228655
8.239648,0.06361486228732739
8.240114,0.11833371480888075
8.240579,0.18043793392843518
8.241045,0.2532845044632639
8.241510,0.31924925612268257
8.241976,0.3628900587472343
8.242441,0.3852140077821012
8.242907,0.41475547417410535
8.243372,0.5345998321507592
8.243838,0.7041275654230564
8.244303,0.8187685969329366
8.244769,0.8558632791638057
8.245234,0.8503242542153048
8.245700,0.8394140535591669
8.246165,0.853177691309987
8.246631,0.8758373388265811
8.247096,0.8640878919661249
8.247562,0.8236362249179827
8.248027,0.7769741359578851
8.248493,0.7308155947203783
8.248958,0.6819714656290532
8.249424,0.6302738994430457
8.249889,0.5745479514763103
8.250355,0.47954528114747846
8.250820,0.2959182116426337
8.251286,0.0639505607690547
8.251752,-0.1096055542839704
8.252217,-0.18429846646829937
8.252683,-0.20225833524071107
8.253148,-0.20830090791180284
8.253614,-0.20695811398489355
8.254079,-0.19285877775234606
8.254545,-0.17372396429388878
8.255010,-0.15072861829556725
8.255476,-0.12169069962615398
8.255941,-0.08946364538033112
8.256407,0.007721065079728388
8.256872,0.16835278858625158
8.257338,0.2707408255130846
8.257803,0.29575036240177
8.258269,0.31337453269245436
8.258734,0.33972686350804915
8.259200,0.3499656672007324
8.259665,0.33989471274891275
8.260131,0.3187457084000916
8.260596,0.2910505836575875
8.261062,0.2616769665064469
8.261527,0.23179980163271532
8.261993,0.1982299534599832
8.262458,0.16096742198825056
8.262924,0.12236209658960862
8.263389,0.08644235904478523
8.263855,0.0528725108720531
8.264320,0.02265964751659419
8.264786,-0.006210421911955443
8.265251,-0.03373769741359579
8.265717,-0.06160067139696345
8.266183,-0.09298847943846798
8.266648,-0.12504768444342718
8.267114,-0.15626764324406803
8.267579,-0.18597695887693597
8.268045,-0.21635767147325857
8.268510,-0.24338139925230795
8.268976,-0.26536964980544747
8.269441,-0.2836652170595865
8.269907,-0.3002822919050888
8.270372,-0.3147173266193637
8.270838,-0.33200579842832073
8.271303,-0.34862287327382313
8.271769,-0.3576867322804608
8.272234,-0.3675898374914168
8.272700,-0.3781643396658274
8.273165,-0.38219272144655525
8.273631,-0.3835355153734646
8.274096,-0.3852140077821012
8.274562,-0.3778286411841001
8.275027,-0.3607080186160067
8.275493,-0.34862287327382313
8.275958,-0.3499656672007324
8.276424,-0.3623865110246433
8.276889,-0.36423285267414357
8.277355,-0.34493018997482255
8.277820,-0.31236743724727245
8.278286,-0.28014038300144956
8.278751,-0.2546272983901732
8.279217,-0.23129625391012437
8.279683,-0.20527962157625693
8.280148,0.14485389486533912
8.280614,1.4317540245670253
8.281079,2.0308079652094295
8.281545,1.0948805981536582
8.282010,-0.2472419317921721
8.282476,-0.9475089646753643
8.282941,-1.0764171816586556
8.283407,-1.0576180666819257
8.283872,-0.9914854657816433
8.284338,-0.8666056305790798
8.284803,-0.7355153734645609
8.285269,-0.6490730144197757
8.285734,-0.6259098191805904
8.286200,-0.6463874265659572
8.286665,-0.6557869840543221
8.287131,-0.6972457465476463
8.287596,-0.9564049744411383
8.288062,-1.2187533379110398
8.288527,-1.2570229648279545
8.288993,-1.1532921339742124
8.289458,-1.0438544289311054
8.289924,-0.9658045319295033
8.290389,-0.9506981002517739
8.290855,-0.9755397878995956
8.291320,-0.925352864881361
8.291786,-0.48793774319066147
8.292251,0.13411154345006485
8.292717,0.39058518348973825
8.293183,0.2643625543602655
8.293648,0.09433127336537728
8.294114,0.020309758144502935
8.294579,-0.01695277332722972
8.295045,-0.12773327229724574
8.295510,-0.34123750667582203
8.295976,-0.4607461661707485
8.296441,-0.4154268711375601
8.296907,-0.3187457084000916
8.297372,-0.2626840619516289
8.297838,-0.2056153200579843
8.298303,-0.12185854886701762
8.298769,-0.028702220187685965
8.299234,0.064789806973373
8.299700,0.21820401312275886
8.300165,0.5205004959182116
8.300631,0.6967421988250554
8.301096,0.6376592660410467
8.301562,0.5314106965743495
8.302027,0.5382925154497596
8.302493,0.5967040512703136
8.302958,0.6081177996490426
8.303424,0.5879758907454032
8.303889,0.5849546044098572
8.304355,0.6215457389181352
8.304820,0.6947280079346914
8.305286,0.7742885481040666
8.305751,0.8462958724345769
8.306217,0.8132295719844358
8.306682,0.695399404898146
8.307148,0.6557869840543221
8.307614,0.7366903181506065
8.308079,0.8414282444495306
8.308545,0.9102464332036315
8.309010,0.9518730449378195
8.309476,0.9532158388647288
8.309941,0.9505302510109099
8.310407,0.9283741512169069
8.310872,0.9129320210574503
8.311338,0.9834287022201875
8.311803,1.0552681773098345
8.312269,1.0495613031204698
8.312734,0.9693293659876403
8.313200,0.8901045242999922
8.313665,0.8437781338216219
8.314131,0.7932555123216601
8.314596,0.7407186999313343
8.315062,0.7219195849546044
8.315527,0.799801632715343
8.315993,0.975371938658732
8.316458,1.0468757152666512
8.316924,0.9465018692301824
8.317389,0.7756313420309758
8.317855,0.6195315480277713
8.318320,0.48458075837338827
8.318786,0.3563439383535515
8.319251,0.21266498817425802
8.319717,0.0780498970016022
8.320182,-0.03172350652323186
8.320648,-0.11531242847333485
8.321114,-0.19034103913939115
8.321579,-0.27006942854962995
8.322045,-0.33066300450141145
8.322510,-0.28148317692835884
8.322976,-0.05656519417105363
8.323441,0.24069581139848936
8.323907,0.36087586785687037
8.324372,0.30565346761272594
8.324838,0.20830090791180284
8.325303,0.12370489051651787
8.325769,0.027862973983367664
8.326234,-0.10826276035706112
8.326700,-0.2729228656443122
8.327165,-0.4260013733119707
8.327631,-0.5107652399481193
8.328096,-0.550041962310216
8.328562,-0.5790798809796293
8.329027,-0.6099641412985427
8.329493,-0.6611581597619592
8.329958,-0.7177233539330129
8.330424,-0.7741206988632028
8.330889,-0.8370641641870756
8.331355,-0.8959792477302203
8.331820,-0.9243457694361792
8.332286,-0.9005111772335392
8.332751,-0.8400854505226214
8.333217,-0.8004730296787975
8.333682,-0.8088654917219805
8.334148,-0.8535133897917143
8.334614,-0.9357595178149081
8.335079,-1.0331120775158313
8.335545,-1.0844739452201113
8.336010,-1.0394903486686502
8.336476,-0.8098725871671626
8.336941,-0.48357366292820625
8.337407,-0.34425879301136797
8.337872,-0.4030060273136492
8.338338,-0.5045548180361639
8.338803,-0.5857938506141755
8.339269,-0.6452124818799114
8.339734,-0.7178912031738764
8.340200,-0.8118867780575264
8.340665,-0.8800335698481726
8.341131,-0.9324025329976349
8.341596,-1.2496375982299535
8.342062,-1.62226291294728
8.342527,-1.6806744487678342
8.342993,-1.479255359731441
8.343458,-0.9686579690241854
8.343924,-0.3331807431143664
8.344389,-0.014938582436865796
8.344855,-0.007553215838864729
8.345320,-0.06327916380560006
8.345786,-0.0703288319218738
8.346251,-0.05304036011291676
8.346717,-0.06361486228732739
8.347182,-0.08543526359960325
8.347648,-0.10272373540856031
8.348113,-0.14384679942015716
8.348579,-0.258655680170901
8.349045,-0.33536278324559393
8.349510,-0.3096818493934539
8.349976,-0.25597009231708245
8.350441,-0.213168535896849
8.350907,-0.1910124361028458
8.351372,-0.1542534523537041
8.351838,-0.09382772564278628
8.352303,-0.041123064011596856
8.352769,-0.014602883955138474
8.353234,-0.03659113450827802
8.353700,-0.0750286106660563
8.354165,-0.08711375600823987
8.354631,-0.07100022888532845
8.355096,-0.04716563668268864
8.355562,-0.025513084611276417
8.356027,-0.00016784924086366064
8.356493,0.03474479285877775
8.356958,0.06965743495841917
8.357424,0.09315632867933166
8.357889,0.1054093232623789
8.358355,0.11044480048828872
8.358820,0.11900511177233539
8.359286,0.20662241550316623
8.359751,0.4604104676890211
8.360217,0.6285954070344091
8.360682,0.6017395284962234
8.361148,0.5047226672770275
8.361613,0.44362554360265505
8.362079,0.38991378652628367
8.362545,0.24187075608453498
8.363010,0.08812085145342184
8.363476,0.0473334859235523
8.363941,0.08979934386205844
8.364407,0.1347829404135195
8.364872,0.1555962462806134
8.365338,0.1733882658121614
8.365803,0.1992370489051652
8.366269,0.22609292744335088
8.366734,0.2509346150911726
8.367200,0.27309071488517583
8.367665,0.29356832227054247
8.368131,0.30666056305790795
8.368596,0.30128938735027083
8.369062,0.2870222018768597
8.369527,0.2771190966659037
8.369993,0.2613412680247196
8.370458,0.21467917906462194
8.370924,0.13276874952315554
8.371389,0.07066453040360113
8.371855,0.058915083543144876
8.372320,0.07368581673914701
8.372786,0.07167162584878309
8.373251,0.008560311284046692
8.373717,-0.03474479285877775
8.374182,0.008560311284046692
8.374648,0.09332417792019532
8.375113,0.13243305104142825
8.375579,0.11631952391851681
8.376045,0.11262684061951626
8.376510,0.14485389486533912
8.376976,0.17238117036697947
8.377441,0.16768139162279697
8.377907,0.16197451743343252
8.378372,0.16700999465934235
8.378838,0.17674525062943464
8.379303,0.18782330052643625
8.379769,0.2007476920729381
8.380234,0.2076295109483482
8.380700,0.20796520943007551
8.381165,0.2106507972838941
8.381631,0.21736476691844053
8.382096,0.22609292744335088
8.382562,0.22592507820248725
8.383027,0.20225833524071107
8.383493,0.18211642633707179
8.383958,0.18312352178225372
8.384424,0.19789425497825588
8.384889,0.21383993286030367
8.385355,0.2247501335164416
8.385820,0.23616388189517049
8.386286,0.2616769665064469
8.386751,0.3053177691309987
8.387217,0.3925993743801023
8.387682,0.5309071488517586
8.388148,0.6353093766689555
8.388613,0.6549477378500038
8.389079,0.6233920805676355
8.389544,0.5889829861905852
8.390010,0.5627985046158541
8.390476,0.5322499427786678
8.390941,0.48793774319066147
8.391407,0.43875791561760885
8.391872,0.3954528114747844
8.392338,0.36473640039673455
8.392803,0.34274814984359503
8.393269,0.31606012054627297
8.393734,0.28014038300144956
8.394200,0.2348210879682612
8.394665,0.19168383306630046
8.395131,0.1576104371709773
8.395596,0.12655832761120012
8.396062,0.09416342412451362
8.396527,0.06294346532387274
8.396993,0.041123064011596856
8.397458,0.033066300450141146
8.397924,0.032898451209277486
8.398389,0.03205920500495917
8.398855,0.02719157701991302
8.399320,0.014938582436865796
8.399786,-0.0015106431677729458
8.400251,-0.010910200656137941
8.400717,-0.012252994583047227
8.401182,-0.014938582436865796
8.401648,-0.02333104448004883
8.402113,-0.03256275272755016
8.402579,-0.04129091325246051
8.403044,-0.04766918440527961
8.403510,-0.0528725108720531
8.403976,-0.05555809872587166
8.404441,-0.05337605859464408
8.404907,-0.051026169222552833
8.405372,-0.04917982757305257
8.405838,-0.04716563668268864
8.406303,-0.04515144579232471
8.406769,-0.043808651865415424
8.407234,-0.042801556420233464
8.407700,-0.04313725490196078
8.408165,-0.04313725490196078
8.408631,-0.04213015945677882
8.409096,-0.04313725490196078
8.409562,-0.04515144579232471
8.410027,-0.04515144579232471
8.410493,-0.04515144579232471
8.410958,-0.04548714427405204
8.411424,-0.04716563668268864
8.411889,-0.04716563668268864
8.412355,-0.04548714427405204
8.412820,-0.04582284275577936
8.413286,-0.04750133516441596
8.413751,-0.04766918440527961
8.414217,-0.042801556420233464
8.414682,-0.03440909437705043
8.415148,-0.028366521705958644
8.415613,-0.028366521705958644
8.416079,-0.03105210955977722
8.416544,-0.03474479285877775
8.417010,-0.03776607919432364
8.417476,-0.0387731746395056
8.417941,-0.03978027008468757
8.418407,-0.03978027008468757
8.418872,-0.03407339589532311
8.419338,-0.02668802929732204
8.419803,-0.022323949034866862
8.420269,-0.022995345998321506
8.420734,-0.025009536888685433
8.421200,-0.025680933852140077
8.421665,-0.027359426260776684
8.422131,-0.030716411078049892
8.422596,-0.03172350652323186
8.423062,-0.02853437094682231
8.423527,-0.02400244144350347
8.423993,-0.0213168535896849
8.424458,-0.020645456626230255
8.424924,-0.020309758144502935
8.425389,-0.02366674296177615
8.425855,-0.025680933852140077
8.426320,-0.025680933852140077
8.426786,-0.024338139925230793
8.427251,-0.025345235370412753
8.427717,-0.030380712596322572
8.428182,-0.03776607919432364
8.428648,-0.04213015945677882
8.429113,-0.0387731746395056
8.429579,-0.03390554665445944
8.430044,-0.03189135576409552
8.430510,-0.02937361715114061
8.430975,-0.028366521705958644
8.431441,-0.027023727779049357
8.431907,-0.023834592202639806
8.432372,-0.019302662699320974
8.432838,-0.014602883955138474
8.433303,-0.009399557488364994
8.433769,-0.008224612802319372
8.434234,-0.01594567788204776
8.434700,-0.027023727779049357
8.435165,-0.03457694361791409
8.435631,-0.03659113450827802
8.436096,-0.03440909437705043
8.436562,-0.0323949034866865
8.437027,-0.03373769741359579
8.437493,-0.03810177767605096
8.437958,-0.04531929503318838
8.438424,-0.04800488288700694
8.438889,-0.043640802624551764
8.439355,-0.03843747615777828
8.439820,-0.0379339284351873
8.440286,-0.03843747615777828
8.440751,-0.035751888303959714
8.441217,-0.032898451209277486
8.441682,-0.03205920500495917
8.442148,-0.03508049134050507
8.442613,-0.03776607919432364
8.443079,-0.03776607919432364
8.443544,-0.03675898374914168
8.444010,-0.03944457160296025
8.444475,-0.06764324406805522
8.444941,-0.10893415732051576
8.445407,-0.1347829404135195
8.445872,-0.13881132219424736
8.446338,-0.1317616540779736
8.446803,-0.12639047837033646
8.447269,-0.12185854886701762
8.447734,-0.11464103150988021
8.448200,-0.1032272831311513
8.448665,-0.08879224841687647
8.449131,-0.07536430914778362
8.449596,-0.06713969634546427
8.450062,-0.061936369878690785
8.450527,-0.05706874189364462
8.450993,-0.05119401846341649
8.451458,-0.0426337071793698
8.451924,-0.03172350652323186
8.452389,-0.020141908903639278
8.452855,-0.013931486991683832
8.453320,-0.01292439154650187
8.453786,-0.010406652933546959
8.454251,-0.004867627985046159
8.454717,-0.0005035477225909818
8.455182,0.003189135576409552
8.455648,0.00788891432059205
8.456113,0.016617074845502403
8.456579,0.0260166323338674
8.457044,0.029205767910276948
8.457510,0.0213168535896849
8.457975,0.012588693064774548
8.458441,0.0052033264667734795
8.458907,0.004867627985046159
8.459372,0.010406652933546959
8.459838,0.016617074845502403
8.460303,0.02265964751659419
8.460769,0.028702220187685965
8.461234,0.03474479285877775
8.461700,0.042465857938506144
8.462165,0.04682993820096131
8.462631,0.049851224536507206
8.463096,0.054551003280689715
8.463562,0.05874723430228122
8.464027,0.05992217898832684
8.464493,0.05421530479896238
8.464958,0.04917982757305257
8.465424,0.04145876249332417
8.465889,0.006881818875410085
8.466355,-0.03508049134050507
8.466820,-0.04078736552986953
8.467286,-0.00788891432059205
8.467751,0.02937361715114061
8.468217,0.052201113908598454
8.468682,0.08174258030060273
8.469148,0.12974746318760969
8.469613,0.17355611505302507
8.470079,0.19856565194171052
8.470544,0.20695811398489355
8.471010,0.2046082246128023
8.471475,0.1992370489051652
8.471941,0.19487296864270998
8.472406,0.19218738078889144
8.472872,0.18966964217593651
8.473338,0.18916609445334553
8.473803,0.18698405432211795
8.474269,0.17892729076066224
8.474734,0.16902418554970625
8.475200,0.16079957274738685
8.475665,0.1512321660181582
8.476131,0.1398184176394293
8.476596,0.12974746318760969
8.477062,0.1253833829251545
8.477527,0.12739757381551842
8.477993,0.1359578850995651
8.478458,0.1445181963836118
8.478924,0.14653238727397572
8.479389,0.14300755321583886
8.479855,0.1317616540779736
8.480320,0.11128404669260701
8.480786,0.09114213778896772
8.481251,0.07939269092851148
8.481717,0.07083237964446479
8.482182,0.05941863126573587
8.482648,0.049515526054779886
8.483113,0.044815747310597384
8.483579,0.03944457160296025
8.484044,0.03256275272755016
8.484510,0.02400244144350347
8.484975,0.013931486991683832
8.485441,0.006210421911955443
8.485906,-0.00016784924086366064
8.486372,-0.007553215838864729
8.486838,-0.01359578850995651
8.487303,-0.014938582436865796
8.487769,-0.013931486991683832
8.488234,-0.01560997940032044
8.488700,-0.026352330815594724
8.489165,-0.04414435034714275
8.489631,-0.059250782024872196
8.490096,-0.06999313344014649
8.490562,-0.074189364461738
8.491027,-0.05656519417105363
8.491493,-0.02853437094682231
8.491958,-0.014267185473411156
8.492424,-0.018631265735866327
8.492889,-0.0323949034866865
8.493355,-0.044312199588006404
8.493820,-0.05387960631723506
8.494286,-0.06160067139696345
8.494751,-0.06630045014114595
8.495217,-0.07133592736705577
8.495682,-0.07838559548332952
8.496148,-0.08744945448996719
8.496613,-0.09617761501487754
8.497079,-0.10557717250324253
8.497544,-0.11799801632715344
8.498010,-0.12907606622415504
8.498475,-0.13192950331883724
8.498941,-0.12907606622415504
8.499406,-0.12101930266269931
8.499872,-0.11061264972915236
8.500337,-0.10708781567101548
8.500803,-0.10893415732051576
8.501269,-0.10691996643015184
8.501734,-0.09349202716105898
8.502200,-0.07402151522087433
8.502665,-0.024841687647821773
8.503131,0.09114213778896772
8.503596,0.20057984283207447
8.504062,0.23985656519417106
8.504527,0.22609292744335088
8.504993,0.2002441443503471
8.505458,0.1777523460746166
8.505924,0.15744258793011368
8.506389,0.13612573434042877
8.506855,0.11229114213778896
8.507320,0.08711375600823987
8.507786,0.06294346532387274
8.508251,0.0426337071793698
8.508717,0.024673838406958113
8.509182,0.008560311284046692
8.509648,-0.005874723430228122
8.510113,-0.01628137636377508
8.510579,-0.022323949034866862
8.511044,-0.028030823224231328
8.511510,-0.03743038071259632
8.511975,-0.0473334859235523
8.512441,-0.05421530479896238
8.512906,-0.06294346532387274
8.513372,-0.07603570611123828
8.513837,-0.08845654993514916
8.514303,-0.09903105210955977
8.514769,-0.10826276035706112
8.515234,-0.11564812695506219
8.515700,-0.12269779507133592
8.516165,-0.1317616540779736
8.516631,-0.1406576638437476
8.517096,-0.14653238727397572
8.517562,-0.1534142061493858
8.518027,-0.1774166475928893
8.518493,-0.2025940337224384
8.518958,-0.21568627450980396
8.519424,-0.22189669642175933
8.519889,-0.2203860532539864
8.520355,-0.20830090791180284
8.520820,-0.1901731898985275
8.521286,-0.17271686884870677
8.521751,-0.1569390402075227
8.522217,-0.14485389486533912
8.522682,-0.1398184176394293
8.523148,-0.13377584496833753
8.523613,-0.12001220721751735
8.524079,-0.11564812695506219
8.524544,-0.13780422674906534
8.525010,-0.1468680857557031
8.525475,-0.12504768444342718
8.525941,-0.12269779507133592
8.526406,-0.16079957274738685
8.526872,-0.18614480811779963
8.527337,-0.18446631570916305
8.527803,-0.1696955825131609
8.528269,-0.1512321660181582
8.528734,-0.13310444800488286
8.529200,-0.11850156404974439
8.529665,-0.10775921263447012
8.530131,-0.09500267032883192
8.530596,-0.08879224841687647
8.531062,-0.0861066605630579
8.531527,-0.0800640878919661
8.531993,-0.08308537422751203
8.532458,-0.0971847104600595
8.532924,-0.10691996643015184
8.533389,-0.10893415732051576
8.533855,-0.11531242847333485
8.534320,-0.1284046692607004
8.534786,-0.14720378423743039
8.535251,-0.16633859769588769
8.535717,-0.1935301747158007
8.536182,-0.2984359502555886
8.536648,-0.4916304264896619
8.537113,-0.6766002899214161
8.537579,-0.7947661554894332
8.538044,-0.8467994201571679
8.538510,-0.8407568474860763
8.538975,-0.7870450904097047
8.539441,-0.6940566109712368
8.539906,-0.5611200122072174
8.540372,-0.42465857938506135
8.540837,-0.3378805218585489
8.541303,-0.2546272983901732
8.541768,-0.10826276035706112
8.542234,0.017288471808957043
8.542700,0.08308537422751203
8.543165,0.12336919203479056
8.543631,0.16264591439688714
8.544096,0.19957274738689249
8.544562,0.2767833981841764
8.545027,0.379842832074464
8.545493,0.5228503852903028
8.545958,0.7575036240177004
8.546424,0.9834287022201875
8.546889,1.1329823758297095
8.547355,1.279514763103685
8.547820,1.4842908369573509
8.548286,1.762920576791028
8.548751,1.8857862211032272
8.549217,1.663385976958877
8.549682,1.1734340428778516
8.550148,0.3207598992904554
8.550613,-3.1186388952468147
8.551079,-5.481284809643701
8.551544,-5.4918593118181125
8.552010,-5.4928664072632944
8.552475,-5.493537804226749
8.552941,-5.493873502708476
8.553406,-5.493873502708476
8.553872,-5.49404135194934
8.554337,-5.49404135194934
8.554803,-5.49404135194934
8.555268,-5.494209201190204
8.555734,-5.494209201190204
8.556200,-5.494209201190204
8.556665,-5.494209201190204
8.557131,-5.494377050431067
8.557596,-5.494209201190204
8.558062,-5.494209201190204
8.558527,-5.494377050431067
8.558993,-5.49454489967193
8.559458,-5.494377050431067
8.559924,-5.494209201190204
8.560389,-5.494209201190204
8.560855,-5.494377050431067
8.561320,-4.5658350499732965
8.561786,-2.828091859311818
8.562251,-0.768581673914702
8.562717,1.5933928435187306
8.563182,3.9207904173342483
8.563648,5.479774166475929
8.564113,5.491187914854658
8.564579,5.491523613336385
8.565044,5.4918593118181125
8.565510,5.492530708781567
8.565975,5.492530708781567
8.566441,5.4918593118181125
8.566906,5.493034256504157
8.567372,5.492530708781567
8.567837,5.492530708781567
8.568303,5.492530708781567
8.568768,5.492530708781567
8.569234,5.492530708781567
8.569700,5.493034256504157
8.570165,5.4928664072632944
8.570631,5.4928664072632944
8.571096,5.492530708781567
8.571562,5.493202105745021
8.572027,5.493202105745021
8.572493,5.492530708781567
8.572958,5.492530708781567
8.573424,5.493202105745021
8.573889,5.493202105745021
8.574355,5.493202105745021
8.574820,5.493202105745021
8.575286,5.4928664072632944
8.575751,5.4928664072632944
8.576217,5.493202105745021
8.576682,5.4928664072632944
8.577148,5.493202105745021
8.577613,5.493202105745021
8.578079,5.493202105745021
8.578544,5.493202105745021
8.579010,5.4928664072632944
8.579475,5.493202105745021
8.579941,5.4928664072632944
8.580406,5.493537804226749
8.580872,5.492530708781567
8.581337,5.4928664072632944
8.581803,5.492530708781567
8.582268,5.492530708781567
8.582734,5.493202105745021
8.583199,5.493705653467612
8.583665,5.493202105745021
8.584131,5.4928664072632944
8.584596,5.493202105745021
8.585062,5.493202105745021
8.585527,5.493202105745021
8.585993,5.493202105745021
8.586458,5.493202105745021
8.586924,5.493202105745021
8.587389,5.492530708781567
8.587855,5.493705653467612
8.588320,5.492530708781567
8.588786,5.4928664072632944
8.589251,5.4928664072632944
8.589717,5.4928664072632944
8.590182,5.4928664072632944
8.590648,5.493202105745021
8.591113,5.493202105745021
8.591579,4.446158541237507
8.592044,2.543083848325322
8.592510,2.8935530632486457
8.592975,3.3131761654077976
8.593441,2.9982909895475696
8.593906,2.4564736400396736
8.594372,2.087876707103075
8.594837,1.8559090562294955
8.595303,1.6298161287861448
8.595768,1.37602807660029
8.596234,1.1244220645456624
8.596699,0.8936293583581294
8.597165,0.6789501792935072
8.597631,0.4741741054398413
8.598096,0.27913328755626765
8.598562,0.0946669718471046
8.599027,-0.0797283894102388
8.599493,-0.2438849469748989
8.599958,-0.3976348516060121
8.600424,-0.54198519874876
8.600889,-0.6777752346074616
8.601355,-0.8041657129777982
8.601820,-0.9228351262684061
8.602286,-1.0327763790341038
8.602751,-1.1348287174792095
8.603217,-1.2288242923628596
8.603682,-1.3157701991302357
8.604148,-1.3956664377813384
8.604613,-1.4691844052796215
8.605079,-1.5366598001068132
8.605544,-1.5977569237811855
8.606010,-1.6524757763027391
8.606475,-1.7023270008392462
8.606941,-1.7471427481498436
8.607406,-1.787426565957122
8.607872,-1.8228427557793543
8.608337,-1.8538948653391318
8.608803,-1.8809185931181807
8.609268,-1.904417486839093
8.609734,-1.92304875257496
8.610199,-1.9378194857709623
8.610665,-1.9495689326314185
8.611131,-1.958968490119783
8.611596,-1.964675364309148
8.612062,-1.9676966506446936
8.612527,-1.9685358968490116
8.612993,-1.9666895551995116
8.613458,-1.9626611734187838
8.613924,-1.9571221484702832
8.614389,-1.9494010833905548
8.614855,-1.939833676661326
8.615320,-1.9290913252460518
8.615786,-1.9163347829404134
8.616251,-1.9030746929121845
8.616717,-1.8884718089570456
8.617182,-1.8726939803158615
8.617648,-1.8560769054703592
8.618113,-1.838452735179675
8.618579,-1.8199893186846723
8.619044,-1.8008545052262148
8.619510,-1.7808804455634393
8.619975,-1.7605706874189364
8.620441,-1.7397573815518426
8.620906,-1.7182726787212939
8.621372,-1.6966201266498817
8.621837,-1.674631876096742
8.622303,-1.6528114747844664
8.622768,-1.6309910734721904
8.623234,-1.6091706721599146
8.623699,-1.5873502708476386
8.624165,-1.565362020294499
8.624630,-1.5437094682230867
8.625096,-1.5222247653925383
8.625562,-1.5010757610437169
8.626027,-1.4795910582131684
8.626493,-1.4582742046234836
8.626958,-1.437293049515526
8.627424,-1.4166475928892959
8.627889,-1.3961699855039291
8.628355,-1.3758602273594263
8.628820,-1.3563897154192417
8.629286,-1.3365835049973296
8.629751,-1.3172808422980085
8.630217,-1.2981460288395514
8.630682,-1.2801861600671394
8.631148,-1.2617227435721368
8.631613,-1.2430914778362705
8.632079,-1.2251316090638589
8.632544,-1.207843137254902
8.633010,-1.1915617608911266
8.633475,-1.1747768368047606
8.633941,-1.1589990081635768
8.634406,-1.1428854810406652
8.634872,-1.1267719539177536
8.635337,-1.1113298237582971
8.635803,-1.0968947890440224
8.636268,-1.0827954528114747
8.636734,-1.0683604180972002
8.637199,-1.0545967803463796
8.637665,-1.0411688410772868
8.638130,-1.0280766002899215
8.638596,-1.014480811779965
8.639062,-1.0013885709925994
8.639527,-0.9884641794460977
8.639993,-0.9765468833447776
8.640458,-0.964461738002594
8.640924,-0.9528801403830014
8.641389,-0.9414663920042726
8.641855,-0.9307240405889983
8.642320,-0.9186388952468145
8.642786,-0.901182574196994
8.643251,-0.8509956511787593
8.643717,-0.7457541771572442
8.644182,-0.6181887541008622
8.644648,-0.5048905165178912
8.645113,-0.4056916151674677
8.645579,-0.3091783016708629
8.646044,-0.22844281681544215
8.646510,-0.16801709010452429
8.646975,-0.11564812695506219
8.647441,-0.06596475165941862
8.647906,-0.01896696421759365
8.648372,0.026184481574731057
8.648837,0.06294346532387274
8.649303,0.0797283894102388
8.649768,0.0891279468986038
8.650234,0.10037384603646905
8.650699,0.11195544365606165
8.651165,0.12269779507133592
8.651630,0.13679713130388343
8.652096,0.14082551308461125
8.652562,0.1317616540779736
8.653027,0.12303349355306323
8.653493,0.11866941329060808
8.653958,0.11598382543678949
8.654424,0.10809491111619743
8.654889,0.09449912260624094
8.655355,0.08241397726405737
8.655820,0.07821774624246586
8.656286,0.07200732433051041
8.656751,0.05085831998168917
8.657217,0.024673838406958113
8.657682,0.003692683299000534
8.658148,-0.01359578850995651
8.658613,-0.028366521705958644
8.659079,-0.03776607919432364
8.659544,-0.05740444037537193
8.660010,-0.08946364538033112
8.660475,-0.12118715190356297
8.660941,-0.1475394827191577
8.661406,-0.17070267795834287
8.661872,-0.18815899900816355
8.662337,-0.20695811398489355
8.662803,-0.2391851682307164
8.663268,-0.27510490577553975
8.663734,-0.30380712596322573
8.664199,-0.32814526588845655
8.664665,-0.3513084611276417
8.665130,-0.36859693293659873
8.665596,-0.3936064698252842
8.666061,-0.4288548104066529
8.666527,-0.4627603570611124
8.666993,-0.49028763256275276
8.667458,-0.5127794308384832
8.667924,-0.535606927595941
8.668389,-0.5597772182803082
8.668855,-0.582604715037766
8.669320,-0.5956969558251316
8.669786,-0.6072785534447243
8.670251,-0.6306095979247729
8.670717,-0.6556191348134585
8.671182,-0.6740825513084612
8.671648,-0.6858319981689174
8.672113,-0.6917067215991454
8.672579,-0.6896925307087814
8.673044,-0.6957351033798734
8.673510,-0.7115129320210574
8.673975,-0.7242694743266956
8.674441,-0.7294728007934691
8.674906,-0.731990539406424
8.675372,-0.7269550621805143
8.675837,-0.7212481879911496
8.676303,-0.7286335545891508
8.676768,-0.739375906004425
8.677234,-0.7429007400625619
8.677699,-0.7418936446173799
8.678165,-0.7387045090409705
8.678630,-0.7293049515526054
8.679096,-0.7267872129396507
8.679561,-0.7350118257419699
8.680027,-0.7415579461356527
8.680493,-0.7417257953765163
8.680958,-0.7395437552452887
8.681424,-0.7376974135957886
8.681889,-0.7390402075226977
8.682355,-0.7400473029678797
8.682820,-0.7321583886472877
8.683286,-0.7246051728084228
8.683751,-0.7326619363698786
8.684217,-0.7440756847486076
8.684682,-0.7470969710841534
8.685148,-0.7437399862668802
8.685613,-0.7363546196688792
8.686079,-0.7239337758449683
8.686544,-0.7212481879911496
8.687010,-0.7293049515526054
8.687475,-0.7348439765011063
8.687941,-0.731990539406424
8.688406,-0.7259479667353324
8.688872,-0.7128557259479666
8.689337,-0.6990920881971465
8.689803,-0.6987563897154192
8.690268,-0.7019455252918287
8.690734,-0.6984206912336919
8.691199,-0.6893568322270542
8.691665,-0.677607385366598
8.692130,-0.6591439688715953
8.692596,-0.6489051651789121
8.693061,-0.6487373159380483
8.693527,-0.6467231250476845
8.693993,-0.6383306630045015
8.694458,-0.6265812161440452
8.694924,-0.6165102616922256
8.695389,-0.6061036087586785
8.695855,-0.5956969558251316
8.696320,-0.5792477302204929
8.696786,-0.5641412985427633
8.697251,-0.5619592584115358
8.697717,-0.5624628061341267
8.698182,-0.556420233463035
8.698648,-0.546013580529488
8.699113,-0.5315785458152131
8.699579,-0.510429541466392
8.700044,-0.4996871900511177
8.700510,-0.4996871900511177
8.700975,-0.4959945067521172
8.701441,-0.4855878538185702
8.701906,-0.47014572365911345
8.702372,-0.44966811627374675
8.702837,-0.4301976043335622
8.703303,-0.4258335240711071
8.703768,-0.42549782558937965
8.704234,-0.41878385595483325
8.704699,-0.40837720302128633
8.705165,-0.3952849622339208
8.705630,-0.37749294270237277
8.706096,-0.36775768673228043
8.706561,-0.36809338521400775
8.707027,-0.36540779736018913
8.707492,-0.3561760891126879
8.707958,-0.34392309452964065
8.708424,-0.33351644159609367
8.708889,-0.3259632257572289
8.709355,-0.3157244220645456
8.709820,-0.295246814679179
8.710286,-0.2762798504615854
8.710751,-0.27275501640344857
8.711217,-0.27275501640344857
8.711682,-0.26503395132372015
8.712148,-0.2509346150911726
8.712613,-0.23247119859617
8.713079,-0.2093080033569848
8.713544,-0.1965514610513466
8.714010,-0.19487296864270998
8.714475,-0.19218738078889144
8.714941,-0.18547341115434499
8.715406,-0.1790951400015259
8.715872,-0.16734569314106965
8.716337,-0.15727473868925002
8.716803,-0.16130312046997786
8.717268,-0.1700312809948882
8.717734,-0.1722133211261158
8.718199,-0.16835278858625158
8.718665,-0.16264591439688714
8.719130,-0.15223926146334021
8.719596,-0.15240711070420385
8.720061,-0.16264591439688714
8.720527,-0.17070267795834287
8.720992,-0.17238117036697947
8.721458,-0.17238117036697947
8.721924,-0.17305256733043411
8.722389,-0.1777523460746166
8.722855,-0.18345922026398107
8.723320,-0.1807736324101625
8.723786,-0.1802700846875715
8.724251,-0.19621576256961928
8.724717,-0.2166933699549859
8.725182,-0.23213550011444264
8.725648,-0.2438849469748989
8.726113,-0.2512703135728999
8.726579,-0.25395590142671853
8.727044,-0.26671244373235675
8.727510,-0.28719005111772333
8.727975,-0.29256122682536045
8.728441,-0.032730601968413826
8.728906,1.0139772640573739
8.729372,2.7646448462653543
8.729837,5.110505836575875
8.730303,5.489845120927748
8.730768,5.491187914854658
8.731234,5.491523613336385
8.731699,5.492530708781567
8.732165,5.492530708781567
8.732630,5.492530708781567
8.733096,5.492530708781567
8.733561,5.492530708781567
8.734027,5.492530708781567
8.734492,5.492530708781567
8.734958,5.492195010299839
8.735424,5.4928664072632944
8.735889,5.4928664072632944
8.736355,5.493202105745021
8.736820,5.493202105745021
8.737286,5.4928664072632944
8.737751,5.492530708781567
8.738217,5.492530708781567
8.738682,5.4928664072632944
8.739148,5.493202105745021
8.739613,5.493202105745021
8.740079,5.493202105745021
8.740544,5.493202105745021
8.741010,5.493202105745021
8.741475,5.493202105745021
8.741941,5.493034256504157
8.742406,5.493202105745021
8.742872,5.493202105745021
8.743337,5.473060196841382
8.743803,5.433279926756695
8.744268,5.389135576409552
8.744734,5.310582131685359
8.745199,4.000015259021897
8.745665,-2.5613794155794616
8.746130,-5.47843137254902
8.746596,-5.491187914854658
8.747061,-5.4928664072632944
8.747527,-5.493369954985885
8.747992,-5.493537804226749
8.748458,-5.493705653467612
8.748923,-5.493705653467612
8.749389,-5.493873502708476
8.749855,-5.49404135194934
8.750320,-5.494209201190204
8.750786,-5.494209201190204
8.751251,-5.494209201190204
8.751717,-5.494209201190204
8.752182,-5.49404135194934
8.752648,-5.494377050431067
8.753113,-5.494209201190204
8.753579,-5.49454489967193
8.754044,-5.49404135194934
8.754510,-5.494377050431067
8.754975,-5.49454489967193
8.755441,-5.49454489967193
8.755906,-5.494377050431067
8.756372,-5.494209201190204
8.756837,-5.494377050431067
8.757303,-5.494377050431067
8.757768,-5.0170138094148164
8.758234,-2.535362783245594
8.758699,-0.041794460975051496
8.759165,2.5927672236209656
8.759630,5.448218509193561
8.760096,5.489845120927748
8.760561,5.490516517891203
8.761027,5.4918593118181125
8.761492,5.4918593118181125
8.761958,5.492195010299839
8.762423,5.4918593118181125
8.762889,5.4918593118181125
8.763355,5.4923628595407035
8.763820,5.492530708781567
8.764286,5.4918593118181125
8.764751,5.4918593118181125
8.765217,5.492195010299839
8.765682,5.4918593118181125
8.766148,5.4928664072632944
8.766613,5.4928664072632944
8.767079,5.4928664072632944
8.767544,5.493034256504157
8.768010,5.493202105745021
8.768475,5.493202105745021
8.768941,5.493202105745021
8.769406,5.493202105745021
8.769872,5.493202105745021
8.770337,5.493202105745021
8.770803,4.93191424429694
8.771268,3.557900358587014
8.771734,4.391439688715953
8.772199,5.491523613336385
8.772665,5.4928664072632944
8.773130,5.4928664072632944
8.773596,4.7627222095063715
8.774061,2.3671778439002056
8.774527,2.650507362478065
8.774992,3.360173952849623
8.775458,3.2493934538796063
8.775923,2.710261692225528
8.776389,2.264454108491645
8.776855,1.9643396658274204
8.777320,1.6699320973525598
8.777786,1.3238269626916912
8.778251,0.9537193865873197
8.778717,0.590493629358358
8.779182,0.24019226367589838
8.779648,-0.10289158464942397
8.780113,-0.4416113527122911
8.780579,-0.7726100556954298
8.781044,-1.090516517891203
8.781510,-1.3936522468909742
8.781975,-1.6808422980086974
8.782441,-1.9525902189669642
8.782906,-2.21007095445182
8.783372,-2.4537880521858546
8.783837,-2.6844129091325244
8.784303,-2.897749294270237
8.784768,-3.0959792477302206
8.785234,-3.281620508125429
8.785699,-3.4581979095139994
8.786165,-3.624872205691615
8.786630,-3.784161135271229
8.787096,-3.9372396429388874
8.787561,-4.081925688563363
8.788027,-4.21889066910811
8.788492,-4.352162966353856
8.788958,-4.4819104295414665
8.789423,-4.607629510948348
8.789889,-4.729991607537957
8.790354,-4.85168230716411
8.790820,-4.9725337605859465
8.791286,-5.089860379949646
8.791751,-5.206012054627298
8.792217,-5.323674372472724
8.792682,-5.441000991836423
8.793148,-5.4923628595407035
8.793613,-5.493369954985885
8.794079,-5.493873502708476
8.794544,-5.493873502708476
8.795010,-5.49404135194934
8.795475,-5.494209201190204
8.795941,-5.494209201190204
8.796406,-5.49404135194934
8.796872,-5.494209201190204
8.797337,-5.494377050431067
8.797803,-5.494209201190204
8.798268,-5.494209201190204
8.798734,-5.494377050431067
8.799199,-5.49404135194934
8.799665,-5.494377050431067
8.800130,-5.49454489967193
8.800596,-5.494377050431067
8.801061,-5.494209201190204
8.801527,-5.494377050431067
8.801992,-5.494377050431067
8.802458,-5.494377050431067
8.802923,-5.494377050431067
8.803389,-5.494377050431067
8.803854,-5.494209201190204
8.804320,-5.494377050431067
8.804786,-5.49454489967193
8.805251,-5.494209201190204
8.805717,-5.494377050431067
8.806182,-5.494377050431067
8.806648,-5.494377050431067
8.807113,-5.494377050431067
8.807579,-5.494209201190204
8.808044,-5.494377050431067
8.808510,-5.49454489967193
8.808975,-5.494209201190204
8.809441,-5.494377050431067
8.809906,-5.494377050431067
8.810372,-5.485984588387884
8.810837,-5.345494773785
8.811303,-5.204165712977798
8.811768,-5.061661707484549
8.812234,-4.919829098954756
8.812699,-4.777325093461508
8.813165,-4.635492484931715
8.813630,-4.49584191653315
8.814096,-4.358541237506675
8.814561,-4.224597543297475
8.815027,-4.092835889219501
8.815492,-3.9624170290684364
8.815958,-3.835187304493782
8.816423,-3.7131609063859
8.816889,-3.5924773022049283
8.817354,-3.4736400396734575
8.817820,-3.357824063477531
8.818286,-3.2433508812085146
8.818751,-3.1310597390707255
8.819217,-3.019439993896391
8.819682,-2.908155947203784
8.820148,-2.797207598992905
8.820613,-2.6886091401541155
8.821079,-2.5810177767605094
8.821544,-2.470908674753948
8.822010,-2.360799572747387
8.822475,-2.251697566186008
8.822941,-2.142427710383764
8.823406,-2.0304722667277026
8.823872,-1.9143205920500495
8.824337,-1.7941405355916684
8.824803,-1.6670786602578773
8.825268,-1.5373311970702677
8.825734,-1.4114442664225222
8.826199,-1.291935606927596
8.826665,-1.18115510795758
8.827130,-1.0831311512932018
8.827596,-0.9981994354161898
8.828061,-0.9240100709544519
8.828527,-0.8632486457618066
8.828992,-0.8192721446555274
8.829458,-0.7934233615625238
8.829923,-0.7904020752269779
8.830389,-0.8128938735027085
8.830854,-0.8662699320973526
8.831320,-0.9562371252002746
8.831785,-1.0827954528114747
8.832251,-1.2439307240405888
8.832717,-1.4426642252231632
8.833182,-1.6815136949721525
8.833648,-1.9619897764553291
8.834113,-2.285938811322194
8.834579,-2.6542000457770656
8.835044,-3.0666056305790796
8.835510,-3.520805676356145
8.835975,-4.017471580071717
8.836441,-4.559792477302204
8.836906,-5.148104066529335
8.837372,-5.490012970168612
8.837837,-5.4928664072632944
8.838303,-5.493537804226749
8.838768,-5.493873502708476
8.839234,-5.4923628595407035
8.839699,-2.0143587396047913
8.840165,5.428412298771649
8.840630,5.490516517891203
8.841096,5.4918593118181125
8.841561,5.4928664072632944
8.842027,5.492530708781567
8.842492,5.493202105745021
8.842958,5.492530708781567
8.843423,5.493202105745021
8.843889,5.493202105745021
8.844354,5.493202105745021
8.844820,5.4928664072632944
8.845285,5.493202105745021
8.845751,5.4928664072632944
8.846217,5.493202105745021
8.846682,5.493202105745021
8.847148,5.493705653467612
8.847613,5.493873502708476
8.848079,5.493202105745021
8.848544,5.493202105745021
8.849010,0.9797360189211872
8.849475,-1.4725413900968947
8.849941,-2.9477683680476083
8.850406,-4.730495155260548
8.850872,-5.4869916838330655
8.851337,-5.491523613336385
8.851803,-5.4923628595407035
8.852268,-5.492698558022431
8.852734,-5.493034256504157
8.853199,-5.493034256504157
8.853665,-5.493202105745021
8.854130,-5.493369954985885
8.854596,-5.493202105745021
8.855061,-5.493369954985885
8.855527,-5.493369954985885
8.855992,-5.493369954985885
8.856458,-5.493202105745021
8.856923,-5.493537804226749
8.857389,-5.493369954985885
8.857854,-5.493537804226749
8.858320,-5.493537804226749
8.858785,-5.493537804226749
8.859251,-5.493537804226749
8.859717,-5.493705653467612
8.860182,-5.493705653467612
8.860648,-5.493537804226749
8.861113,-5.493705653467612
8.861579,-5.493537804226749
8.862044,-5.493705653467612
8.862510,-5.493705653467612
8.862975,-5.493537804226749
8.863441,-5.493537804226749
8.863906,-5.493537804226749
8.864372,-5.493873502708476
8.864837,-5.493537804226749
8.865303,-5.493705653467612
8.865768,-5.493705653467612
8.866234,-5.493873502708476
8.866699,-5.493537804226749
8.867165,-5.493537804226749
8.867630,-5.493705653467612
8.868096,-5.493537804226749
8.868561,-5.493537804226749
8.869027,-5.493705653467612
8.869492,-5.493705653467612
8.869958,-5.493705653467612
8.870423,-5.493705653467612
8.870889,-5.493705653467612
8.871354,-5.493537804226749
8.871820,-5.493369954985885
8.872285,-5.493537804226749
8.872751,-5.493705653467612
8.873216,-5.493369954985885
8.873682,-5.493369954985885
8.874148,-5.0170138094148164
8.874613,-4.546532387273975
8.875079,-4.0983749141680015
8.875544,-3.660120546272984
8.876010,-3.2279087510490574
8.876475,-2.80526436255436
8.876941,-2.397055008773937
8.877406,-2.005630579079881
8.877872,-1.630655374990463
8.878337,-1.2692759594110017
8.878803,-0.9213244831006332
8.879268,-0.586633096818494
8.879734,-0.267048142214084
8.880199,0.03910887312123293
8.880665,0.3313344014648661
8.881130,0.6091248950942245
8.881596,0.8736552986953537
8.882061,1.125093461509117
8.882527,1.361089494163424
8.882992,1.5839932860303654
8.883458,1.7956511787594416
8.883923,1.9972381170366977
8.884389,2.18992904554818
8.884854,2.371206225680934
8.885320,2.538216220340276
8.885785,2.6928053711757074
8.886251,2.8331273365377276
8.886716,2.9660639353017473
8.887182,3.0934615091172657
8.887648,3.211795223926146
8.888113,3.3188830395971616
8.888579,3.4138857099259936
8.889044,3.499153124284733
8.889510,3.577035172045472
8.889975,3.6495460440985728
8.890441,3.717692835889219
8.890906,3.777782864118409
8.891372,3.831326771953918
8.891837,3.879163805600061
8.892303,3.9207904173342483
8.892768,3.9568780041199356
8.893234,3.985915922789349
8.893699,4.012100404364079
8.894165,4.036606393530175
8.894630,4.0543984130617226
8.895096,4.064469367513542
8.895561,4.070847638666361
8.896027,4.074540321965362
8.896492,4.07588311589227
8.896958,4.07353322652018
8.897423,4.065140764476997
8.897889,4.051041428244449
8.898354,4.036270695048447
8.898820,4.0208285648889905
8.899285,4.005386434729533
8.899751,3.987258716716258
8.900216,3.9677882047760735
8.900682,3.947310597390707
8.901147,3.9234760051880673
8.901613,3.8977950713359273
8.902079,3.8704356450751507
8.902544,3.84290836957351
8.903010,3.81538109407187
8.903475,3.7855039291981383
8.903941,3.754283970397497
8.904406,3.723399710078584
8.904872,3.69251544975967
8.905337,3.658945601586938
8.905803,3.624704356450751
8.906268,3.5901274128328375
8.906734,3.5565575646601046
8.907199,3.5226520180056453
8.907665,3.4890821698329133
8.908130,3.4588693064774545
8.908596,3.4252994583047225
8.909061,3.387029831387808
8.909527,3.3470817120622574
8.909992,3.311161974517433
8.910458,3.2769207293812466
8.910923,3.243015182726787
8.911389,3.208438239108873
8.911854,3.174196993972686
8.912320,3.1406271457999537
8.912785,3.107728694590677
8.913251,3.074158846417945
8.913716,3.04092469672694
8.914182,3.0090333409628442
8.914647,2.9774776836804757
8.915113,2.9465934233615623
8.915579,2.915037766079194
8.916044,2.883314259555962
8.916510,2.8532692454413673
8.916975,2.827420462348363
8.917441,2.8022430762188146
8.917906,2.774715800717174
8.918372,2.745845731288624
8.918837,2.71630426489662
8.919303,2.6877698939497976
8.919768,2.6585641260395207
8.920234,2.6276798657206073
8.920699,2.5964599069199665
8.921165,2.5685969329365985
8.921630,2.5454337376974134
8.922096,2.5232776379034103
8.922561,2.498771648737316
8.923027,2.47376211184863
8.923492,2.4490882734416726
8.923958,2.4245822842755778
8.924423,2.400747692072938
8.924889,2.3779201953154803
8.925354,2.355092698558022
8.925820,2.33159380483711
8.926285,2.308766308079652
8.926751,2.287953002212558
8.927216,2.267139696345464
8.927682,2.2449835965514615
8.928147,2.2208133058670936
8.928613,2.197314412146181
8.929079,2.1761654077973605
8.929544,2.157701991302358
8.930010,2.139574273289082
8.930475,2.121782253757534
8.930941,2.1036545357442584
8.931406,2.08720531013962
8.931872,2.0717631799801626
8.932337,2.056153200579843
8.932803,2.042221713588159
8.933268,2.032822156099794
8.933734,2.0230869001297016
8.934199,2.009994659342336
8.934665,1.995223926146334
8.935130,1.9817959868772412
8.935596,1.9697108415350577
8.936061,1.9562829022659647
8.936527,1.9420157167925538
8.936992,1.928419928282597
8.937458,1.9139848935683224
8.937923,1.89921416037232
8.938389,1.8857862211032272
8.938854,1.8723582818341344
8.939320,1.8589303425650416
8.939785,1.844831006332494
8.940251,1.8307316700999465
8.940716,1.8164644846265354
8.941182,1.802868696116579
8.941647,1.7891050583657586
8.942113,1.7743343251697563
8.942578,1.7580529488059815
8.943044,1.624612802319371
8.943510,-0.5067368581673914
8.943975,-4.813244831006332
8.944441,-5.488502327000839
8.944906,-5.492195010299839
8.945372,-5.493034256504157
8.945837,-5.493369954985885
8.946303,-5.493705653467612
8.946768,-5.49404135194934
8.947234,-5.49404135194934
8.947699,-5.493873502708476
8.948165,-5.494209201190204
8.948630,-5.49404135194934
8.949096,-5.494209201190204
8.949561,-5.494377050431067
8.950027,-5.49454489967193
8.950492,-5.494377050431067
8.950958,-5.494377050431067
8.951423,-5.49454489967193
8.951889,-5.49454489967193
8.952354,-5.494209201190204
8.952820,-5.494377050431067
8.953285,-5.494712748912795
8.953751,-5.49454489967193
8.954216,-5.49454489967193
8.954682,-5.49454489967193
8.955147,-5.49454489967193
8.955613,-5.49454489967193
8.956078,-5.49454489967193
8.956544,-5.49454489967193
8.957010,-5.494377050431067
8.957475,-5.49454489967193
8.957941,-5.49454489967193
8.958406,-2.534355687800412
8.958872,2.078812848096437
8.959337,5.474402990768292
8.959803,5.490516517891203
8.960268,5.4918593118181125
8.960734,5.4923628595407035
8.961199,5.492530708781567
8.961665,5.492530708781567
8.962130,5.492195010299839
8.962596,5.492530708781567
8.963061,5.492530708781567
8.963527,5.493202105745021
8.963992,5.493202105745021
8.964458,5.493705653467612
8.964923,5.493537804226749
8.965389,5.493202105745021
8.965854,5.493873502708476
8.966320,5.493202105745021
8.966785,5.493873502708476
8.967251,5.493202105745021
8.967716,5.493202105745021
8.968182,5.493202105745021
8.968647,5.493202105745021
8.969113,5.493873502708476
8.969578,5.493873502708476
8.970044,5.493202105745021
8.970510,5.493202105745021
8.970975,5.493202105745021
8.971441,5.493873502708476
8.971906,5.493873502708476
8.972372,5.493202105745021
8.972837,5.493202105745021
8.973303,5.493202105745021
8.973768,5.493873502708476
8.974234,5.493537804226749
8.974699,5.493873502708476
8.975165,5.493873502708476
8.975630,5.493202105745021
8.976096,5.493202105745021
8.976561,5.493202105745021
8.977027,5.493202105745021
8.977492,5.493202105745021
8.977958,5.493202105745021
8.978423,5.493202105745021
8.978889,5.493537804226749
8.979354,5.493202105745021
8.979820,5.493202105745021
8.980285,5.493873502708476
8.980751,5.493202105745021
8.981216,5.493202105745021
8.981682,5.493202105745021
8.982147,5.493873502708476
8.982613,5.493873502708476
8.983078,5.493537804226749
8.983544,5.493873502708476
8.984009,5.493873502708476
8.984475,5.493873502708476
8.984941,5.493873502708476
8.985406,5.494209201190204
8.985872,5.493034256504157
8.986337,5.493202105745021
8.986803,5.4928664072632944
8.987268,5.493202105745021
8.987734,5.493202105745021
8.988199,5.493202105745021
8.988665,5.493873502708476
8.989130,5.493202105745021
8.989596,5.494209201190204
8.990061,5.493873502708476
8.990527,5.49454489967193
8.990992,5.493873502708476
8.991458,5.494209201190204
8.991923,5.493873502708476
8.992389,5.493202105745021
8.992854,5.494377050431067
8.993320,5.493873502708476
8.993785,5.493873502708476
8.994251,5.493873502708476
8.994716,5.494209201190204
8.995182,5.493873502708476
8.995647,5.493873502708476
8.996113,1.1210650797283894
8.996578,-4.738048371099413
8.997044,-5.4869916838330655
8.997509,-5.491187914854658
8.997975,-5.492195010299839
8.998441,-5.4923628595407035
8.998906,-5.492027161058976
8.999372,-5.4923628595407035
8.999837,-5.492195010299839
9.000303,-5.4923628595407035
9.000768,-5.492530708781567
9.001234,-5.492530708781567
9.001699,-5.492698558022431
9.002165,-5.492530708781567
9.002630,-5.492530708781567
9.003096,-5.492698558022431
9.003561,-5.492698558022431
9.004027,-5.492698558022431
9.004492,-5.492698558022431
9.004958,-5.493034256504157
9.005423,-5.4928664072632944
9.005889,-5.493034256504157
9.006354,-5.4928664072632944
9.006820,-5.4928664072632944
9.007285,-5.492698558022431
9.007751,-5.4928664072632944
9.008216,-5.4928664072632944
9.008682,-5.493202105745021
9.009147,-5.493202105745021
9.009613,-5.493202105745021
9.010078,-5.493034256504157
9.010544,-5.493202105745021
9.011009,-5.493202105745021
9.011475,-5.493369954985885
9.011941,-5.493705653467612
9.012406,-5.493537804226749
9.012872,-5.493873502708476
9.013337,-5.493873502708476
9.013803,-5.493705653467612
9.014268,-5.493873502708476
9.014734,-5.493705653467612
9.015199,-5.493705653467612
9.015665,-5.493705653467612
9.016130,-5.493705653467612
9.016596,-5.493873502708476
9.017061,-5.493705653467612
9.017527,-5.493873502708476
9.017992,-5.493873502708476
9.018458,-5.493873502708476
9.018923,-5.493705653467612
9.019389,-5.493873502708476
9.019854,-5.493873502708476
9.020320,-5.493873502708476
9.020785,-5.493705653467612
9.021251,-5.493873502708476
9.021716,-5.493705653467612
9.022182,-5.493873502708476
9.022647,-5.49404135194934
9.023113,-5.493705653467612
9.023578,-5.493705653467612
9.024044,-5.493705653467612
9.024509,-5.493873502708476
9.024975,-5.493537804226749
9.025440,-5.493705653467612
9.025906,-5.148104066529335
9.026372,-4.605783169298848
9.026837,-4.0795757991912724
9.027303,-3.568978408484016
9.027768,-3.078019378957808
9.028234,-2.609552147707332
9.028699,-2.1627374685282676
9.029165,-1.7362325474937055
9.029630,-1.3298695353627832
9.030096,-0.9441519798580911
9.030561,-0.5785763332570382
9.031027,-0.2331425955596246
9.031492,-0.09181353475242236
9.031958,-2.0197299153124284
9.032423,-4.864103150988021
9.032889,-5.490180819409476
9.033354,-5.4928664072632944
9.033820,-5.493705653467612
9.034285,-5.493873502708476
9.034751,-5.494209201190204
9.035216,-5.494209201190204
9.035682,-5.494209201190204
9.036147,-5.494209201190204
9.036613,-5.494209201190204
9.037078,-5.494377050431067
9.037544,-5.494377050431067
9.038009,-5.494209201190204
9.038475,-5.494209201190204
9.038940,-4.390264744029907
9.039406,-0.7769741359578851
9.039872,3.682948043030441
9.040337,5.486152437628748
9.040803,5.49085221637293
9.041268,5.491187914854658
9.041734,5.492530708781567
9.042199,5.492530708781567
9.042665,5.493034256504157
9.043130,5.493034256504157
9.043596,5.4928664072632944
9.044061,5.4928664072632944
9.044527,5.493202105745021
9.044992,5.493034256504157
9.045458,5.4928664072632944
9.045923,5.4928664072632944
9.046389,5.493202105745021
9.046854,5.492530708781567
9.047320,5.493202105745021
9.047785,5.493202105745021
9.048251,5.492530708781567
9.048716,5.4928664072632944
9.049182,5.493202105745021
9.049647,5.493202105745021
9.050113,5.493537804226749
9.050578,5.493202105745021
9.051044,5.492530708781567
9.051509,5.4928664072632944
9.051975,5.492530708781567
9.052440,5.493202105745021
9.052906,5.493202105745021
9.053372,5.493202105745021
9.053837,5.493202105745021
9.054303,5.493202105745021
9.054768,5.493202105745021
9.055234,5.4928664072632944
9.055699,5.4928664072632944
9.056165,5.493202105745021
9.056630,5.493202105745021
9.057096,5.493202105745021
9.057561,5.493202105745021
9.058027,5.4928664072632944
9.058492,5.4928664072632944
9.058958,5.493202105745021
9.059423,5.493202105745021
9.059889,5.4928664072632944
9.060354,5.493202105745021
9.060820,5.492530708781567
9.061285,5.4928664072632944
9.061751,5.493202105745021
9.062216,5.492530708781567
9.062682,5.493202105745021
9.063147,5.493202105745021
9.063613,5.493202105745021
9.064078,5.492530708781567
9.064544,5.4928664072632944
9.065009,5.4928664072632944
9.065475,5.4928664072632944
9.065940,5.493202105745021
9.066406,5.493202105745021
9.066871,5.493202105745021
9.067337,5.493202105745021
9.067803,5.493202105745021
9.068268,5.4928664072632944
9.068734,5.493202105745021
9.069199,5.493202105745021
9.069665,5.493202105745021
9.070130,5.493202105745021
9.070596,5.493202105745021
9.071061,5.493202105745021
9.071527,5.492530708781567
9.071992,5.493202105745021
9.072458,5.493202105745021
9.072923,5.4928664072632944
9.073389,5.493202105745021
9.073854,4.9084153505760275
9.074320,3.1975280384527354
9.074785,3.549507896543831
9.075251,3.809338521400778
9.075716,3.3739375906004425
9.076182,2.779415579461356
9.076647,2.3695277332722973
9.077113,2.088548104066529
9.077578,1.8109254596780344
9.078044,1.5141680018310826
9.078509,1.2278171969176777
9.078975,0.9658045319295033
9.079440,0.7249408712901503
9.079906,0.49901579308766314
9.080371,0.28584725719081405
9.080837,0.08677805752651253
9.081303,-0.09819180590524147
9.081768,-0.2687266346227206
9.082234,-0.42700846875715265
9.082699,-0.572198062104219
9.083165,-0.7059739070725567
9.083630,-0.8286717021438925
9.084096,-0.9419699397268635
9.084561,-1.0463721675440603
9.085027,-1.1422140840772106
9.085492,-1.221103227283131
9.085958,-1.0260624093995574
9.086423,-0.06999313344014649
9.086889,1.4346074616617075
9.087354,2.9559929808499277
9.087820,4.598565651941709
9.088285,5.489173723964294
9.088751,5.491187914854658
9.089216,5.4918593118181125
9.089682,5.4918593118181125
9.090147,5.4928664072632944
9.090613,5.492530708781567
9.091078,5.492530708781567
9.091544,5.492530708781567
9.092009,5.493034256504157
9.092475,5.492530708781567
9.092940,5.492530708781567
9.093406,5.493202105745021
9.093871,5.493202105745021
9.094337,5.492530708781567
9.094803,5.492530708781567
9.095268,5.436469062333104
9.095734,5.3857785915922785
9.096199,5.361272602426184
9.096665,5.306553749904631
9.097130,5.2568703746089875
9.097596,5.23404287785153
9.098061,5.161532005798428
9.098527,5.137865262836653
9.098992,5.0846570534828714
9.099458,5.029602502479591
9.099923,5.01718165865568
9.100389,4.955580987258717
9.100854,4.905729762722209
9.101320,4.895658808270389
9.101785,4.866117341878384
9.102251,4.831204699778744
9.102716,4.782192721446554
9.103182,4.730495155260548
9.103647,4.704982070649271
9.104113,4.674769207293812
9.104578,4.647241931792172
9.105044,4.605615320057985
9.105509,3.6015411612115655
9.105975,1.8340886549172197
9.106440,2.188586251621271
9.106906,2.509010452429999
9.107371,2.0771343556878006
9.107837,1.4205081254291596
9.108302,0.9102464332036315
9.108768,0.5040512703135729
9.109234,0.08577096208133059
9.109699,-0.3563439383535515
9.110165,-0.7669031815060655
9.110630,-1.141878385595483
9.111096,-1.520881971465629
9.111561,-1.873029678797589
9.112027,-2.1704585336079956
9.112492,-2.4646982528419925
9.112958,-2.776729991607538
9.113423,-3.0650949874113067
9.113889,-3.3173723964293886
9.114354,-3.5454795147631035
9.114820,-3.7752651255054546
9.115285,-3.973327229724574
9.115751,-4.1408407721065075
9.116216,-4.314396887159533
9.116682,-4.472846570534829
9.117147,-4.603265430685893
9.117613,-4.6556343938353555
9.118078,-4.6586556801709005
9.118544,-4.739894712748913
9.119009,-4.864606698710612
9.119475,-4.829526207370107
9.119940,-4.76456855115587
9.120406,-4.856717784390021
9.120871,-5.03782711528191
9.121337,-5.175127794308384
9.121802,-5.256031128404669
9.122268,-5.314946211947815
9.122734,-5.302189669642176
9.123199,-5.269794766155489
9.123665,-5.307392996108949
9.124130,-5.368154421301594
9.124596,-5.403067063401235
9.125061,-5.433279926756695
9.125527,-5.48531319142443
9.125992,-5.493705653467612
9.126458,-5.493705653467612
9.126923,-5.49404135194934
9.127389,-5.49404135194934
9.127854,-5.493873502708476
9.128320,-5.494209201190204
9.128785,-5.49404135194934
9.129251,-5.455603875791562
9.129716,-5.406591897459373
9.130182,-5.3728542000457775
9.130647,-5.340291447318227
9.131113,-5.308567940794995
9.131578,-5.273319600213626
9.132044,-5.235385671778439
9.132509,-5.151125352864881
9.132975,-4.998046845197222
9.133440,-4.8931410696574344
9.133906,-4.860410467689021
9.134371,-4.838925764858472
9.134837,-4.784878309300373
9.135302,-4.707667658503089
9.135768,-4.624414435034714
9.136234,-4.534279392690928
9.136699,-4.457068741893645
9.137165,-4.3911039902342255
9.137630,-4.3180895704585325
9.138096,-4.253131914244297
9.138561,-4.202105745021744
9.139027,-4.139330128938734
9.139492,-4.058762493324178
9.139958,-3.974166475928892
9.140423,-3.885206378271153
9.140889,-3.7608300907911807
9.141354,-3.5701533531700615
9.141820,-3.4249637598229947
9.142285,-3.3705806057831693
9.142751,-3.3574883649958034
9.143216,-3.3636987869077593
9.143682,-3.447455558098726
9.144147,-3.560250247959106
9.144613,-3.644510566872663
9.145078,-3.644007019150072
9.145544,-3.555886167696651
9.146009,-3.4219424734874493
9.146475,-3.283802548256656
9.146940,-3.16244754711223
9.147406,-3.056870374608988
9.147871,-2.972106507972839
9.148337,-2.905973907072556
9.148802,-2.8301060502021818
9.149268,-2.734264133669032
9.149733,-2.618280308232242
9.150199,-2.4965896086060884
9.150665,-2.3940337224383916
9.151130,-2.311116197451743
9.151596,-2.2258487830930034
9.152061,-2.1378957808804455
9.152527,-2.0512855725947965
9.152992,-1.966018158236057
9.153458,-1.8866254673075455
9.153923,-1.8169680323491262
9.154389,-1.7504997329671168
9.154854,-1.6800030518043791
9.155320,-1.6061493858243685
9.155785,-1.5326314183260854
9.156251,-1.4673380636301212
9.156716,-1.4163118944075683
9.157182,-1.368474860761425
9.157647,-1.3251697566186007
9.158113,-1.3140917067215991
9.158578,-1.3147631036850536
9.159044,-1.309224078736553
9.159509,-1.2803540093080032
9.159975,-1.2335240711070419
9.160440,-1.167727168688487
9.160906,-1.0932021057450216
9.161371,-1.0378118562600136
9.161837,-1.0055848020141909
9.162302,-0.9738612954909589
9.162768,-0.9307240405889983
9.163233,-0.8815442130159457
9.163699,-0.8236362249179827
9.164165,-0.7628747997253376
9.164630,-0.7172198062104219
9.165096,-0.6849927519645991
9.165561,-0.6574654764629587
9.166027,-0.6282597085526819
9.166492,-0.5977111467154955
9.166958,-0.5695124742504005
9.167423,-0.5463492790112154
9.167889,-0.5211718928816662
9.168354,-0.4896162355992981
9.168820,-0.45923552300297543
9.169285,-0.4375829709315633
9.169751,-0.4238193331807431
9.170216,-0.40837720302128633
9.170682,-0.3867246509498741
9.171147,-0.3657434958419165
9.171613,-0.35265125505455097
9.172078,-0.34795147631036855
9.172544,-0.3496299687190051
9.173009,-0.36003662165255207
9.173475,-0.3717860685130083
9.173940,-0.3811856260013733
9.174406,-0.38219272144655525
9.174871,-0.37883573662928205
9.175337,-0.36742198825055317
9.175802,-0.34392309452964065
9.176268,-0.3184100099183642
9.176733,-0.3014572365911345
9.177199,-0.287861448081178
9.177665,-0.27141222247653923
9.178130,-0.2546272983901732
9.178596,-0.23817807278553446
9.179061,-0.22105745021744103
9.179527,-0.2029297322041657
9.179992,-0.18513771267261767
9.180458,-0.1710383764400702
9.180923,-0.15912108033875028
9.181389,-0.14602883955138474
9.181854,-0.13344014648661018
9.182320,-0.11329823758297093
9.182785,-0.08426031891355765
9.183251,-0.05992217898832684
9.183716,-0.04531929503318838
9.184182,-0.036423285267414354
9.184647,-0.03256275272755016
9.185113,-0.036423285267414354
9.185578,-0.042465857938506144
9.186044,-0.04313725490196078
9.186509,-0.032730601968413826
9.186975,-0.017959868772411687
9.187440,-0.003189135576409552
9.187906,0.014435034714274816
9.188371,0.02366674296177615
9.188837,0.0213168535896849
9.189302,0.01829556725413901
9.189768,0.02265964751659419
9.190233,0.030380712596322572
9.190699,0.037094682230869
9.191164,0.040451667048142216
9.191630,0.04078736552986953
9.192096,0.04213015945677882
9.192561,0.05992217898832684
9.193027,0.08409246967269397
9.193492,0.09752040894178682
9.193958,0.1032272831311513
9.194423,0.11094834821087966
9.194889,0.12169069962615398
9.195354,0.13075455863279162
9.195820,0.1359578850995651
9.196285,0.14048981460288396
9.196751,0.1445181963836118
9.197216,0.14720378423743039
9.197682,0.15794613565270463
9.198147,0.17439536125734342
9.198613,0.18648050659952697
9.199078,0.18631265735866331
9.199544,0.18144502937361714
9.200009,0.17976653696498052
9.200475,0.18278782330052643
9.200940,0.1884946974898909
9.201406,0.19722285801480124
9.201871,0.21048294804303044
9.202337,0.23196765087357898
9.202802,0.259662775616083
9.203268,0.28517586022735936
9.203733,0.30061799038681614
9.204199,0.3076676585030899
9.204664,0.31102464332036317
9.205130,0.31270313572899977
9.205596,0.31337453269245436
9.206061,0.3157244220645456
9.206527,0.32059205004959185
9.206992,0.32210269321736473
9.207458,0.31740291447318225
9.207923,0.30951400015259023
9.208389,0.29188982986190587
9.208854,0.2643625543602655
9.209320,0.24354924849317158
9.209785,0.240863660639353
9.210251,0.24824902723735406
9.210716,0.2571450370031281
9.211182,0.26234836346990154
9.211647,0.269062333104448
9.212113,0.28584725719081405
9.212578,0.3076676585030899
9.213044,0.32411688410772865
9.213509,0.33385214007782105
9.213975,0.3388876173037308
9.214440,0.33519493400473027
9.214906,0.3207598992904554
9.215371,0.29558251316090633
9.215837,0.26016632333867395
9.216302,0.22944991226062406
9.216768,0.2106507972838941
9.217233,0.19621576256961928
9.217699,0.18312352178225372
9.218164,0.17372396429388878
9.218630,0.17170977340352483
9.219096,0.16768139162279697
9.219561,0.15962462806134128
9.220027,0.15626764324406803
9.220492,0.14988937209124895
9.220958,0.13780422674906534
9.221423,0.12639047837033646
9.221889,0.12018005645838101
9.222354,0.11598382543678949
9.222820,0.11363393606469825
9.223285,0.11430533302815289
9.223751,0.11464103150988021
9.224216,0.09819180590524147
9.224682,0.057236591134508276
9.225147,0.027862973983367664
9.225613,0.018631265735866327
9.226078,0.010238803692683297
9.226544,0.009567406729228655
9.227009,0.01628137636377508
9.227475,0.0260166323338674
9.227940,0.04078736552986953
9.228406,0.06327916380560006
9.228871,0.08744945448996719
9.229337,0.1079270618753338
9.229802,0.13008316166933698
9.230268,0.16029602502479592
9.230733,0.18916609445334553
9.231199,0.2106507972838941
9.231664,0.23817807278553446
9.232130,0.28047608148317693
9.232595,0.3346913862821393
9.233061,0.3862211032272831
9.233527,0.4171053635461967
9.233992,0.4315403982604714
9.234458,0.46678873884184025
9.234923,0.49733730067902643
9.235389,0.48693064774547945
9.235854,0.45638208590829327
9.236320,0.4258335240711071
9.236785,0.3972991531242847
9.237251,0.34895857175555045
9.237716,0.323445487144274
9.238182,0.44060425726710917
9.238647,0.5789120317387655
9.239113,0.6047608148317694
9.239578,0.5322499427786678
9.240044,0.43456168459601735
9.240509,0.3409018081940947
9.240975,0.24959182116426334
9.241440,0.3838712138551919
9.241906,0.7128557259479666
9.242371,0.9132677195391775
9.242837,0.9068894483863584
9.243302,0.796780346379797
9.243768,0.5399710078583962
9.244233,0.20779736018921185
9.244699,0.037094682230869
9.245164,0.05354390783550774
9.245630,0.11665522240024415
9.246095,0.14804303044174866
9.246561,0.1790951400015259
9.247027,0.2400244144350347
9.247492,0.3380483710994125
9.247958,0.4588998245212481
9.248423,0.5973754482337682
9.248889,0.7088273441672388
9.249354,0.7571679255359731
9.249820,0.7564965285725185
9.250285,0.7259479667353324
9.250751,0.6883497367818723
9.251216,0.7840238040741588
9.251682,0.8785229266803997
9.252147,0.7917448691538871
9.252613,0.5584344243533989
9.253078,0.26771953917753877
9.253544,-0.07133592736705577
9.254009,-0.5178149080643931
9.254475,-1.01699855039292
9.254940,-1.4102693217364766
9.255406,-1.5725795376516365
9.255871,-1.5346456092164493
9.256337,-1.3667963683527884
9.256802,-0.9582513160906386
9.257268,-0.31773861295490957
9.257733,0.15156786449988555
9.258199,0.29826810101472495
9.258664,0.25597009231708245
9.259130,0.07301441977569237
9.259595,-0.24254215304798965
9.260061,-0.5758907454032196
9.260526,-0.7559929808499275
9.260992,-0.4308690012970169
9.261458,0.37094682230868997
9.261923,1.183504997329671
9.262389,1.5168535896849011
9.262854,1.1234149691004804
9.263320,0.7316548409246966
9.263785,0.7517967498283359
9.264251,0.3009536888685435
9.264716,-0.8598916609445334
9.265182,-2.0652170595864807
9.265647,-2.6231479362172885
9.266113,-2.4556343938353553
9.266578,-2.8267490653849086
9.267044,-4.775310902571145
9.267509,-5.489173723964294
9.267975,-5.492530708781567
9.268440,-5.493369954985885
9.268906,-5.493537804226749
9.269371,-5.493537804226749
9.269837,-5.493873502708476
9.270302,-5.493873502708476
9.270768,-5.494209201190204
9.271233,-5.49404135194934
9.271699,-5.494377050431067
9.272164,-5.49404135194934
9.272630,-5.494209201190204
9.273095,-5.494209201190204
9.273561,-5.494209201190204
9.274026,-5.494209201190204
9.274492,-5.494377050431067
9.274958,-5.494377050431067
9.275423,-5.494377050431067
9.275889,-5.494209201190204
9.276354,-5.494209201190204
9.276820,-5.494377050431067
9.277285,-5.494377050431067
9.277751,-5.494377050431067
9.278216,-5.494377050431067
9.278682,-5.494377050431067
9.279147,-5.494209201190204
9.279613,-5.494209201190204
9.280078,-5.494209201190204
9.280544,-5.49454489967193
9.281009,-5.494209201190204
9.281475,-5.494209201190204
9.281940,-5.494209201190204
9.282406,-5.494209201190204
9.282871,-5.494377050431067
9.283337,-5.49454489967193
9.283802,-5.494209201190204
9.284268,-5.494377050431067
9.284733,-3.0760051880674446
9.285199,0.09919890135042343
9.285664,3.0379034103913938
9.286130,5.424048218509193
9.286595,5.490180819409476
9.287061,5.491523613336385
9.287526,5.4918593118181125
9.287992,5.492195010299839
9.288458,5.492530708781567
9.288923,5.492530708781567
9.289389,5.492530708781567
9.289854,5.493202105745021
9.290320,5.492195010299839
9.290785,5.492530708781567
9.291251,5.492530708781567
9.291716,5.4928664072632944
9.292182,5.492530708781567
9.292647,5.4918593118181125
9.293113,5.493202105745021
9.293578,5.492530708781567
9.294044,5.492530708781567
9.294509,5.493202105745021
9.294975,5.4928664072632944
9.295440,5.492530708781567
9.295906,5.493202105745021
9.296371,5.492530708781567
9.296837,5.4928664072632944
9.297302,5.493202105745021
9.297768,5.493202105745021
9.298233,5.493034256504157
9.298699,5.492530708781567
9.299164,5.493202105745021
9.299630,5.4928664072632944
9.300095,5.493202105745021
9.300561,5.493202105745021
9.301026,5.493202105745021
9.301492,5.492530708781567
9.301957,5.492530708781567
9.302423,5.4918593118181125
9.302889,5.4928664072632944
9.303354,5.493202105745021
9.303820,5.4928664072632944
9.304285,5.492530708781567
9.304751,5.4928664072632944
9.305216,5.4923628595407035
9.305682,5.493202105745021
9.306147,5.493202105745021
9.306613,5.493537804226749
9.307078,5.493202105745021
9.307544,5.493202105745021
9.308009,5.4928664072632944
9.308475,5.493202105745021
9.308940,5.493202105745021
9.309406,5.493202105745021
9.309871,5.493202105745021
9.310337,5.493202105745021
9.310802,5.493202105745021
9.311268,5.493202105745021
9.311733,5.493202105745021
9.312199,5.493202105745021
9.312664,5.493873502708476
9.313130,5.493202105745021
9.313595,5.493873502708476
9.314061,5.493705653467612
9.314526,5.493202105745021
9.314992,5.493202105745021
9.315457,5.4928664072632944
9.315923,5.4928664072632944
9.316389,5.492530708781567
9.316854,5.493202105745021
9.317320,5.493202105745021
9.317785,5.493202105745021
9.318251,5.492530708781567
9.318716,5.493202105745021
9.319182,5.492530708781567
9.319647,5.493202105745021
9.320113,5.493537804226749
9.320578,5.493202105745021
9.321044,5.492530708781567
9.321509,5.4918593118181125
9.321975,5.4498970016021975
9.322440,5.42572671091783
9.322906,5.388464179446098
9.323371,5.342473487449454
9.323837,2.237933928435187
9.324302,-3.054016937514305
9.324768,-5.469199664301518
9.325233,-5.491020065613794
9.325699,-5.492530708781567
9.326164,-5.493202105745021
9.326630,-5.493537804226749
9.327095,-5.493873502708476
9.327561,-5.49404135194934
9.328026,-5.494209201190204
9.328492,-5.49404135194934
9.328957,-5.49404135194934
9.329423,-5.494209201190204
9.329889,-5.494209201190204
9.330354,-5.494377050431067
9.330820,-5.494377050431067
9.331285,-5.494209201190204
9.331751,-5.494209201190204
9.332216,-5.494209201190204
9.332682,-5.494377050431067
9.333147,-5.494377050431067
9.333613,-5.49454489967193
9.334078,-5.494377050431067
9.334544,-5.49454489967193
9.335009,-5.494377050431067
9.335475,-5.49454489967193
9.335940,-5.494377050431067
9.336406,-5.494377050431067
9.336871,-5.494377050431067
9.337337,-5.49454489967193
9.337802,-5.49454489967193
9.338268,-5.494377050431067
9.338733,-5.49454489967193
9.339199,-5.49454489967193
9.339664,-5.49454489967193
9.340130,-5.49454489967193
9.340595,-5.494712748912795
9.341061,-5.494377050431067
9.341526,-5.49454489967193
9.341992,-5.49454489967193
9.342457,-5.49454489967193
9.342923,-5.49454489967193
9.343388,-5.49454489967193
9.343854,-5.49454489967193
9.344320,-5.494377050431067
9.344785,-5.494377050431067
9.345251,-5.494377050431067
9.345716,-5.494377050431067
9.346182,-5.49454489967193
9.346647,-5.49454489967193
9.347113,-5.494377050431067
9.347578,-5.49454489967193
9.348044,-5.494377050431067
9.348509,-5.49454489967193
9.348975,-5.494712748912795
9.349440,-5.494377050431067
9.349906,-5.494377050431067
9.350371,-5.494377050431067
9.350837,-5.49454489967193
9.351302,-5.49454489967193
9.351768,-5.494377050431067
9.352233,-5.494377050431067
9.352699,-5.49454489967193
9.353164,-5.49454489967193
9.353630,-4.535286488136111
9.354095,-3.5203021286335545
9.354561,-2.4383459220263983
9.355026,-1.240909437705043
9.355492,-0.13579003585870145
9.355957,0.8034943160143434
9.356423,1.3891203173876554
9.356888,1.668925001907378
9.357354,1.7343862058442052
9.357820,1.7582207980468452
9.358285,1.6084992751964597
9.358751,1.2496375982299535
9.359216,0.8691233691920347
9.359682,0.5748836499580376
9.360147,0.3459372854200045
9.360613,0.18681620508125427
9.361078,0.05488670176241703
9.361544,-0.5822690165560387
9.362009,-2.0848554207675285
9.362475,-3.5590753032730595
9.362940,-4.216876478217746
9.363406,-4.091660944533455
9.363871,-3.5708247501335166
9.364337,-3.2023956664377815
9.364802,-3.11108567940795
9.365268,-2.9945983062485695
9.365733,-2.78646524757763
9.366199,-2.493736171511406
9.366664,-2.0814984359502553
9.367130,-1.5725795376516365
9.367595,-1.1992828259708552
9.368061,-0.8964827954528115
9.368526,-0.4813916227969787
9.368992,0.12303349355306323
9.369457,0.8370641641870756
9.369923,1.4295719844357975
9.370388,1.9411764705882355
9.370854,2.485343709468223
9.371320,3.1057145037003124
9.371785,3.624704356450751
9.372251,3.972487983520256
9.372716,4.326314183260853
9.373182,4.811062790875105
9.373647,5.384435797665369
9.374113,5.491691462577248
9.374578,5.491523613336385
9.375044,5.492530708781567
9.375509,5.492530708781567
9.375975,5.492530708781567
9.376440,5.4928664072632944
9.376906,5.492530708781567
9.377371,5.4918593118181125
9.377837,5.492698558022431
9.378302,5.493202105745021
9.378768,5.493202105745021
9.379233,5.493202105745021
9.379699,5.493202105745021
9.380164,5.493202105745021
9.380630,5.301853971160448
9.381095,4.872495613031205
9.381561,4.35048447394522
9.382026,3.8897383077744716
9.382492,3.5098954757000076
9.382957,3.1171282520790413
9.383423,2.5914244296940567
9.383888,1.9938811322194245
9.384354,1.3753566796368353
9.384819,0.9149462119478141
9.385285,0.5614557106889448
9.385751,0.1468680857557031
9.386216,-0.19957274738689249
9.386682,-0.3378805218585489
9.387147,-0.29457541771572443
9.387613,-0.15408560311284045
9.388078,0.03205920500495917
9.388544,0.15140001525902191
9.389009,0.3815213244831006
9.389475,0.787380788891432
9.389940,1.2298313878080414
9.390406,1.6299839780270085
9.390871,2.0314793621728846
9.391337,2.3547570000762947
9.391802,2.5914244296940567
9.392268,2.8980849927519645
9.392733,3.3255970092317084
9.393199,3.834012359807736
9.393664,4.417624170290685
9.394130,5.0752574959945065
9.394595,5.483802548256657
9.395061,5.491523613336385
9.395526,5.4918593118181125
9.395992,5.492530708781567
9.396457,5.492530708781567
9.396923,5.493202105745021
9.397388,5.493202105745021
9.397854,5.493202105745021
9.398319,5.493202105745021
9.398785,5.493202105745021
9.399251,5.001739528496223
9.399716,4.401510643167772
9.400182,3.9100480659189745
9.400647,3.4545052262149993
9.401113,3.0342107270923937
9.401578,2.629022659647516
9.402044,2.107347219043259
9.402509,1.5393453879606316
9.402975,0.9832608529793238
9.403440,0.41458762493324175
9.403906,-0.2400244144350347
9.404371,-0.8904402227817196
9.404837,-1.4216830701152054
9.405302,-1.9425192645151446
9.405768,-2.4652018005645835
9.406233,-2.8173495078965436
9.406699,-2.903288319218738
9.407164,-2.7659876401922636
9.407630,-2.534355687800412
9.408095,-2.3757381551842527
9.408561,-2.221988250553139
9.409026,-1.897871366445411
9.409492,-1.4327611200122072
9.409957,-0.909575036240177
9.410423,-0.44916456855115583
9.410888,-0.0639505607690547
9.411354,0.21367208361943996
9.411819,0.18010223544670784
9.412285,-0.16734569314106965
9.412751,-0.25395590142671853
9.413216,0.3550011444266422
9.413682,1.5014114595254444
9.414147,2.8895246814679183
9.414613,4.075211718928816
9.415078,4.83791866941329
9.415544,5.2568703746089875
9.416009,5.487830930037385
9.416475,5.4918593118181125
9.416940,5.492530708781567
9.417406,5.493202105745021
9.417871,5.493034256504157
9.418337,5.331395437552453
9.418802,5.140047302967879
9.419268,4.916472114137483
9.419733,4.659662775616082
9.420199,4.3659266041046765
9.420664,4.07856870374609
9.421130,3.775768673228046
9.421595,3.3292896925307085
9.422061,2.8143282215609977
9.422526,2.328236820019837
9.422992,1.845838101777676
9.423457,1.3537041275654231
9.423923,0.789394979781796
9.424388,0.23280689707789726
9.424854,-0.18631265735866331
9.425319,-0.5124437323567559
9.425785,-0.9097428854810405
9.426250,-1.3241626611734185
9.426716,-1.5035934996566718
9.427182,-1.4898298619058519
9.427647,-1.4503852903028915
9.428113,-1.3929808499275194
9.428578,-1.234531166552224
9.429044,-1.0133058670939192
9.429509,-0.8122224765392537
9.429975,-0.6524299992370488
9.430440,-0.5220111390859845
9.430906,-0.4025024795910582
9.431371,-0.28886854352635993
9.431837,-0.18043793392843518
9.432302,-0.009903105210955977
9.432768,0.34308384832532235
9.433233,0.8545204852368964
9.433699,1.4302433813992523
9.434164,2.018722819867247
9.434630,2.5279774166475923
9.435095,2.8851606012054627
9.435561,3.201388570992599
9.436026,3.5105668726634622
9.436492,3.7467307545586324
9.436957,3.875806820782788
9.437423,3.8815136949721523
9.437888,3.7220569161516748
9.438354,3.3796444647898065
9.438819,2.8801251239795524
9.439285,2.325551232166018
9.439750,1.7951476310368504
9.440216,1.36595712214847
9.440682,1.0532539864194705
9.441147,0.796780346379797
9.441613,0.5497062638284886
9.442078,0.32545967803463793
9.442544,0.05824368657969024
9.443009,-0.2846723125047684
9.443475,-0.6927138170443273
9.443940,-1.1532921339742124
9.444406,-1.5509269855802243
9.444871,-1.780376897840848
9.445337,-1.992538338292515
9.445802,-2.304905775539788
9.446268,-2.5732967116807814
9.446733,-2.626169222552834
9.447199,-2.4371709773403527
9.447664,-2.255054551003281
9.448130,-2.1942931258106353
9.448595,-2.1677729457541774
9.449061,-2.0190585183489738
9.449526,-1.7303578240634772
9.449992,-1.3013351644159608
9.450457,-0.804669260700389
9.450923,-0.3936064698252842
9.451388,-0.09097428854810408
9.451854,0.15744258793011368
9.452319,0.44966811627374675
9.452785,0.8113832303349354
9.453250,1.1976043335622188
9.453716,1.6565041580834667
9.454182,2.172472724498359
9.454647,2.6122377355611506
9.455113,2.954314488441291
9.455578,3.268863965819791
9.456044,3.4358739604791326
9.456509,3.2477149614709697
9.456975,2.8450446326390475
9.457440,2.466544594491493
9.457906,2.223163195239185
9.458371,2.110704203860532
9.458837,1.9462119478141453
9.459302,1.6877241168841077
9.459768,1.4621347371633477
9.460233,1.30083161669337
9.460699,1.1600061036087586
9.461164,1.0039063096055543
9.461630,0.8216220340276189
9.462095,0.5629663538567177
9.462561,0.06160067139696345
9.463026,-0.787380788891432
9.463492,-1.5061112382696267
9.463957,-1.8644693675135422
9.464423,-2.0563210498207063
9.464888,-2.4225680933852134
9.465354,-2.9153734645609215
9.465819,-3.188632028686961
9.466285,-3.224551766231784
9.466750,-3.1047074082551305
9.467216,-2.9177233539330127
9.467681,-2.778744182497902
9.468147,-2.640100709544518
9.468613,-2.3586175326161594
9.469078,-1.9438620584420536
9.469544,-1.555458915083543
9.470009,-1.2160677500572212
9.470475,-0.8796978713664453
9.470940,-0.46695658808270396
9.471406,-0.041794460975051496
9.471871,0.32814526588845655
9.472337,0.6792858777752345
9.472802,1.13852140077821
9.473268,1.784405279621576
9.473733,2.5021286335545887
9.474199,3.076844434271763
9.474664,3.449134050507362
9.475130,3.779125658045319
9.475595,4.087296864271
9.476061,4.310872053101395
9.476526,4.435751888303959
9.476992,4.492820630197604
9.477457,4.499870298313877
9.477923,4.430380712596323
9.478388,4.253131914244297
9.478854,3.91810482948043
9.479319,3.452155336842908
9.479785,2.9338368810559246
9.480250,2.40679026474403
9.480716,1.9502403295948731
9.481181,1.5883573662928205
9.481647,1.2667582207980468
9.482113,0.9371023117418172
9.482578,0.5570916304264897
9.483044,0.07435721370260165
9.483509,-0.5530632486457617
9.483975,-1.2346990157930877
9.484440,-1.7357289997711145
9.484906,-2.14729533836881
9.485371,-2.653528648813611
9.485837,-3.097322041657129
9.486302,-3.334493018997483
9.486768,-3.365880827038987
9.487233,-3.316197451743343
9.487699,-3.23764400701915
9.488164,-3.0802014190890366
9.488630,-2.767833981841764
9.489095,-2.4177004654001677
9.489561,-2.0898908979934383
9.490026,-1.7174334325169756
9.490492,-1.281864652475776
9.490957,-0.8535133897917143
9.491423,-0.5037155718318455
9.491888,-0.1952086671244373
9.492354,0.15962462806134128
9.492819,0.6433661402304112
9.493285,1.1987792782482642
9.493750,1.7278400854505223
9.494216,2.18120088502327
9.494681,2.5503013656824596
9.495147,2.889356832227054
9.495613,3.238986800946059
9.496078,3.5498435950255582
9.496544,3.709803921568627
9.497009,3.7715724422064545
9.497475,3.800274662394141
9.497940,3.779125658045319
9.498406,3.6488746471351186
9.498871,3.4219424734874493
9.499337,3.1285420004577706
9.499802,2.7730373083085373
9.500268,2.3792629892423895
9.500733,1.9499046311131456
9.501199,1.5185320820935377
9.501664,1.1202258335240711
9.502130,0.6779430838483252
9.502595,-0.14552529182879376
9.503061,-1.2113679713130387
9.503526,-2.1018081940947586
9.503992,-2.657389181353475
9.504457,-2.9697566186007474
9.504923,-3.2747386892500185
9.505388,-3.6921797512779424
9.505854,-4.02905317769131
9.506319,-4.113481345845731
9.506785,-4.086961165789273
9.507250,-4.072358281834134
9.507716,-4.017807278553444
9.508181,-3.8477759975585566
9.508647,-3.484885938811322
9.509112,-2.9989623865110246
9.509578,-2.5148851758602273
9.510044,-2.1160753795681697
9.510509,-1.7531853208209354
9.510975,-1.3647821774624247
9.511440,-0.9498588540474556
9.511906,-0.5243610284580758
9.512371,-0.05656519417105363
9.512837,0.43892576485847257
9.513302,0.9320668345159074
9.513768,1.4633096818493931
9.514233,1.9750820172426946
9.514699,2.4034332799267566
9.515164,2.8136568245975435
9.515630,3.219180590524147
9.516095,3.501503013656824
9.516561,3.6408178835736633
9.517026,3.734477759975585
9.517492,3.81403830014496
9.517957,3.826794842450599
9.518423,3.675730525673304
9.518888,3.410193026626993
9.519354,3.143144884412909
9.519819,2.9291371023117416
9.520285,2.6820630197604336
9.520750,2.331929503318837
9.521216,1.9488975356679636
9.521681,1.5853360799572747
9.522147,1.2137178606851302
9.522612,0.7910734721904326
9.523078,0.31270313572899977
9.523544,-0.2761120012207217
9.524009,-0.8901045242999922
9.524475,-1.376531624322881
9.524940,-1.768123903257801
9.525406,-2.151995117112993
9.525871,-2.474937056534676
9.526337,-2.7060654612039365
9.526802,-2.891371023117418
9.527268,-3.025482566567483
9.527733,-3.1003433279926753
9.528199,-3.086076142519264
9.528664,-2.9079880979629205
9.529130,-2.6087129015030133
9.529595,-2.3178301670862895
9.530061,-2.0442359044785228
9.530526,-1.7535210193026627
9.530992,-1.433432516975662
9.531457,-1.0854810406652933
9.531923,-0.7333333333333333
9.532388,-0.33519493400473027
9.532854,0.139482719157702
9.533319,0.7098344396124207
9.533785,1.2946211947814144
9.534250,1.7511711299305714
9.534716,2.10600442511635
9.535181,2.475272755016403
9.535647,2.83916990920882
9.536112,3.122331578545815
9.536578,3.2829633020523383
9.537044,3.235294117647059
9.537509,3.010711833371481
9.537975,2.710261692225528
9.538440,2.3154802777141983
9.538906,1.8918287937743188
9.539371,1.5561303120469978
9.539837,1.276661326009003
9.540302,0.9713435568780039
9.540768,0.6594796673533226
9.541233,0.3763179980163271
9.541699,0.11648737315938049
9.542164,-0.15727473868925002
9.542630,-0.4852521553368428
9.543095,-0.9266956588082703
9.543561,-1.4534065766384374
9.544026,-1.9264057373922332
9.544492,-2.2600900282291905
9.544957,-2.5365377279316395
9.545423,-2.8431982909895477
9.545888,-3.1045395590142673
9.546354,-3.2399938963912414
9.546819,-3.270374608987564
9.547285,-3.2829633020523383
9.547750,-3.299412527656977
9.548216,-3.1958495460440988
9.548681,-2.924773022049287
9.549147,-2.5818570229648277
9.549612,-2.2218204013122755
9.550078,-1.8408026245517661
9.550543,-1.486640726329442
9.551009,-1.1442282749675745
9.551475,-0.7705958648050659
9.551940,-0.3627222095063706
9.552406,0.09752040894178682
9.552871,0.6334630350194552
9.553337,1.217746242465858
9.553802,1.7609063859006635
9.554268,2.205371175707637
9.554733,2.5937743190661475
9.555199,2.98822003509575
9.555664,3.3440604257267106
9.556130,3.591134508278019
9.556595,3.673044937819485
9.557061,3.661295490959029
9.557526,3.63746089875639
9.557992,3.5649500267032885
9.558457,3.3712520027466235
9.558923,3.0845654993514917
9.559388,2.77639429312581
9.559854,2.4702372777904933
9.560319,2.180529488059815
9.560785,1.8554055085069046
9.561250,1.4654917219806212
9.561716,1.0670176241702904
9.562181,0.6623331044480048
9.562647,0.20981155107957578
9.563112,-0.30128938735027083
9.563578,-0.8449530785076678
9.564043,-1.3718318455786984
9.564509,-1.811261158159762
9.564975,-2.2040283817807276
9.565440,-2.561882963302052
9.565906,-2.8228885328450444
9.566371,-2.9653925383382926
9.566837,-3.0701304646372165
9.567302,-3.178896772716868
9.567768,-3.2154879072251465
9.568233,-3.0889295796139464
9.568699,-2.8213778896772714
9.569164,-2.49575036240177
9.569630,-2.1432669565880826
9.570095,-1.815121690699626
9.570561,-1.496711680781262
9.571026,-1.1482566567483024
9.571492,-0.7662317845426108
9.571957,-0.3566796368352788
9.572423,0.08627450980392155
9.572888,0.5822690165560387
9.573354,1.1532921339742124
9.573819,1.745464255741207
9.574285,2.2147707331960023
9.574750,2.5685969329365985
9.575216,2.914030670634012
9.575681,3.2275730525673305
9.576147,3.4377203021286338
9.576612,3.5719996948195623
9.577078,3.6777447165636685
9.577543,3.6858014801251238
9.578009,3.552864881361104
9.578475,3.3098191805905244
9.578940,3.0224612802319366
9.579406,2.7216754406042574
9.579871,2.436331731136034
9.580337,2.130846112764172
9.580802,1.7535210193026627
9.581268,1.3543755245288778
9.581733,0.9693293659876403
9.582199,0.5557488364995803
9.582664,0.09651331349660487
9.583130,-0.4030060273136492
9.583595,-0.9852750438696879
9.584061,-1.5458915083543145
9.584526,-2.0130159456778824
9.584992,-2.4413672083619438
9.585457,-2.8415197985809106
9.585923,-3.2087739375906006
9.586388,-3.5429617761501486
9.586854,-3.8090028229190507
9.587319,-3.932036316472114
9.587785,-3.933043411917295
9.588250,-3.7945677882047755
9.588716,-3.4867322804608225
9.589181,-3.0852368963149464
9.589647,-2.6615854123750666
9.590112,-2.226855878538186
9.590578,-1.784740978103304
9.591043,-1.3886167696650644
9.591509,-1.026398107881285
9.591974,-0.6522621499961851
9.592440,-0.2391851682307164
9.592906,0.23683527885862518
9.593371,0.820950637064164
9.593837,1.3866025787747005
9.594302,1.7995117112993053
9.594768,2.1657587548638126
9.595233,2.559868772411688
9.595699,2.915037766079194
9.596164,3.159426260776684
9.596630,3.324589913786526
9.597095,3.4031433585107194
9.597561,3.395086594949263
9.598026,3.2641641870756084
9.598492,3.014068818188754
9.598957,2.7132829785610744
9.599423,2.3926909285114824
9.599888,2.0630350194552527
9.600354,1.7159227893492026
9.600819,1.367132066834516
9.601285,0.9941710536354618
9.601750,0.5584344243533989
9.602216,0.07167162584878309
9.602681,-0.45101091020065615
9.603147,-1.0356298161287862
9.603612,-1.624277103837644
9.604078,-2.0914015411612112
9.604543,-2.50447852292668
9.605009,-2.9429007400625617
9.605474,-3.330800335698482
9.605940,-3.582742046234836
9.606406,-3.7076218814373996
9.606871,-3.7510948348210875
9.607337,-3.75394827191577
9.607802,-3.7121538109407184
9.608268,-3.5142595559624623
9.608733,-3.1869535362783243
9.609199,-2.822049286640726
9.609664,-2.4334782940413517
9.610130,-2.0079804684519726
9.610595,-1.6101777676050963
9.611061,-1.2412451361867705
9.611526,-0.8535133897917143
9.611992,-0.4035095750362402
9.612457,0.12068360418097199
9.612923,0.7024490730144197
9.613388,1.3298695353627832
9.613854,1.9124742504005492
9.614319,2.4171969176775767
9.614785,2.8848249027237354
9.615250,3.282291905088884
9.615716,3.5763637750820165
9.616181,3.755626764324407
9.616647,3.86489662012665
9.617112,3.9402609292744337
9.617578,3.958388647287709
9.618043,3.7844968337529554
9.618509,3.4548409246967267
9.618974,3.101686121919585
9.619440,2.7631342030975814
9.619906,2.419546807049668
9.620371,2.0717631799801626
9.620837,1.6944380865186541
9.621302,1.260715648126955
9.621768,0.7944304570077059
9.622233,0.277454795147631
9.622699,-0.3090104524299992
9.623164,-0.9637903410391393
9.623630,-1.5942320897230489
9.624095,-2.139238574807355
9.624561,-2.6310368505378805
9.625026,-3.1231708247501335
9.625492,-3.578042267490653
9.625957,-3.9076981765468832
9.626423,-4.132448310063325
9.626888,-4.297108415350575
9.627354,-4.421149004348821
9.627819,-4.4399481193255514
9.628285,-4.2883802548256655
9.628750,-4.023682001983673
9.629216,-3.6772411688410767
9.629681,-3.2616464484626535
9.630147,-2.8015716792553595
9.630612,-2.3085984588387882
9.631078,-1.7995117112993053
9.631543,-1.3392690928511481
9.632009,-0.8520027466239414
9.632474,-0.27275501640344857
9.632940,0.39595635919737543
9.633405,1.0982375829709314
9.633871,1.7367360952162965
9.634337,2.2718394750896467
9.634802,2.766994735637446
9.635268,3.2440222781719696
9.635733,3.642160677500572
9.636199,3.9214618142977034
9.636664,4.1309376668955515
9.637130,4.2967727168688485
9.637595,4.327656977187762
9.638061,4.159136339360646
9.638526,3.876478217746243
9.638992,3.551522087434195
9.639457,3.1862821393148693
9.639923,2.7572594796673533
9.640388,2.3005416952773325
9.640854,1.8663157091630427
9.641319,1.4809338521400777
9.641785,1.0535896849011979
9.642250,0.49330891889829853
9.642716,-0.16029602502479592
9.643181,-0.858548867017624
9.643647,-1.4977187762264437
9.644112,-1.9831387808041503
9.644578,-2.397894254978256
9.645043,-2.864682993820096
9.645509,-3.2952162966353855
9.645974,-3.5563897154192414
9.646440,-3.693018997482261
9.646905,-3.7794613565270456
9.647371,-3.7836575875486376
9.647837,-3.653238727397574
9.648302,-3.4031433585107194
9.648768,-3.078187228198672
9.649233,-2.71126878767071
9.649699,-2.3127946898603797
9.650164,-1.8742046234836345
9.650630,-1.392141603723201
9.651095,-0.9307240405889983
9.651561,-0.4792095826657511
9.652026,0.051865415426871134
9.652492,0.6823071641107805
9.652957,1.400701915007248
9.653423,2.111711299305714
9.653888,2.6958266575112533
9.654354,3.190981918059052
9.654819,3.7140001525902187
9.655285,4.1802853437094685
9.655750,4.440451667048142
9.656216,4.547875181200885
9.656681,4.620386053253986
9.657147,4.667383840695812
9.657612,4.627100022888532
9.658078,4.429037918669413
9.658543,4.072861829556726
9.659009,3.6515602349889376
9.659474,3.2299229419394213
9.659940,2.804257267109178
9.660405,2.351064316777294
9.660871,1.9029068436713208
9.661336,1.4356145571068895
9.661802,0.8671091783016709
9.662268,0.20527962157625693
9.662733,-0.5233539330128938
9.663199,-1.2976424811169605
9.663664,-1.97944609750515
9.664130,-2.4970931563286793
9.664595,-3.0180971999694814
9.665061,-3.5679713130388335
9.665526,-4.007904173342489
9.665992,-4.26387426565957
9.666457,-4.403860532539864
9.666923,-4.498863202868695
9.667388,-4.521690699626154
9.667854,-4.364751659418631
9.668319,-4.006393530174716
9.668785,-3.5902952620737008
9.669250,-3.210452429999237
9.669716,-2.815167467765316
9.670181,-2.365667200732433
9.670647,-1.8757152666514076
9.671112,-1.355214770733196
9.671578,-0.7944304570077059
9.672043,-0.20964370183871214
9.672509,0.42784771496147095
9.672974,1.17611963073167
9.673440,1.939833676661326
9.673905,2.5766536964980546
9.674371,3.159426260776684
9.674836,3.725413900968948
9.675302,4.170214389257649
9.675768,4.4552224002441445
9.676233,4.630792706187534
9.676699,4.745937285420005
9.677164,4.803677424277103
9.677630,4.739726863508049
9.678095,4.454383154039825
9.678561,4.048691538872358
9.679026,3.6347753109025707
9.679492,3.2144808117799646
9.679957,2.7619592584115362
9.680423,2.2563973449301895
9.680888,1.7293507286182956
9.681354,1.1992828259708552
9.681819,0.6406805523765925
9.682285,-0.017959868772411687
9.682750,-0.8293430991073472
9.683216,-1.6835278858625162
9.683681,-2.3920195315480273
9.684147,-2.9331654840924695
9.684612,-3.4311741817349506
9.685078,-3.900984206912337
9.685543,-4.308354314488441
9.686009,-4.5916838330663
9.686474,-4.751308461127642
9.686940,-4.817776760509651
9.687405,-4.7835355153734636
9.687871,-4.546196688792248
9.688336,-4.172060730907148
9.688802,-3.798931868467231
9.689268,-3.4352025635156784
9.689733,-3.0389105058365757
9.690199,-2.5877317463950558
9.690664,-2.0762951094834823
9.691130,-1.5200427252613107
9.691595,-0.964461738002594
9.692061,-0.36037232013427933
9.692526,0.3556725413900969
9.692992,1.1828336003662165
9.693457,1.973403524834058
9.693923,2.5961242084382388
9.694388,3.15237659266041
9.694854,3.711985961699855
9.695319,4.214190890363927
9.695785,4.539818417639429
9.696250,4.690882734416724
9.696716,4.772793163958191
9.697181,4.814251926451514
9.697647,4.693400473029678
9.698112,4.387747005416952
9.698578,4.003875791561761
9.699043,3.552864881361104
9.699509,3.0583810177767603
9.699974,2.55718318455787
9.700440,2.0462500953688867
9.700905,1.5279316395819027
9.701371,1.0092774853131914
9.701836,0.40199893186846725
9.702302,-0.3459372854200045
9.702767,-1.1955901426718547
9.703233,-2.029129472800793
9.703699,-2.7089188982986188
9.704164,-3.2591287098496986
9.704630,-3.795071335927367
9.705095,-4.3348744945448985
9.705561,-4.754329747463188
9.706026,-4.992843518730449
9.706492,-5.117387655451285
9.706957,-5.164217593652246
9.707423,-5.104127565423056
9.707888,-4.843289845120927
9.708354,-4.430045014114595
9.708819,-3.9400930800335696
9.709285,-3.44628061341268
9.709750,-2.9845273517967494
9.710216,-2.4984359502555886
9.710681,-1.9593041886015106
9.711147,-1.3914702067597469
9.711612,-0.7633783474479287
9.712078,-0.03440909437705043
9.712543,0.7524681467917906
9.713009,1.5756008239871824
9.713474,2.3349507896543833
9.713940,2.9643854428931107
9.714405,3.5626001373311973
9.714871,4.162157625696192
9.715336,4.636331731136034
9.715802,4.889951934081025
9.716267,5.023224231326771
9.716733,5.103120469977873
9.717199,5.096406500343328
9.717664,4.907072556649119
9.718130,4.564995803768978
9.718595,4.118181124589914
9.719061,3.627893492027161
9.719526,3.1406271457999537
9.719992,2.6478217746242465
9.720457,2.1355458915083543
9.720923,1.592217898832685
9.721388,1.0126344701304646
9.721854,0.36221866178377965
9.722319,-0.3402304112306401
9.722785,-1.1297932402532997
9.723250,-1.9490653849088273
9.723716,-2.631876096742199
9.724181,-3.217166399633783
9.724647,-3.8027924010070957
9.725112,-4.31976806286717
9.725578,-4.657816433966583
9.726043,-4.8916304264896615
9.726509,-5.0722362096589615
9.726974,-5.1591821164263365
9.727440,-5.07173266193637
9.727905,-4.762050812542915
9.728371,-4.306675822079804
9.728836,-3.8308232242313265
9.729302,-3.3875333791103985
9.729767,-2.9237659266041045
9.730233,-2.399740596627756
9.730699,-1.8297245746547646
9.731164,-1.2288242923628596
9.731630,-0.5557488364995803
9.732095,0.16197451743343252
9.732561,0.9548943312733654
9.733026,1.8137788967727169
9.733492,2.5813534752422367
9.733957,3.211627374685283
9.734423,3.8037994964522763
9.734888,4.357198443579766
9.735354,4.7855497062638275
9.735819,5.074921797512779
9.736285,5.2431067368581665
9.736750,5.279362172884718
9.737216,5.189730678263523
9.737681,4.920836194399938
9.738147,4.519005111772334
9.738612,4.076218814373999
9.739078,3.6320897230487525
9.739543,3.1271992065308614
9.740009,2.5551689936675057
9.740474,1.968032349126421
9.740940,1.3949950408178835
9.741405,0.796780346379797
9.741871,0.13008316166933698
9.742336,-0.6608224612802318
9.742802,-1.600946059357595
9.743267,-2.490547035934996
9.743733,-3.171847104600595
9.744198,-3.76401922636759
9.744664,-4.344274052033264
9.745130,-4.826337071793699
9.745595,-5.176134889753566
9.746061,-5.418005645838101
9.746526,-5.491691462577248
9.746992,-5.4928664072632944
9.747457,-5.422705424582284
9.747923,-5.068711375600824
9.748388,-4.613336385137712
9.748854,-4.1200274662394145
9.749319,-3.5782101167315172
9.749785,-3.0207827878233
9.750250,-2.4779583428702217
9.750716,-1.9124742504005492
9.751181,-1.2989852750438695
9.751647,-0.5977111467154955
9.752112,0.2140077821011673
9.752578,1.1511100938429846
9.753043,2.060685130083162
9.753509,2.785458152132448
9.753974,3.402807660028992
9.754440,4.038956282902266
9.754905,4.629449912260624
9.755371,5.074921797512779
9.755836,5.3334096284428165
9.756302,5.438147554741741
9.756767,5.46147859922179
9.757233,5.370336461432823
9.757698,5.079621576256962
9.758164,4.662348363469901
9.758630,4.2138551918822005
9.759095,3.7072861829556722
9.759561,3.1543907835507743
9.760026,2.5810177767605094
9.760492,2.0019378957808804
9.760957,1.4188296330205232
9.761423,0.7638818951705195
9.761888,0.006546120393682764
9.762354,-0.8608987563897155
9.762819,-1.7827267872129393
9.763285,-2.6186160067139697
9.763750,-3.3244220645456624
9.764216,-3.989105058365759
9.764681,-4.621393148699168
9.765147,-5.12544441901274
9.765612,-5.429587243457695
9.766078,-5.491691462577248
9.766543,-5.493034256504157
9.767009,-5.493705653467612
9.767474,-5.493369954985885
9.767940,-5.223804074158846
9.768405,-4.72965590905623
9.768871,-4.188006408789196
9.769336,-3.633096818493934
9.769802,-3.0939650568398562
9.770267,-2.5195849546044093
9.770733,-1.892835889219501
9.771198,-1.2251316090638589
9.771664,-0.47148851758602267
9.772130,0.408041504539559
9.772595,1.3701533531700618
9.773061,2.2906385900663766
9.773526,3.0567025253681237
9.773992,3.7999389639124135
9.774457,4.606958113984893
9.774923,5.293797207598993
9.775388,5.489845120927748
9.775854,5.4923628595407035
9.776319,5.492530708781567
9.776785,5.4928664072632944
9.777250,5.492530708781567
9.777716,5.493034256504157
9.778181,5.062836652170596
9.778647,4.553246356908521
9.779112,4.034927901121538
9.779578,3.505195696955825
9.780043,2.8932173647669184
9.780509,2.2312199588006405
9.780974,1.5749294270237277
9.781440,0.8672770275425344
9.781905,0.05471885252155337
9.782371,-0.865094987411307
9.782836,-1.8475165941863125
9.783302,-2.7332570382238495
9.783767,-3.451819638361181
9.784233,-4.125230792706187
9.784698,-4.763561455710689
9.785164,-5.242435339894713
9.785629,-5.4844739452201114
9.786095,-5.4923628595407035
9.786561,-5.493369954985885
9.787026,-5.493537804226749
9.787492,-5.348683909361409
9.787957,-4.676279850461585
9.788423,-4.0221713588159
9.788888,-3.448966201266498
9.789354,-2.895902952620737
9.789819,-2.297856107423514
9.790285,-1.6805065995269703
9.790750,-1.0947127489127948
9.791216,-0.47014572365911345
9.791681,0.2737621118486305
9.792147,1.1398641947051193
9.792612,2.11473258564126
9.793078,3.0431067368581672
9.793543,3.742870222018768
9.794009,4.339742122529946
9.794474,4.939971007858396
9.794940,5.446204318303196
9.795405,5.491691462577248
9.795871,5.4918593118181125
9.796336,5.4918593118181125
9.796802,5.492530708781567
9.797267,5.4928664072632944
9.797733,5.30101472495613
9.798198,4.785214007782101
9.798664,4.247089341573204
9.799129,3.708628976882582
9.799595,3.1070572976272217
9.800061,2.443717097734035
9.800526,1.7812161440451664
9.800992,1.1224078736552985
9.801457,0.3885709925993744
9.801923,-0.47820248722056913
9.802388,-1.4819409475852596
9.802854,-2.494407568474861
9.803319,-3.2952162966353855
9.803785,-3.9540245670252525
9.804250,-4.656977187762265
9.804716,-5.315449759670405
9.805181,-5.490684367132067
9.805647,-5.4928664072632944
9.806112,-5.493369954985885
9.806578,-5.493705653467612
9.807043,-5.493705653467612
9.807509,-5.493873502708476
9.807974,-5.3773861295490955
9.808440,-4.838925764858472
9.808905,-4.261692225528344
9.809371,-3.638635843442435
9.809836,-3.002655069810025
9.810302,-2.3817807278553444
9.810767,-1.738078889143206
9.811233,-1.0106202792401007
9.811698,-0.1774166475928893
9.812164,0.7759670405127032
9.812629,1.8226749065384906
9.813095,2.725703822384985
9.813561,3.4125429159990843
9.814026,4.0711833371480886
9.814492,4.735866330968185
9.814957,5.2736552986953535
9.815423,5.489845120927748
9.815888,5.491187914854658
9.816354,5.492530708781567
9.816819,5.492530708781567
9.817285,5.492530708781567
9.817750,5.166231784542611
9.818216,4.621728847180895
9.818681,4.081925688563363
9.819147,3.5394369420920113
9.819612,2.9804989700160216
9.820078,2.4034332799267566
9.820543,1.7642633707179367
9.821009,1.0624856946669716
9.821474,0.2834973678187228
9.821940,-0.590997177080949
9.822405,-1.5745937285420004
9.822871,-2.512870984969863
9.823336,-3.269871061264973
9.823802,-3.961409933623255
9.824267,-4.653284504463263
9.824733,-5.245792324711986
9.825198,-5.489509422446021
9.825664,-5.492698558022431
9.826129,-5.493537804226749
9.826595,-5.493705653467612
9.827060,-5.493873502708476
9.827526,-5.493705653467612
9.827992,-5.012481879911498
9.828457,-4.45505455100328
9.828923,-3.8919203479056987
9.829388,-3.311497672999161
9.829854,-2.6958266575112533
9.830319,-2.014526588845655
9.830785,-1.3169451438162816
9.831250,-0.6030823224231326
9.831716,0.20376897840848401
9.832181,1.1502708476386663
9.832647,2.1550164034485384
9.833112,3.0337071793698023
9.833578,3.768047608148317
9.834043,4.435751888303959
9.834509,5.0302738994430465
9.834974,5.471381704432745
9.835440,5.491187914854658
9.835905,5.4928664072632944
9.836371,5.492530708781567
9.836836,5.4928664072632944
9.837302,5.4928664072632944
9.837767,5.1575036240177
9.838233,4.633478294041352
9.838698,4.1047531853208215
9.839164,3.5672999160753793
9.839629,3.008361943999389
9.840095,2.3752346074616617
9.840560,1.6935988403143358
9.841026,0.982757305256733
9.841492,0.19487296864270998
9.841957,-0.7000991836423285
9.842423,-1.7107194628824294
9.842888,-2.657557030594339
9.843354,-3.394247348744945
9.843819,-4.025192645151446
9.844285,-4.669062333104447
9.844750,-5.266102082856489
9.845216,-5.489845120927748
9.845681,-5.492698558022431
9.846147,-5.493369954985885
9.846612,-5.493705653467612
9.847078,-5.493873502708476
9.847543,-5.391821164263371
9.848009,-4.928892957961395
9.848474,-4.404867627985046
9.848940,-3.829480430304417
9.849405,-3.2257267109178303
9.849871,-2.5746395056076907
9.850336,-1.9045853360799574
9.850802,-1.247287708857862
9.851267,-0.5097581445029374
9.851733,0.34627298390173183
9.852198,1.3303730830853742
9.852664,2.342336156252384
9.853129,3.1997100785839625
9.853595,3.873792629892424
9.854060,4.508262760357061
9.854526,5.101777676050965
9.854992,5.485816739147021
9.855457,5.4918593118181125
9.855923,5.4918593118181125
9.856388,5.4918593118181125
9.856854,5.493202105745021
9.857319,5.492530708781567
9.857785,5.091706721599145
9.858250,4.535790035858702
9.858716,3.959060044251163
9.859181,3.387701228351262
9.859647,2.7965362020294497
9.860112,2.1931181811245897
9.860578,1.5816433966582741
9.861043,0.8548561837186236
9.861509,-0.007217517357137408
9.861974,-0.9694972152285037
9.862440,-1.980453192950332
9.862905,-2.872739757381552
9.863371,-3.559243152513924
9.863836,-4.217212176699474
9.864302,-4.906569008926527
9.864767,-5.456107423514153
9.865233,-5.4918593118181125
9.865698,-5.493034256504157
9.866164,-5.493369954985885
9.866629,-5.493537804226749
9.867095,-5.493705653467612
9.867560,-5.383764400701915
9.868026,-4.8847486076142514
9.868491,-4.317921721217671
9.868957,-3.713832303349355
9.869423,-3.102693217364767
9.869888,-2.4692301823453113
9.870354,-1.804211490043488
9.870819,-1.070710307469291
9.871285,-0.26335545891508355
9.871750,0.5973754482337682
9.872216,1.5673762111848628
9.872681,2.537712672617685
9.873147,3.334996566720073
9.873612,4.039963378347448
9.874078,4.7479514763103685
9.874543,5.317296101319905
9.875009,5.490516517891203
9.875474,5.492195010299839
9.875940,5.492530708781567
9.876405,5.493202105745021
9.876871,5.4928664072632944
9.877336,5.4928664072632944
9.877802,4.995025558861677
9.878267,4.4320592050049585
9.878733,3.8742961776150144
9.879198,3.3010910200656136
9.879664,2.7082475013351646
9.880129,2.1120469977874414
9.880595,1.4478675516899366
9.881060,0.6732433051041428
9.881526,-0.1965514610513466
9.881991,-1.1658808270389869
9.882457,-2.1706263828488592
9.882923,-3.045624475471122
9.883388,-3.755794613565271
9.883854,-4.435080491340504
9.884319,-5.054444190127413
9.884785,-5.479270618753338
9.885250,-5.492195010299839
9.885716,-5.493202105745021
9.886181,-5.493705653467612
9.886647,-5.493873502708476
9.887112,-5.49404135194934
9.887578,-5.267948424505989
9.888043,-4.74845502403296
9.888509,-4.221072709239338
9.888974,-3.6463569085221637
9.889440,-3.0310215915159837
9.889905,-2.379095140001526
9.890371,-1.673289082169833
9.890836,-0.9287098496986341
9.891302,-0.14250400549324788
9.891767,0.7509575036240176
9.892233,1.768291752498665
9.892698,2.733760585946441
9.893164,3.5216449225604642
9.893629,4.251117723353933
9.894095,4.918486305027847
9.894560,5.430762188143739
9.895026,5.491187914854658
9.895491,5.4918593118181125
9.895957,5.492530708781567
9.896423,5.4928664072632944
9.896888,5.492530708781567
9.897354,5.438818951705195
9.897819,4.963469901579308
9.898285,4.44313725490196
9.898750,3.845593957427329
9.899216,3.2168307011520563
9.899681,2.590081635767147
9.900147,1.9603112840466925
9.900612,1.305699244678416
9.901078,0.5621271076523994
9.901543,-0.34560158693827725
9.902009,-1.3956664377813384
9.902474,-2.4267643244068053
9.902940,-3.257785915922789
9.903405,-3.9421072709239344
9.903871,-4.604272526131075
9.904336,-5.226825360494392
9.904802,-5.489677271686884
9.905267,-5.4923628595407035
9.905733,-5.493537804226749
9.906198,-5.493705653467612
9.906664,-5.493873502708476
9.907129,-5.493873502708476
9.907595,-5.238071259632257
9.908060,-4.7268024719615465
9.908526,-4.1614862287327385
9.908991,-3.5439688715953306
9.909457,-2.900099183642328
9.909922,-2.2483405813687347
9.910388,-1.56586556801709
9.910854,-0.7994659342336156
9.911319,0.09919890135042343
9.911785,1.094544899671931
9.912250,2.1013046463721676
9.912716,2.9979552910658427
9.913181,3.740856031128404
9.913647,4.452536812390326
9.914112,5.1464255741206975
9.914578,5.489173723964294
9.915043,5.4918593118181125
9.915509,5.4918593118181125
9.915974,5.4918593118181125
9.916440,5.4918593118181125
9.916905,5.493202105745021
9.917371,5.492195010299839
9.917836,4.981597619592584
9.918302,4.401510643167772
9.918767,3.7938963912413213
9.919233,3.1782253757534145
9.919698,2.552986953536278
9.920164,1.924391546501869
9.920629,1.2627298390173187
9.921095,0.44849317158770124
9.921560,-0.5154650186923019
9.922026,-1.5702296482795453
9.922491,-2.5632257572289614
9.922957,-3.3501029983978023
9.923422,-4.046677347981994
9.923888,-4.746608682383459
9.924354,-5.352880140383
9.924819,-5.49085221637293
9.925285,-5.4928664072632944
9.925750,-5.493369954985885
9.926216,-5.493705653467612
9.926681,-5.493705653467612
9.927147,-5.493873502708476
9.927612,-5.086335545891508
9.928078,-4.487617303730831
9.928543,-3.8905775539787895
9.929009,-3.298237582970932
9.929474,-2.672999160753796
9.929940,-1.996566720073243
9.930405,-1.276493476768139
9.930871,-0.4582284275577936
9.931336,0.43959716182192715
9.931802,1.3990234225986113
9.932267,2.4025940337224383
9.932733,3.291020065613794
9.933198,4.029556725413901
9.933664,4.749965667200732
9.934129,5.425223163195239
9.934595,5.491187914854658
9.935060,5.4918593118181125
9.935526,5.492530708781567
9.935991,5.492530708781567
9.936457,5.492530708781567
9.936922,5.4928664072632944
9.937388,5.388464179446098
9.937854,4.803006027313649
9.938319,4.125902189669641
9.938785,3.3796444647898065
9.939250,2.613916227969787
9.939716,1.9025711451895932
9.940181,1.2412451361867705
9.940647,0.5359426260776684
9.941112,-0.26637674525062943
9.941578,-1.1623559929808498
9.942043,-2.1818722819867244
9.942509,-3.1386129549095902
9.942974,-3.873792629892424
9.943440,-4.517158770122835
9.943905,-5.148104066529335
9.944371,-5.488166628519112
9.944836,-5.4923628595407035
9.945302,-5.493369954985885
9.945767,-5.493705653467612
9.946233,-5.493537804226749
9.946698,-5.493873502708476
9.947164,-5.4824597543297475
9.947629,-4.898847943846799
9.948095,-4.3550164034485395
9.948560,-3.9053482871747915
9.949026,-3.4506446936751347
9.949491,-2.8905317769131
9.949957,-2.232898451209277
9.950422,-1.5348134584573128
9.950888,-0.7534752422369725
9.951353,0.14082551308461125
9.951819,1.1922331578545815
9.952285,2.242298008697642
9.952750,3.06341649500267
9.953216,3.7378347447928584
9.953681,4.393118181124589
9.954147,4.977569237811856
9.954612,5.4267338063630115
9.955078,5.491187914854658
9.955543,5.491187914854658
9.956009,5.4918593118181125
9.956474,5.4918593118181125
9.956940,5.4918593118181125
9.957405,5.207858396276798
9.957871,4.7627222095063715
9.958336,4.273609521629663
9.958802,3.707957579919127
9.959267,3.112428473334859
9.959733,2.5229419394216825
9.960198,1.915999084458686
9.960664,1.2417486839093612
9.961129,0.47988097962920573
9.961595,-0.4407721065079728
9.962060,-1.4711985961699856
9.962526,-2.397055008773937
9.962991,-3.1302204928664072
9.963457,-3.8031280994888226
9.963922,-4.465796902418554
9.964388,-4.9933470664530395
9.964853,-5.305210955977722
9.965319,-5.451911192492561
9.965785,-5.4923628595407035
9.966250,-5.493034256504157
9.966716,-5.325856412603952
9.967181,-4.889112687876707
9.967647,-4.368947890440222
9.968112,-3.8180666819256883
9.968578,-3.226398107881285
9.969043,-2.652521553368429
9.969509,-2.0843518730449375
9.969974,-1.4740520332646676
9.970440,-0.7919127183947509
9.970905,-0.008224612802319372
9.971371,0.895140001525902
9.971836,1.8773937590600442
9.972302,2.773708705271992
9.972767,3.4996566720073248
9.973233,4.1614862287327385
9.973698,4.819790951400015
9.974164,5.3931639581902795
9.974629,5.490516517891203
9.975095,5.491523613336385
9.975560,5.4918593118181125
9.976026,5.492530708781567
9.976491,5.492530708781567
9.976957,5.4918593118181125
9.977422,5.0144960708018615
9.977888,4.479392690928511
9.978353,3.931532768749523
9.978819,3.393743801022355
9.979285,2.81902800030518
9.979750,2.183886472877088
9.980216,1.5232318608377202
9.980681,0.8078583962767987
9.981147,0.0052033264667734795
9.981612,-0.9025253681239032
9.982078,-1.848859388113222
9.982543,-3.0840619516289003
9.983009,-4.910765239948119
9.983474,-5.48900587472343
9.983940,-5.4923628595407035
9.984405,-5.493034256504157
9.984871,-5.493537804226749
9.985336,-5.493873502708476
9.985802,-5.493873502708476
9.986267,-5.493705653467612
9.986733,-5.49404135194934
9.987198,-5.49404135194934
9.987664,-5.494209201190204
9.988129,-5.018524452582589
9.988595,-4.285191119249256
9.989060,-3.563439383535515
9.989526,-2.8039215686274512
9.989991,-1.9979095140001528
9.990457,-1.180483710994125
9.990922,-0.45839627679865713
9.991388,0.2845044632639048
9.991853,1.210360875867857
9.992319,2.2087281605249105
9.992784,3.062409399557488
9.993250,3.7992675669489584
9.993716,4.507591363393607
9.994181,5.133333333333333
9.994647,5.487830930037385
9.995112,5.4918593118181125
9.995578,5.4918593118181125
9.996043,5.492195010299839
9.996509,5.4923628595407035
9.996974,5.4918593118181125
9.997440,5.291111619745174
9.997905,4.892301823453116
9.998371,4.495170519569695
9.998836,4.041641870756084
9.999302,3.501167315175097
9.999767,2.9351796749828334
10.000233,2.351064316777294
10.000698,1.6823529411764708
10.001164,0.9250171663996337
10.001629,0.08543526359960325
10.002095,-0.8014801251239796
10.002560,-1.5739223315785458
10.003026,-2.226855878538186
10.003491,-2.859143968871595
10.003957,-3.423956664377813
10.004422,-3.8328374151216904
10.004888,-4.077561608300908
10.005353,-4.226276035706111
10.005819,-4.2756237125200265
10.006284,-4.197741664759289
10.006750,-3.9704737926298925
10.007216,-3.628397039749752
10.007681,-3.222369726100557
10.008147,-2.7733730067902647
10.008612,-2.284763866636148
10.009078,-1.7600671396963452
10.009543,-1.242923628595407
10.010009,-0.7145342183566032
10.010474,-0.0955062180514229
10.010940,0.714198519874876
10.011405,1.6917524986648356
10.011871,2.6360723277637903
10.012336,3.3830014496070797
10.012802,3.9557030594338896
10.013267,4.52706187533379
10.013733,5.108491645685512
10.014198,5.487830930037385
10.014664,5.4918593118181125
10.015129,5.4918593118181125
10.015595,5.492530708781567
10.016060,5.492530708781567
10.016526,5.492530708781567
10.016991,5.365300984206913
10.017457,5.027252613107499
10.017922,4.5935301747158
10.018388,4.08595407034409
10.018853,3.555550469214923
10.019319,3.048645761806668
10.019784,2.5068284122987716
10.020250,1.8549019607843136
10.020715,1.1230792706187533
10.021181,0.36003662165255207
10.021647,-0.48693064774547945
10.022112,-1.347661554894331
10.022578,-2.2
10.023043,-3.164461738002594
10.023509,-4.087800411993591
10.023974,-4.7583581292439145
10.024440,-5.145418478675517
10.024905,-5.3705043106736845
10.025371,-5.489845120927748
10.025836,-5.4928664072632944
10.026302,-5.493202105745021
10.026767,-5.364965285725185
10.027233,-5.006271457999541
10.027698,-4.611154345006485
10.028164,-4.1734035248340575
10.028629,-3.6735484855420766
10.029095,-3.178728923476005
10.029560,-2.6834058136873424
10.030026,-2.134203097581445
10.030491,-1.4960402838178073
10.030957,-0.7796597238117037
10.031422,-0.006881818875410085
10.031888,0.7840238040741588
10.032353,1.45810635538262
10.032819,1.9811245899137866
10.033284,2.4212252994583046
10.033750,2.606195162890059
10.034215,2.5961242084382388
10.034681,2.6659494926375213
10.035147,2.8834821087968256
10.035612,3.1251850156404974
10.036078,3.243183031967651
10.036543,3.0990005340657656
10.037009,2.79334706645304
10.037474,2.466208896009765
10.037940,2.144945448996719
10.038405,1.792797741664759
10.038871,1.4089265278095673
10.039336,0.9879606317235063
10.039802,0.5060654612039368
10.040267,-0.024338139925230793
10.040733,-0.46779583428702226
10.041198,-0.8843976501106281
10.041664,-1.5007400625619896
10.042129,-2.2058747234302283
10.042595,-2.8559548332951854
10.043060,-3.456183718623636
10.043526,-4.000686655985351
10.043991,-4.421484702830548
10.044457,-4.6581521324483095
10.044922,-4.787396047913328
10.045388,-4.859739070725566
10.045853,-4.836408026245517
10.046319,-4.6245822842755775
10.046784,-4.294926375219348
10.047250,-3.97399862668803
10.047715,-3.6379644464789807
10.048181,-3.237979705500877
10.048647,-2.7921721217669946
10.049112,-2.3166552224002444
10.049578,-1.8015259021896697
10.050043,-1.286564431219959
10.050509,-0.7326619363698786
10.050974,-0.11027695124742502
10.051440,0.6282597085526819
10.051905,1.3741817349507897
10.052371,2.0076447699702444
10.052836,2.5497978179598686
10.053302,2.9935912108033875
10.053767,3.3427176317998017
10.054233,3.4545052262149993
10.054698,3.481025406271458
10.055164,3.630411230640116
10.055629,3.8536507209887843
10.056095,3.920119020370794
10.056560,3.733470664530403
10.057026,3.4246280613412674
10.057491,3.1084000915541314
10.057957,2.8076142519264513
10.058422,2.4880292973220413
10.058888,2.130510414282444
10.059353,1.7530174715800717
10.059819,1.392813000686656
10.060284,0.9740291447318227
10.060750,0.41878385595483325
10.061215,-0.23817807278553446
10.061681,-0.9246814679179065
10.062146,-1.503089951934081
10.062612,-1.9368123903257797
10.063078,-2.33662928206302
10.063543,-2.7992217898832683
10.064009,-3.2074311436636913
10.064474,-3.4563515678644996
10.064940,-3.568642710002289
10.065405,-3.6869764248111694
10.065871,-3.7969176775768676
10.066336,-3.747905699244678
10.066802,-3.5824063477531087
10.067267,-3.351781490806439
10.067733,-3.053681239032578
10.068198,-2.7240253299763486
10.068664,-2.382284275577935
10.069129,-2.0220798046845196
10.069595,-1.640054932478828
10.070060,-1.1959258411535822
10.070526,-0.576226443884947
10.070991,0.21434348058289462
10.071457,1.1039444571602959
10.071922,1.9354695963988706
10.072388,2.629358358129244
10.072853,3.2594644083314255
10.073319,3.8838635843442435
10.073784,4.438773174639505
10.074250,4.83791866941329
10.074715,5.094056610971236
10.075181,5.26157015335317
10.075646,5.387121385519189
10.076112,5.383093003738459
10.076578,5.187045090409704
10.077043,4.777492942702373
10.077509,4.194048981460288
10.077974,3.554879072251468
10.078440,2.95062180514229
10.078905,2.309941252765698
10.079371,1.6474402990768293
10.079836,1.0488899061570152
10.080302,0.4642710002288853
10.080767,-0.1487144274052033
10.081233,-0.8105439841306171
10.081698,-1.4799267566948957
10.082164,-2.0596780346379795
10.082629,-2.5393911650263212
10.083095,-3.067444876783398
10.083560,-3.706446936751354
10.084026,-4.302479591058212
10.084491,-4.679636835278858
10.084957,-4.842618448157473
10.085422,-4.870649271381704
10.085888,-4.775478751812009
10.086353,-4.520347905699244
10.086819,-4.1215381094071875
10.087284,-3.6905012588693062
10.087750,-3.2807812619211107
10.088215,-2.846555275806821
10.088681,-2.371709773403525
10.089146,-1.8589303425650416
10.089612,-1.3429617761501487
10.090078,-0.7986266880292973
10.090543,-0.21434348058289462
10.091009,0.4416113527122911
10.091474,1.189547570000763
10.091940,1.8713511863889525
10.092405,2.3839627679865716
10.092871,2.949279011215381
10.093336,3.6260471503776603
10.093802,4.194720378423742
10.094267,4.525047684443427
10.094733,4.656641489280537
10.095198,4.702296482795453
10.095664,4.717067215991454
10.096129,4.618875410086213
10.096595,4.355855649652857
10.097060,4.011764705882354
10.097526,3.6448462653543907
10.097991,3.2586251621271076
10.098457,2.873746852826734
10.098922,2.5148851758602273
10.099388,2.1644159609369042
10.099853,1.7300221255817503
10.100319,1.163698786907759
10.100784,0.47887388418402377
10.101250,-0.33083085374227506
10.101715,-1.1210650797283894
10.102181,-1.7605706874189364
10.102646,-2.3089341573205155
10.103112,-2.8569619287403674
10.103577,-3.3705806057831693
10.104043,-3.8084992751964597
10.104509,-4.141680018310826
10.104974,-4.354680704966811
10.105440,-4.442130159456778
10.105905,-4.433569848172732
10.106371,-4.34914168001831
10.106836,-4.248935683222705
10.107302,-4.123720149538415
10.107767,-3.849286640726329
10.108233,-3.4128786144808116
10.108698,-2.932494087129015
10.109164,-2.5852140077821013
10.109629,-2.4457312886243994
10.110095,-2.1211108567940795
10.110560,-1.444678416113527
10.111026,-0.5669947356374456
10.111491,0.32999160753795675
10.111957,1.0893415732051577
10.112422,1.6769817654688333
10.112888,2.2010070954451817
10.113353,2.6968337529564357
10.113819,3.1444876783398183
10.114284,3.477668421454185
10.114750,3.6774090180819408
10.115215,3.7938963912413213
10.115681,3.8328374151216904
10.116146,3.7374990463111306
10.116612,3.5414511329823752
10.117077,3.317204547188525
10.117543,3.0256504158083466
10.118009,2.6411078049897
10.118474,2.2026855878538183
10.118940,1.7786984054322115
10.119405,1.3869382772564278
10.119871,0.9676508735790036
10.120336,0.4382543678950179
10.120802,-0.15660334172579538
10.121267,-0.7454184786755168
10.121733,-1.2751506828412298
10.122198,-1.7417715724422063
10.122664,-2.227023727779049
10.123129,-2.7236896314946213
10.123595,-3.1627832455939573
10.124060,-3.4608834973678184
10.124526,-3.6320897230487525
10.124991,-3.81403830014496
10.125457,-4.005386434729533
10.125922,-4.22023346303502
10.126388,-4.4478370336461435
10.126853,-4.591012436102845
10.127319,-4.442633707179369
10.127784,-4.073029678797589
10.128250,-3.6592813000686655
10.128715,-3.2126344701304648
10.129181,-2.7052262149996182
10.129646,-2.1506523231860832
10.130112,-1.534309910734722
10.130577,-0.8291752498664835
10.131043,-0.06462195773250935
10.131509,0.705806057831693
10.131974,1.3899595635919737
10.132440,1.9948882276646065
10.132905,2.5894102388036924
10.133371,3.179568169680323
10.133836,3.6804303044174866
10.134302,4.021499961852445
10.134767,4.248432135500114
10.135233,4.39546807049668
10.135698,4.431387808041504
10.136164,4.322117952239262
10.136629,4.131609063859007
10.137095,3.8815136949721523
10.137560,3.6210116731517505
10.138026,3.351445792324711
10.138491,3.035217822537575
10.138957,2.6783703364614326
10.139422,2.2758678568703745
10.139888,1.812603952086671
10.140353,1.279514763103685
10.140819,0.6937209124895094
10.141284,0.03508049134050507
10.141750,-0.6334630350194552
10.142215,-1.2059967956054016
10.142681,-1.72314030670634
10.143146,-2.219806210421912
10.143612,-2.6390936140993357
10.144077,-2.932494087129015
10.144543,-3.174196993972686
10.145008,-3.372594796673533
10.145474,-3.4717936980239563
10.145940,-3.409185931181811
10.146405,-3.217334248874647
10.146871,-2.9717708094911117
10.147336,-2.7245288776989396
10.147802,-2.4823224231326773
10.148267,-2.196139467460136
10.148733,-1.8528877698939497
10.149198,-1.4829480430304416
10.149664,-1.0791027695124742
10.150129,-0.576226443884947
10.150595,-0.029037918669413288
10.151060,0.5461814297703517
10.151526,1.1289539940489814
10.151991,1.6412298771648737
10.152457,2.0932478828107115
10.152922,2.525627527275502
10.153388,2.9277943083848323
10.153853,3.2557717250324254
10.154319,3.513923857480736
10.154784,3.7361562523842218
10.155250,3.934218356603341
10.155715,4.015457389181353
10.156181,3.9019913023575183
10.156646,3.660959792477302
10.157112,3.3860227359426256
10.157577,3.0889295796139464
10.158043,2.710261692225528
10.158508,2.277546349279011
10.158974,1.85658045319295
10.159440,1.454077973601892
10.159905,1.0220340276188296
10.160371,0.5342641336690318
10.160836,-0.0481727321278706
10.161302,-0.7239337758449683
10.161767,-1.347661554894331
10.162233,-1.8555733577477684
10.162698,-2.323537041275654
10.163164,-2.753063248645762
10.163629,-3.08725108720531
10.164095,-3.3561455710688946
10.164560,-3.5980163271534296
10.165026,-3.7839932860303653
10.165491,-3.8632181277180133
10.165957,-3.784328984512093
10.166422,-3.5899595635919734
10.166888,-3.3428854810406654
10.167353,-3.0506599526970324
10.167819,-2.6857557030594337
10.168284,-2.290974288548104
10.168750,-1.9200274662394137
10.169215,-1.531792172121767
10.169681,-1.071213855191882
10.170146,-0.5262073701075761
10.170612,0.1065842679484245
10.171077,0.800808728160525
10.171543,1.4037232013427938
10.172008,1.8616159304188598
10.172474,2.29399557488365
10.172940,2.7330891889829863
10.173405,3.093629358358129
10.173871,3.362859540703441
10.174336,3.541115434500648
10.174802,3.6206759746700237
10.175267,3.6428320744640263
10.175733,3.5824063477531087
10.176198,3.407003891050583
10.176664,3.172854200045777
10.177129,2.9214160372320137
10.177595,2.606195162890059
10.178060,2.237933928435187
10.178526,1.8683299000534064
10.178991,1.5098039215686274
10.179457,1.137178606851301
10.179922,0.6819714656290532
10.180388,0.09919890135042343
10.180853,-0.5619592584115358
10.181319,-1.1826657511253527
10.181784,-1.6988021667811093
10.182250,-2.180361638818952
10.182715,-2.680720225833524
10.183181,-3.1302204928664072
10.183646,-3.471290150301366
10.184112,-3.695201037613489
10.184577,-3.823437857633326
10.185043,-3.9078660257877464
10.185508,-3.9112230106050196
10.185974,-3.7611657892729076
10.186439,-3.5246662088960097
10.186905,-3.287495231555657
10.187371,-3.045624475471122
10.187836,-2.8072785534447244
10.188302,-2.5393911650263212
10.188767,-2.1976501106279085
10.189233,-1.82905317769131
10.189698,-1.456092164492256
10.190164,-0.9884641794460977
10.190629,-0.3778286411841001
10.191095,0.30867475394827193
10.191560,0.9767147325856413
10.192026,1.575265125505455
10.192491,2.135881589990082
10.192957,2.6605783169298847
10.193422,3.0932936598764016
10.193888,3.407843137254902
10.194353,3.6347753109025707
10.194819,3.823773556115053
10.195284,3.9280079346913856
10.195750,3.8499580376897837
10.196215,3.6411535820553897
10.196681,3.3917296101319896
10.197146,3.1198138399328603
10.197612,2.835477225909819
10.198077,2.5350270847638665
10.198543,2.1677729457541774
10.199008,1.752849622339208
10.199474,1.2983138780804149
10.199939,0.7771419851987488
10.200405,0.20444037537193865
10.200871,-0.39746700236514837
10.201336,-1.003570611123827
10.201802,-1.560494392309453
10.202267,-2.0559853513389794
10.202733,-2.52831311512932
10.203198,-2.9491111619745176
10.203664,-3.271717402914473
10.204129,-3.4827038986800947
10.204595,-3.6414892805371175
10.205060,-3.7425345235370404
10.205526,-3.711146715495537
10.205991,-3.5239948119325555
10.206457,-3.2586251621271076
10.206922,-2.9704280155642024
10.207388,-2.646982528419928
10.207853,-2.2802319371328297
10.208319,-1.8621194781414512
10.208784,-1.4322575722896163
10.209250,-1.0240482185091935
10.209715,-0.5701838712138552
10.210181,-0.030380712596322572
10.210646,0.5832761120012206
10.211112,1.228488593881132
10.211577,1.8277103837644004
10.212043,2.314808880750743
10.212508,2.7680018310826275
10.212974,3.2728923476005187
10.213439,3.7851682307164114
10.213905,4.156450751506828
10.214371,4.402853437094682
10.214836,4.546196688792248
10.215302,4.537804226749065
10.215767,4.362569619287403
10.216233,4.08595407034409
10.216698,3.7781185626001377
10.217164,3.460212100404364
10.217629,3.1344167238879987
10.218095,2.7619592584115362
10.218560,2.3574425879301137
10.219026,1.9455405508506902
10.219491,1.5103074692912184
10.219957,1.01699855039292
10.220422,0.43053330281528956
10.220888,-0.24858472571908144
10.221353,-0.9142748149843594
10.221819,-1.4483710994125274
10.222284,-1.9401693751430529
10.222750,-2.475608453498131
10.223215,-2.9575036240177
10.223681,-3.303440909437705
10.224146,-3.5468223086900137
10.224612,-3.73011367971313
10.225077,-3.8439154650186924
10.225543,-3.871107042038605
10.226008,-3.7715724422064545
10.226474,-3.5589074540321963
10.226939,-3.2749065384908826
10.227405,-2.9371938658731973
10.227870,-2.5420767528801402
10.228336,-2.1333638513771263
10.228802,-1.7555352101930266
10.229267,-1.3691462577248799
10.229733,-0.921492332341497
10.230198,-0.416433966582742
10.230664,0.17137407492179751
10.231129,0.8243076218814374
10.231595,1.3934843976501108
10.232060,1.8609445334554053
10.232526,2.328236820019837
10.232991,2.7968719005111766
10.233457,3.184939345387961
10.233922,3.4494697489890895
10.234388,3.622690165560387
10.234853,3.7217212176699475
10.235319,3.742198825055314
10.235784,3.6079194323643855
10.236250,3.333653772793164
10.236715,3.020447089341573
10.237181,2.698847943846799
10.237646,2.3416647592889293
10.238112,1.9609826810101472
10.238577,1.58970016021973
10.239043,1.1846799420157166
10.239508,0.7168841077286946
10.239974,0.1915159838254368
10.240439,-0.3862211032272831
10.240905,-1.0079346913862821
10.241370,-1.570901045243
10.241836,-2.0439002059967954
10.242302,-2.53334859235523
10.242767,-3.0311894407568474
10.243233,-3.4427557793545436
10.243698,-3.717357137407492
10.244164,-3.8882276646066987
10.244629,-3.9818875410086214
10.245095,-4.034592202639811
10.245560,-3.9837338826581217
10.246026,-3.791882200350958
10.246491,-3.516105897611963
10.246957,-3.202059967956054
10.247422,-2.8683756771190962
10.247888,-2.5039749752040894
10.248353,-2.1019760433356223
10.248819,-1.6566720073243304
10.249284,-1.1987792782482642
10.249750,-0.7212481879911496
10.250215,-0.17943083848325322
10.250681,0.44832532234683753
10.251146,1.0895094224460211
10.251612,1.6591897459372853
10.252077,2.189593347066453
10.252543,2.68374151216907
10.253008,3.1117570763714046
10.253474,3.444098573281453
10.253939,3.6851300831616696
10.254405,3.860196841382467
10.254870,3.9818875410086214
10.255336,3.973662928206301
10.255802,3.7797970550087743
10.256267,3.4984817273212787
10.256733,3.201052872510872
10.257198,2.886167696650645
10.257664,2.552986953536278
10.258129,2.2070496681162735
10.258595,1.8072327763790341
10.259060,1.360082398718242
10.259526,0.8733196002136262
10.259991,0.3388876173037308
10.260457,-0.2603341725795376
10.260922,-0.9139391165026323
10.261388,-1.5141680018310826
10.261853,-2.0190585183489738
10.262319,-2.479301136797131
10.262784,-2.941222247653925
10.263250,-3.3695735103379874
10.263715,-3.6777447165636685
10.264181,-3.86170748455024
10.264646,-3.960234988937209
10.265112,-3.972991531242847
10.265577,-3.834683756771191
10.266043,-3.615640497444114
10.266508,-3.377798123140307
10.266974,-3.0998397802700843
10.267439,-2.7713588158999007
10.267905,-2.399237048905165
10.268370,-1.9801174944686044
10.268836,-1.550087739375906
10.269301,-1.1249256122682534
10.269767,-0.6386663614862287
10.270233,-0.05622949568932631
10.270698,0.6054322117952239
10.271164,1.2623941405355916
10.271629,1.8460059510185396
10.272095,2.3503929198138396
10.272560,2.808957045853361
10.273026,3.221866178377966
10.273491,3.5486686503395126
10.273957,3.784832532234684
10.274422,3.9382467383840694
10.274888,4.003036545357443
10.275353,3.9392538338292513
10.275819,3.7670405127031357
10.276284,3.5182879377431906
10.276750,3.1916533150225073
10.277215,2.828427557793545
10.277681,2.4504310673685814
10.278146,2.061356527046616
10.278612,1.6749675745784696
10.279077,1.2788433661402303
10.279543,0.7825131609063859
10.280008,0.18312352178225372
10.280474,-0.47786678873884186
10.280939,-1.1398641947051193
10.281405,-1.72129396505684
10.281870,-2.213427939269093
10.282336,-2.7126115815976193
10.282801,-3.2289158464942394
10.283267,-3.644510566872663
10.283733,-3.9137407492179745
10.284198,-4.083604180971999
10.284664,-4.167696650644694
10.285129,-4.132112611581597
10.285595,-3.9840695811398494
10.286060,-3.7576409552147703
10.286526,-3.4744792858777753
10.286991,-3.152040894178683
10.287457,-2.7968719005111766
10.287922,-2.4138399328603035
10.288388,-1.9970702677958347
10.288853,-1.5494163424124514
10.289319,-1.0351262684061953
10.289784,-0.46141756313420307
10.290250,0.14653238727397572
10.290715,0.807186999313344
10.291181,1.448706797894255
10.291646,1.9985809109636072
10.292112,2.5147173266193636
10.292577,3.035217822537575
10.293043,3.465247577630274
10.293508,3.756969558251316
10.293974,3.9580529488059817
10.294439,4.1047531853208215
10.294905,4.174578469520103
10.295370,4.115495536736095
10.295836,3.9033340962844285
10.296301,3.5656214236667427
10.296767,3.192996108949416
10.297233,2.830441748683909
10.297698,2.457145037003128
10.298164,2.0637064164187073
10.298629,1.6716105897611964
10.299095,1.2291599908445867
10.299560,0.7021133745326924
10.300026,0.10188448920424201
10.300491,-0.582604715037766
10.300957,-1.2771648737315937
10.301422,-1.8854505226215001
10.301888,-2.421896696421759
10.302353,-2.932997634851606
10.302819,-3.349263752193484
10.303284,-3.6314183260852975
10.303750,-3.8618753337911036
10.304215,-4.054062714579994
10.304681,-4.16568245975433
10.305146,-4.141847867551689
10.305612,-3.9510032806897075
10.306077,-3.657602807660029
10.306543,-3.3606775005722125
10.307008,-3.0444495307850765
10.307474,-2.68374151216907
10.307939,-2.29399557488365
10.308405,-1.8713511863889525
10.308870,-1.3886167696650644
10.309336,-0.8602273594262608
10.309801,-0.32243839169909205
10.310267,0.29256122682536045
10.310732,0.9780575265125506
10.311198,1.6128633554589151
10.311664,2.1671015487907224
10.312129,2.7324177920195316
10.312595,3.2587930113679713
10.313060,3.6649881742580304
10.313526,3.933546959639887
10.313991,4.116838330663004
10.314457,4.237018387121385
10.314922,4.253131914244297
10.315388,4.102738994430457
10.315853,3.831830319676509
10.316319,3.5542076752880143
10.316784,3.2467078660257878
10.317250,2.858640421149004
10.317715,2.4296177615014876
10.318181,1.9982452124818797
10.318646,1.5735866330968185
10.319112,1.1146868085755703
10.319577,0.5886472877088578
10.320043,-0.049515526054779886
10.320508,-0.7880521858548867
10.320974,-1.5116502632181277
10.321439,-2.1264820325017166
10.321905,-2.685084306095979
10.322370,-3.217166399633783
10.322836,-3.691676203555352
10.323301,-4.076386663614862
10.323767,-4.339742122529946
10.324232,-4.5050736247806515
10.324698,-4.594201571679255
10.325164,-4.529579613946746
10.325629,-4.270252536812389
10.326095,-3.949996185244525
10.326560,-3.6312504768444342
10.327026,-3.2839703974975207
10.327491,-2.8885175860227363
10.327957,-2.4450598916609447
10.328422,-1.973403524834058
10.328888,-1.4728770885786222
10.329353,-0.9025253681239032
10.329819,-0.23045700770580602
10.330284,0.5184863050278476
10.330750,1.2499732967116808
10.331215,1.8896467536430916
10.331681,2.4648661020828566
10.332146,3.04461738002594
10.332612,3.605065995269703
10.333077,4.070511940184634
10.333543,4.367940794995041
10.334008,4.542504005493248
10.334474,4.6418707560845345
10.334939,4.617532616159304
10.335405,4.436423285267414
10.335870,4.186327916380559
10.336336,3.8935988403143353
10.336801,3.528023193713283
10.337267,3.1231708247501335
10.337732,2.6981765468833445
10.338198,2.2577401388570992
10.338664,1.8090791180285346
10.339129,1.3271839475089646
10.339595,0.727626459143969
10.340060,0.00788891432059205
10.340526,-0.7643854428931105
10.340991,-1.4695201037613488
10.341457,-2.0492713817044326
10.341922,-2.6092164492256047
10.342388,-3.176714732585641
10.342853,-3.661631189440757
10.343319,-3.97500572213321
10.343784,-4.184313725490196
10.344250,-4.36609445334554
10.344715,-4.4614328221561
10.345181,-4.367605096513313
10.345646,-4.105256733043412
10.346112,-3.7594872968642705
10.346577,-3.3754482337682155
10.347043,-3.0031586175326157
10.347508,-2.623651483939879
10.347974,-2.193957427328908
10.348439,-1.712230106050202
10.348905,-1.187533379110399
10.349370,-0.5730373083085373
10.349836,0.12001220721751735
10.350301,0.8622415503166245
10.350767,1.6037994964522775
10.351232,2.255054551003281
10.351698,2.846555275806821
10.352163,3.4454413672083617
10.352629,4.008072022583352
10.353095,4.401510643167772
10.353560,4.635156786449988
10.354026,4.7909208819714655
10.354491,4.882902265964751
10.354957,4.83422598611429
10.355422,4.604272526131075
10.355888,4.279148546578164
10.356353,3.921126115815976
10.356819,3.5649500267032885
10.357284,3.1721828030823223
10.357750,2.6961623559929806
10.358215,2.181704432745861
10.358681,1.6608682383459221
10.359146,1.0921950102998397
10.359612,0.4520180056458381
10.360077,-0.269565880827039
10.360543,-1.078767071030747
10.361008,-1.837277790493629
10.361474,-2.4687266346227204
10.361939,-3.0657663843747613
10.362405,-3.643167772945754
10.362870,-4.0988784618905925
10.363336,-4.412588693064775
10.363801,-4.661676966506447
10.364267,-4.828015564202334
10.364732,-4.855039291981384
10.365198,-4.691218432898451
10.365663,-4.3832150759136335
10.366129,-4.002532997634852
10.366595,-3.6270542458228427
10.367060,-3.2498970016021973
10.367526,-2.82406347753109
10.367991,-2.33847562371252
10.368457,-1.8149538414587625
10.368922,-1.2650797283894102
10.369388,-0.6447089341573206
10.369853,0.08039978637369342
10.370319,0.9236743724727244
10.370784,1.7333791103990235
10.371250,2.3748989089799344
10.371715,2.9536430914778364
10.372181,3.5448081177996484
10.372646,4.079911497672999
10.373112,4.485435263599602
10.373577,4.783871213855192
10.374043,4.939971007858396
10.374508,4.896665903715571
10.374974,4.655298695353627
10.375439,4.31154345006485
10.375905,3.9486533913176163
10.376370,3.594155794613565
10.376836,3.217166399633783
10.377301,2.7720302128633554
10.377767,2.29399557488365
10.378232,1.8149538414587625
10.378698,1.317112993057145
10.379163,0.7531395437552453
10.379629,0.11329823758297093
10.380094,-0.6618295567254139
10.380560,-1.496711680781262
10.381026,-2.2142671854734113
10.381491,-2.8136568245975435
10.381957,-3.3982757305256737
10.382422,-3.9669489585717557
10.382888,-4.417456321049821
10.383353,-4.714213778896772
10.383819,-4.885420004577706
10.384284,-4.986800946059358
10.384750,-5.002410925459678
10.385215,-4.828015564202334
10.385681,-4.50087739375906
10.386146,-4.111802853437094
10.386612,-3.6856336308842597
10.387077,-3.2124666208896007
10.387543,-2.7399710078583963
10.388008,-2.2600900282291905
10.388474,-1.7350576028076599
10.388939,-1.1349965667200732
10.389405,-0.44748607614251923
10.389870,0.35365835049973293
10.390336,1.222110322728313
10.390801,1.994384679942016
10.391267,2.6370794232089723
10.391732,3.2644998855573353
10.392198,3.8895704585336075
10.392663,4.430380712596323
10.393129,4.833218890669108
10.393594,5.082642862592507
10.394060,5.214572365911344
10.394526,5.239414053559167
10.394991,5.114534218356602
10.395457,4.881559472037842
10.395922,4.571038376440071
10.396388,4.1960631723506525
10.396853,3.7767757686732284
10.397319,3.3427176317998017
10.397784,2.860654612039368
10.398250,2.301380941481651
10.398715,1.6954451819638359
10.399181,1.0284122987716486
10.399646,0.28148317692835884
10.400112,-0.5513847562371251
10.400577,-1.3689784084840162
10.401043,-2.094926375219348
10.401508,-2.7713588158999007
10.401974,-3.439063096055543
10.402439,-4.034592202639811
10.402905,-4.471335927367056
10.403370,-4.742244602121004
10.403836,-4.929060807202257
10.404301,-5.069886320286869
10.404767,-5.054612039368277
10.405232,-4.817944609750515
10.405698,-4.460929274433509
10.406163,-4.056076905470359
10.406629,-3.608422980086976
10.407094,-3.165468833447776
10.407560,-2.7206683451590754
10.408026,-2.225513084611276
10.408491,-1.6699320973525598
10.408957,-1.040161745632105
10.409422,-0.343251697566186
10.409888,0.44328984512092773
10.410353,1.2939497978179597
10.410819,2.0945906767376212
10.411284,2.77270160982681
10.411750,3.383672846570535
10.412215,3.9671168078126193
10.412681,4.458579385061418
10.413146,4.805691615167468
10.413612,5.0485694666971845
10.414077,5.213900968947891
10.414543,5.202487220569162
10.415008,4.965484092469673
10.415474,4.611657892729077
10.415939,4.225604638742656
10.416405,3.815213244831006
10.416870,3.392736705577172
10.417336,2.925108720531014
10.417801,2.3866483558403906
10.418267,1.8246890974288548
10.418732,1.2338597695887694
10.419198,0.5674982833600366
10.419663,-0.18648050659952697
10.420129,-1.01196307316701
10.420594,-1.839795529106584
10.421060,-2.559533073929961
10.421525,-3.2050812542916
10.421991,-3.8303196765087355
10.422457,-4.380025940337224
10.422922,-4.785717555504692
10.423388,-5.059143968871595
10.423853,-5.234882124055848
10.424319,-5.2803692683299
10.424784,-5.148607614251927
10.425250,-4.884580758373388
10.425715,-4.542000457770658
10.426181,-4.141680018310826
10.426646,-3.6936903944457162
10.427112,-3.2015564202334628
10.427577,-2.6595712214847027
10.428043,-2.11976806286717
10.428508,-1.5809719996948193
10.428974,-0.9642938887617305
10.429439,-0.23784237430380706
10.429905,0.6040894178683145
10.430370,1.4983901731898985
10.430836,2.279896238651102
10.431301,2.9257801174944684
10.431767,3.5575646601052875
10.432232,4.160479133287556
10.432698,4.637170977340351
10.433163,4.967498283360037
10.433629,5.207858396276798
10.434094,5.318974593728542
10.434560,5.243945983062485
10.435025,4.986968795300221
10.435491,4.640527962157624
10.435957,4.257831692988479
10.436422,3.831998168917372
10.436888,3.3719233997100786
10.437353,2.88046082246128
10.437819,2.3906767376211184
10.438284,1.873701075761044
10.438750,1.2479591058213169
10.439215,0.5218432898451209
10.439681,-0.2861829556725414
10.440146,-1.1566491187914856
10.440612,-1.9505760280766002
10.441077,-2.5914244296940567
10.441543,-3.2322728313115126
10.442008,-3.8977950713359273
10.442474,-4.459250782024872
10.442939,-4.839429312581062
10.443405,-5.085831998168917
10.443870,-5.223132677195392
10.444336,-5.25334554055085
10.444801,-5.133333333333333
10.445267,-4.852857251850156
10.445732,-4.477714198519875
10.446198,-4.055237659266041
10.446663,-3.5896238651102466
10.447129,-3.0761730373083087
10.447594,-2.565575646601053
10.448060,-2.05145342183566
10.448525,-1.481269550621805
10.448991,-0.8122224765392537
10.449457,-0.050522621499961846
10.449922,0.7944304570077059
10.450388,1.6366979476615549
10.450853,2.3643244068055234
10.451319,3.037232013427939
10.451784,3.693858243686579
10.452250,4.244403753719387
10.452715,4.650263218127718
10.453181,4.937956816968032
10.453646,5.136018921187151
10.454112,5.240421149004348
10.454577,5.183688105592431
10.455043,4.907743953612574
10.455508,4.511619745174334
10.455974,4.09098954757
10.456439,3.657602807660029
10.456905,3.201052872510872
10.457370,2.729732204165713
10.457836,2.2278629739833673
10.458301,1.655832761120012
10.458767,1.0062561989776455
10.459232,0.2829938200961318
10.459698,-0.5322499427786678
10.460163,-1.3899595635919737
10.460629,-2.1378957808804455
10.461094,-2.7941863126573585
10.461560,-3.462394140535591
10.462025,-4.103074692912184
10.462491,-4.607125963225757
10.462956,-4.941649500267032
10.463422,-5.175127794308384
10.463888,-5.325352864881361
10.464353,-5.340291447318227
10.464819,-5.12494087129015
10.465284,-4.771282520790417
10.465750,-4.4055390249485
10.466215,-4.010925459678035
10.466681,-3.559914549477378
10.467146,-3.067444876783398
10.467612,-2.533012893873503
10.468077,-1.9490653849088273
10.468543,-1.349675745784695
10.469008,-0.6990920881971465
10.469474,0.05387960631723506
10.469939,0.9119249256122682
10.470405,1.751506828412299
10.470870,2.4823224231326773
10.471336,3.14868390936141
10.471801,3.758312352178226
10.472267,4.282001983672846
10.472732,4.67376211184863
10.473198,4.944670786602578
10.473663,5.12997634851606
10.474129,5.222629129472801
10.474594,5.091706721599145
10.475060,4.764400701915007
10.475525,4.375326161593041
10.475991,3.97450217441062
10.476456,3.5538719768062865
10.476922,3.0889295796139464
10.477388,2.5884031433585104
10.477853,2.072770275425345
10.478319,1.546059357595178
10.478784,0.9263599603265431
10.479250,0.166674296177615
10.479715,-0.7014419775692378
10.480181,-1.5756008239871824
10.480646,-2.32152285038529
10.481112,-2.9504539559014265
10.481577,-3.5609216449225607
10.482043,-4.174242771038376
10.482508,-4.683497367818722
10.482974,-5.026413366903181
10.483439,-5.243945983062485
10.483905,-5.358754863813228
10.484370,-5.304371709773403
10.484836,-5.059479667353322
10.485301,-4.72965590905623
10.485767,-4.351491569390402
10.486232,-3.9155870908674757
10.486698,-3.4370489051651787
10.487163,-2.924773022049287
10.487629,-2.3649958037689784
10.488094,-1.8032043945983063
10.488560,-1.2100251773861295
10.489025,-0.5228503852903028
10.489491,0.28517586022735936
10.489956,1.1774624246585796
10.490422,2.0026092927443346
10.490888,2.6934767681391625
10.491353,3.3527885862516213
10.491819,4.01948577096208
10.492284,4.576745250629434
10.492750,4.931242847333486
10.493215,5.1575036240177
10.493681,5.3092393377584495
10.494146,5.347508964675364
10.494612,5.1991302357518885
10.495077,4.915465018692302
10.495543,4.526390478370336
10.496008,4.069504844739453
10.496474,3.5965056839856557
10.496939,3.114442664225223
10.497405,2.610223544670786
10.497870,2.100633249408713
10.498336,1.537666895551995
10.498801,0.8417639429312581
10.499267,0.041794460975051496
10.499732,-0.8357213702601664
10.500198,-1.6957808804455634
10.500663,-2.4133363851377125
10.501129,-3.0311894407568474
10.501594,-3.6817730983443964
10.502060,-4.312046997787442
10.502525,-4.7830319676508735
10.502991,-5.086335545891508
10.503456,-5.280201419089036
10.503922,-5.386953536278325
10.504387,-5.329045548180361
10.504853,-5.074418249790188
10.505319,-4.688029297322042
10.505784,-4.260181582360571
10.506250,-3.8368657969024187
10.506715,-3.3868619821469443
10.507181,-2.8868390936140997
10.507646,-2.3420004577706566
10.508112,-1.7478141451132982
10.508577,-1.066346227206836
10.509043,-0.3365377279316396
10.509508,0.4624246585793851
10.509974,1.3291981383993283
10.510439,2.1335317006179904
10.510905,2.828427557793545
10.511370,3.516609445334554
10.511836,4.161821927214465
10.512301,4.646570534828717
10.512767,4.973540856031128
10.513232,5.207186999313344
10.513698,5.352880140383
10.514163,5.361608300907911
10.514629,5.184023804074159
10.515094,4.84060425726711
10.515560,4.4162813763637745
10.516025,3.9694666971847097
10.516491,3.509727626459144
10.516956,3.0271610589761195
10.517422,2.5048142214084073
10.517887,1.954604409857328
10.518353,1.3538719768062866
10.518819,0.682978561074235
10.519284,-0.09517051956969558
10.519750,-1.002899214160372
10.520215,-1.8827649347676811
10.520681,-2.606530861371786
10.521146,-3.26013580529488
10.521612,-3.8942702372777904
10.522077,-4.433737697413596
10.522543,-4.853360799572748
10.523008,-5.170260166323339
10.523474,-5.383093003738459
10.523939,-5.46701762417029
10.524405,-5.346837567711909
10.524870,-5.019195849546043
10.525336,-4.614175631342031
10.525801,-4.215365835049973
10.526267,-3.781475547417411
10.526732,-3.2938735027084762
10.527198,-2.768841077286946
10.527663,-2.2041962310215917
10.528129,-1.5799649042496375
10.528594,-0.9058823529411764
10.529060,-0.17204547188525215
10.529525,0.6739147020675975
10.529991,1.5698939497978177
10.530456,2.3624780651560235
10.530922,3.037232013427939
10.531387,3.693858243686579
10.531853,4.3135576409552145
10.532319,4.825833524071107
10.532784,5.1769741359578845
10.533250,5.372350652323186
10.533715,5.459967956054017
10.534181,5.401892118715191
10.534646,5.159517814908065
10.535112,4.821805142290378
10.535577,4.453879606317235
10.536043,4.008743419546806
10.536508,3.498146028839551
10.536974,2.9680781261921108
10.537439,2.435492484931716
10.537905,1.8871290150301367
10.538370,1.2862287327382314
10.538836,0.5758907454032196
10.539301,-0.2808117799649042
10.539767,-1.2113679713130387
10.540232,-2.052124818799115
10.540698,-2.7433279926756695
10.541163,-3.3831692988479443
10.541629,-3.9943083848325314
10.542094,-4.546028839551385
10.542560,-4.968337529564355
10.543025,-5.254520485236896
10.543491,-5.426062409399557
10.543956,-5.467353322652017
10.544422,-5.312428473334859
10.544887,-4.99150072480354
10.545353,-4.591180285343709
10.545818,-4.123384451056687
10.546284,-3.625207904173342
10.546750,-3.143984130617227
10.547215,-2.6434576943617913
10.547681,-2.0892195010299837
10.548146,-1.4681773098344395
10.548612,-0.7447470817120622
10.549077,0.08476386663614863
10.549543,0.9676508735790036
10.550008,1.8183108262760357
10.550474,2.558525978484779
10.550939,3.242343785763333
10.551405,3.927168688487068
10.551870,4.564660105287251
10.552336,5.03598077363241
10.552801,5.315281910429541
10.553267,5.479102769512474
10.553732,5.491523613336385
10.554198,5.4918593118181125
10.554663,5.211551079575799
10.555129,4.86678873884184
10.555594,4.4478370336461435
10.556060,3.961074235141527
10.556525,3.447791256580453
10.556991,2.9230945296406503
10.557456,2.385976958876936
10.557922,1.8075684748607612
10.558387,1.1442282749675745
10.558853,0.38823529411764707
10.559318,-0.4459754329747464
10.559784,-1.3372549019607842
10.560250,-2.180361638818952
10.560715,-2.9046311131456473
10.561181,-3.5867704280155643
10.561646,-4.232318608377202
10.562112,-4.744762340733959
10.562577,-5.077439536125734
10.563043,-5.331395437552453
10.563508,-5.48900587472343
10.563974,-5.492530708781567
10.564439,-5.346501869230182
10.564905,-4.982436865796902
10.565370,-4.536797131303883
10.565836,-4.052719920653086
10.566301,-3.578042267490653
10.566767,-3.093125810635538
10.567232,-2.565575646601053
10.567698,-1.9913633936064699
10.568163,-1.3344014648661022
10.568629,-0.5520561532005797
10.569094,0.29172198062104215
10.569560,1.1727626459143967
10.570025,2.0207370107576104
10.570491,2.7606164644846265
10.570956,3.4545052262149993
10.571422,4.121873807888914
10.571887,4.694911116197451
10.572353,5.1141985198748765
10.572818,5.424048218509193
10.573284,5.491187914854658
10.573750,5.4918593118181125
10.574215,5.488502327000839
10.574681,5.142732890821698
10.575146,4.758693827725642
10.575612,4.344945448996718
10.576077,3.906523231860837
10.576543,3.3910582131685354
10.577008,2.811642633707179
10.577474,2.2285343709468224
10.577939,1.6325017166399636
10.578405,0.954558632791638
10.578870,0.1918516823071641
10.579336,-0.682978561074235
10.579801,-1.6236057068741891
10.580267,-2.448249027237354
10.580732,-3.1475089646753647
10.581198,-3.826291294728008
10.581663,-4.451529716945143
10.582129,-4.9152971694514385
10.582594,-5.253009842069123
10.583060,-5.485648889906157
10.583525,-5.492530708781567
10.583991,-5.493202105745021
10.584456,-5.365636682688639
10.584922,-4.991668574044404
10.585387,-4.572549019607843
10.585853,-4.1062638284885935
10.586318,-3.572838941023881
10.586784,-3.0182650492103456
10.587249,-2.4856794079499505
10.587715,-1.9270771343556878
10.588181,-1.2728007934691385
10.588646,-0.5077439536125734
10.589112,0.37111467154955363
10.589577,1.3312123292896925
10.590043,2.18992904554818
10.590508,2.893888761730373
10.590974,3.572335393301289
10.591439,4.243060959792477
10.591905,4.81039139391165
10.592370,5.230014496070802
10.592836,5.486488136110475
10.593301,5.4918593118181125
10.593767,5.491523613336385
10.594232,5.487830930037385
10.594698,5.131654840924696
10.595163,4.748622873273822
10.595629,4.344274052033264
10.596094,3.865735866330968
10.596560,3.316197451743343
10.597025,2.7535667963683528
10.597491,2.193957427328908
10.597956,1.5907072556649118
10.598422,0.873990997177081
10.598887,0.04548714427405204
10.599353,-0.873990997177081
10.599818,-1.7504997329671168
10.600284,-2.492393377584497
10.600749,-3.202059967956054
10.601215,-3.9226367589837494
10.601681,-4.561303120469978
10.602146,-5.0233920805676355
10.602612,-5.323002975509269
10.603077,-5.487495231555656
10.603543,-5.492698558022431
10.604008,-5.493202105745021
10.604474,-5.310246433203631
10.604939,-4.919157701991303
10.605405,-4.475364309147783
10.605870,-3.9687953002212555
10.606336,-3.4336919203479055
10.606801,-2.9204089417868313
10.607267,-2.3879911497672994
10.607732,-1.7981689173723965
10.608198,-1.1136797131303884
10.608663,-0.3184100099183642
10.609129,0.5983825436789503
10.609594,1.5252460517280841
10.610060,2.323201342793927
10.610525,3.0170901045243
10.610991,3.7166857404440377
10.611456,4.38808270389868
10.611922,4.915800717174029
10.612387,5.273990997177081
10.612853,5.488502327000839
10.613318,5.4918593118181125
10.613784,5.4918593118181125
10.614249,5.43949034866865
10.614715,5.040009155413137
10.615181,4.618371862363622
10.615646,4.172564278629739
10.616112,3.6958724345769434
10.616577,3.1923247119859615
10.617043,2.6307011520561527
10.617508,2.0225833524071106
10.617974,1.368474860761425
10.618439,0.6306095979247729
10.618905,-0.20695811398489355
10.619370,-1.107972838941024
10.619836,-1.9702143892576487
10.620301,-2.734935530632486
10.620767,-3.4558480201419086
10.621232,-4.152758068207827
10.621698,-4.748119325551232
10.622163,-5.1581750209811545
10.622629,-5.41380941481651
10.623094,-5.491691462577248
10.623560,-5.493034256504157
10.624025,-5.493369954985885
10.624491,-5.292454413672083
10.624956,-4.8763561455710684
10.625422,-4.430045014114595
10.625887,-3.9437857633325706
10.626353,-3.4150606546120397
10.626818,-2.83598077363241
10.627284,-2.2396124208438235
10.627749,-1.6410620279240098
10.628215,-0.9579156176089111
10.628680,-0.16365300984206912
10.629146,0.7402151522087433
10.629612,1.6769817654688333
10.630077,2.5148851758602273
10.630543,3.217166399633783
10.631008,3.876478217746243
10.631474,4.493492027161058
10.631939,4.982940413519493
10.632405,5.323338673990998
10.632870,5.490180819409476
10.633336,5.4918593118181125
10.633801,5.492530708781567
10.634267,5.3196459906919955
10.634732,4.937285420004578
10.635198,4.526390478370336
10.635663,4.084611276417182
10.636129,3.6173189898527505
10.636594,3.0761730373083087
10.637060,2.4863508049134047
10.637525,1.8878004119935914
10.637991,1.2372167544060426
10.638456,0.4906233310444801
10.638922,-0.38084992751964597
10.639387,-1.3303730830853742
10.639853,-2.1931181811245897
10.640318,-2.8848249027237354
10.640784,-3.5500114442664223
10.641249,-4.2509498741130685
10.641715,-4.852521553368429
10.642180,-5.252506294346532
10.642646,-5.484809643701839
10.643112,-5.4923628595407035
10.643577,-5.493202105745021
10.644043,-5.472556649118792
10.644508,-5.1561608300907915
10.644974,-4.759365224689097
10.645439,-4.300129701686122
10.645905,-3.789028763256275
10.646370,-3.2230411230640117
10.646836,-2.6417792019531547
10.647301,-2.0845197222858016
10.647767,-1.4913405050736248
10.648232,-0.7867093919279774
10.648698,0.032730601968413826
10.649163,0.9637903410391393
10.649629,1.9012283512626842
10.650094,2.6713206683451594
10.650560,3.336675059128709
10.651025,4.001358052948806
10.651491,4.602929732204165
10.651956,5.050080109864957
10.652422,5.351537346456091
10.652887,5.490516517891203
10.653353,5.492530708781567
10.653818,5.492530708781567
10.654284,5.3092393377584495
10.654749,4.901365682459754
10.655215,4.4478370336461435
10.655680,3.977187762264439
10.656146,3.4756542305638205
10.656612,2.9504539559014265
10.657077,2.4245822842755778
10.657543,1.833417257953765
10.658008,1.129625391012436
10.658474,0.3331807431143664
10.658939,-0.554909590295262
10.659405,-1.4805981536583503
10.659870,-2.2817425803006026
10.660336,-2.967742427710384
10.660801,-3.683451590753033
10.661267,-4.378347447928588
10.661732,-4.921171892881667
10.662198,-5.283222705424581
10.662663,-5.487495231555656
10.663129,-5.4923628595407035
10.663594,-5.493202105745021
10.664060,-5.466849774929427
10.664525,-5.122926680399786
10.664991,-4.6991073472190426
10.665456,-4.2252689402609285
10.665922,-3.718028534370947
10.666387,-3.1834287022201875
10.666853,-2.6199588006408785
10.667318,-2.000259403372244
10.667784,-1.3285267414358741
10.668249,-0.6114747844663156
10.668715,0.2012512397955291
10.669180,1.1274433508812083
10.669646,2.0242618448157472
10.670111,2.7938506141756316
10.670577,3.526680399786374
10.671043,4.208148317692836
10.671508,4.767421988250553
10.671974,5.170260166323339
10.672439,5.452246890974289
10.672905,5.4918593118181125
10.673370,5.492530708781567
10.673836,5.4928664072632944
10.674301,5.232364385442892
10.674767,4.807034409094376
10.675232,4.369954985885405
10.675698,3.9110551613641564
10.676163,3.419256885633631
10.676629,2.9042954146639195
10.677094,2.3322652018005647
10.677560,1.6915846494239721
10.678025,0.9703364614328222
10.678491,0.16264591439688714
10.678956,-0.741390096894789
10.679422,-1.674631876096742
10.679887,-2.487357900358587
10.680353,-3.192996108949416
10.680818,-3.86170748455024
10.681284,-4.487953002212557
10.681749,-5.009292744335088
10.682215,-5.372518501564049
10.682680,-5.491187914854658
10.683146,-5.493034256504157
10.683611,-5.493537804226749
10.684077,-5.366643778133822
10.684543,-4.983108262760357
10.685008,-4.5811093308918895
10.685474,-4.118516823071641
10.685939,-3.5874418249790185
10.686405,-3.0170901045243
10.686870,-2.4081330586709395
10.687336,-1.7827267872129393
10.687801,-1.1336537727931637
10.688267,-0.39226367589837485
10.688732,0.48189517051956965
10.689198,1.4389715419241624
10.689663,2.327229724574655
10.690129,3.096986343175402
10.690594,3.8063172350652317
10.691060,4.467307545586327
10.691525,5.023224231326771
10.691991,5.420019836728465
10.692456,5.490516517891203
10.692922,5.491187914854658
10.693387,5.4923628595407035
10.693853,5.493202105745021
10.694318,5.294468604562447
10.694784,4.904051270313572
10.695249,4.427695124742504
10.695715,3.9033340962844285
10.696180,3.360845349813077
10.696646,2.8049286640726327
10.697111,2.23944457160296
10.697577,1.6397192339971005
10.698043,0.9052109559777218
10.698508,0.029205767910276948
10.698974,-0.9376058594644082
10.699439,-1.8622873273823148
10.699905,-2.6307011520561527
10.700370,-3.304448004882887
10.700836,-3.985915922789349
10.701301,-4.64623483634699
10.701767,-5.147096971084154
10.702232,-5.46701762417029
10.702698,-5.4923628595407035
10.703163,-5.493202105745021
10.703629,-5.493369954985885
10.704094,-5.347508964675364
10.704560,-4.983443961242084
10.705025,-4.564492256046387
10.705491,-4.075715266651407
10.705956,-3.532722972457465
10.706422,-2.97261005569543
10.706887,-2.399740596627756
10.707353,-1.7906157015335318
10.707818,-1.0754100862134737
10.708284,-0.27141222247653923
10.708749,0.5946898603799496
10.709215,1.5000686655985351
10.709680,2.3267261768520635
10.710146,3.0479743648432134
10.710611,3.7599908445868624
10.711077,4.447165636682689
10.711542,4.962798504615853
10.712008,5.283726253147173
10.712474,5.485145342183566
10.712939,5.4918593118181125
10.713405,5.492530708781567
10.713870,5.382421606775005
10.714336,5.029602502479591
10.714801,4.5895017929350725
10.715267,4.105424582284275
10.715732,3.6015411612115655
10.716198,3.063920042725261
10.716663,2.5118638895246814
10.717129,1.9629968719005113
10.717594,1.3214770733196002
10.718060,0.5476920729381246
10.718525,-0.32394903486686505
10.718991,-1.2603799496452275
10.719456,-2.1365529869535362
10.719922,-2.878110933089189
10.720387,-3.5738460364690616
10.720853,-4.2553139543755245
10.721318,-4.815762569619287
10.721784,-5.21020828564889
10.722249,-5.483299000534066
10.722715,-5.492530708781567
10.723180,-5.493034256504157
10.723646,-5.493705653467612
10.724111,-5.304371709773403
10.724577,-4.862760357061111
10.725042,-4.417792019531547
10.725508,-3.9535210193026624
10.725974,-3.432684824902724
10.726439,-2.864011596856641
10.726905,-2.269489585717555
10.727370,-1.6239414053559167
10.727836,-0.9005111772335392
10.728301,-0.12202639810788128
10.728767,0.7544823376821546
10.729232,1.6702677958342866
10.729698,2.4739299610894943
10.730163,3.190646219577325
10.730629,3.914076447699702
10.731094,4.546532387273975
10.731560,4.997039749752041
10.732025,5.303196765087358
10.732491,5.489173723964294
10.732956,5.4918593118181125
10.733422,5.492530708781567
10.733887,5.285740444037536
10.734353,4.910765239948119
10.734818,4.5284046692607
10.735284,4.095353627832456
10.735749,3.568642710002289
10.736215,2.994262607766842
10.736680,2.4222323949034865
10.737146,1.8461738002594035
10.737611,1.2150606546120393
10.738077,0.4953231097886625
10.738542,-0.38017853055619133
10.739008,-1.357564660105287
10.739474,-2.235416189822232
10.739939,-2.9502861066605632
10.740405,-3.6263828488593877
10.740870,-4.266895551995117
10.741336,-4.800991836423285
10.741801,-5.205508506904708
10.742267,-5.480109864957656
10.742732,-5.4923628595407035
10.743198,-5.493369954985885
10.743663,-5.482795452811475
10.744129,-5.089860379949646
10.744594,-4.673426413366903
10.745060,-4.250278477149615
10.745525,-3.767376211184863
10.745991,-3.2198519874876017
10.746456,-2.6375829709315632
10.746922,-2.050278477149615
10.747387,-1.428900587472343
10.747853,-0.7094987411306934
10.748318,0.14468604562447548
10.748784,1.0935378042267492
10.749249,1.9777676050965134
10.749715,2.7119401846341646
10.750180,3.3935759517814903
10.750646,4.07856870374609
10.751111,4.701457236591135
10.751577,5.178988326848248
10.752042,5.465003433279927
10.752508,5.491187914854658
10.752973,5.4918593118181125
10.753439,5.4918593118181125
10.753905,5.2431067368581665
10.754370,4.878873884184023
10.754836,4.469993133440146
10.755301,3.977859159227893
10.755767,3.4387273975738153
10.756232,2.880796520943007
10.756698,2.3168230716411076
10.757163,1.7392538338292514
10.757629,1.0995803768978407
10.758094,0.3207598992904554
10.758560,-0.6047608148317694
10.759025,-1.560997940032044
10.759491,-2.3782558937972076
10.759956,-3.062073701075761
10.760422,-3.7492484931715873
10.760887,-4.4142671854734115
10.761353,-4.9340962844281675
10.761818,-5.252841992828259
10.762284,-5.467185473411154
10.762749,-5.4923628595407035
10.763215,-5.493369954985885
10.763680,-5.435126268406195
10.764146,-5.059479667353322
10.764611,-4.6215609979400325
10.765077,-4.1299305714503705
10.765542,-3.632593270771343
10.766008,-3.127870603494316
10.766473,-2.577325093461509
10.766939,-1.9838101777676047
10.767405,-1.333562218661784
10.767870,-0.5738765545128556
10.768336,0.286854352635996
10.768801,1.1913939116502632
10.769267,2.037521934843976
10.769732,2.7606164644846265
10.770198,3.450812542915999
10.770663,4.14000152590219
10.771129,4.750637064164187
10.771594,5.158510719462883
10.772060,5.399206530861371
10.772525,5.490516517891203
10.772991,5.4918593118181125
10.773456,5.436804760814831
10.773922,5.099092088197146
10.774387,4.6996108949416335
10.774853,4.273609521629663
10.775318,3.8348516060120548
10.775784,3.3407034409094374
10.776249,2.7619592584115362
10.776715,2.1624017700465394
10.777180,1.5547875181200885
10.777646,0.8749980926222628
10.778111,0.10087739375906005
10.778577,-0.7704280155642024
10.779042,-1.6947737850003814
10.779508,-2.5145494773784995
10.779973,-3.219180590524147
10.780439,-3.899473563744564
10.780904,-4.52706187533379
10.781370,-4.984115358205539
10.781836,-5.2845654993514914
10.782301,-5.487327382314794
10.782767,-5.492698558022431
10.783232,-5.493202105745021
10.783698,-5.340291447318227
10.784163,-4.9389639124132145
10.784629,-4.4798962386511025
10.785094,-4.010589761196307
10.785560,-3.5283588921950106
10.786025,-2.998123140306706
10.786491,-2.4177004654001677
10.786956,-1.8095826657511254
10.787422,-1.1542992294193941
10.787887,-0.4110627908751049
10.788353,0.45302510109102007
10.788818,1.4164797436484322
10.789284,2.2892957961394673
10.789749,2.978652628366522
10.790215,3.633264667734798
10.790680,4.2883802548256655
10.791146,4.843289845120927
10.791611,5.241260395208666
10.792077,5.48715953307393
10.792542,5.491187914854658
10.793008,5.4918593118181125
10.793473,5.399206530861371
10.793939,5.048401617456321
10.794404,4.657312886243991
10.794870,4.2504463263904775
10.795336,3.793224994277867
10.795801,3.2446936751354234
10.796267,2.656885633630884
10.796732,2.075120164797436
10.797198,1.464484626535439
10.797663,0.7697566186007476
10.798129,-0.01594567788204776
10.798594,-0.9340810254062715
10.799060,-1.8632944228274966
10.799525,-2.636743724727245
10.799991,-3.3175402456702527
10.800456,-3.988097962920577
10.800922,-4.603433279926756
10.801387,-5.061326009002824
10.801853,-5.36295109483482
10.802318,-5.490516517891203
10.802784,-5.4928664072632944
10.803249,-5.493369954985885
10.803715,-5.244113832303349
10.804180,-4.854535744258793
10.804646,-4.414602883955139
10.805111,-3.917769130998703
10.805577,-3.359334706645304
10.806042,-2.80526436255436
10.806508,-2.2634470130464637
10.806973,-1.6838635843442435
10.807439,-1.0065918974593726
10.807904,-0.22273594262607763
10.808370,0.6896925307087814
10.808836,1.6403906309605554
10.809301,2.440360112916762
10.809767,3.1157854581521325
10.810232,3.7992675669489584
10.810698,4.458579385061418
10.811163,4.988982986190585
10.811629,5.36295109483482
10.812094,5.490516517891203
10.812560,5.491187914854658
10.813025,5.4918593118181125
10.813491,5.36295109483482
10.813956,5.011139085984588
10.814422,4.601251239795529
10.814887,4.1447013046463725
10.815353,3.652903028915846
10.815818,3.1444876783398183
10.816284,2.6008239871824217
10.816749,1.995727473868925
10.817215,1.331044480048829
10.817680,0.5889829861905852
10.818146,-0.2566414892805371
10.818611,-1.179140917067216
10.819077,-2.0267795834287017
10.819542,-2.7584344243533985
10.820008,-3.472465094987411
10.820473,-4.173235675593194
10.820939,-4.763393606469825
10.821404,-5.1690852216372924
10.821870,-5.418173495078966
10.822335,-5.491691462577248
10.822801,-5.493034256504157
10.823267,-5.493705653467612
10.823732,-5.213061722743572
10.824198,-4.799816891737239
10.824663,-4.341588464179445
10.825129,-3.822430762188143
10.825594,-3.2926985580224306
10.826060,-2.75390249485008
10.826525,-2.18120088502327
10.826991,-1.56083009079118
10.827456,-0.8514991989013504
10.827922,-0.053208209353780414
10.828387,0.8478065156023499
10.828853,1.7672846570534828
10.829318,2.5806820782787825
10.829784,3.2896772716868847
10.830249,3.94697489890898
10.830715,4.543846799420157
10.831180,5.012481879911498
10.831646,5.332738231479362
10.832111,5.490180819409476
10.832577,5.4918593118181125
10.833042,5.4923628595407035
10.833508,5.262912947280078
10.833973,4.8654459449149305
10.834439,4.450522621499962
10.834904,4.004715037766079
10.835370,3.5320515754940107
10.835835,3.0063477531090257
10.836301,2.4124971389333942
10.836767,1.7995117112993053
10.837232,1.141878385595483
10.837698,0.3964599069199664
10.838163,-0.45638208590829327
10.838629,-1.3637750820172425
10.839094,-2.2144350347142745
10.839560,-2.9526359960326545
10.840025,-3.649881742580301
10.840491,-4.3140611886778055
10.840956,-4.853360799572748
10.841422,-5.22581826504921
10.841887,-5.47339589532311
10.842353,-5.4923628595407035
10.842818,-5.493369954985885
10.843284,-5.405249103532464
10.843749,-5.075593194476235
10.844215,-4.69440756847486
10.844680,-4.251117723353933
10.845146,-3.744884412909133
10.845611,-3.1846036469062327
10.846077,-2.575814450293736
10.846542,-1.9809567406729225
10.847008,-1.3795529106584266
10.847473,-0.6823071641107805
10.847939,0.138979171435111
10.848404,1.07339589532311
10.848870,2.0076447699702444
10.849335,2.786800946059357
10.849801,3.4467841611352714
10.850267,4.097703517204547
10.850732,4.698268101014724
10.851198,5.14743266956588
10.851663,5.450904097047379
10.852129,5.491187914854658
10.852594,5.4918593118181125
10.853060,5.4918593118181125
10.853525,5.232532234683757
10.853991,4.850003814755475
10.854456,4.443808651865416
10.854922,3.9805447470817126
10.855387,3.462897688258183
10.855853,2.910673685816739
10.856318,2.3638208590829324
10.856784,1.787090867475395
10.857249,1.0871595330739299
10.857715,0.27779049362935837
10.858180,-0.6232242313267718
10.858646,-1.5494163424124514
10.859111,-2.346868085755703
10.859577,-3.005508506904707
10.860042,-3.6908369573510336
10.860508,-4.384725719081406
10.860973,-4.931746395056076
10.861439,-5.281040665293354
10.861904,-5.485648889906157
10.862370,-5.492530708781567
10.862835,-5.493369954985885
10.863301,-5.3621118486305015
10.863766,-5.0228885328450446
10.864232,-4.615350576028076
10.864698,-4.152925917448691
10.865163,-3.6324254215304803
10.865629,-3.055024032959487
10.866094,-2.4767833981841765
10.866560,-1.907606622415503
10.867025,-1.2833752956435491
10.867491,-0.5520561532005797
10.867956,0.2960860608834973
10.868422,1.2207675288014037
10.868887,2.0882124055848017
10.869353,2.81902800030518
10.869818,3.5286945906767375
10.870284,4.2212405584802015
10.870749,4.775478751812009
10.871215,5.154818036163881
10.871680,5.416327153429465
10.872146,5.491187914854658
10.872611,5.492530708781567
10.873077,5.4918593118181125
10.873542,5.137865262836653
10.874008,4.706996261539635
10.874473,4.257160296025024
10.874939,3.7851682307164114
10.875404,3.2749065384908826
10.875870,2.745845731288624
10.876335,2.1882505531395435
10.876801,1.5571374074921795
10.877266,0.8340428778515299
10.877732,0.027023727779049357
10.878198,-0.8738231479362172
10.878663,-1.7733272297245746
10.879129,-2.518074311436637
10.879594,-3.1958495460440988
10.880060,-3.9060196841382466
10.880525,-4.559624628061342
10.880991,-5.03413443198291
10.881456,-5.336095216296635
10.881922,-5.489845120927748
10.882387,-5.4928664072632944
10.882853,-5.493369954985885
10.883318,-5.293293659876401
10.883784,-4.886762798504616
10.884249,-4.482749675745784
10.884715,-4.043488212405585
10.885180,-3.5391012436102844
10.885646,-2.9850308995193404
10.886111,-2.388326848249027
10.886577,-1.751842526894026
10.887042,-1.0804455634393835
10.887508,-0.3330128938735027
10.887973,0.5399710078583962
10.888439,1.4963759822995346
10.888904,2.368184939345388
10.889370,3.1117570763714046
10.889835,3.813366903181506
10.890301,4.44817273212787
10.890766,4.954406042572671
10.891232,5.306218051422903
10.891698,5.489845120927748
10.892163,5.4918593118181125
10.892629,5.4918593118181125
10.893094,5.489677271686884
10.893560,5.0668650339513235
10.894025,4.638513771267261
10.894491,4.1960631723506525
10.894956,3.720042725261311
10.895422,3.183596551461051
10.895887,2.6092164492256047
10.896353,2.026947432669566
10.896818,1.4302433813992523
10.897284,0.732997634851606
10.897749,-0.12034790569924468
10.898215,-1.0848096437018386
10.898680,-1.9992523079270614
10.899146,-2.7483634699015793
10.899611,-3.4128786144808116
10.900077,-4.065476462958724
10.900542,-4.688364995803769
10.901008,-5.171770809491111
10.901473,-5.4760814831769276
10.901939,-5.492195010299839
10.902404,-5.493202105745021
10.902870,-5.493369954985885
10.903335,-5.276508735790036
10.903801,-4.903715571831846
10.904266,-4.499534599832151
10.904732,-4.03089951934081
10.905197,-3.504356450751507
10.905663,-2.92813000686656
10.906129,-2.3070878156710153
10.906594,-1.6954451819638359
10.907060,-1.0477149614709695
10.907525,-0.29390402075226973
10.907991,0.5980468451972228
10.908456,1.5413595788509955
10.908922,2.3584496833752953
10.909387,3.0503242542153046
10.909853,3.733806363012131
10.910318,4.411581597619592
10.910784,4.945677882047761
10.911249,5.262241550316624
10.911715,5.4529182879377425
10.912180,5.491187914854658
10.912646,5.492530708781567
10.913111,5.279697871366445
10.913577,4.951049057755397
10.914042,4.540825513084611
10.914508,4.060440985732814
10.914973,3.55353627832456
10.915439,3.0238040741588463
10.915904,2.4732585641260396
10.916370,1.9210345616845959
10.916835,1.3040207522697793
10.917301,0.5436636911573968
10.917766,-0.3331807431143664
10.918232,-1.2734721904325932
10.918697,-2.1412527656977187
10.919163,-2.8495765621423668
10.919629,-3.4951247425040055
10.920094,-4.171053635461967
10.920560,-4.787060349431602
10.921025,-5.213565270466163
10.921491,-5.474738689250018
10.921956,-5.492195010299839
10.922422,-5.493369954985885
10.922887,-5.493369954985885
10.923353,-5.186037994964522
10.923818,-4.746440833142596
10.924284,-4.279652094300755
10.924749,-3.8137026016632336
10.925215,-3.311497672999161
10.925680,-2.7502098115510796
10.926146,-2.145952544441901
10.926611,-1.4977187762264437
10.927077,-0.7588464179446097
10.927542,0.03608758678568704
10.928008,0.9080643930724039
10.928473,1.8079041733424888
10.928939,2.5964599069199665
10.929404,3.2962233920805675
10.929870,4.007400625619898
10.930335,4.657312886243991
10.930801,5.10983443961242
10.931266,5.3931639581902795
10.931732,5.491187914854658
10.932197,5.492530708781567
10.932663,5.492530708781567
10.933129,5.341130693522544
10.933594,4.96078431372549
10.934060,4.517662317845427
10.934525,4.045502403295949
10.934991,3.5481651026169216
10.935456,3.010376134889754
10.935922,2.4316319523918515
10.936387,1.7921263447013047
10.936853,0.9585870145723658
10.937318,0.033066300450141146
10.937784,-0.8926222629129471
10.938249,-1.8307316700999465
10.938715,-2.667124437323568
10.939180,-3.351445792324711
10.939646,-3.998504615854123
10.940111,-4.616021972991531
10.940577,-5.102281223773556
10.941042,-5.4493934538796065
10.941508,-5.492027161058976
10.941973,-5.493202105745021
10.942439,-5.493369954985885
10.942904,-5.493537804226749
10.943370,-5.167406729228655
10.943835,-4.707835507743953
10.944301,-4.252460517280842
10.944766,-3.7579766536964976
10.945232,-3.206424048218509
10.945697,-2.6078736552986954
10.946163,-1.969878690775921
10.946628,-1.2768291752498664
10.947094,-0.5421530479896238
10.947560,0.2574807354848554
10.948025,1.1714198519874874
10.948491,2.0892195010299837
10.948956,2.872068360418097
10.949422,3.5683070115205617
10.949887,4.24776073853666
10.950353,4.859403372243839
10.950818,5.334416723887998
10.951284,5.490180819409476
10.951749,5.4918593118181125
10.952215,5.492530708781567
10.952680,5.492530708781567
10.953146,5.358922713054093
10.953611,4.996368352788586
10.954077,4.6067902647440295
10.954542,4.134294651712825
10.955008,3.5860990310521093
10.955473,3.010376134889754
10.955939,2.429953459983215
10.956404,1.8297245746547646
10.956870,1.1741054398413062
10.957335,0.41509117265583273
10.957801,-0.49985503929198144
10.958266,-1.4678416113527122
10.958732,-2.2997024490730142
10.959197,-2.9895628290226592
10.959663,-3.6545815213244826
10.960128,-4.276798657206074
10.960594,-4.795788509956512
10.961060,-5.175127794308384
10.961525,-5.428076600289921
10.961991,-5.491691462577248
10.962456,-5.493202105745021
10.962922,-5.269291218432898
10.963387,-4.902204928664072
10.963853,-4.4798962386511025
10.964318,-3.989105058365759
10.964784,-3.4635690852216374
10.965249,-2.9509575036240174
10.965715,-2.40679026474403
10.966180,-1.807400625619898
10.966646,-1.142381933318074
10.967111,-0.3909208819714656
10.967577,0.47383840695811397
10.968042,1.392813000686656
10.968508,2.234241245136187
10.968973,2.9486076142519266
10.969439,3.634103913939117
10.969904,4.3125505455100335
10.970370,4.911772335393301
10.970835,5.330052643625543
10.971301,5.490516517891203
10.971766,5.4918593118181125
10.972232,5.492530708781567
10.972697,5.492530708781567
10.973163,5.167910276951247
10.973628,4.8066987106126495
10.974094,4.36928358892195
10.974560,3.855329213397421
10.975025,3.311161974517433
10.975491,2.7512169069962615
10.975956,2.179690241855497
10.976422,1.5601586938277257
10.976887,0.8498207064927138
10.977353,0.04649423971923399
10.977818,-0.8410925459678035
10.978284,-1.7491569390402073
10.978749,-2.5664148928053714
10.979215,-3.2926985580224306
10.979680,-3.9906157015335313
10.980146,-4.6225680933852145
10.980611,-5.084992751964599
10.981077,-5.370168612191958
10.981542,-5.49085221637293
10.982008,-5.493034256504157
10.982473,-5.493369954985885
10.982939,-5.372518501564049
10.983404,-4.973876554512855
10.983870,-4.513633936064697
10.984335,-4.0218356603341725
10.984801,-3.531380178530556
10.985266,-3.0080262455176623
10.985732,-2.424917982757305
10.986197,-1.7959868772411687
10.986663,-1.098573281452659
10.987128,-0.30363927672236213
10.987594,0.5624628061341267
10.988059,1.4648203250171663
10.988525,2.2953383688105595
10.988991,3.0182650492103456
10.989456,3.7197070267795835
10.989922,4.382711528191043
10.990387,4.923521782253757
10.990853,5.299168383306629
10.991318,5.489845120927748
10.991784,5.4918593118181125
10.992249,5.4918593118181125
10.992715,5.408270389868009
10.993180,5.04336614023041
10.993646,4.651941710536354
10.994111,4.2296330205233845
10.994577,3.7754329747463182
10.995042,3.2359655146105135
10.995508,2.6303654535744254
10.995973,2.016037232013428
10.996439,1.3766994735637446
10.996904,0.6562905317769131
10.997370,-0.14804303044174866
10.997835,-1.056946669718471
10.998301,-1.9861600671396964
10.998766,-2.7792477302204923
10.999232,-3.4808575570305944
10.999697,-4.1650110627908745
11.000163,-4.766750591287098
11.000628,-5.1823453116655225
11.001094,-5.471046005951019
11.001559,-5.492195010299839
11.002025,-5.493202105745021
11.002491,-5.493537804226749
11.002956,-5.322499427786679
11.003422,-4.9183184557869835
11.003887,-4.479392690928511
11.004353,-3.988769359884032
11.004818,-3.429663538567177
11.005284,-2.842526894026093
11.005749,-2.266132600900282
11.006215,-1.6625467307545587
11.006680,-0.9703364614328222
11.007146,-0.18043793392843518
11.007611,0.7303120469977874
11.008077,1.7001449607080183
11.008542,2.5229419394216825
11.009008,3.1961852445258256
11.009473,3.862378881513695
11.009939,4.508598458838788
11.010404,5.0309452964065
11.010870,5.404577706569009
11.011335,5.491523613336385
11.011801,5.4918593118181125
11.012266,5.492530708781567
11.012732,5.340627145799953
11.013197,4.977233539330128
11.013663,4.5895017929350725
11.014128,4.172564278629739
11.014594,3.6727092393377587
11.015059,3.0963149462119475
11.015525,2.5001144426642252
11.015991,1.8983749141680017
11.016456,1.2498054474708171
11.016922,0.5043869687953002
11.017387,-0.3553368429083695
11.017853,-1.2979781795986878
11.018318,-2.155687800411993
11.018784,-2.871564812695506
11.019249,-3.5844205386434727
11.019715,-4.294422827496758
11.020180,-4.888944838635843
11.020646,-5.294300755321584
11.021111,-5.489173723964294
11.021577,-5.492698558022431
11.022042,-5.493369954985885
11.022508,-5.493705653467612
11.022973,-5.243442435339896
11.023439,-4.826840619516288
11.023904,-4.365087357900358
11.024370,-3.842236972610056
11.024835,-3.2903486686503394
11.025301,-2.7443350881208515
11.025766,-2.1677729457541774
11.026232,-1.5324635690852215
11.026697,-0.8122224765392537
11.027163,0.007049668116273747
11.027628,0.950194552529183
11.028094,1.8743724727244981
11.028559,2.6384222171358815
11.029025,3.321065079728389
11.029490,4.011429007400626
11.029956,4.651270313572899
11.030422,5.122590981918059
11.030887,5.428076600289921
11.031353,5.491523613336385
11.031818,5.4918593118181125
11.032284,5.492530708781567
11.032749,5.303196765087358
11.033215,4.889784084840161
11.033680,4.468650339513236
11.034146,4.0221713588159
11.034611,3.540779736018921
11.035077,3.0261539635309376
11.035542,2.4417029068436715
11.036008,1.7985046158541236
11.036473,1.0965590905622948
11.036939,0.32210269321736473
11.037404,-0.5520561532005797
11.037870,-1.4742198825055315
11.038335,-2.3134660868238344
11.038801,-3.054184786755169
11.039266,-3.771404592965591
11.039732,-4.450186923018234
11.040197,-5.000564583810177
11.040663,-5.366643778133822
11.041128,-5.491020065613794
11.041594,-5.493034256504157
11.042059,-5.493369954985885
11.042525,-5.493705653467612
11.042990,-5.189730678263523
11.043456,-4.757015335317005
11.043922,-4.295429922941939
11.044387,-3.7945677882047755
11.044853,-3.2467078660257878
11.045318,-2.6355687800411993
11.045784,-1.9980773632410163
11.046249,-1.35722896162356
11.046715,-0.6428625925078203
11.047180,0.18715190356298161
11.047646,1.1291218432898449
11.048111,2.0596780346379795
11.048577,2.8633401998931864
11.049042,3.561593041886015
11.049508,4.219562066071565
11.049973,4.8077058060578315
11.050439,5.248142214084076
11.050904,5.489173723964294
11.051370,5.4918593118181125
11.051835,5.492530708781567
11.052301,5.492530708781567
11.052766,5.254856183718624
11.053232,4.859739070725566
11.053697,4.442801556420234
11.054163,3.988601510643167
11.054628,3.501838712138552
11.055094,2.940215152208743
11.055559,2.3238727397573813
11.056025,1.6841992828259706
11.056490,0.982757305256733
11.056956,0.19588006408789194
11.057422,-0.7152056153200579
11.057887,-1.6719462882429232
11.058353,-2.5031357289997707
11.058818,-3.18443579766537
11.059284,-3.857343404287785
11.059749,-4.539650568398565
11.060215,-5.090028229190509
11.060680,-5.445532921339741
11.061146,-5.4918593118181125
11.061611,-5.493202105745021
11.062077,-5.493369954985885
11.062542,-5.4025635156786445
11.063008,-5.047730220492866
11.063473,-4.637674525062943
11.063939,-4.162325474937056
11.064404,-3.6351110093842984
11.064870,-3.055527580682078
11.065335,-2.447577630273899
11.065801,-1.8485236896314947
11.066266,-1.1986114290074006
11.066732,-0.44631113145647355
11.067197,0.4191195544365606
11.067663,1.378881513694972
11.068128,2.2965133134966047
11.068594,3.0385748073548484
11.069059,3.703257801174945
11.069525,4.358541237506675
11.069990,4.939299610894941
11.070456,5.361272602426184
11.070921,5.490516517891203
11.071387,5.4918593118181125
11.071853,5.492530708781567
11.072318,5.4918593118181125
11.072784,5.2568703746089875
11.073249,4.832547493705653
11.073715,4.364583810177768
11.074180,3.8717784390020595
11.074646,3.349431601434348
11.075111,2.811642633707179
11.075577,2.27016098268101
11.076042,1.640054932478828
11.076508,0.8807049668116274
11.076973,0.03205920500495917
11.077439,-0.9025253681239032
11.077904,-1.8367742427710383
11.078370,-2.6202944991226063
11.078835,-3.3185473411154343
11.079301,-4.052552071412222
11.079766,-4.7351949340047295
11.080232,-5.23404287785153
11.080697,-5.487495231555656
11.081163,-5.492530708781567
11.081628,-5.493369954985885
11.082094,-5.493537804226749
11.082559,-5.4702067597467
11.083025,-5.095231555657282
11.083490,-4.6591592278934915
11.083956,-4.16803234912642
11.084421,-3.642160677500572
11.084887,-3.0849011978332186
11.085353,-2.4866865033951324
11.085818,-1.8258640421149006
11.086284,-1.103440909437705
11.086749,-0.3419089036392767
11.087215,0.5184863050278476
11.087680,1.4675059128709849
11.088146,2.343343251697566
11.088611,3.096986343175402
11.089077,3.8361943999389636
11.089542,4.507423514152743
11.090008,5.021881437399863
11.090473,5.381078812848096
11.090939,5.490516517891203
11.091404,5.492195010299839
11.091870,5.4918593118181125
11.092335,5.492530708781567
11.092801,5.132661936369878
11.093266,4.698268101014724
11.093732,4.243732356755931
11.094197,3.752773327229724
11.094663,3.226230258640421
11.095128,2.6823987182421605
11.095594,2.076966506446937
11.096059,1.386266880292973
11.096525,0.6158388647287708
11.096990,-0.23347829404135198
11.097456,-1.1700770580605784
11.097921,-2.0877088578622107
11.098387,-2.864011596856641
11.098853,-3.5699855039291983
11.099318,-4.2474250400549325
11.099784,-4.855878538185702
11.100249,-5.338780804150454
11.100715,-5.491020065613794
11.101180,-5.4928664072632944
11.101646,-5.493537804226749
11.102111,-5.493705653467612
11.102577,-5.380910963607233
11.103042,-4.979415579461357
11.103508,-4.56281376363775
11.103973,-4.075379568169681
11.104439,-3.522987716487373
11.104904,-2.929472800793469
11.105370,-2.2829175249866482
11.105835,-1.6064850843060958
11.106301,-0.8984969863431752
11.106766,-0.10524147402151522
11.107232,0.820950637064164
11.107697,1.7988403143358511
11.108163,2.6666208896009764
11.108628,3.433356221866178
11.109094,4.149065384908827
11.109559,4.784206912336919
11.110025,5.2835584039063095
11.110490,5.490516517891203
11.110956,5.4918593118181125
11.111421,5.4918593118181125
11.111887,5.492530708781567
11.112352,5.492530708781567
11.112818,5.215243762874799
11.113284,4.818783855954833
11.113749,4.328328374151217
11.114215,3.783489738307775
11.114680,3.211795223926146
11.115146,2.6223086900129697
11.115611,2.017380025940337
11.116077,1.358571755550469
11.116542,0.5638056000610361
11.117008,-0.37111467154955363
11.117473,-1.3741817349507897
11.117939,-2.2876173037308307
11.118404,-3.0407568474860756
11.118870,-3.7326314183260854
11.119335,-4.41930266269932
11.119801,-5.041351949340047
11.120266,-5.4702067597467
11.120732,-5.492027161058976
11.121197,-5.493034256504157
11.121663,-5.493537804226749
11.122128,-5.493537804226749
11.122594,-5.334416723887998
11.123059,-4.944670786602578
11.123525,-4.4986953536278325
11.123990,-3.97450217441062
11.124456,-3.3987792782482646
11.124921,-2.8015716792553595
11.125387,-2.1788509956511786
11.125852,-1.5000686655985351
11.126318,-0.7064774547951476
11.126784,0.16902418554970625
11.127249,1.095551995117113
11.127715,2.0163729304951556
11.128180,2.8237277790493627
11.128646,3.55353627832456
11.129111,4.280323491264209
11.129577,4.9513847562371245
11.130042,5.423376821545738
11.130508,5.491187914854658
11.130973,5.4918593118181125
11.131439,5.492195010299839
11.131904,5.492530708781567
11.132370,5.492530708781567
11.132835,5.149446860456245
11.133301,4.693568322270543
11.133766,4.184313725490196
11.134232,3.6482032501716644
11.134697,3.082887006942855
11.135163,2.4997787441824975
11.135628,1.8995498588540476
11.136094,1.1851834897383076
11.136559,0.33989471274891275
11.137025,-0.6052643625543602
11.137490,-1.58970016021973
11.137956,-2.460502021820401
11.138421,-3.2030670634012357
11.138887,-3.928343633173113
11.139352,-4.624078736552987
11.139818,-5.1586785687037455
11.140283,-5.4819562066071565
11.140749,-5.492195010299839
11.141215,-5.493202105745021
11.141680,-5.493369954985885
11.142146,-5.493705653467612
11.142611,-5.287083237964446
11.143077,-4.821469443808652
11.143542,-4.348973830777448
11.144008,-3.8509651331349657
11.144473,-3.2992446784161134
11.144939,-2.6981765468833445
11.145404,-2.0573281452658887
11.145870,-1.337926298924239
11.146335,-0.5329213397421224
11.146801,0.32361333638513773
11.147266,1.260715648126955
11.147732,2.186572060730907
11.148197,2.978820477607385
11.148663,3.7166857404440377
11.149128,4.4562294956893265
11.149594,5.071229114213779
11.150059,5.469367513542381
11.150525,5.491187914854658
11.150990,5.4918593118181125
11.151456,5.4918593118181125
11.151921,5.492530708781567
11.152387,5.4079346913862825
11.152852,5.001739528496223
11.153318,4.594201571679255
11.153783,4.127580682078278
11.154249,3.5636072327763793
11.154715,2.9486076142519266
11.155180,2.3289082169832915
11.155646,1.6873884184023806
11.156111,0.9642938887617305
11.156577,0.1492179751277943
11.157042,-0.8118867780575264
11.157508,-1.8238498512245365
11.157973,-2.6914625772487986
11.158439,-3.4200961318379495
11.158904,-4.132280460822461
11.159370,-4.785214007782101
11.159835,-5.2904402227817195
11.160301,-5.490180819409476
11.160766,-5.4928664072632944
11.161232,-5.493369954985885
11.161697,-5.493873502708476
11.162163,-5.493873502708476
11.162628,-5.238406958113985
11.163094,-4.800991836423285
11.163559,-4.343602655069811
11.164025,-3.8185702296482793
11.164490,-3.2317692835889216
11.164956,-2.606530861371786
11.165421,-1.9603112840466925
11.165887,-1.2516517891203174
11.166352,-0.44463263904783695
11.166818,0.48793774319066147
11.167283,1.488654917219806
11.167749,2.3762417029068437
11.168215,3.114442664225223
11.168680,3.831494621194781
11.169146,4.537804226749065
11.169611,5.138704509040971
11.170077,5.486488136110475
11.170542,5.491523613336385
11.171008,5.4918593118181125
11.171473,5.4918593118181125
11.171939,5.4918593118181125
11.172404,5.317296101319905
11.172870,4.9305714503700315
11.173335,4.4981918059052415
11.173801,3.9701380941481648
11.174266,3.3883726253147164
11.174732,2.7962005035477224
11.175197,2.1926146334019987
11.175663,1.544548714427405
11.176128,0.8088654917219805
11.176594,-0.06327916380560006
11.177059,-1.0678568703746087
11.177525,-2.050614175631342
11.177990,-2.863172350652323
11.178456,-3.5766994735637447
11.178921,-4.300801098649576
11.179387,-4.968505378805218
11.179852,-5.452079041733424
11.180318,-5.4918593118181125
11.180783,-5.493034256504157
11.181249,-5.493537804226749
11.181714,-5.493705653467612
11.182180,-5.493873502708476
11.182646,-5.2075226977950715
11.183111,-4.741741054398414
11.183577,-4.205798428320744
11.184042,-3.652567330434119
11.184508,-3.0932936598764016
11.184973,-2.4907148851758603
11.185439,-1.830060273136492
11.185904,-1.0827954528114747
11.186370,-0.2264286259250782
11.186835,0.7249408712901503
11.187301,1.6860456244754711
11.187766,2.5390554665445944
11.188232,3.2829633020523383
11.188697,4.018142977035172
11.189163,4.726970321202411
11.189628,5.310582131685359
11.190094,5.490516517891203
11.190559,5.4918593118181125
11.191025,5.492195010299839
11.191490,5.493034256504157
11.191956,5.493202105745021
11.192421,5.286411841000992
11.192887,4.867963683527885
11.193352,4.41057450217441
11.193818,3.922804608224612
11.194283,3.3754482337682155
11.194749,2.7488670176241703
11.195214,2.0929121843289846
11.195680,1.4020447089341572
11.196146,0.6218814373998627
11.196611,-0.2574807354848554
11.197077,-1.2180819409475852
11.197542,-2.174486915388724
11.198008,-3.0006408789196612
11.198473,-3.747234302281224
11.198939,-4.469993133440146
11.199404,-5.09372091248951
11.199870,-5.480277714198519
11.200335,-5.492195010299839
11.200801,-5.493369954985885
11.201266,-5.493537804226749
11.201732,-5.493705653467612
11.202197,-5.493873502708476
11.202663,-5.114030670634012
11.203128,-4.622735942626077
11.203594,-4.109620813305867
11.204059,-3.5792172121766996
11.204525,-3.002319371328298
11.204990,-2.3676813916227966
11.205456,-1.682688639658198
11.205921,-0.9221637293049515
11.206387,-0.07100022888532845
11.206852,0.8880903334096284
11.207318,1.8958571755550468
11.207783,2.7686732280460826
11.208249,3.486396581979095
11.208714,4.188006408789196
11.209180,4.860410467689021
11.209646,5.385442893110551
11.210111,5.4918593118181125
11.210577,5.4918593118181125
11.211042,5.4918593118181125
11.211508,5.491523613336385
11.211973,5.4918593118181125
11.212439,5.198458838788433
11.212904,4.7825284199282825
11.213370,4.337056534676127
11.213835,3.828137636377508
11.214301,3.2272373540856027
11.214766,2.59343862058442
11.215232,1.9549401083390552
11.215697,1.2560158693827725
11.216163,0.46443884946974895
11.216628,-0.4241550316624704
11.217094,-1.423529411764706
11.217559,-2.374395361257343
11.218025,-3.165133134966049
11.218490,-3.8996414129854275
11.218956,-4.611657892729077
11.219421,-5.2189364461737995
11.219887,-5.48900587472343
11.220352,-5.492698558022431
11.220818,-5.493369954985885
11.221283,-5.493873502708476
11.221749,-5.493705653467612
11.222214,-5.458457312886244
11.222680,-5.0302738994430465
11.223145,-4.553917753871976
11.223611,-4.00706492713817
11.224077,-3.3967650873579003
11.224542,-2.7908293278400853
11.225008,-2.187579156176089
11.225473,-1.5205462729839017
11.225939,-0.7373617151140612
11.226404,0.1569390402075227
11.226870,1.1680628671702142
11.227335,2.1587090867475394
11.227801,2.958007171740291
11.228266,3.670359349965667
11.228732,4.399832150759137
11.229197,5.060822461280232
11.229663,5.485145342183566
11.230128,5.491187914854658
11.230594,5.4918593118181125
11.231059,5.4918593118181125
11.231525,5.492530708781567
11.231990,5.4918593118181125
11.232456,5.164888990615701
11.232921,4.721766994735637
11.233387,4.216205081254292
11.233852,3.6701915007248034
11.234318,3.1211566338597696
11.234783,2.5400625619897763
11.235249,1.873029678797589
11.235714,1.1036087586785686
11.236180,0.24220645456626225
11.236645,-0.7200732433051041
11.237111,-1.715754940108339
11.237577,-2.579842832074464
11.238042,-3.339696345464255
11.238508,-4.111299305714503
11.238973,-4.844129091325246
11.239439,-5.412970168612191
11.239904,-5.491523613336385
11.240370,-5.493034256504157
11.240835,-5.493537804226749
11.241301,-5.493873502708476
11.241766,-5.493537804226749
11.242232,-5.4341191729610125
11.242697,-4.978912031738766
11.243163,-4.472678721293964
11.243628,-3.888899061570153
11.244094,-3.2938735027084762
11.244559,-2.697840848401617
11.245025,-2.0596780346379795
11.245490,-1.3406118867780574
11.245956,-0.5158007171740291
11.246421,0.4006561379415579
11.246887,1.399694819562066
11.247352,2.3602960250247955
11.247818,3.192996108949416
11.248283,3.9563744563973455
11.248749,4.660669871061265
11.249214,5.257541771572441
11.249680,5.490180819409476
11.250145,5.491523613336385
11.250611,5.4928664072632944
11.251077,5.492195010299839
11.251542,5.492530708781567
11.252008,5.492530708781567
11.252473,5.112520027466239
11.252939,4.670069428549629
11.253404,4.17759975585565
11.253870,3.6515602349889376
11.254335,3.0845654993514917
11.254801,2.4544594491493092
11.255266,1.7743343251697563
11.255732,1.0047455558098726
11.256197,0.12504768444342718
11.256663,-0.8578774700541695
11.257128,-1.8399633783474478
11.257594,-2.7127794308384834
11.258059,-3.4976424811169604
11.258525,-4.264377813382162
11.258990,-4.961791409170671
11.259456,-5.466346227206835
11.259921,-5.492027161058976
11.260387,-5.493202105745021
11.260852,-5.493369954985885
11.261318,-5.493705653467612
11.261783,-5.493705653467612
11.262249,-5.304707408255131
11.262714,-4.875181200885023
11.263180,-4.376668955519952
11.263645,-3.8071564812695495
11.264111,-3.1866178377965975
11.264576,-2.5221026932173642
11.265042,-1.8594338902876324
11.265508,-1.1511100938429846
11.265973,-0.32814526588845655
11.266439,0.6208743419546806
11.266904,1.6432440680552378
11.267370,2.602166781109331
11.267835,3.404821850919356
11.268301,4.126909285114824
11.268766,4.819790951400015
11.269232,5.4032349126421
11.269697,5.491187914854658
11.270163,5.492195010299839
11.270628,5.492530708781567
11.271094,5.492530708781567
11.271559,5.4928664072632944
11.272025,5.475745784695201
11.272490,5.047394522011139
11.272956,4.6146791790646216
11.273421,4.091996643015182
11.273887,3.501838712138552
11.274352,2.8878461890592817
11.274818,2.2866102082856488
11.275283,1.6289768825818265
11.275749,0.8162508583199818
11.276214,-0.12101930266269931
11.276680,-1.142549782558938
11.277145,-2.132188906691081
11.277611,-2.95062180514229
11.278076,-3.6611276417181657
11.278542,-4.405371175707637
11.279008,-5.10983443961242
11.279473,-5.486823834592203
11.279939,-5.4923628595407035
11.280404,-5.493369954985885
11.280870,-5.493369954985885
11.281335,-5.493873502708476
11.281801,-5.493705653467612
11.282266,-5.289600976577401
11.282732,-4.833218890669108
11.283197,-4.313054093232624
11.283663,-3.7307850766765847
11.284128,-3.0966506446936752
11.284594,-2.4643625543602656
11.285059,-1.8256961928740367
11.285525,-1.0906843671320667
11.285990,-0.22743572137026014
11.286456,0.752803845273518
11.286921,1.7615777828641184
11.287387,2.6478217746242465
11.287852,3.4085145342183565
11.288318,4.175249866483559
11.288783,4.892973220416571
11.289249,5.413977264057373
11.289714,5.491187914854658
11.290180,5.4918593118181125
11.290645,5.492530708781567
11.291111,5.4928664072632944
11.291576,5.492530708781567
11.292042,5.3260242618448155
11.292508,4.859067673762112
11.292973,4.366598001068132
11.293439,3.8388799877927826
11.293904,3.2695353627832455
11.294370,2.69381246662089
11.294835,2.0868696116578924
11.295301,1.3728389410238804
11.295766,0.5406424048218509
11.296232,-0.3862211032272831
11.296697,-1.3906309605554286
11.297163,-2.334447241931792
11.297628,-3.0974898908979935
11.298094,-3.8278019378957806
11.298559,-4.584298466468298
11.299025,-5.237399862668803
11.299490,-5.489677271686884
11.299956,-5.492698558022431
11.300421,-5.493537804226749
11.300887,-5.493873502708476
11.301352,-5.493873502708476
11.301818,-5.493873502708476
11.302283,-5.1014419775692375
11.302749,-4.658991378652628
11.303214,-4.170717936980239
11.303680,-3.609765774013886
11.304145,-3.001312275883116
11.304611,-2.3502250705729764
11.305076,-1.6403906309605554
11.305542,-0.8770122835126268
11.306007,-0.04129091325246051
11.306473,0.9129320210574503
11.306939,1.89921416037232
11.307404,2.7562523842221713
11.307870,3.5239948119325555
11.308335,4.276295109483482
11.308801,4.932921339742122
11.309266,5.416662851911192
11.309732,5.490516517891203
11.310197,5.4918593118181125
11.310663,5.492530708781567
11.311128,5.4918593118181125
11.311594,5.4918593118181125
11.312059,5.178652628366522
11.312525,4.719081406881819
11.312990,4.243732356755931
11.313456,3.7240711070420383
11.313921,3.141298542763409
11.314387,2.525963225757229
11.314852,1.895185778591592
11.315318,1.2106965743495839
11.315783,0.3838712138551919
11.316249,-0.5913328755626763
11.316714,-1.6120241092545968
11.317180,-2.5127031357289997
11.317645,-3.2547646295872434
11.318111,-3.964263370717937
11.318576,-4.647409781033035
11.319042,-5.241260395208666
11.319507,-5.489845120927748
11.319973,-5.492698558022431
11.320439,-5.493369954985885
11.320904,-5.493537804226749
11.321370,-5.493705653467612
11.321835,-5.394003204394597
11.322301,-4.9730373083085375
11.322766,-4.527901121538108
11.323232,-4.009582665751124
11.323697,-3.4343633173113606
11.324163,-2.8155031662470433
11.324628,-2.147463187609674
11.325094,-1.4564278629739835
11.325559,-0.6994277866788738
11.326025,0.16986343175402457
11.326490,1.1593347066453041
11.326956,2.1335317006179904
11.327421,2.941222247653925
11.327887,3.661631189440757
11.328352,4.382711528191043
11.328818,5.056122682536049
11.329283,5.4844739452201114
11.329749,5.4918593118181125
11.330214,5.492530708781567
11.330680,5.492530708781567
11.331145,5.493202105745021
11.331611,5.492530708781567
11.332076,5.0923781185626
11.332542,4.645899137865263
11.333007,4.127412832837415
11.333473,3.56964980544747
11.333939,2.986205844205386
11.334404,2.3911802853437094
11.334870,1.7897764553292137
11.335335,1.0895094224460211
11.335801,0.22542153047989621
11.336266,-0.7638818951705195
11.336732,-1.7723201342793926
11.337197,-2.6448004882887006
11.337663,-3.367391470206759
11.338128,-4.062455176623178
11.338594,-4.763057907988097
11.339059,-5.347173266193637
11.339525,-5.49085221637293
11.339990,-5.4928664072632944
11.340456,-5.493369954985885
11.340921,-5.493705653467612
11.341387,-5.493873502708476
11.341852,-5.32719920653086
11.342318,-4.838757915617609
11.342783,-4.31288624399176
11.343249,-3.783489738307775
11.343714,-3.2285801480125125
11.344180,-2.628686961165789
11.344645,-1.9895170519569696
11.345111,-1.2753185320820934
11.345576,-0.4409399557488366
11.346042,0.4684672312504768
11.346507,1.431921873807889
11.346973,2.349721522850385
11.347438,3.1285420004577706
11.347904,3.8570077058060575
11.348370,4.592187380788891
11.348835,5.2189364461737995
11.349301,5.488838025482566
11.349766,5.491187914854658
11.350232,5.4918593118181125
11.350697,5.492530708781567
11.351163,5.492530708781567
11.351628,5.4272373540856025
11.352094,4.997039749752041
11.352559,4.511451895933471
11.353025,3.986587319752804
11.353490,3.426306553749904
11.353956,2.8381628137636374
11.354421,2.2213168535896846
11.354887,1.5641870756084535
11.355352,0.8189364461738002
11.355818,-0.01628137636377508
11.356283,-0.9777218280308233
11.356749,-1.9911955443656062
11.357214,-2.860990310521095
11.357680,-3.596841382467384
11.358145,-4.315571831845578
11.358611,-4.976729991607538
11.359076,-5.452079041733424
11.359542,-5.4918593118181125
11.360007,-5.493034256504157
11.360473,-5.493705653467612
11.360938,-5.493873502708476
11.361404,-5.493705653467612
11.361870,-5.247638666361486
11.362335,-4.765911345082779
11.362801,-4.277637903410391
11.363266,-3.7458915083543136
11.363732,-3.1637903410391393
11.364197,-2.543419546807049
11.364663,-1.882093537804227
11.365128,-1.1324788281071183
11.365594,-0.31169604028381775
11.366059,0.5960326543068589
11.366525,1.5843289845120927
11.366990,2.4964217593652247
11.367456,3.2655069810025177
11.367921,3.9943083848325314
11.368387,4.7059891660944535
11.368852,5.305210955977722
11.369318,5.490516517891203
11.369783,5.4918593118181125
11.370249,5.492530708781567
11.370714,5.492530708781567
11.371180,5.493202105745021
11.371645,5.345494773785
11.372111,4.933928435187305
11.372576,4.499870298313877
11.373042,3.9818875410086214
11.373507,3.385015640497443
11.373973,2.770687418936446
11.374438,2.1758297093156327
11.374904,1.5557946135652703
11.375370,0.8436102845807585
11.375835,-0.013092240787365528
11.376301,-1.020355535210193
11.376766,-1.960143434805829
11.377232,-2.6916304264896618
11.377697,-3.3647058823529417
11.378163,-4.0780651560234995
11.378628,-4.7184100099183635
11.379094,-5.205004959182117
11.379559,-5.486488136110475
11.380025,-5.492530708781567
11.380490,-5.493034256504157
11.380956,-5.207690547035935
11.381421,-4.729991607537957
11.381887,-4.294254978255894
11.382352,-3.887388418402381
11.382818,-3.4169069962615395
11.383283,-2.860990310521095
11.383749,-2.23256275272755
11.384214,-1.5705653467612726
11.384680,-0.9105821316853588
11.385145,-0.20830090791180284
11.385611,0.586633096818494
11.386076,1.5118181124589913
11.386542,2.438681620508125
11.387007,3.2015564202334628
11.387473,3.8341802090485997
11.387938,4.4706645304036
11.388404,5.08599984740978
11.388869,5.486488136110475
11.389335,5.491523613336385
11.389801,5.492195010299839
11.390266,5.4918593118181125
11.390732,5.492530708781567
11.391197,5.4918593118181125
11.391663,5.051422903791867
11.392128,4.609643701838713
11.392594,4.092332341496911
11.393059,3.501838712138552
11.393525,2.8740825513084607
11.393990,2.2365911345082776
11.394456,1.5930571450370032
11.394921,0.8773479819943542
11.395387,0.04414435034714275
11.395852,-0.9065537499046311
11.396318,-1.91801327534905
11.396783,-2.8599832150759132
11.397249,-3.67002365148394
11.397714,-4.432227054245822
11.398180,-5.171770809491111
11.398645,-5.489509422446021
11.399111,-5.492530708781567
11.399576,-5.493369954985885
11.400042,-5.493537804226749
11.400507,-5.493873502708476
11.400973,-5.493873502708476
11.401438,-5.49404135194934
11.401904,-5.380910963607233
11.402369,-4.909758144502937
11.402835,-4.387411306935225
11.403301,-3.8449225604638744
11.403766,-3.2668497749294265
11.404232,-2.6427862973983367
11.404697,-1.9755855649652856
11.405163,-1.2274814984359501
11.405628,-0.37363241016250853
11.406094,0.5873044937819486
11.406559,1.5875181200885022
11.407025,2.4964217593652247
11.407490,3.3088120851453415
11.407956,4.064133669031815
11.408421,4.69893949797818
11.408887,5.160860608834973
11.409352,5.474402990768292
11.409818,5.4918593118181125
11.410283,5.492530708781567
11.410749,5.4928664072632944
11.411214,5.311253528648813
11.411680,4.862760357061111
11.412145,4.414938582436865
11.412611,3.944289311055161
11.413076,3.4420843823910885
11.413542,2.8505836575875483
11.414007,2.2490119783321885
11.414473,1.7820553902494851
11.414938,1.3030136568245974
11.415404,0.6188601510643167
11.415869,-0.28148317692835884
11.416335,-1.3090562294956891
11.416801,-2.274860761425192
11.417266,-3.0734874494544897
11.417732,-3.8121919584954598
11.418197,-4.512626840619516
11.418663,-5.077439536125734
11.419128,-5.438818951705195
11.419594,-5.4918593118181125
11.420059,-5.493202105745021
11.420525,-5.493537804226749
11.420990,-5.493705653467612
11.421456,-5.072068360418097
11.421921,-4.568856336308842
11.422387,-4.0795757991912724
11.422852,-3.5525291828793772
11.423318,-2.949614709697108
11.423783,-2.315144579232471
11.424249,-1.7058518348973832
11.424714,-1.057953765163653
11.425180,-0.2848401617456321
11.425645,0.6175173571374075
11.426111,1.6437476157778286
11.426576,2.6427862973983367
11.427042,3.411200122072175
11.427507,4.060776684214542
11.427973,4.72512397955291
11.428438,5.328709849698634
11.428904,5.490516517891203
11.429369,5.491187914854658
11.429835,5.4918593118181125
11.430300,5.4918593118181125
11.430766,5.492530708781567
11.431232,5.2608987563897145
11.431697,4.776150148775463
11.432163,4.284687571526665
11.432628,3.7844968337529554
11.433094,3.221866178377966
11.433559,2.602166781109331
11.434025,1.987502861066605
11.434490,1.3538719768062866
11.434956,0.6066071564812695
11.435421,-0.2848401617456321
11.435887,-1.2456092164492254
11.436352,-2.1682764934767675
11.436818,-2.9187304493781947
11.437283,-3.572167544060425
11.437749,-4.219226367589837
11.438214,-4.734355687800411
11.438680,-5.076600289921416
11.439145,-5.322667277027542
11.439611,-5.489677271686884
11.440076,-5.492698558022431
11.440542,-5.493369954985885
11.441007,-5.380407415884642
11.441473,-4.943663691157397
11.441938,-4.4669718471046
11.442404,-3.964766918440528
11.442869,-3.4555123216601813
11.443335,-2.9632104982070646
11.443800,-2.4648661020828566
11.444266,-1.8861219195849548
11.444732,-1.1714198519874874
11.445197,-0.3165636682688639
11.445663,0.6792858777752345
11.446128,1.780376897840848
11.446594,2.723018234531166
11.447059,3.4135500114442663
11.447525,4.064469367513542
11.447990,4.7415732051575485
11.448456,5.3072251468680856
11.448921,5.490516517891203
11.449387,5.4918593118181125
11.449852,5.4928664072632944
11.450318,5.492530708781567
11.450783,5.407263294422828
11.451249,4.862088960097657
11.451714,4.33537804226749
11.452180,3.8301518272678723
11.452645,3.294377050431067
11.453111,2.7213397421225296
11.453576,2.1295033188372625
11.454042,1.4795910582131684
11.454507,0.7608606088349736
11.454973,-0.04783703364614328
11.455438,-0.9564049744411383
11.455904,-1.9821316853589686
11.456369,-2.9643854428931107
11.456835,-3.7416952773327226
11.457300,-4.430716411078048
11.457766,-5.123765926604104
11.458232,-5.488334477759975
11.458697,-5.492530708781567
11.459163,-5.493369954985885
11.459628,-5.493537804226749
11.460094,-5.493705653467612
11.460559,-5.493873502708476
11.461025,-5.493873502708476
11.461490,-4.967330434119173
11.461956,-4.401342793926909
11.462421,-3.8303196765087355
11.462887,-3.230258640421149
11.463352,-2.5927672236209656
11.463818,-1.9042496375982298
11.464283,-1.212878614480812
11.464749,-0.4936446173800259
11.465214,0.3425803006027313
11.465680,1.3332265201800564
11.466145,2.389333943694209
11.466611,3.2937056534676126
11.467076,4.011932555123216
11.467542,4.661844815747311
11.468007,5.283726253147173
11.468473,5.490516517891203
11.468938,5.491523613336385
11.469404,5.492530708781567
11.469869,5.4928664072632944
11.470335,5.492530708781567
11.470800,5.4918593118181125
11.471266,5.492530708781567
11.471731,5.269626916914626
11.472197,3.568810559243152
11.472663,3.8247806515602347
11.473128,3.860364690623331
11.473594,3.1090714885175856
11.474059,2.145952544441901
11.474525,1.2929427023727778
11.474990,0.4271763179980163
11.475456,-0.6274204623483635
11.475921,-1.9196917677576868
11.476387,-3.1384451056687266
11.476852,-4.195727473868924
11.477318,-5.258548867017624
11.477783,-5.490348668650339
11.478249,-5.492698558022431
11.478714,-5.493202105745021
11.479180,-5.493369954985885
11.479645,-5.493705653467612
11.480111,-5.493873502708476
11.480576,-5.49404135194934
11.481042,-5.49404135194934
11.481507,-4.900862134737163
11.481973,-4.209826810101472
11.482438,-3.4622262912947277
11.482904,-2.69750514991989
11.483369,-1.9109636072327763
11.483835,-1.163698786907759
11.484300,-0.4763561455710689
11.484766,0.32143129625391015
11.485231,1.280018310826276
11.485697,2.36919203479057
11.486163,3.4424200808728163
11.486628,4.250782024872206
11.487094,4.7855497062638275
11.487559,5.334752422369726
11.488025,5.490516517891203
11.488490,5.4918593118181125
11.488956,5.4918593118181125
11.489421,5.492195010299839
11.489887,5.4918593118181125
11.490352,5.493202105745021
11.490818,5.4928664072632944
11.491283,3.2755779354543373
11.491749,3.207095445181964
11.492214,3.505195696955825
11.492680,3.0907759212634467
11.493145,2.3173266193636985
11.493611,1.6548256656748301
11.494076,1.1452353704127562
11.494542,0.5092545967803463
11.495007,-0.306157015335317
11.495473,-1.208178835736629
11.495938,-2.130846112764172
11.496404,-2.8710612649729153
11.496869,-3.323247119859617
11.497335,-3.763515678644998
11.497800,-4.28955519951171
11.498266,-4.671747920958266
11.498731,-4.7820248722056915
11.499197,-4.732509346150912
11.499663,-4.595208667124436
11.500128,-4.293080033569848
11.500594,-3.828137636377508
11.501059,-3.2953841458762487
11.501525,-2.7473563744563974
11.501990,-2.173144121461814
11.502456,-1.541695277332723
11.502921,-0.9058823529411764
11.503387,-0.3163958190280003
11.503852,0.24119935912108034
11.504318,0.8931258106355383
11.504783,1.7377431906614784
11.505249,2.6155947203784238
11.505714,3.444769970244907
11.506180,4.39681086442359
11.506645,5.462989242389562
11.507111,5.491187914854658
11.507576,5.4918593118181125
11.508042,5.4918593118181125
11.508507,5.4918593118181125
11.508973,5.492530708781567
11.509438,5.492530708781567
11.509904,5.492530708781567
11.510369,5.492530708781567
11.510835,5.492530708781567
11.511300,5.492530708781567
11.511766,4.248096437018387
11.512231,3.694529640650034
11.512697,4.356527046616312
11.513162,4.508262760357061
11.513628,4.1980773632410155
11.514094,3.894605935759517
11.514559,3.7670405127031357
11.515025,3.8066529335469594
11.515490,4.026199740596628
11.515956,4.723109788662546
11.516421,5.490516517891203
11.516887,5.4918593118181125
11.517352,5.493202105745021
11.517818,5.4918593118181125
11.518283,5.492530708781567
11.518749,5.492195010299839
11.519214,5.492530708781567
11.519680,4.21889066910811
11.520145,0.10591287098496985
11.520611,-1.6507972838941025
11.521076,-2.6726634622720677
11.521542,-4.130434119172961
11.522007,-5.464667734798199
11.522473,-5.491187914854658
11.522938,-5.492698558022431
11.523404,-5.493537804226749
11.523869,-5.493537804226749
11.524335,-5.493705653467612
11.524800,-4.699778744182499
11.525266,-0.6564583810177768
11.525731,4.5653315022507055
11.526197,5.489173723964294
11.526662,5.4918593118181125
11.527128,5.4918593118181125
11.527594,5.492195010299839
11.528059,5.492530708781567
11.528525,5.492530708781567
11.528990,5.4928664072632944
11.529456,4.136980239566643
11.529921,1.865644312199588
11.530387,1.3250019073777368
11.530852,0.7981231403067063
11.531318,0.06747539482719157
11.531783,1.492683299000534
11.532249,5.360265506981003
11.532714,5.491187914854658
11.533180,5.4928664072632944
11.533645,5.493202105745021
11.534111,5.493705653467612
11.534576,5.493202105745021
11.535042,5.493202105745021
11.535507,5.493537804226749
11.535973,5.493202105745021
11.536438,5.4415045395590145
11.536904,5.404577706569009
11.537369,5.365636682688639
11.537835,5.323338673990998
11.538300,5.273319600213626
11.538766,5.240085450522622
11.539231,5.193423361562524
11.539697,5.1655603875791565
11.540162,5.113191424429694
11.540628,5.07357900358587
11.541093,5.054108491645685
11.541559,4.979583428702219
11.542025,-1.5954070344090943
11.542490,-5.477424277103837
11.542956,-5.4913557640955215
11.543421,-5.492530708781567
11.543887,-5.493369954985885
11.544352,-5.493705653467612
11.544818,-5.493873502708476
11.545283,-5.493705653467612
11.545749,-5.49404135194934
11.546214,-5.493873502708476
11.546680,-5.494209201190204
11.547145,-5.494209201190204
11.547611,-5.494209201190204
11.548076,-5.494209201190204
11.548542,-5.494377050431067
11.549007,-5.494209201190204
11.549473,-5.494209201190204
11.549938,-5.494377050431067
11.550404,-5.49404135194934
11.550869,-4.894483863584344
11.551335,-1.6749675745784696
11.551800,0.9236743724727244
11.552266,3.1433127336537727
11.552731,5.470374608987564
11.553197,5.490516517891203
11.553662,5.4918593118181125
11.554128,5.4918593118181125
11.554593,5.4918593118181125
11.555059,5.492530708781567
11.555525,5.492530708781567
11.555990,5.492530708781567
11.556456,5.493202105745021
11.556921,5.493202105745021
11.557387,5.492530708781567
11.557852,5.493705653467612
11.558318,5.492530708781567
11.558783,5.4928664072632944
11.559249,5.493202105745021
11.559714,5.492530708781567
11.560180,5.493034256504157
11.560645,5.493202105745021
11.561111,5.493202105745021
11.561576,5.492530708781567
11.562042,5.492530708781567
11.562507,5.4918593118181125
11.562973,5.4918593118181125
11.563438,5.492530708781567
11.563904,5.493034256504157
11.564369,5.4918593118181125
11.564835,5.4582894636453805
11.565300,5.408270389868009
11.565766,5.365300984206913
11.566231,5.337102311741817
11.566697,5.2662699320973525
11.567162,5.219943541618981
11.567628,5.1769741359578845
11.568093,5.1507896543831535
11.568559,5.104463263904782
11.569025,5.052429999237049
11.569490,5.010803387502861
11.569956,4.9681696803234905
11.570421,4.911772335393301
11.570887,4.880888075074387
11.571352,4.829861905851835
11.571818,4.798977645532921
11.572283,4.759700923170824
11.572749,4.732509346150912
11.573214,4.707667658503089
11.573680,4.659327077134356
11.574145,4.601251239795529
11.574611,4.5421683070115195
11.575076,4.553917753871976
11.575542,4.52974746318761
11.576007,4.479392690928511
11.576473,4.44313725490196
11.576938,4.41057450217441
11.577404,4.382711528191043
11.577869,4.323628595407034
11.578335,4.307515068284123
11.578800,4.276630807965209
11.579266,4.25648889906157
11.579731,4.213183794918745
11.580197,4.202105745021744
11.580662,-0.6373235675593194
11.581128,-5.392492561226825
11.581593,-5.48900587472343
11.582059,-5.491691462577248
11.582524,-5.492195010299839
11.582990,-5.4928664072632944
11.583456,-5.493034256504157
11.583921,-5.493034256504157
11.584387,-5.493369954985885
11.584852,-5.493369954985885
11.585318,-5.493705653467612
11.585783,-5.493873502708476
11.586249,-5.49404135194934
11.586714,-5.494209201190204
11.587180,-5.494209201190204
11.587645,-5.494209201190204
11.588111,-5.494377050431067
11.588576,-5.494377050431067
11.589042,-5.494377050431067
11.589507,-5.494209201190204
11.589973,-5.494209201190204
11.590438,-5.494377050431067
11.590904,-5.494209201190204
11.591369,-5.49404135194934
11.591835,-5.494377050431067
11.592300,-5.494209201190204
11.592766,-5.494377050431067
11.593231,-5.494377050431067
11.593697,-5.494377050431067
11.594162,-5.494377050431067
11.594628,-5.494209201190204
11.595093,-5.494377050431067
11.595559,-5.494377050431067
11.596024,-5.494209201190204
11.596490,-5.494377050431067
11.596956,-5.494209201190204
11.597421,-5.494377050431067
11.597887,-5.494377050431067
11.598352,-5.494377050431067
11.598818,-5.494209201190204
11.599283,-5.49454489967193
11.599749,-5.49454489967193
11.600214,-5.494209201190204
11.600680,-5.494377050431067
11.601145,-5.494377050431067
11.601611,-5.494377050431067
11.602076,-5.494377050431067
11.602542,-5.494377050431067
11.603007,-5.49454489967193
11.603473,-5.494377050431067
11.603938,-5.494377050431067
11.604404,-5.494377050431067
11.604869,-5.49454489967193
11.605335,-5.494377050431067
11.605800,-5.494377050431067
11.606266,-5.494377050431067
11.606731,-5.494377050431067
11.607197,-5.49454489967193
11.607662,-5.494377050431067
11.608128,-5.494377050431067
11.608593,-5.49454489967193
11.609059,-5.494377050431067
11.609524,-5.494209201190204
11.609990,-5.49454489967193
11.610456,-5.494209201190204
11.610921,-5.494377050431067
11.611387,-5.494209201190204
11.611852,-5.494377050431067
11.612318,-5.494377050431067
11.612783,-5.494209201190204
11.613249,-4.896162355992981
11.613714,-4.242893110551613
11.614180,-3.6228580148012512
11.614645,-2.9982909895475696
11.615111,-2.377080949111162
11.615576,-1.7750057221332112
11.616042,-1.1845120927748531
11.616507,-0.5899900816357672
11.616973,-0.028702220187685965
11.617438,0.4912947280079346
11.617904,0.973357747768368
11.618369,1.4124513618677044
11.618835,1.8018616006713968
11.619300,2.150148775463493
11.619766,2.4621805142290376
11.620231,2.7512169069962615
11.620697,3.037232013427939
11.621162,3.321232928969253
11.621628,3.587777523460746
11.622093,3.8264591439688713
11.622559,4.032913710231174
11.623024,4.200762951094834
11.623490,4.334370946822308
11.623955,4.459922178988327
11.624421,4.47200732433051
11.624887,3.989272907606622
11.625352,3.4125429159990843
11.625818,3.2970626382848853
11.626283,3.549172198062104
11.626749,3.854657816433967
11.627214,4.099046311131457
11.627680,4.344441901274128
11.628145,4.685511558709087
11.628611,5.03598077363241
11.629076,5.274326695658807
11.629542,5.385107194628825
11.630007,5.489509422446021
11.630473,5.4918593118181125
11.630938,5.4918593118181125
11.631404,5.492530708781567
11.631869,5.492530708781567
11.632335,5.492530708781567
11.632800,5.492530708781567
11.633266,5.492530708781567
11.633731,5.4928664072632944
11.634197,5.4928664072632944
11.634662,5.4928664072632944
11.635128,5.492530708781567
11.635593,5.492530708781567
11.636059,5.492530708781567
11.636524,5.492530708781567
11.636990,5.4918593118181125
11.637455,5.4918593118181125
11.637921,5.492530708781567
11.638387,5.4918593118181125
11.638852,5.492530708781567
11.639318,5.492530708781567
11.639783,5.446875715266651
11.640249,5.387121385519189
11.640714,5.313939116502632
11.641180,5.23404287785153
11.641645,5.189059281300069
11.642111,5.165224689097429
11.642576,5.118562600137332
11.643042,5.051422903791867
11.643507,4.963469901579308
11.643973,4.89935149156939
11.644438,4.91445792324712
11.644904,4.9473563744563975
11.645369,4.93694972152285
11.645835,4.76910048065919
11.646300,4.242389562829022
11.646766,3.693858243686579
11.647231,3.4393987945372704
11.647697,3.3890440222781724
11.648162,3.368734264133669
11.648628,3.341710536354619
11.649093,3.327275501640345
11.649559,3.3219043259327075
11.650024,3.312504768444343
11.650490,3.2923628595407033
11.650955,3.262485694666972
11.651421,3.2373083085374224
11.651887,3.208438239108873
11.652352,3.1579156176089107
11.652818,3.0721446555275804
11.653283,2.986205844205386
11.653749,2.9365224689097427
11.654214,2.9177233539330127
11.654680,2.9230945296406503
11.655145,2.906645304036011
11.655611,2.849912260624094
11.656076,2.789486533913176
11.656542,2.7928435187304492
11.657007,2.8584725719081407
11.657473,2.9840238040741585
11.657938,3.1231708247501335
11.658404,3.1423056382085903
11.658869,3.062409399557488
11.659335,2.9559929808499277
11.659800,2.8532692454413673
11.660266,2.7451743343251693
11.660731,2.6155947203784238
11.661197,2.4892042420080873
11.661662,2.5885709925993745
11.662128,3.141298542763409
11.662593,3.5441367208361942
11.663059,3.4687724116884104
11.663524,3.1540550850690465
11.663990,2.8673685816739143
11.664455,2.6488288700694285
11.664921,2.4450598916609447
11.665386,2.2530403601129163
11.665852,2.105165178912032
11.666318,1.942183566033417
11.666783,1.7432822156099792
11.667249,1.5579766536964978
11.667714,1.411108567940795
11.668180,1.2862287327382314
11.668645,1.1714198519874874
11.669111,1.0468757152666512
11.669576,0.9193102922102692
11.670042,0.8248111696040283
11.670507,0.7652246890974289
11.670973,0.7269550621805143
11.671438,0.7341725795376516
11.671904,0.7464255741206988
11.672369,0.6994277866788738
11.672835,0.6054322117952239
11.673300,0.49263752193484395
11.673766,0.3503013656824597
11.674231,0.17372396429388878
11.674697,0.0028534370946822307
11.675162,-0.11833371480888075
11.675628,-0.18010223544670784
11.676093,-0.1999084458686198
11.676559,-0.21232928969253068
11.677024,-0.22844281681544215
11.677490,-0.2452277409018082
11.677955,-0.24992751964599072
11.678421,-0.24119935912108034
11.678886,-0.21467917906462194
11.679352,-0.17271686884870677
11.679818,-0.11564812695506219
11.680283,-0.05119401846341649
11.680749,0.016617074845502403
11.681214,0.09282063019760432
11.681680,0.15928892957961394
11.682145,0.20779736018921185
11.682611,0.24757763027389945
11.683076,0.2846723125047684
11.683542,0.315053025101091
11.684007,0.3207598992904554
11.684473,0.31404592965590905
11.684938,0.3180743114366369
11.685404,0.33452353704127563
11.685869,0.35265125505455097
11.686335,0.3670862897688258
11.686800,0.3889066910811017
11.687266,0.4026703288319219
11.687731,0.4035095750362402
11.688197,0.3925993743801023
11.688662,0.3925993743801023
11.689128,0.40703440909437705
11.689593,0.41072709239337757
11.690059,0.3946135652704661
11.690524,0.36977187762264435
11.690990,0.3415732051575494
11.691455,0.31606012054627297
11.691921,0.3046463721675441
11.692386,0.30296787975890743
11.692852,0.3039749752040894
11.693318,0.29793240253299763
11.693783,0.2902113374532692
11.694249,0.28802929732204163
11.694714,0.2845044632639048
11.695180,0.2818188754100862
11.695645,0.2824902723735408
11.696111,0.27141222247653923
11.696576,0.2563057907988098
11.697042,0.24791332875562672
11.697507,0.23247119859617
11.697973,0.20393682764934767
11.698438,0.17842374303807124
11.698904,0.15794613565270463
11.699369,0.08543526359960325
11.699835,-0.055390249485008015
11.700300,-0.2093080033569848
11.700766,-0.36943617914091703
11.701231,-0.45436789501792935
11.701697,-0.4469825284199283
11.702162,-0.41240558480201417
11.702628,-0.39226367589837485
11.703093,-0.3764858472571908
11.703559,-0.351644159609369
11.704024,-0.3172350652323186
11.704490,-0.28886854352635993
11.704955,-0.27141222247653923
11.705421,-0.2341496910048066
11.705886,-0.15593194476234074
11.706352,-0.08409246967269397
11.706817,-0.04582284275577936
11.707283,-0.03054856183718624
11.707749,-0.01628137636377508
11.708214,-0.0021820401312275884
11.708680,0.022323949034866862
11.709145,0.0758678568703746
11.709611,0.14821087968261232
11.710076,0.19118028534370946
11.710542,0.21031509880216676
11.711007,0.21971465629053175
11.711473,0.2140077821011673
11.711938,0.19755855649652856
11.712404,0.13411154345006485
11.712869,0.04783703364614328
11.713335,-0.016617074845502403
11.713800,-0.05874723430228122
11.714266,-0.09147783627069504
11.714731,-0.11212329289692531
11.715197,-0.11665522240024415
11.715662,-0.12135500114442664
11.716128,-0.1304188601510643
11.716593,-0.1270618753337911
11.717059,-0.11598382543678949
11.717524,-0.10356298161287861
11.717990,-0.08946364538033112
11.718455,-0.0780498970016022
11.718921,-0.08761730373083085
11.719386,-0.10222018768596933
11.719852,-0.08140688181887541
11.720317,-0.05790798809796292
11.720783,-0.06881818875410085
11.721249,-0.10725566491187914
11.721714,-0.1492179751277943
11.722180,-0.17624170290684368
11.722645,-0.19084458686198216
11.723111,-0.20746166170748453
11.723576,-0.23112840466926068
11.724042,-0.25597009231708245
11.724507,-0.2710765239948119
11.724973,-0.28148317692835884
11.725438,-0.29575036240177
11.725904,-0.31606012054627297
11.726369,-0.3372091248950942
11.726835,-0.3551689936675059
11.727300,-0.37010757610437167
11.727766,-0.3837033646143282
11.728231,-0.3925993743801023
11.728697,-0.39578850995651177
11.729162,-0.3936064698252842
11.729628,-0.38454261081864644
11.730093,-0.3764858472571908
11.730559,-0.3756466010528725
11.731024,-0.37833218890669107
11.731490,-0.3778286411841001
11.731955,-0.34493018997482255
11.732421,-0.30447852292668043
11.732886,-0.3009536888685435
11.733352,-0.3200885023270008
11.733817,-0.33334859235523
11.734283,-0.3385519188220035
11.734749,-0.343251697566186
11.735214,-0.34694438086518653
11.735680,-0.35063706416418705
11.736145,-0.35265125505455097
11.736611,-0.34476234073395895
11.737076,-0.3365377279316396
11.737542,-0.3346913862821393
11.738007,-0.3268024719615472
11.738473,-0.31169604028381775
11.738938,-0.2928969253070878
11.739404,-0.27275501640344857
11.739869,-0.2527809567406729
11.740335,-0.2339818417639429
11.740800,-0.22189669642175933
11.741266,-0.24657053482871744
11.741731,-0.30363927672236213
11.742197,-0.3380483710994125
11.742662,-0.33687342641336687
11.743128,-0.3111924925612268
11.743593,-0.2598306248569467
11.744059,-0.20846875715266647
11.744524,-0.18345922026398107
11.744990,-0.17875944151979858
11.745455,-0.1693598840314336
11.745921,-0.15475700007629511
11.746386,-0.1461966887922484
11.746852,-0.14653238727397572
11.747317,-0.15324635690852215
11.747783,-0.17758449683375294
11.748248,-0.2239108873121233
11.748714,-0.27309071488517583
11.749180,-0.3130388342107271
11.749645,-0.3409018081940947
11.750111,-0.37363241016250853
11.750576,-0.4238193331807431
11.751042,-0.4721599145494774
11.751507,-0.5010299839780269
11.751973,-0.5137865262836652
11.752438,-0.5186541542687114
11.752904,-0.5181506065461203
11.753369,-0.5158007171740291
11.753835,-0.5074082551308461
11.754300,-0.48760204470893415
11.754766,-0.4682993820096132
11.755231,-0.46259250782024874
11.755697,-0.4637674525062943
11.756162,-0.46309605554283967
11.756628,-0.4607461661707485
11.757093,-0.4587319752803845
11.757559,-0.46024261844815745
11.758024,-0.4641031509880217
11.758490,-0.4620889600976577
11.758955,-0.45000381475547413
11.759421,-0.43120469977874415
11.759886,-0.41240558480201417
11.760352,-0.3952849622339208
11.760817,-0.37833218890669107
11.761283,-0.362050812542916
11.761748,-0.34862287327382313
11.762214,-0.3341878385595483
11.762680,-0.3167315175097276
11.763145,-0.2965896086060883
11.763611,-0.27862973983367667
11.764076,-0.2687266346227206
11.764542,-0.26419470511940185
11.765007,-0.26469825284199283
11.765473,-0.2655374990463111
11.765938,-0.26066987106126494
11.766404,-0.24925612268253605
11.766869,-0.2375066758220798
11.767335,-0.231464103150988
11.767800,-0.22777141985198748
11.768266,-0.223071641107805
11.768731,-0.22256809338521402
11.769197,-0.2291142137788968
11.769662,-0.23683527885862518
11.770128,-0.24354924849317158
11.770593,-0.24992751964599072
11.771059,-0.2519417105363546
11.771524,-0.24858472571908144
11.771990,-0.2464026855878538
11.772455,-0.2519417105363546
11.772921,-0.2652018005645838
11.773386,-0.28014038300144956
11.773852,-0.2937361715114062
11.774317,-0.307164110780499
11.774783,-0.32243839169909205
11.775248,-0.33485923552300295
11.775714,-0.3415732051575494
11.776180,-0.34526588845654993
11.776645,-0.34560158693827725
11.777111,-0.34392309452964065
11.777576,-0.3382162203402762
11.778042,-0.32881666285191125
11.778507,-0.31924925612268257
11.778973,-0.31001754787518115
11.779438,-0.3016250858319981
11.779904,-0.29692530708781567
11.780369,-0.2923933775844968
11.780835,-0.28853284504463267
11.781300,-0.2902113374532692
11.781766,-0.29188982986190587
11.782231,-0.2841687647821775
11.782697,-0.27090867475394825
11.783162,-0.2579842832074464
11.783628,-0.250263218127718
11.784093,-0.24892042420080873
11.784559,-0.24556343938353548
11.785024,-0.2339818417639429
11.785490,-0.22273594262607763
11.785955,-0.21803616388189515
11.786421,-0.21702906843671319
11.786886,-0.21803616388189515
11.787352,-0.22710002288853282
11.787817,-0.24153505760280766
11.788283,-0.2532845044632639
11.788748,-0.2616769665064469
11.789214,-0.27644769970244903
11.789679,-0.2816510261692225
11.790145,-0.26939803158617537
11.790611,-0.24489204242008086
11.791076,-0.22105745021744103
11.791542,-0.21098649576562137
11.792007,-0.2004119935912108
11.792473,-0.17540245670252536
11.792938,-0.13746852826733807
11.793404,-0.08879224841687647
11.793869,-0.02400244144350347
11.794335,0.04783703364614328
11.794800,0.10238803692683297
11.795266,0.1257190814068818
11.795731,0.1257190814068818
11.796197,0.1253833829251545
11.796662,0.1406576638437476
11.797128,0.16768139162279697
11.797593,0.20192263675898375
11.798059,0.23616388189517049
11.798524,0.26637674525062943
11.798990,0.3002822919050888
11.799455,0.34224460212100405
11.799921,0.3758144502937361
11.800386,0.39595635919737543
11.800852,0.41257343404287783
11.801317,0.4241550316624704
11.801783,0.4214694438086518
11.802248,0.4103913939116503
11.802714,0.3954528114747844
11.803179,0.36641489280537115
11.803645,0.323445487144274
11.804111,0.28584725719081405
11.804576,0.2579842832074464
11.805042,0.231464103150988
11.805507,0.20527962157625693
11.805973,0.17624170290684368
11.806438,0.15458915083543145
11.806904,0.18446631570916305
11.807369,0.23179980163271532
11.807835,0.24220645456626225
11.808300,0.22676432440680552
11.808766,0.21803616388189515
11.809231,0.2133363851377127
11.809697,0.1990691996643015
11.810162,0.18043793392843518
11.810628,0.15744258793011368
11.811093,0.10457007705806058
11.811559,0.004531929503318838
11.812024,-0.12588693064774548
11.812490,-0.2509346150911726
11.812955,-0.362050812542916
11.813421,-0.4688029297322041
11.813886,-0.5990539406424048
11.814352,-0.7534752422369725
11.814817,-0.8852368963149463
11.815283,-0.9679865720607308
11.815748,-1.002563515678645
11.816214,-1.0102845807583734
11.816679,-1.0102845807583734
11.817145,-1.003570611123827
11.817611,-1.007431143663691
11.818076,-1.034790569924468
11.818542,-1.0646677347981994
11.819007,-1.086152437628748
11.819473,-1.1052872510872052
11.819938,-1.1208972304875255
11.820404,-1.1130083161669337
11.820869,-1.0700389105058368
11.821335,-1.0314335851071947
11.821800,-1.0032349126420994
11.822266,-0.9535515373464561
11.822731,-0.8528419928282597
11.823197,-0.703791866941329
11.823662,-0.5582665751125353
11.824128,-0.46611734187838555
11.824593,-0.42314793621728847
11.825059,-0.3815213244831006
11.825524,-0.2757763027389944
11.825990,-0.08812085145342184
11.826455,0.09181353475242236
11.826921,0.19621576256961928
11.827386,0.23884946974898907
11.827852,0.26536964980544747
11.828317,0.31001754787518115
11.828783,0.3754787518120088
11.829248,0.44547188525215525
11.829714,0.5154650186923019
11.830179,0.575219348439765
11.830645,0.6215457389181352
11.831110,0.6806286717021438
11.831576,0.732997634851606
11.832042,0.7580071717402914
11.832507,0.7699244678416112
11.832973,0.7940947585259784
11.833438,0.8390783550774397
11.833904,0.8726482032501717
11.834369,0.8444495307850768
11.834835,0.7705958648050659
11.835300,0.6987563897154192
11.835766,0.6477302204928663
11.836231,0.6215457389181352
11.836697,0.6331273365377278
11.837162,0.6537727931639582
11.837628,0.6245670252536812
11.838093,0.5315785458152131
11.838559,0.39797055008773935
11.839024,0.2581521324483101
11.839490,0.1065842679484245
11.839955,-0.09684901197833219
11.840421,-0.3138780804150454
11.840886,-0.5124437323567559
11.841352,-0.7017776760509651
11.841817,-0.8692912184328984
11.842283,-0.9653009842069123
11.842748,-0.9451590753032731
11.843214,-0.7232623788815137
11.843679,-0.6084534981307699
11.844145,-0.7712672617685207
11.844610,-0.9414663920042726
11.845076,-0.9718471046005952
11.845542,-0.9266956588082703
11.846007,-0.9844357976653696
11.846473,-1.32651255054551
11.846938,-1.942183566033417
11.847404,-2.662928206301976
11.847869,-3.0154116121156633
11.848335,-2.2322270542458225
11.848800,-0.4359044785229267
11.849266,0.5958648050659953
11.849731,-0.8897688258182649
11.850197,-3.860868238345922
11.850662,-5.4819562066071565
11.851128,-5.4918593118181125
11.851593,-5.493034256504157
11.852059,-5.493369954985885
11.852524,-5.493705653467612
11.852990,-5.493873502708476
11.853455,-5.49404135194934
11.853921,-5.49404135194934
11.854386,-5.494209201190204
11.854852,-5.494377050431067
11.855317,-5.494209201190204
11.855783,-5.49404135194934
11.856248,-5.494209201190204
11.856714,-5.494377050431067
11.857179,-5.49404135194934
11.857645,-5.494209201190204
11.858110,-5.494209201190204
11.858576,-5.494209201190204
11.859042,-5.494377050431067
11.859507,-5.494377050431067
11.859973,-5.494377050431067
11.860438,-5.49454489967193
11.860904,-5.494712748912795
11.861369,-5.494377050431067
11.861835,-5.494377050431067
11.862300,-5.494377050431067
11.862766,-5.494209201190204
11.863231,-5.494377050431067
11.863697,-5.49454489967193
11.864162,-5.494209201190204
11.864628,-5.494209201190204
11.865093,-5.494209201190204
11.865559,-5.494209201190204
11.866024,-5.303700312809949
11.866490,-4.384390020599679
11.866955,-3.4806897077897303
11.867421,-2.6107270923933776
11.867886,-1.7713130388342109
11.868352,-1.0122987716487373
11.868817,-0.47115281910429546
11.869283,-0.33989471274891275
11.869748,-0.5869687953002212
11.870214,-0.9240100709544519
11.870679,-1.2717936980239566
11.871145,-1.6001068131532767
11.871610,-1.8649729152361332
11.872076,-1.8612802319371329
11.872541,-1.526253147173266
11.873007,-1.2563515678644999
11.873473,-1.456595712214847
11.873938,-2.2258487830930034
11.874404,-3.9671168078126193
11.874869,-5.482627603570611
11.875335,-5.492530708781567
11.875800,-5.493369954985885
11.876266,-5.493873502708476
11.876731,-5.49404135194934
11.877197,-5.493873502708476
11.877662,-5.49404135194934
11.878128,-5.494209201190204
11.878593,1.2687724116884107
11.879059,5.483131151293202
11.879524,5.490516517891203
11.879990,5.4918593118181125
11.880455,5.492530708781567
11.880921,5.4928664072632944
11.881386,5.493202105745021
11.881852,5.492530708781567
11.882317,5.4928664072632944
11.882783,5.4928664072632944
11.883248,1.4310826276035706
11.883714,-4.467811093308918
11.884179,-5.487495231555656
11.884645,-5.492027161058976
11.885110,-5.493034256504157
11.885576,-5.493369954985885
11.886041,-5.493537804226749
11.886507,-3.587777523460746
11.886973,-1.1752803845273516
11.887438,0.9357595178149081
11.887904,2.786129549095903
11.888369,4.475364309147783
11.888835,5.485145342183566
11.889300,5.490516517891203
11.889766,5.491691462577248
11.890231,5.4918593118181125
11.890697,5.492530708781567
11.891162,5.4928664072632944
11.891628,5.492530708781567
11.892093,5.4918593118181125
11.892559,5.492530708781567
11.893024,5.492195010299839
11.893490,5.492530708781567
11.893955,5.4918593118181125
11.894421,5.492530708781567
11.894886,5.492530708781567
11.895352,5.493202105745021
11.895817,5.492530708781567
11.896283,5.492530708781567
11.896748,5.492530708781567
11.897214,5.493202105745021
11.897679,5.493034256504157
11.898145,5.493202105745021
11.898610,5.493202105745021
11.899076,5.493202105745021
11.899541,5.493202105745021
11.900007,5.493034256504157
11.900472,5.493202105745021
11.900938,5.493202105745021
11.901404,5.493202105745021
11.901869,5.4928664072632944
11.902335,5.493202105745021
11.902800,5.493202105745021
11.903266,5.493202105745021
11.903731,5.4928664072632944
11.904197,5.4928664072632944
11.904662,5.493202105745021
11.905128,5.493034256504157
11.905593,5.493202105745021
11.906059,5.493202105745021
11.906524,5.493202105745021
11.906990,5.493202105745021
11.907455,5.492195010299839
11.907921,5.492530708781567
11.908386,5.492530708781567
11.908852,5.492530708781567
11.909317,5.493202105745021
11.909783,5.492530708781567
11.910248,5.4928664072632944
11.910714,5.4928664072632944
11.911179,5.492530708781567
11.911645,5.493202105745021
11.912110,5.493202105745021
11.912576,5.4928664072632944
11.913041,5.492530708781567
11.913507,5.492530708781567
11.913972,5.492530708781567
11.914438,4.053055619134813
11.914904,3.6790875104905774
11.915369,4.325642786297397
11.915835,4.330006866559853
11.916300,3.8207522697795064
11.916766,3.36923781185626
11.917231,3.106385900663767
11.917697,2.8982528419928277
11.918162,2.6605783169298847
11.918628,2.4074616617074844
11.919093,2.168444342717632
11.919559,1.948226138704509
11.920024,1.7387502861066602
11.920490,1.5366598001068132
11.920955,1.342290379186694
11.921421,1.1579919127183946
11.921886,0.9825894560158692
11.922352,0.8159151598382544
11.922817,0.6574654764629587
11.923283,0.5074082551308461
11.923748,0.36540779736018913
11.924214,0.23179980163271532
11.924679,0.10524147402151522
11.925145,-0.01359578850995651
11.925610,-0.12605477988860914
11.926076,-0.231464103150988
11.926541,-0.33015945677882047
11.927007,-0.4221408407721065
11.927472,-0.5080796520943008
11.927938,-0.5876401922636758
11.928404,-0.6608224612802318
11.928869,-0.72997634851606
11.929335,-0.7927519645990692
11.929800,-0.8503242542153048
11.930266,-0.9033646143282215
11.930731,-0.9523765926604105
11.931197,-0.9968566414892807
11.931662,-1.0368047608148319
11.932128,-1.072724498359655
11.932593,-1.1059586480506598
11.933059,-1.1351644159609369
11.933524,-1.1606775005722132
11.933990,-1.183504997329671
11.934455,-1.2026398107881284
11.934921,-1.2194247348744947
11.935386,-1.2330205233844511
11.935852,-1.2442664225223161
11.936317,-1.253330281528954
11.936783,-1.2600442511635002
11.937248,-1.2650797283894102
11.937714,-1.268101014724956
11.938179,-1.269108110170138
11.938645,-1.2687724116884107
11.939110,-1.2669260700389104
11.939576,-1.2637369344625007
11.940041,-1.2590371557183184
11.940507,-1.253330281528954
11.940972,-1.2461127641718166
11.941438,-1.2382238498512244
11.941903,-1.2288242923628596
11.942369,-1.2187533379110398
11.942835,-1.2080109864957655
11.943300,-1.1976043335622188
11.943766,-1.1865262836652168
11.944231,-1.183504997329671
11.944697,-1.1922331578545815
11.945162,-1.0436865796902417
11.945628,1.8438239108873122
11.946093,5.471717402914473
11.946559,5.491523613336385
11.947024,5.4918593118181125
11.947490,5.492530708781567
11.947955,5.4928664072632944
11.948421,5.493202105745021
11.948886,5.493202105745021
11.949352,5.493202105745021
11.949817,5.492530708781567
11.950283,5.493202105745021
11.950748,5.4918593118181125
11.951214,5.4928664072632944
11.951679,5.493202105745021
11.952145,5.493873502708476
11.952610,5.493873502708476
11.953076,3.4125429159990843
11.953541,-3.284809643701839
11.954007,-5.482291905088884
11.954472,-5.490684367132067
11.954938,-5.492027161058976
11.955403,-5.492530708781567
11.955869,-5.492698558022431
11.956335,-5.493034256504157
11.956800,-5.493034256504157
11.957266,-5.493202105745021
11.957731,-5.493202105745021
11.958197,-5.493202105745021
11.958662,-5.493369954985885
11.959128,-5.493202105745021
11.959593,-5.493369954985885
11.960059,-5.493537804226749
11.960524,-5.493369954985885
11.960990,-5.493537804226749
11.961455,-5.493537804226749
11.961921,-5.493537804226749
11.962386,-5.493705653467612
11.962852,-5.493705653467612
11.963317,-5.493537804226749
11.963783,-5.493705653467612
11.964248,-5.493705653467612
11.964714,-5.493537804226749
11.965179,-5.493705653467612
11.965645,-5.493537804226749
11.966110,-5.493705653467612
11.966576,-5.493537804226749
11.967041,-5.493705653467612
11.967507,-5.493705653467612
11.967972,-5.493873502708476
11.968438,-5.493537804226749
11.968903,-5.493705653467612
11.969369,-5.493537804226749
11.969835,-5.493537804226749
11.970300,-5.493705653467612
11.970766,-5.493537804226749
11.971231,-5.493537804226749
11.971697,-5.493537804226749
11.972162,-5.493537804226749
11.972628,-5.493705653467612
11.973093,-5.493705653467612
11.973559,-5.493705653467612
11.974024,-5.493705653467612
11.974490,-5.493705653467612
11.974955,-5.493705653467612
11.975421,-5.493873502708476
11.975886,-5.493705653467612
11.976352,-5.493705653467612
11.976817,-5.493537804226749
11.977283,-5.493537804226749
11.977748,-5.493873502708476
11.978214,-5.493537804226749
11.978679,-5.493705653467612
11.979145,-5.493537804226749
11.979610,-5.493705653467612
11.980076,-5.493537804226749
11.980541,-5.493705653467612
11.981007,-5.493537804226749
11.981472,-5.493537804226749
11.981938,-5.493537804226749
11.982403,-5.493537804226749
11.982869,-5.493537804226749
11.983334,-5.493537804226749
11.983800,-5.412802319371329
11.984266,-4.851346608682383
11.984731,-4.313054093232624
11.985197,-3.7912108033875023
11.985662,-3.2881666285191122
11.986128,-2.8076142519264513
11.986593,-2.351064316777294
11.987059,-1.9166704814221405
11.987524,-1.5009079118028534
11.987990,-1.1039444571602959
11.988455,-0.727626459143969
11.988921,-0.37077897306782637
11.989386,-0.03373769741359579
11.989852,0.2843366140230411
11.990317,0.5819333180743114
11.990783,0.8612344548714427
11.991248,1.1244220645456624
11.991714,1.3741817349507897
11.992179,1.6056458381017775
11.992645,1.8159609369039442
11.993110,2.009323262378881
11.993576,2.1906004425116348
11.994041,2.3597924773022045
11.994507,2.516227969787136
11.994972,2.6592355230029754
11.995438,2.7891508354314487
11.995903,2.906309605554284
11.996369,3.011047531853208
11.996834,3.1080643930724037
11.997300,3.1963530937666893
11.997766,3.2779278248264285
11.998231,3.3534599832150755
11.998697,3.4226138704509044
11.999162,3.4867322804608225
11.999628,3.475318532082094
12.000093,2.9284657053482874
12.000559,1.6605325398641946
12.001024,0.13864347295338367
12.001490,-1.4445105668726634
12.001955,-2.9647211413748376
12.002421,-4.2212405584802015
12.002886,-5.172442206454566
12.003352,-5.489845120927748
12.003817,-5.492698558022431
12.004283,-5.493369954985885
12.004748,-5.493873502708476
12.005214,-5.493873502708476
12.005679,-5.49404135194934
12.006145,-5.49404135194934
12.006610,-5.49404135194934
12.007076,-5.494209201190204
12.007541,-5.49404135194934
12.008007,-5.49404135194934
12.008472,-5.494209201190204
12.008938,-5.494209201190204
12.009403,-5.494377050431067
12.009869,-5.494209201190204
12.010334,-5.494209201190204
12.010800,-5.494377050431067
12.011266,-5.494209201190204
12.011731,-5.49404135194934
12.012197,-5.494209201190204
12.012662,-5.494377050431067
12.013128,-5.494377050431067
12.013593,-5.49404135194934
12.014059,-5.36748302433814
12.014524,-4.904051270313572
12.014990,-4.248935683222705
12.015455,-3.7289387350270844
12.015921,-3.4427557793545436
12.016386,-3.2336156252384223
12.016852,-2.9825131609063855
12.017317,-2.702876325627527
12.017783,-2.485175860227359
12.018248,-2.260761425192645
12.018714,-1.9512474250400549
12.019179,-1.5685511558709087
12.019645,-1.142381933318074
12.020110,-0.7044632639047836
12.020576,-0.31992065308613715
12.021041,-0.001846341649500267
12.021507,0.3445944914930953
12.021972,0.7336690318150606
12.022438,1.0868238345922026
12.022903,1.289921416037232
12.023369,1.4567635614557106
12.023834,1.7330434119172962
12.024300,2.1288319218738074
12.024765,2.586724650949874
12.025231,3.0224612802319366
12.025697,3.3098191805905244
12.026162,3.48572518501564
12.026628,3.6683451590753036
12.027093,3.9033340962844285
12.027559,4.171557183184558
12.028024,4.4552224002441445
12.028490,4.767421988250553
12.028955,5.0930495155260544
12.029421,5.367650873579003
12.029886,5.490516517891203
12.030352,5.492195010299839
12.030817,5.492530708781567
12.031283,5.492530708781567
12.031748,5.4918593118181125
12.032214,5.492530708781567
12.032679,5.492530708781567
12.033145,5.492195010299839
12.033610,5.493034256504157
12.034076,5.492530708781567
12.034541,5.492530708781567
12.035007,5.4928664072632944
12.035472,5.4928664072632944
12.035938,5.4918593118181125
12.036403,5.493202105745021
12.036869,5.492530708781567
12.037334,5.492530708781567
12.037800,5.492530708781567
12.038265,5.4918593118181125
12.038731,5.492530708781567
12.039197,5.492530708781567
12.039662,5.492530708781567
12.040128,5.4918593118181125
12.040593,5.4918593118181125
12.041059,5.492530708781567
12.041524,5.492530708781567
12.041990,5.492530708781567
12.042455,5.492530708781567
12.042921,5.492195010299839
12.043386,5.4928664072632944
12.043852,5.493202105745021
12.044317,5.492530708781567
12.044783,5.4918593118181125
12.045248,5.492530708781567
12.045714,5.4918593118181125
12.046179,5.492530708781567
12.046645,5.492530708781567
12.047110,5.492530708781567
12.047576,5.492530708781567
12.048041,5.4923628595407035
12.048507,5.4918593118181125
12.048972,5.492530708781567
12.049438,5.4918593118181125
12.049903,5.4928664072632944
12.050369,5.492530708781567
12.050834,5.4918593118181125
12.051300,5.492530708781567
12.051765,5.4582894636453805
12.052231,5.413641565575647
12.052697,5.368322270542459
12.053162,5.25149919890135
12.053628,5.087006942854964
12.054093,4.951720454718852
12.054559,4.873502708476386
12.055024,4.811062790875105
12.055490,4.766750591287098
12.055955,4.744930189974822
12.056421,4.724452582589455
12.056886,4.678797589074541
12.057352,4.612329289692531
12.057817,4.5391470206759745
12.058283,4.467307545586327
12.058748,4.4088960097657734
12.059214,4.341756313420309
12.059679,4.243060959792477
12.060145,4.155107957579919
12.060610,4.084611276417182
12.061076,3.9812161440451663
12.061541,3.875806820782788
12.062007,3.73145647364004
12.062472,3.4900892652780957
12.062938,3.1782253757534145
12.063403,2.873914702067597
12.063869,2.6642710002288847
12.064334,2.4970931563286793
12.064800,2.3233691920347903
12.065265,2.233905546654459
12.065731,2.2208133058670936
12.066196,2.23759822995346
12.066662,2.2443121995880064
12.067128,2.2093995574883647
12.067593,2.1568627450980395
12.068059,2.12480354009308
12.068524,2.122789349202716
12.068990,2.1566948958571754
12.069455,2.2070496681162735
12.069921,2.2292057679102766
12.070386,2.199832150759136
12.070852,2.230212863355459
12.071317,2.330586709391928
12.071783,2.3779201953154803
12.072248,2.293324177920195
12.072714,2.1152361333638514
12.073179,1.972396429388876
12.073645,1.9059281300068664
12.074110,1.8723582818341344
12.074576,1.8196536202029447
12.075041,1.7414358739604792
12.075507,1.6800030518043791
12.075972,1.6378728923476005
12.076438,1.531792172121767
12.076903,1.4722056916151676
12.077369,1.5346456092164493
12.077834,1.6430762188143737
12.078300,1.7179369802395663
12.078765,1.7488212405584802
12.079231,1.7743343251697563
12.079696,1.8555733577477684
12.080162,1.9744106202792406
12.080628,2.0731059739070723
12.081093,2.1335317006179904
12.081559,2.0919050888838027
12.082024,1.929427023727779
12.082490,1.7498283360036624
12.082955,1.6215915159838254
12.083421,1.4908369573510336
12.083886,1.3439688715953306
12.084352,1.259708552681773
12.084817,1.272129396505684
12.085283,1.3748531319142443
12.085748,1.527260242618448
12.086214,1.639047837033646
12.086679,1.6749675745784696
12.087145,1.6674143587396046
12.087610,1.6471046005951018
12.088076,1.6256198977645533
12.088541,1.6219272144655525
12.089007,1.6424048218509195
12.089472,1.649454489967193
12.089938,1.6131990539406424
12.090403,1.5588158999008164
12.090869,1.5171892881666282
12.091334,1.5004043640802622
12.091800,1.4960402838178073
12.092265,1.5108110170138094
12.092731,1.5420309758144501
12.093196,1.5606622415503164
12.093662,1.565362020294499
12.094128,1.5641870756084535
12.094593,1.5353170061799037
12.095059,1.3990234225986113
12.095524,1.2674296177615014
12.095990,1.2637369344625007
12.096455,1.32651255054551
12.096921,1.3701533531700618
12.097386,1.3766994735637446
12.097852,1.3506828412298773
12.098317,1.2388952468146792
12.098783,1.090180819409476
12.099248,1.0065918974593726
12.099714,1.002899214160372
12.100179,1.0297550926985581
12.100645,1.0458686198214693
12.101110,1.0562752727550162
12.101576,1.0921950102998397
12.102041,1.1234149691004804
12.102507,1.1156939040207523
12.102972,1.0911879148546577
12.103438,1.0784313725490198
12.103903,1.072724498359655
12.104369,1.058457312886244
12.104834,1.0290836957351033
12.105300,0.9807431143663691
12.105765,0.9273670557717251
12.106231,0.8813763637750819
12.106696,0.8122224765392537
12.107162,0.6866712443732357
12.107627,0.5611200122072174
12.108093,0.4953231097886625
12.108559,0.47853818570229645
12.109024,0.47299916075379567
12.109490,0.46443884946974895
12.109955,0.4607461661707485
12.110421,0.4647745479514762
12.110886,0.4662851911192492
12.111352,0.46141756313420307
12.111817,0.4531929503318837
12.112283,0.4407721065079728
12.112748,0.42952620737010755
12.113214,0.4130769817654688
12.113679,0.3852140077821012
12.114145,0.32277409018081943
12.114610,0.24489204242008086
12.115076,0.20360112916762035
12.115541,0.21702906843671319
12.116007,0.2583199816891737
12.116472,0.29826810101472495
12.116938,0.32814526588845655
12.117403,0.34728007934691385
12.117869,0.3556725413900969
12.118334,0.3568474860761425
12.118800,0.3543297474631876
12.119265,0.34660868238345927
12.119731,0.3375448233768215
12.120196,0.32881666285191125
12.120662,0.28853284504463267
12.121127,0.1992370489051652
12.121593,0.14888227664606699
12.122059,0.16197451743343252
12.122524,0.16499580376897838
12.122990,0.11984435797665367
12.123455,0.08375677119096665
12.123921,0.08711375600823987
12.124386,0.10691996643015184
12.124852,0.12806897077897306
12.125317,0.15207141222247655
12.125783,0.16801709010452429
12.126248,0.17137407492179751
12.126714,0.16264591439688714
12.127179,0.13881132219424736
12.127645,0.12001220721751735
12.128110,0.10994125276569772
12.128576,0.09315632867933166
12.129041,0.0639505607690547
12.129507,0.041962310215915156
12.129972,0.04145876249332417
12.130438,0.043472953383688104
12.130903,0.03978027008468757
12.131369,0.029205767910276948
12.131834,0.019638361181048294
12.132300,0.019638361181048294
12.132765,0.021988250553139542
12.133231,0.020981155107957578
12.133696,0.009903105210955977
12.134162,-0.02333104448004883
12.134627,-0.050186923018234526
12.135093,-0.05253681239032577
12.135559,-0.04078736552986953
12.136024,-0.03138780804150454
12.136490,-0.03138780804150454
12.136955,-0.03843747615777828
12.137421,-0.057236591134508276
12.137886,-0.08493171587701229
12.138352,-0.10809491111619743
12.138817,-0.11799801632715344
12.139283,-0.11531242847333485
12.139748,-0.11229114213778896
12.140214,-0.12370489051651787
12.140679,-0.15324635690852215
12.141145,-0.18480201419089035
12.141610,-0.203265430685893
12.142076,-0.20309758144502937
12.142541,-0.19050888838025481
12.143007,-0.17473105973907072
12.143472,-0.16331731136034178
12.143938,-0.15458915083543145
12.144403,-0.1420004577706569
12.144869,-0.1304188601510643
12.145334,-0.12471198596169988
12.145800,-0.12001220721751735
12.146265,-0.11128404669260701
12.146731,-0.10238803692683297
12.147196,-0.09819180590524147
12.147662,-0.09684901197833219
12.148127,-0.09684901197833219
12.148593,-0.09584191653315023
12.149058,-0.09735255970092317
12.149524,-0.10154879072251469
12.149990,-0.10490577553978789
12.150455,-0.10759136339360646
12.150921,-0.11061264972915236
12.151386,-0.11648737315938049
12.151852,-0.1240405889982452
12.152317,-0.1351186388952468
12.152783,-0.14955367360952163
12.153248,-0.16096742198825056
12.153714,-0.16533150225070573
12.154179,-0.16868848706797895
12.154645,-0.17607385366598
12.155110,-0.1837949187457084
12.155576,-0.1935301747158007
12.156041,-0.20376897840848401
12.156507,-0.2133363851377127
12.156972,-0.22172884718089572
12.157438,-0.22760357061112382
12.157903,-0.2297856107423514
12.158369,-0.2306248569466697
12.158834,-0.23045700770580602
12.159300,-0.22777141985198748
12.159765,-0.22626077668421452
12.160231,-0.2281071183337148
12.160696,-0.22944991226062406
12.161162,-0.23112840466926068
12.161627,-0.23280689707789726
12.162093,-0.2291142137788968
12.162558,-0.2203860532539864
12.163024,-0.2140077821011673
12.163490,-0.2099794003204395
12.163955,-0.2029297322041657
12.164421,-0.19453727016098266
12.164886,-0.19034103913939115
12.165352,-0.18916609445334553
12.165817,-0.18950179293507285
12.166283,-0.18580910963607233
12.166748,-0.17808804455634394
12.167214,-0.17170977340352483
12.167679,-0.16600289921416037
12.168145,-0.16264591439688714
12.168610,-0.16264591439688714
12.169076,-0.16549935149156939
12.169541,-0.16801709010452429
12.170007,-0.16734569314106965
12.170472,-0.1693598840314336
12.170938,-0.17943083848325322
12.171403,-0.1940337224383917
12.171869,-0.2024261844815747
12.172334,-0.2025940337224384
12.172800,-0.19755855649652856
12.173265,-0.19537651636530098
12.173731,-0.2015869382772564
12.174196,-0.20527962157625693
12.174662,-0.203265430685893
12.175127,-0.2029297322041657
12.175593,-0.2076295109483482
12.176058,-0.21535057602807656
12.176524,-0.2264286259250782
12.176990,-0.24287785152971691
12.177455,-0.2626840619516289
12.177921,-0.2808117799649042
12.178386,-0.29407186999313345
12.178852,-0.30045014114595253
12.179317,-0.3085069047074082
12.179783,-0.3274738689250019
12.180248,-0.3546654459449149
12.180714,-0.3815213244831006
12.181179,-0.4036774242771038
12.181645,-0.4171053635461967
12.182110,-0.42113374532692444
12.182576,-0.41576256961928737
12.183041,-0.40502021820401307
12.183507,-0.3936064698252842
12.183972,-0.3820248722056916
12.184438,-0.36977187762264435
12.184903,-0.3583581292439155
12.185369,-0.34341954680704967
12.185834,-0.32394903486686505
12.186300,-0.30330357824063475
12.186765,-0.2818188754100862
12.187231,-0.2640268558785382
12.187696,-0.2546272983901732
12.188162,-0.24657053482871744
12.188627,-0.22928206301976042
12.189093,-0.20192263675898375
12.189558,-0.1696955825131609
12.190024,-0.14418249790188448
12.190489,-0.13209735255970093
12.190955,-0.1304188601510643
12.191421,-0.12991531242847335
12.191886,-0.12135500114442664
12.192352,-0.09617761501487754
12.192817,-0.07335011825741969
12.193283,-0.08476386663614863
12.193748,-0.14552529182879376
12.194214,-0.23851377126726178
12.194679,-0.362050812542916
12.195145,-0.47887388418402377
12.195610,-0.5201647974364842
12.196076,-0.49330891889829853
12.196541,-0.4459754329747464
12.197007,-0.39914549477378497
12.197472,-0.34929427023727777
12.197938,-0.2687266346227206
12.198403,-0.1284046692607004
12.198869,0.01560997940032044
12.199334,0.10926985580224306
12.199800,0.1586175326161593
12.200265,0.19554436560616464
12.200731,0.22777141985198748
12.201196,0.2552986953536278
12.201662,0.28014038300144956
12.202127,0.3019607843137255
12.202593,0.31606012054627297
12.203058,0.32394903486686505
12.203524,0.32780956740672923
12.203989,0.33015945677882047
12.204455,0.32780956740672923
12.204921,0.3163958190280003
12.205386,0.2992751964599069
12.205852,0.2834973678187228
12.206317,0.2710765239948119
12.206783,0.2636911573968108
12.207248,0.2593270771343557
12.207714,0.25395590142671853
12.208179,0.24824902723735406
12.208645,0.24220645456626225
12.209110,0.23280689707789726
12.209576,0.31068894483863574
12.210041,0.7791561760891126
12.210507,1.4003662165255204
12.210972,1.7280079346913866
12.211438,1.7300221255817503
12.211903,1.7139085984588387
12.212369,1.8159609369039442
12.212834,1.8723582818341344
12.213300,1.7813839932860305
12.213765,1.6002746623941402
12.214231,1.407080186160067
12.214696,1.2244602121004045
12.215162,1.0472114137483786
12.215627,0.8709697108415351
12.216093,0.6943923094529639
12.216558,0.520836194399939
12.217024,0.3570153353170062
12.217489,0.21383993286030367
12.217955,0.08896009765774013
12.218421,0.027023727779049357
12.218886,0.017288471808957043
12.219352,-0.0315556572823682
12.219817,-0.14938582436865797
12.220283,-0.29188982986190587
12.220748,-0.4194552529182879
12.221214,-0.5280537117570764
12.221679,-0.6259098191805904
12.222145,-0.7118486305027847
12.222610,-0.7851987487602046
12.223076,-0.8521705958648049
12.223541,-0.9115892271305409
12.224007,-0.9559014267185473
12.224472,-0.9327382314793622
12.224938,-0.8112153810940719
12.225403,-0.7041275654230564
12.225869,-0.6873426413366903
12.226334,-0.736018921187152
12.226800,-0.7806668192568856
12.227265,-0.7737850003814756
12.227731,-0.7658960860608836
12.228196,-0.8001373311970701
12.228662,-0.8575417715724422
12.229127,-0.9110856794079499
12.229593,-0.9495231555657281
12.230058,-0.9745326924544137
12.230524,-0.9946746013580529
12.230989,-1.018341344319829
12.231455,-1.0421759365224688
12.231920,-1.060975051499199
12.232386,-1.0698710612649727
12.232852,-1.07339589532311
12.233317,-1.0791027695124742
12.233783,-1.0827954528114747
12.234248,-1.078767071030747
12.234714,-1.0676890211337453
12.235179,-1.0519111924925613
12.235645,-1.0334477759975587
12.236110,-1.0149843595025558
12.236576,-0.9961852445258259
12.237041,-0.972350652323186
12.237507,-0.9441519798580911
12.237972,-0.9226672770275426
12.238438,-0.9099107347219043
12.238903,-0.89916838330663
12.239369,-0.8874189364461738
12.239834,-0.8736552986953537
12.240300,-0.8595559624628061
12.240765,-0.8471351186388952
12.241231,-0.8290074006256198
12.241696,-0.7944304570077059
12.242162,-0.7380331120775158
12.242627,-0.675089646753643
12.243093,-0.6292668039978637
12.243558,-0.606439307240406
12.244024,-0.5913328755626763
12.244489,-0.5730373083085373
12.244955,-0.5527275501640345
12.245420,-0.5327534905012589
12.245886,-0.508415350576028
12.246352,-0.47786678873884186
12.246817,-0.44496833752956433
12.247283,-0.41458762493324175
12.247748,-0.3838712138551919
12.248214,-0.3429159990844587
12.248679,-0.29692530708781567
12.249145,-0.25496299687190055
12.249610,-0.22172884718089572
12.250076,-0.17943083848325322
12.250541,-0.1079270618753338
12.251007,-0.03373769741359579
12.251472,0.014602883955138474
12.251938,0.10054169527733271
12.252403,0.24690623331044484
12.252869,0.36540779736018913
12.253334,0.40401312275883117
12.253800,0.39931334401464863
12.254265,0.4058594644083314
12.254731,0.4154268711375601
12.255196,0.40132753490501255
12.255662,0.3623865110246433
12.256127,0.30582131685358965
12.256593,0.2375066758220798
12.257058,0.17943083848325322
12.257524,0.13411154345006485
12.257989,0.092484931715877
12.258455,0.051865415426871134
12.258920,0.001846341649500267
12.259386,-0.06378271152819104
12.259852,-0.16298161287861446
12.260317,-0.27225146868085753
12.260783,-0.32310978866254675
12.261248,-0.30565346761272594
12.261714,-0.2687266346227206
12.262179,-0.23045700770580602
12.262645,-0.17808804455634394
12.263110,-0.10943770504310674
12.263576,-0.04682993820096131
12.264041,-0.007553215838864729
12.264507,0.027359426260776684
12.264972,0.11766231784542608
12.265438,0.223071641107805
12.265903,0.26637674525062943
12.266369,0.2509346150911726
12.266834,0.20578316929884793
12.267300,0.14485389486533912
12.267765,0.07771419851987486
12.268231,0.01628137636377508
12.268696,-0.0260166323338674
12.269162,-0.04414435034714275
12.269627,-0.051865415426871134
12.270093,-0.061936369878690785
12.270558,-0.06999313344014649
12.271024,-0.0703288319218738
12.271489,-0.0767071030746929
12.271955,-0.11313038834210726
12.272420,-0.18715190356298161
12.272886,-0.26066987106126494
12.273351,-0.2798046845197223
12.273817,-0.24455634393835354
12.274283,-0.2002441443503471
12.274748,-0.18362706950484473
12.275214,-0.17892729076066224
12.275679,-0.15744258793011368
12.276145,-0.11027695124742502
12.276610,-0.04078736552986953
12.277076,0.03407339589532311
12.277541,0.09785610742351414
12.278007,0.14552529182879376
12.278472,0.1802700846875715
12.278938,0.19588006408789194
12.279403,0.16331731136034178
12.279869,0.10557717250324253
12.280334,0.043808651865415424
12.280800,-0.016449225604638743
12.281265,-0.05354390783550774
12.281731,-0.06361486228732739
12.282196,-0.06546120393682765
12.282662,-0.08879224841687647
12.283127,-0.17808804455634394
12.283593,-0.27946898603799497
12.284058,-0.28014038300144956
12.284524,-0.1790951400015259
12.284989,-0.07939269092851148
12.285455,-0.03105210955977722
12.285920,-0.011917296101319903
12.286386,0.010910200656137941
12.286851,0.041123064011596856
12.287317,0.06764324406805522
12.287783,0.0971847104600595
12.288248,0.12454413672083621
12.288714,0.13931486991683834
12.289179,0.14552529182879376
12.289645,0.15291065842679483
12.290110,0.16096742198825056
12.290576,0.16633859769588769
12.291041,0.16768139162279697
12.291507,0.16734569314106965
12.291972,0.16365300984206912
12.292438,0.15324635690852215
12.292903,0.1284046692607004
12.293369,0.10188448920424201
12.293834,0.09047074082551307
12.294300,0.0908064393072404
12.294765,0.092484931715877
12.295231,0.09164568551155872
12.295696,0.09030289158464942
12.296162,0.0963454642557412
12.296627,0.10775921263447012
12.297093,0.12941176470588234
12.297558,0.24153505760280766
12.298024,0.4375829709315633
12.298489,0.5829404135194934
12.298955,0.614328221560998
12.299420,0.5725337605859464
12.299886,0.5158007171740291
12.300351,0.47299916075379567
12.300817,0.43624017700465395
12.301282,0.39327077134355687
12.301748,0.34476234073395895
12.302214,0.29860379949645227
12.302679,0.2563057907988098
12.303145,0.21937895780880443
12.303610,0.18580910963607233
12.304076,0.15811398489356832
12.304541,0.1304188601510643
12.305007,0.09768825818265049
12.305472,0.06697184710460058
12.305938,0.04649423971923399
12.306403,0.028702220187685965
12.306869,0.004531929503318838
12.307334,-0.026352330815594724
12.307800,-0.051865415426871134
12.308265,-0.06596475165941862
12.308731,-0.08207827878233005
12.309196,-0.10222018768596933
12.309662,-0.11934081025406272
12.310127,-0.13243305104142825
12.310593,-0.147875181200885
12.311058,-0.16566720073243305
12.311524,-0.18228427557793545
12.311989,-0.1982299534599832
12.312455,-0.21702906843671319
12.312920,-0.22710002288853282
12.313386,-0.20964370183871214
12.313851,-0.1874876020447089
12.314317,-0.17758449683375294
12.314782,-0.16784924086366063
12.315248,-0.15156786449988555
12.315714,-0.14317540245670252
12.316179,-0.15492484931715875
12.316645,-0.18110933089188982
12.317110,-0.22256809338521402
12.317576,-0.26738384069581134
12.318041,-0.29692530708781567
12.318507,-0.3251239795529106
12.318972,-0.36037232013427933
12.319438,-0.41173418783855953
12.319903,-0.4743419546807049
12.320369,-0.5577630273899443
12.320834,-0.6621652552071412
12.321300,-0.7695887693598841
12.321765,-0.8598916609445334
12.322231,-0.9666437781338216
12.322696,-1.1109941252765696
12.323162,-1.2088502327000838
12.323627,-1.2026398107881284
12.324093,-1.1210650797283894
12.324558,-1.0356298161287862
12.325024,-0.9666437781338216
12.325489,-0.8832227054245823
12.325955,-0.7846952010376135
12.326420,-0.6859998474097809
12.326886,-0.592004272526131
12.327351,-0.5137865262836652
12.327817,-0.45134660868238347
12.328282,-0.39125658045319295
12.328748,-0.2707408255130846
12.329214,-0.1292439154650187
12.329679,-0.18547341115434499
12.330145,-0.3627222095063706
12.330610,-0.44144350347142747
12.331076,-0.3868925001907378
12.331541,-0.29776455329213397
12.332007,-0.23465323872739755
12.332472,-0.1790951400015259
12.332938,-0.11296253910124363
12.333403,-0.05824368657969024
12.333869,-0.014602883955138474
12.334334,0.030716411078049892
12.334800,0.0481727321278706
12.335265,0.021820401312275882
12.335731,-0.01829556725413901
12.336196,-0.06965743495841917
12.336662,-0.15274280918593117
12.337127,-0.21232928969253068
12.337593,-0.20494392309452963
12.338058,-0.14670023651483938
12.338524,-0.09919890135042343
12.338989,-0.11598382543678949
12.339455,-0.15140001525902191
12.339920,-0.15928892957961394
12.340386,-0.15626764324406803
12.340851,-0.13411154345006485
12.341317,-0.0955062180514229
12.341782,-0.06126497291523613
12.342248,-0.033066300450141146
12.342713,0.01292439154650187
12.343179,0.06495765621423667
12.343645,0.11245899137865262
12.344110,0.1733882658121614
12.344576,0.24657053482871744
12.345041,0.29457541771572443
12.345507,0.31186388952468147
12.345972,0.33922331578545817
12.346438,0.34811932555123215
12.346903,0.2989394979781796
12.347369,0.22676432440680552
12.347834,0.17976653696498052
12.348300,0.16197451743343252
12.348765,0.13931486991683834
12.349231,-0.09869535362783245
12.349696,-0.5006942854962997
12.350162,-0.7335011825741969
12.350627,-0.722590981918059
12.351093,-0.5931792172121766
12.351558,-0.42197299153124274
12.352024,-0.231464103150988
12.352489,-0.03457694361791409
12.352955,0.13411154345006485
12.353420,0.2341496910048066
12.353886,0.2898756389715419
12.354351,0.34425879301136797
12.354817,0.41475547417410535
12.355282,0.4570534828717479
12.355748,0.3865568017090104
12.356213,0.29457541771572443
12.356679,0.29390402075226973
12.357145,0.36171511406118867
12.357610,0.42549782558937965
12.358076,0.4691386282139315
12.358541,0.5074082551308461
12.359007,0.5429922941939421
12.359472,0.5669947356374456
12.359938,0.5416495002670327
12.360403,0.42684061951628904
12.360869,0.31706721599145493
12.361334,0.28719005111772333
12.361800,0.31773861295490957
12.362265,0.3553368429083695
12.362731,0.37010757610437167
12.363196,0.3576867322804608
12.363662,0.28148317692835884
12.364127,0.13713282978561073
12.364593,-0.0379339284351873
12.365058,-0.1967193102922103
12.365524,-0.27476920729381243
12.365989,-0.2636911573968108
12.366455,-0.20527962157625693
12.366920,-0.12639047837033646
12.367386,-0.01695277332722972
12.367851,0.1977264057373922
12.368317,0.4301976043335622
12.368782,0.601907377737087
12.369248,0.7464255741206988
12.369713,0.7704280155642024
12.370179,0.6497444113832302
12.370645,0.5322499427786678
12.371110,0.5097581445029374
12.371576,0.5392996108949416
12.372041,0.5594415197985809
12.372507,0.5530632486457617
12.372972,0.5342641336690318
12.373438,0.8857404440375372
12.373903,1.7266651407644769
12.374369,2.1832150759136337
12.374834,2.0808270389868007
12.375300,1.8473487449454489
12.375765,1.7105516136415655
12.376231,1.6350194552529183
12.376696,1.4732127870603493
12.377162,1.2002899214160372
12.377627,0.9877927824826428
12.378093,0.8718089570458534
12.378558,0.6490730144197757
12.379024,0.3543297474631876
12.379489,0.18110933089188982
12.379955,0.14468604562447548
12.380420,0.08375677119096665
12.380886,-0.08342107270923933
12.381351,-0.23817807278553446
12.381817,-0.2576485847257191
12.382282,-0.2603341725795376
12.382748,-0.40837720302128633
12.383213,-0.5481956206607157
12.383679,-0.47350270847638665
12.384144,-0.2915541313801785
12.384610,-0.22005035477225907
12.385076,-0.29423971923399705
12.385541,-0.37749294270237277
12.386007,-0.3805142290379186
12.386472,-0.31236743724727245
12.386938,-0.16600289921416037
12.387403,-0.07603570611123828
12.387869,-0.10356298161287861
12.388334,-0.25395590142671853
12.388800,-0.5772335393301289
12.389265,-0.816586556801709
12.389731,-0.8139009689478903
12.390196,-0.7016098268101014
12.390662,-0.6527656977187761
12.391127,-0.6695506218051422
12.391593,-0.7017776760509651
12.392058,-0.7303120469977874
12.392524,-0.7387045090409705
12.392989,-0.7158770122835126
12.393455,-0.6987563897154192
12.393920,-0.7031204699778744
12.394386,-0.6762645914396886
12.394851,-0.6076142519264515
12.395317,-0.5372854200045777
12.395782,-0.456549935149157
12.396248,-0.35936522468909743
12.396713,-0.24925612268253605
12.397179,-0.12739757381551842
12.397644,0.001846341649500267
12.398110,0.12034790569924468
12.398576,0.20427252613107502
12.399041,0.24925612268253605
12.399507,0.29188982986190587
12.399972,0.37262531471732663
12.400438,0.4624246585793851
12.400903,0.535606927595941
12.401369,0.6022430762188143
12.401834,0.6685435263599604
12.402300,0.7262836652170594
12.402765,0.7635461966887922
12.403231,0.7857022964827954
12.403696,0.8280003051804379
12.404162,0.8984969863431752
12.404627,0.9780575265125506
12.405093,1.032104982070649
12.405558,1.033615625238422
12.406024,1.0485542076752878
12.406489,1.1707484550240328
12.406955,1.2956282902265963
12.407420,1.3137560082398718
12.407886,1.242923628595407
12.408351,1.1583276112001222
12.408817,1.1029373617151141
12.409282,1.0713817044327458
12.409748,1.107301441977569
12.410213,1.1338216220340278
12.410679,1.0596322575722896
12.411144,0.8924544136720836
12.411610,0.732997634851606
12.412076,0.6564583810177768
12.412541,0.6413519493400471
12.413007,0.639002059967956
12.413472,0.6158388647287708
12.413938,0.571190966659037
12.414403,0.5105973907072556
12.414869,0.4201266498817426
12.415334,0.31538872358281833
12.415800,0.21937895780880443
12.416265,0.1414969100480659
12.416731,0.08107118333714809
12.417196,0.0021820401312275884
12.417662,-0.09365987640192262
12.418127,-0.11967650873579004
12.418593,-0.05857938506141757
12.419058,-0.037094682230869
12.419524,-0.08509956511787593
12.419989,-0.14384679942015716
12.420455,-0.17473105973907072
12.420920,-0.18278782330052643
12.421386,-0.18983749141680015
12.421851,-0.21635767147325857
12.422317,-0.2546272983901732
12.422782,-0.28014038300144956
12.423248,-0.28752574959945065
12.423713,-0.30061799038681614
12.424179,-0.31773861295490957
12.424644,-0.32646677347981995
12.425110,-0.3197528038452735
12.425575,-0.29994659342336155
12.426041,-0.2902113374532692
12.426507,-0.29625391012436103
12.426972,-0.32042420080872813
12.427438,-0.36171511406118867
12.427903,-0.37111467154955363
12.428369,-0.2720836194399938
12.428834,-0.021652552071412222
12.429300,0.19722285801480124
12.429765,0.26604104676890206
12.430231,0.27997253376058595
12.430696,0.3113603418020905
12.431162,0.3476157778286411
12.431627,0.3553368429083695
12.432093,0.3113603418020905
12.432558,0.22944991226062406
12.433024,0.1364614328221561
12.433489,0.08375677119096665
12.433955,0.1696955825131609
12.434420,0.30128938735027083
12.434886,0.3387197680628672
12.435351,0.2798046845197223
12.435817,0.18832684824902723
12.436282,0.09819180590524147
12.436748,0.03440909437705043
12.437213,0.03743038071259632
12.437679,0.1270618753337911
12.438144,0.1535820553902495
12.438610,0.05354390783550774
12.439075,-0.09147783627069504
12.439541,-0.21165789272907606
12.440007,-0.28282597085526817
12.440472,-0.3226062409399557
12.440938,-0.36641489280537115
12.441403,-0.4206301976043335
12.441869,-0.480216678110933
12.442334,-0.5199969481956207
12.442800,-0.5295643549248493
12.443265,-0.5445029373617151
12.443731,-0.5753871976806286
12.444196,-0.5728694590676737
12.444662,-0.5295643549248493
12.445127,-0.5117723353933012
12.445593,-0.529228656443122
12.446058,-0.5520561532005797
12.446524,-0.5745479514763103
12.446989,-0.6057679102769511
12.447455,-0.6319523918516823
12.447920,-0.642023346303502
12.448386,-0.6374914168001832
12.448851,-0.6353093766689555
12.449317,-0.642023346303502
12.449782,-0.6581368734264134
12.450248,-0.6690470740825513
12.450713,-0.6608224612802318
12.451179,-0.6386663614862287
12.451644,-0.6151674677653163
12.452110,-0.5936827649347676
12.452575,-0.574212252994583
12.453041,-0.5554131380178531
12.453507,-0.5382925154497596
12.453972,-0.5178149080643931
12.454438,-0.4919661249713893
12.454903,-0.4662851911192492
12.455369,-0.4409399557488366
12.455834,-0.4127412832837415
12.456300,-0.3885709925993744
12.456765,-0.37010757610437167
12.457231,-0.34811932555123215
12.457696,-0.32881666285191125
12.458162,-0.3261310749980926
12.458627,-0.3331807431143664
12.459093,-0.43959716182192715
12.459558,-0.6233920805676355
12.460024,-0.7011062790875104
12.460489,-0.6467231250476845
12.460955,-0.5502098115510795
12.461420,-0.47031357289997716
12.461886,-0.4110627908751049
12.462351,-0.3684290836957351
12.462817,-0.3553368429083695
12.463282,-0.3566796368352788
12.463748,-0.34392309452964065
12.464213,-0.323445487144274
12.464679,-0.29625391012436103
12.465144,-0.25261310749980925
12.465610,-0.19554436560616464
12.466075,-0.15022507057297627
12.466541,-0.13713282978561073
12.467006,-0.2203860532539864
12.467472,-0.3105210955977722
12.467938,-0.29323262378881515
12.468403,-0.2203860532539864
12.468869,-0.15727473868925002
12.469334,-0.11296253910124363
12.469800,-0.07872129396505684
12.470265,-0.0481727321278706
12.470731,-0.020981155107957578
12.471196,0.004531929503318838
12.471662,0.021988250553139542
12.472127,0.03205920500495917
12.472593,0.0379339284351873
12.473058,0.03608758678568704
12.473524,0.03508049134050507
12.473989,0.042465857938506144
12.474455,0.043976501106279084
12.474920,0.03508049134050507
12.475386,0.029877164873731592
12.475851,0.03508049134050507
12.476317,0.042801556420233464
12.476782,0.0473334859235523
12.477248,0.0528725108720531
12.477713,0.06361486228732739
12.478179,0.08493171587701229
12.478644,0.11229114213778896
12.479110,0.13276874952315554
12.479575,0.14283970397497517
12.480041,0.14804303044174866
12.480506,0.1534142061493858
12.480972,0.15727473868925002
12.481438,0.15626764324406803
12.481903,0.14988937209124895
12.482369,0.13545433737697413
12.482834,0.11715877012283514
12.483300,0.11061264972915236
12.483765,0.11699092088197145
12.484231,0.1253833829251545
12.484696,0.12672617685206378
12.485162,0.11665522240024415
12.485627,0.10859845883878842
12.486093,0.11078049897001603
12.486558,0.11833371480888075
12.487024,0.1240405889982452
12.487489,0.12303349355306323
12.487955,0.11514457923247119
12.488420,0.10641641870756083
12.488886,0.09785610742351414
12.489351,0.09282063019760432
12.489817,0.09584191653315023
12.490282,0.10289158464942397
12.490748,0.10490577553978789
12.491213,0.10154879072251469
12.491679,0.09987029831387809
12.492144,0.10389868009460593
12.492610,0.11195544365606165
12.493075,0.11598382543678949
12.493541,0.11329823758297093
12.494006,0.10994125276569772
12.494472,0.10994125276569772
12.494938,0.11262684061951626
12.495403,0.11581597619592585
12.495869,0.12336919203479056
12.496334,0.13125810635538263
12.496800,0.1270618753337911
12.497265,0.11732661936369877
12.497731,0.11665522240024415
12.498196,0.11984435797665367
12.498662,0.11732661936369877
12.499127,0.10926985580224306
12.499593,0.09785610742351414
12.500058,0.09365987640192262
12.500524,0.092484931715877
12.500989,0.08946364538033112
12.501455,0.08577096208133059
12.501920,0.08342107270923933
12.502386,0.07335011825741969
12.502851,0.05857938506141757
12.503317,0.043808651865415424
12.503782,0.03373769741359579
12.504248,0.028030823224231328
12.504713,0.0213168535896849
12.505179,0.01326009002822919
12.505644,0.005874723430228122
12.506110,-0.0035248340581368735
12.506575,-0.012588693064774548
12.507041,-0.013092240787365528
12.507506,-0.009567406729228655
12.507972,-0.009567406729228655
12.508437,-0.01292439154650187
12.508903,-0.016617074845502403
12.509369,-0.020645456626230255
12.509834,-0.024673838406958113
12.510300,-0.026352330815594724
12.510765,-0.025680933852140077
12.511231,-0.02584878309300374
12.511696,-0.022995345998321506
12.512162,-0.017624170290684367
12.512627,-0.012588693064774548
12.513093,-0.011581597619592583
12.513558,-0.01326009002822919
12.514024,-0.011245899137865261
12.514489,-0.008224612802319372
12.514955,-0.007217517357137408
12.515420,-0.007217517357137408
12.515886,-0.008224612802319372
12.516351,-0.007217517357137408
12.516817,-0.006881818875410085
12.517282,-0.005706874189364461
12.517748,-0.003860532539864194
12.518213,-0.004196231021591517
12.518679,-0.004867627985046159
12.519144,-0.004196231021591517
12.519610,-0.0008392462043183033
12.520075,0.0021820401312275884
12.520541,0.0052033264667734795
12.521006,0.008392462043183033
12.521472,0.008560311284046692
12.521937,0.006546120393682764
12.522403,0.004364080262455177
12.522869,0.003860532539864194
12.523334,0.0052033264667734795
12.523800,0.004196231021591517
12.524265,0.0011749446860456242
12.524731,0.00016784924086366064
12.525196,-0.0008392462043183033
12.525662,-0.006881818875410085
12.526127,-0.014938582436865796
12.526593,-0.01829556725413901
12.527058,-0.020645456626230255
12.527524,-0.02366674296177615
12.527989,-0.027359426260776684
12.528455,-0.0315556572823682
12.528920,-0.03440909437705043
12.529386,-0.03440909437705043
12.529851,-0.033066300450141146
12.530317,-0.030045014114595252
12.530782,-0.02400244144350347
12.531248,-0.01527428091859312
12.531713,-0.004364080262455177
12.532179,0.006881818875410085
12.532644,0.01326009002822919
12.533110,0.013931486991683832
12.533575,0.017624170290684367
12.534041,0.02366674296177615
12.534506,0.02668802929732204
12.534972,0.025345235370412753
12.535437,0.022323949034866862
12.535903,0.020645456626230255
12.536369,0.0213168535896849
12.536834,0.021149004348821242
12.537300,0.018631265735866327
12.537765,0.01527428091859312
12.538231,0.011581597619592583
12.538696,0.010238803692683297
12.539162,0.01326009002822919
12.539627,0.020645456626230255
12.540093,0.028030823224231328
12.540558,0.03407339589532311
12.541024,0.03910887312123293
12.541489,0.03810177767605096
12.541955,0.03138780804150454
12.542420,0.02584878309300374
12.542886,0.025345235370412753
12.543351,0.03121995880064088
12.543817,0.03944457160296025
12.544282,0.04548714427405204
12.544748,0.051529716945143814
12.545213,0.05354390783550774
12.545679,0.05119401846341649
12.546144,0.0481727321278706
12.546610,0.04548714427405204
12.547075,0.04011596856641489
12.547541,0.03474479285877775
12.548006,0.033234149691004806
12.548472,0.03608758678568704
12.548937,0.040451667048142216
12.549403,0.04313725490196078
12.549868,0.043472953383688104
12.550334,0.03978027008468757
12.550800,0.035919737544823374
12.551265,0.03407339589532311
12.551731,0.03138780804150454
12.552196,0.02668802929732204
12.552662,0.020645456626230255
12.553127,0.011245899137865261
12.553593,0.0005035477225909818
12.554058,-0.004196231021591517
12.554524,-0.0011749446860456242
12.554989,0.003189135576409552
12.555455,0.004531929503318838
12.555920,0.006546120393682764
12.556386,0.011413748378728923
12.556851,0.01527428091859312
12.557317,0.014267185473411156
12.557782,0.010910200656137941
12.558248,0.01594567788204776
12.558713,0.029877164873731592
12.559179,0.04414435034714275
12.559644,0.04917982757305257
12.560110,0.04531929503318838
12.560575,0.04213015945677882
12.561041,0.043808651865415424
12.561506,0.05253681239032577
12.561972,0.06596475165941862
12.562437,0.08207827878233005
12.562903,0.0971847104600595
12.563368,0.10893415732051576
12.563834,0.11934081025406272
12.564300,0.13444724193179217
12.564765,0.15022507057297627
12.565231,0.15291065842679483
12.565696,0.14032196536202027
12.566162,0.12639047837033646
12.566627,0.12202639810788128
12.567093,0.12387273975738157
12.567558,0.12639047837033646
12.568024,0.13679713130388343
12.568489,0.1555962462806134
12.568955,0.17305256733043411
12.569420,0.17875944151979858
12.569886,0.17355611505302507
12.570351,0.16600289921416037
12.570817,0.15962462806134128
12.571282,0.1542534523537041
12.571748,0.15223926146334021
12.572213,0.15022507057297627
12.572679,0.14552529182879376
12.573144,0.139482719157702
12.573610,0.13243305104142825
12.574075,0.12471198596169988
12.574541,0.11967650873579004
12.575006,0.11262684061951626
12.575472,0.10054169527733271
12.575937,0.08577096208133059
12.576403,0.06965743495841917
12.576868,0.05622949568932631
12.577334,0.04750133516441596
12.577800,0.03776607919432364
12.578265,0.028702220187685965
12.578731,0.027359426260776684
12.579196,0.033401998931868467
12.579662,0.04078736552986953
12.580127,0.043976501106279084
12.580593,0.04414435034714275
12.581058,0.04548714427405204
12.581524,0.04716563668268864
12.581989,0.044815747310597384
12.582455,0.042801556420233464
12.582920,0.042801556420233464
12.583386,0.042801556420233464
12.583851,0.042801556420233464
12.584317,0.042465857938506144
12.584782,0.04011596856641489
12.585248,0.036423285267414354
12.585713,0.033066300450141146
12.586179,0.033234149691004806
12.586644,0.037094682230869
12.587110,0.04145876249332417
12.587575,0.04078736552986953
12.588041,0.03508049134050507
12.588506,0.008560311284046692
12.588972,-0.01896696421759365
12.589437,-0.022995345998321506
12.589903,-0.01292439154650187
12.590368,-0.0052033264667734795
12.590834,-0.006881818875410085
12.591299,-0.01292439154650187
12.591765,-0.014938582436865796
12.592231,-0.013092240787365528
12.592696,-0.012252994583047227
12.593162,-0.014267185473411156
12.593627,-0.016449225604638743
12.594093,-0.017624170290684367
12.594558,-0.01527428091859312
12.595024,-0.011245899137865261
12.595489,-0.011581597619592583
12.595955,-0.017959868772411687
12.596420,-0.020981155107957578
12.596886,-0.017624170290684367
12.597351,-0.010406652933546959
12.597817,-0.004867627985046159
12.598282,0.0028534370946822307
12.598748,0.01326009002822919
12.599213,0.0213168535896849
12.599679,0.025345235370412753
12.600144,0.028030823224231328
12.600610,0.03440909437705043
12.601075,0.04213015945677882
12.601541,0.048508430609597926
12.602006,0.053208209353780414
12.602472,0.05522240024414436
12.602937,0.05354390783550774
12.603403,0.05085831998168917
12.603868,0.052201113908598454
12.604334,0.058075837338826576
12.604799,0.06294346532387274
12.605265,0.06663614862287326
12.605731,0.07150377660791943
12.606196,0.074189364461738
12.606662,0.07301441977569237
12.607127,0.07301441977569237
12.607593,0.07368581673914701
12.608058,0.07469291218432898
12.608524,0.07469291218432898
12.608989,0.07637140459296558
12.609455,0.07704280155642022
12.609920,0.07570000762951096
12.610386,0.07435721370260165
12.610851,0.06898603799496453
12.611317,0.05253681239032577
12.611782,0.0315556572823682
12.612248,0.01695277332722972
12.612713,0.011245899137865261
12.613179,0.01326009002822919
12.613644,0.017959868772411687
12.614110,0.0213168535896849
12.614575,0.025513084611276417
12.615041,0.03054856183718624
12.615506,0.035919737544823374
12.615972,0.0387731746395056
12.616437,0.03138780804150454
12.616903,0.020309758144502935
12.617368,0.01594567788204776
12.617834,0.01560997940032044
12.618299,0.013931486991683832
12.618765,0.011245899137865261
12.619231,0.009903105210955977
12.619696,0.008728160524910353
12.620162,0.008560311284046692
12.620627,0.010406652933546959
12.621093,0.012252994583047227
12.621558,0.014267185473411156
12.622024,0.014267185473411156
12.622489,0.013931486991683832
12.622955,0.011581597619592583
12.623420,0.0052033264667734795
12.623886,0.003860532539864194
12.624351,0.008896009765774012
12.624817,0.009231708247501335
12.625282,-0.00016784924086366064
12.625748,-0.006210421911955443
12.626213,-0.007553215838864729
12.626679,-0.011581597619592583
12.627144,-0.00016784924086366064
12.627610,0.06562905317769131
12.628075,0.15828183413443195
12.628541,0.21803616388189515
12.629006,0.23448538948653389
12.629472,0.23347829404135198
12.629937,0.23112840466926068
12.630403,0.22676432440680552
12.630868,0.2140077821011673
12.631334,0.19722285801480124
12.631799,0.18278782330052643
12.632265,0.17305256733043411
12.632730,0.16432440680552376
12.633196,0.15022507057297627
12.633662,0.13276874952315554
12.634127,0.11715877012283514
12.634593,0.11027695124742502
12.635058,0.12370489051651787
12.635524,0.14183260852979326
12.635989,0.14384679942015716
12.636455,0.13209735255970093
12.636920,0.11564812695506219
12.637386,0.10121309224078735
12.637851,0.08963149462119477
12.638317,0.08778515297169451
12.638782,0.0844281681544213
12.639248,0.07100022888532845
12.639713,0.04682993820096131
12.640179,0.01628137636377508
12.640644,-0.012252994583047227
12.641110,-0.03373769741359579
12.641575,-0.056900892652780956
12.642041,-0.08207827878233005
12.642506,-0.10490577553978789
12.642972,-0.12806897077897306
12.643437,-0.14518959334706644
12.643903,-0.147875181200885
12.644368,-0.13914702067597465
12.644834,-0.12672617685206378
12.645299,-0.11564812695506219
12.645765,-0.1054093232623789
12.646230,-0.09349202716105898
12.646696,-0.08661020828564889
12.647162,-0.0861066605630579
12.647627,-0.0882887006942855
12.648093,-0.1002059967956054
12.648558,-0.12907606622415504
12.649024,-0.1492179751277943
12.649489,-0.14317540245670252
12.649955,-0.12236209658960862
12.650420,-0.10255588616769665
12.650886,-0.08409246967269397
12.651351,-0.060593575951781484
12.651817,-0.048508430609597926
12.652282,-0.04750133516441596
12.652748,-0.04800488288700694
12.653213,-0.05656519417105363
12.653679,-0.08795300221255817
12.654144,-0.11027695124742502
12.654610,-0.08543526359960325
12.655075,-0.0050354772259098195
12.655541,0.074189364461738
12.656006,0.10893415732051576
12.656472,0.11010910200656136
12.656937,0.10893415732051576
12.657403,0.11262684061951626
12.657868,0.11111619745174332
12.658334,0.09953459983215075
12.658799,0.07150377660791943
12.659265,0.028030823224231328
12.659730,-0.01292439154650187
12.660196,-0.03927672236209659
12.660661,-0.012252994583047227
12.661127,0.1816128786144808
12.661593,0.6131532768749522
12.662058,1.0230411230640115
12.662524,1.179140917067216
12.662989,1.130128938735027
12.663455,1.0201876859693293
12.663920,0.916960402838178
12.664386,0.8196078431372549
12.664851,0.7195696955825132
12.665317,0.6175173571374075
12.665782,0.5181506065461203
12.666248,0.4271763179980163
12.666713,0.3415732051575494
12.667179,0.2581521324483101
12.667644,0.18245212481879908
12.668110,0.11934081025406272
12.668575,0.06025787747005417
12.669041,-0.00016784924086366064
12.669506,-0.060593575951781484
12.669972,-0.11833371480888075
12.670437,-0.17271686884870677
12.670903,-0.22508583199816892
12.671368,-0.2737621118486305
12.671834,-0.315053025101091
12.672299,-0.3496299687190051
12.672765,-0.37950713359273663
12.673230,-0.4016632333867399
12.673696,-0.417944609750515
12.674161,-0.43472953383688107
12.674627,-0.4528572518501564
12.675093,-0.4721599145494774
12.675558,-0.48760204470893415
12.676024,-0.4996871900511177
12.676489,-0.4619211108567941
12.676955,-0.07939269092851148
12.677420,0.49868009460593576
12.677886,0.8081940947585259
12.678351,0.7914091706721599
12.678817,0.6591439688715953
12.679282,0.5443350881208514
12.679748,0.44966811627374675
12.680213,0.34845502403295947
12.680679,0.24019226367589838
12.681144,0.13931486991683834
12.681610,0.05253681239032577
12.682075,-0.029037918669413288
12.682541,-0.10826276035706112
12.683006,-0.18295567254139009
12.683472,-0.24959182116426334
12.683937,-0.305149919890135
12.684403,-0.3563439383535515
12.684868,-0.4060273136491951
12.685334,-0.45067521171892877
12.685799,-0.48659494926375213
12.686265,-0.5151293202105744
12.686730,-0.5352712291142138
12.687196,-0.5017013809414816
12.687661,-0.4016632333867399
12.688127,-0.3271381704432746
12.688593,-0.3313344014648661
12.689058,-0.38017853055619133
12.689524,-0.42784771496147095
12.689989,-0.46813153276874947
12.690455,-0.5117723353933012
12.690920,-0.5602807660028991
12.691386,-0.5965362020294499
12.691851,-0.621210040436408
12.692317,-0.6437018387121386
12.692782,-0.6608224612802318
12.693248,-0.6678721293965056
12.693713,-0.6708934157320514
12.694179,-0.6764324406805524
12.694644,-0.6809643701838711
12.695110,-0.6791180285343709
12.695575,-0.6712291142137788
12.696041,-0.668207827878233
12.696506,-0.6853284504463264
12.696972,-0.703791866941329
12.697437,-0.7071488517586023
12.697903,-0.693385214007782
12.698368,-0.6601510643167773
12.698834,-0.6232242313267718
12.699299,-0.5903257801174944
12.699765,-0.5441672388799876
12.700230,-0.4884412909132525
12.700696,-0.4416113527122911
12.701161,-0.40837720302128633
12.701627,-0.38219272144655525
12.702092,-0.3581902800030518
12.702558,-0.33519493400473027
12.703024,-0.31773861295490957
12.703489,-0.31169604028381775
12.703955,-0.3080033569848173
12.704420,-0.2984359502555886
12.704886,-0.28953994048981463
12.705351,-0.29222552834363313
12.705817,-0.31169604028381775
12.706282,-0.32780956740672923
12.706748,-0.32411688410772865
12.707213,-0.29726100556954294
12.707679,-0.23851377126726178
12.708144,-0.17708094911116198
12.708610,-0.1414969100480659
12.709075,-0.13797207598992905
12.709541,-0.14518959334706644
12.710006,-0.14015411612115664
12.710472,-0.12135500114442664
12.710937,-0.09987029831387809
12.711403,-0.08090333409628443
12.711868,-0.06260776684214542
12.712334,-0.04682993820096131
12.712799,-0.033066300450141146
12.713265,-0.025009536888685433
12.713730,-0.0260166323338674
12.714196,-0.020981155107957578
12.714661,0.0008392462043183033
12.715127,0.03105210955977722
12.715592,0.05622949568932631
12.716058,0.07637140459296558
12.716524,0.10087739375906005
12.716989,0.12303349355306323
12.717455,0.1079270618753338
12.717920,0.08627450980392155
12.718386,0.0908064393072404
12.718851,0.11363393606469825
12.719317,0.1364614328221561
12.719782,0.15291065842679483
12.720248,0.16768139162279697
12.720713,0.1837949187457084
12.721179,0.19755855649652856
12.721644,0.203265430685893
12.722110,0.20360112916762035
12.722575,0.20276188296330203
12.723041,0.2046082246128023
12.723506,0.2099794003204395
12.723972,0.21467917906462194
12.724437,0.2212252994583047
12.724903,0.22877851529716942
12.725368,0.2331425955596246
12.725834,0.23347829404135198
12.726299,0.231464103150988
12.726765,0.23347829404135198
12.727230,0.24019226367589838
12.727696,0.24673838406958112
12.728161,0.2512703135728999
12.728627,0.25395590142671853
12.729092,0.25597009231708245
12.729558,0.2576485847257191
12.730024,0.25731288624399173
12.730489,0.2583199816891737
12.730955,0.2620126649881742
12.731420,0.2687266346227206
12.731886,0.27779049362935837
12.732351,0.28870069428549633
12.732817,0.2975967040512703
12.733282,0.2996108949416343
12.733748,0.2992751964599069
12.734213,0.2992751964599069
12.734679,0.28970778973067823
12.735144,0.26335545891508355
12.735610,0.23532463569085216
12.736075,0.2183718623636225
12.736541,0.2093080033569848
12.737006,0.20578316929884793
12.737472,0.20830090791180284
12.737937,0.2166933699549859
12.738403,0.2297856107423514
12.738868,0.24321355001144426
12.739334,0.2542915999084459
12.739799,0.2613412680247196
12.740265,0.269062333104448
12.740730,0.2771190966659037
12.741196,0.2761120012207217
12.741661,0.2630197604333562
12.742127,0.2341496910048066
12.742592,0.1965514610513466
12.743058,0.16566720073243305
12.743523,0.14737163347829402
12.743989,0.13847562371252
12.744455,0.13998626688029298
12.744920,0.15626764324406803
12.745386,0.2093080033569848
12.745851,0.2761120012207217
12.746317,0.30934615091172657
12.746782,0.30867475394827193
12.747248,0.3382162203402762
12.747713,0.39914549477378497
12.748179,0.42465857938506135
12.748644,0.3984740978103304
12.749110,0.34895857175555045
12.749575,0.29457541771572443
12.750041,0.24338139925230795
12.750506,0.1918516823071641
12.750972,0.1398184176394293
12.751437,0.09047074082551307
12.751903,0.04615854123750667
12.752368,0.016617074845502403
12.752834,0.011917296101319903
12.753299,0.024170290684367133
12.753765,0.022323949034866862
12.754230,-0.003692683299000534
12.754696,-0.033401998931868467
12.755161,-0.04917982757305257
12.755627,-0.033066300450141146
12.756092,-0.006378271152819104
12.756558,-0.00016784924086366064
12.757023,0.01292439154650187
12.757489,0.07267872129396505
12.757955,0.13075455863279162
12.758420,0.1351186388952468
12.758886,0.1040665293354696
12.759351,0.074189364461738
12.759817,0.0528725108720531
12.760282,0.030716411078049892
12.760748,0.005874723430228122
12.761213,-0.00788891432059205
12.761679,0.009735255970092317
12.762144,0.05253681239032577
12.762610,0.09752040894178682
12.763075,0.11866941329060808
12.763541,0.1096055542839704
12.764006,0.08711375600823987
12.764472,0.06495765621423667
12.764937,0.035416189822232394
12.765403,0.0015106431677729458
12.765868,-0.027695124742504008
12.766334,-0.05488670176241703
12.766799,-0.07939269092851148
12.767265,-0.0963454642557412
12.767730,-0.11363393606469825
12.768196,-0.13797207598992905
12.768661,-0.16398870832379644
12.769127,-0.18429846646829937
12.769592,-0.19856565194171052
12.770058,-0.20796520943007551
12.770523,-0.21635767147325857
12.770989,-0.22105745021744103
12.771455,-0.21937895780880443
12.771920,-0.2166933699549859
12.772386,-0.21232928969253068
12.772851,-0.21098649576562137
12.773317,-0.21266498817425802
12.773782,-0.21199359121080338
12.774248,-0.18815899900816355
12.774713,-0.1453574425879301
12.775179,-0.11044480048828872
12.775644,-0.08509956511787593
12.776110,-0.06462195773250935
12.776575,-0.06529335469596398
12.777041,-0.09433127336537728
12.777506,-0.12303349355306323
12.777972,-0.1351186388952468
12.778437,-0.14015411612115664
12.778903,-0.14653238727397572
12.779368,-0.15223926146334021
12.779834,-0.15492484931715875
12.780299,-0.1555962462806134
12.780765,-0.1468680857557031
12.781230,-0.12907606622415504
12.781696,-0.10490577553978789
12.782161,-0.0767071030746929
12.782627,-0.055390249485008015
12.783092,-0.04582284275577936
12.783558,-0.03843747615777828
12.784023,-0.028366521705958644
12.784489,-0.01896696421759365
12.784954,-0.008224612802319372
12.785420,-0.009567406729228655
12.785886,-0.01896696421759365
12.786351,0.09517051956969558
12.786817,0.27779049362935837
12.787282,0.33083085374227506
12.787748,0.2616769665064469
12.788213,0.2183718623636225
12.788679,0.3147173266193637
12.789144,0.4896162355992981
12.789610,0.592004272526131
12.790075,0.5938506141756313
12.790541,0.5463492790112154
12.791006,0.5064011596856641
12.791472,0.5191577019913023
12.791937,0.6141603723201342
12.792403,0.7588464179446097
12.792868,0.8293430991073472
12.793334,0.7652246890974289
12.793799,0.6249027237354086
12.794265,0.4773632410162509
12.794730,0.32327763790341035
12.795196,0.15794613565270463
12.795661,0.016617074845502403
12.796127,-0.10893415732051576
12.796592,-0.24657053482871744
12.797058,-0.37883573662928205
12.797523,-0.4741741054398413
12.797989,-0.5515526054779888
12.798454,-0.6859998474097809
12.798920,-0.8756694895857176
12.799386,-1.0295872434576943
12.799851,-1.1343251697566186
12.800317,-1.1918974593728542
12.800782,-1.1912260624093995
12.801248,-1.1934081025406271
12.801713,-1.2481269550621803
12.802179,-1.2707866025787746
12.802644,-1.2164034485389486
12.803110,-1.1187151903562982
12.803575,-1.024216067750057
12.804041,-0.9512016479743648
12.804506,-0.9102464332036315
12.804972,-0.8635843442435341
12.805437,-0.7836881055924314
12.805903,-0.6903639276722362
12.806368,-0.6198672465094986
12.806834,-0.5842832074464026
12.807299,-0.5387960631723507
12.807765,-0.4587319752803845
12.808230,-0.3758144502937361
12.808696,-0.3210955977721828
12.809161,-0.2821545738918135
12.809627,-0.24657053482871744
12.810092,-0.22575722896162354
12.810558,-0.23616388189517049
12.811023,-0.2358281834134432
12.811489,-0.19554436560616464
12.811954,-0.13377584496833753
12.812420,-0.07620355535210192
12.812886,-0.024673838406958113
12.813351,0.03256275272755016
12.813817,0.09214923323414968
12.814282,0.13713282978561073
12.814748,0.10255588616769665
12.815213,-0.009567406729228655
12.815679,-0.06865033951323721
12.816144,-0.035751888303959714
12.816610,0.032730601968413826
12.817075,0.09349202716105898
12.817541,0.14569314106965742
12.818006,0.20225833524071107
12.818472,0.2630197604333562
12.818937,0.3274738689250019
12.819403,0.4033417257953765
12.819868,0.48256656748302434
12.820334,0.5483634699015792
12.820799,0.6014038300144959
12.821265,0.6396734569314106
12.821730,0.6631723506523232
12.822196,0.6777752346074616
12.822661,0.6816357671473258
12.823127,0.6705577172503242
12.823592,0.6544441901274127
12.824058,0.6443732356755931
12.824523,0.630106050202182
12.824989,0.6087891966124971
12.825454,0.5893186846723125
12.825920,0.572198062104219
12.826385,0.5530632486457617
12.826851,0.535606927595941
12.827317,0.5191577019913023
12.827782,0.5013656824597543
12.828248,0.48659494926375213
12.828713,0.47853818570229645
12.829179,0.48038452735179676
12.829644,0.49095902952620735
12.830110,0.49230182345311657
12.830575,0.4800488288700694
12.831041,0.4864271000228885
12.831506,0.5100938429846646
12.831972,0.5181506065461203
12.832437,0.5018692301823452
12.832903,0.4758525978484779
12.833368,0.45336079957274733
12.833834,0.4315403982604714
12.834299,0.408041504539559
12.834765,0.3878995956359197
12.835230,0.3623865110246433
12.835696,0.3069962615396353
12.836161,0.21803616388189515
12.836627,0.1364614328221561
12.837092,0.09349202716105898
12.837558,0.0797283894102388
12.838023,0.07435721370260165
12.838489,0.06663614862287326
12.838954,0.05824368657969024
12.839420,0.05421530479896238
12.839885,0.054047455558098714
12.840351,0.05471885252155337
12.840817,0.05421530479896238
12.841282,0.050522621499961846
12.841748,0.04750133516441596
12.842213,0.05354390783550774
12.842679,0.06663614862287326
12.843144,0.0891279468986038
12.843610,0.15156786449988555
12.844075,0.25496299687190055
12.844541,0.315053025101091
12.845006,0.3163958190280003
12.845472,0.3080033569848173
12.845937,0.30867475394827193
12.846403,0.2997787441824979
12.846868,0.27342641336690315
12.847334,0.24690623331044484
12.847799,0.24690623331044484
12.848265,0.26973373006790263
12.848730,0.2707408255130846
12.849196,0.20729381246662087
12.849661,0.03743038071259632
12.850127,-0.1534142061493858
12.850592,-0.2635233081559472
12.851058,-0.2841687647821775
12.851523,-0.2707408255130846
12.851989,-0.2707408255130846
12.852454,-0.286854352635996
12.852920,-0.3217669947356374
12.853385,-0.35802243076218815
12.853851,-0.3640650034332799
12.854317,-0.34895857175555045
12.854782,-0.33922331578545817
12.855248,-0.32579537651636525
12.855713,-0.315053025101091
12.856179,-0.3157244220645456
12.856644,-0.29709315632867933
12.857110,-0.258655680170901
12.857575,-0.24892042420080873
12.858041,-0.23851377126726178
12.858506,-0.18950179293507285
12.858972,-0.11161974517433432
12.859437,-0.041794460975051496
12.859903,0.014602883955138474
12.860368,0.06764324406805522
12.860834,0.11128404669260701
12.861299,0.13746852826733807
12.861765,0.14586099031052108
12.862230,0.15156786449988555
12.862696,0.14418249790188448
12.863161,0.1287403677424277
12.863627,0.08711375600823987
12.864092,0.03675898374914168
12.864558,0.021652552071412222
12.865023,0.05958648050659952
12.865489,0.13209735255970093
12.865954,0.2183718623636225
12.866420,0.30934615091172657
12.866885,0.3939421683070115
12.867351,0.4570534828717479
12.867816,0.48189517051956965
12.868282,0.45755703059433883
12.868748,0.43120469977874415
12.869213,0.46813153276874947
12.869679,0.5678339818417639
12.870144,0.606439307240406
12.870610,0.4884412909132525
12.871075,0.3748073548485542
12.871541,0.33687342641336687
12.872006,0.23884946974898907
12.872472,-0.049515526054779886
12.872937,-0.3365377279316396
12.873403,-0.5203326466773479
12.873868,-0.6119783321889066
12.874334,-0.7575036240177004
12.874799,-1.0059205004959182
12.875265,-1.237048905165179
12.875730,-1.8639658197909514
12.876196,-2.941390096894789
12.876661,-3.7411917296101316
12.877127,-3.5960021362630656
12.877592,-2.3836270695048443
12.878058,-0.8711375600823987
12.878523,-0.16952773327229725
12.878989,-0.7674067292286564
12.879454,-1.9572899977111464
12.879920,-2.2364232852674144
12.880385,-1.2397344930189973
12.880851,0.06646829938200961
12.881316,0.9387808041504537
12.881782,1.5197070267795831
12.882248,2.281574731059739
12.882713,2.876096742198825
12.883179,2.857297627222095
12.883644,2.4866865033951324
12.884110,1.372503242542153
12.884575,-0.19957274738689249
12.885041,-1.1497672999160753
12.885506,-1.1383535515373466
12.885972,-0.4912947280079346
12.886437,0.19252307927061874
12.886903,0.5943541618982223
12.887368,0.8807049668116274
12.887834,1.2076752880140382
12.888299,2.0076447699702444
12.888765,3.435370412756542
12.889230,5.4173342488746465
12.889696,5.491187914854658
12.890161,5.492195010299839
12.890627,5.4928664072632944
12.891092,5.4928664072632944
12.891558,5.492530708781567
12.892023,5.4918593118181125
12.892489,5.493202105745021
12.892954,5.493202105745021
12.893420,5.492530708781567
12.893885,5.492530708781567
12.894351,5.493202105745021
12.894816,5.493202105745021
12.895282,5.493202105745021
12.895748,5.493202105745021
12.896213,5.4928664072632944
12.896679,5.493034256504157
12.897144,5.4928664072632944
12.897610,5.493202105745021
12.898075,5.492530708781567
12.898541,5.492530708781567
12.899006,5.493202105745021
12.899472,5.493202105745021
12.899937,5.493202105745021
12.900403,5.493202105745021
12.900868,4.0721904325932705
12.901334,0.9626153963530937
12.901799,0.3237811856260014
12.902265,0.014267185473411156
12.902730,-0.9626153963530937
12.903196,-2.1214465552758064
12.903661,-3.0454566262302585
12.904127,-3.7438773174639506
12.904592,-4.158800640878919
12.905058,-4.25145342183566
12.905523,-4.257160296025024
12.905989,-4.32983901731899
12.906454,-4.4147707331960016
12.906920,-4.412085145342183
12.907385,-4.322117952239262
12.907851,-4.208819714656291
12.908316,-4.129259174486914
12.908782,-3.9551995117112986
12.909247,-3.560250247959106
12.909713,-3.020614938582437
12.910179,-2.3784237430380712
12.910644,-1.7540245670252537
12.911110,-1.3093919279774167
12.911575,-0.9344167238879988
12.912041,-0.44278629739833675
12.912506,0.02333104448004883
12.912972,0.2715800717174029
12.913437,0.34425879301136797
12.913903,0.34929427023727777
12.914368,0.24824902723735406
12.914834,-0.04649423971923399
12.915299,-0.5053940642404822
12.915765,-1.0300907911802852
12.916230,-1.5719081406881819
12.916696,-2.144609750514992
12.917161,-2.767330434119173
12.917627,-3.423620965896086
12.918092,-4.013275349050126
12.918558,-4.5816128786144805
12.919023,-5.273151750972763
12.919489,-5.490516517891203
12.919954,-5.492698558022431
12.920420,-5.493369954985885
12.920885,-5.493705653467612
12.921351,-5.493873502708476
12.921816,-5.49404135194934
12.922282,-5.494209201190204
12.922747,-5.494209201190204
12.923213,-5.494209201190204
12.923679,-5.494209201190204
12.924144,-5.494209201190204
12.924610,-5.49404135194934
12.925075,-5.494377050431067
12.925541,-5.494209201190204
12.926006,-5.494209201190204
12.926472,-5.494209201190204
12.926937,-5.494209201190204
12.927403,-5.494209201190204
12.927868,-5.494209201190204
12.928334,-5.494209201190204
12.928799,-5.371847104600595
12.929265,-4.276630807965209
12.929730,-3.0755016403448536
12.930196,-1.7692988479438465
12.930661,-0.5211718928816662
12.931127,0.5003585870145724
12.931592,1.5158464942397192
12.932058,2.5820248722056913
12.932523,3.470954451819638
12.932989,4.027542534523537
12.933454,4.377340352483405
12.933920,4.672083619439993
12.934385,4.833218890669108
12.934851,4.655298695353627
12.935316,4.152086671244373
12.935782,3.586434729533836
12.936247,3.043274586099031
12.936713,2.410147249561303
12.937179,1.6769817654688333
12.937644,0.9105821316853588
12.938110,0.10826276035706112
12.938575,-0.7571679255359731
12.939041,-1.6930952925917448
12.939506,-2.7327534905012585
12.939972,-3.930693522545205
12.940437,-5.183016708628976
12.940903,-5.490012970168612
12.941368,-5.492698558022431
12.941834,-5.493202105745021
12.942299,-5.493537804226749
12.942765,-5.493705653467612
12.943230,-5.494209201190204
12.943696,-5.49404135194934
12.944161,-5.494209201190204
12.944627,-5.494209201190204
12.945092,-5.494209201190204
12.945558,-5.494209201190204
12.946023,-5.494209201190204
12.946489,-5.494209201190204
12.946954,-5.494209201190204
12.947420,-5.382085908293278
12.947885,-4.480735484855421
12.948351,-3.5594110017547878
12.948816,-2.5640650034332797
12.949282,-1.3778744182497902
12.949747,0.02265964751659419
12.950213,1.5245746547646293
12.950678,2.8787823300526436
12.951144,3.9832303349355307
12.951610,5.013824673838407
12.952075,5.489173723964294
12.952541,5.4918593118181125
12.953006,5.492530708781567
12.953472,5.4928664072632944
12.953937,5.492530708781567
12.954403,5.492530708781567
12.954868,5.4928664072632944
12.955334,5.492530708781567
12.955799,5.4928664072632944
12.956265,5.492530708781567
12.956730,5.492530708781567
12.957196,4.970183871213854
12.957661,4.586816205081254
12.958127,4.535790035858702
12.958592,3.778957808804456
12.959058,2.617944609750515
12.959523,1.4438391699092088
12.959989,0.25395590142671853
12.960454,-0.9172961013199055
12.960920,-1.8911573968108644
12.961385,-2.7488670176241703
12.961851,-3.6179903868162047
12.962316,-4.445654993514916
12.962782,-5.040848401617456
12.963247,-5.375036240177005
12.963713,-5.49085221637293
12.964178,-5.492698558022431
12.964644,-5.493202105745021
12.965110,-5.07542534523537
12.965575,-4.5569390402075225
12.966041,-3.9481498435950253
12.966506,-3.25459678034638
12.966972,-2.5229419394216825
12.967437,-1.770977340352483
12.967903,-1.0175020981155107
12.968368,-0.2720836194399938
12.968834,0.5973754482337682
12.969299,1.6598611429007397
12.969765,2.844541084916457
12.970230,4.052384222171359
12.970696,5.10110627908751
12.971161,5.489845120927748
12.971627,5.491523613336385
12.972092,5.4918593118181125
12.972558,5.4918593118181125
12.973023,5.492530708781567
12.973489,5.4918593118181125
12.973954,5.492698558022431
12.974420,5.492530708781567
12.974885,5.4928664072632944
12.975351,5.493202105745021
12.975816,5.493202105745021
12.976282,5.493202105745021
12.976747,5.493202105745021
12.977213,3.988601510643167
12.977678,3.972823682001983
12.978144,3.761669336995499
12.978610,2.7847867551689935
12.979075,1.534309910734722
12.979541,0.39595635919737543
12.980006,-0.721583886472877
12.980472,-1.8327458609903102
12.980937,-2.816678110933089
12.981403,-3.7630121309224074
12.981868,-4.774303807125963
12.982334,-5.480109864957656
12.982799,-5.492027161058976
12.983265,-5.493034256504157
12.983730,-5.493202105745021
12.984196,-5.493537804226749
12.984661,-5.493873502708476
12.985127,-5.493873502708476
12.985592,-5.494209201190204
12.986058,-5.132661936369878
12.986523,-4.437094682230869
12.986989,-3.6817730983443964
12.987454,-2.919569695582513
12.987920,-2.177843900205997
12.988385,-1.4265506981002516
12.988851,-0.5644769970244907
12.989316,0.41139848935683215
12.989782,1.544045166704814
12.990247,2.7522240024414435
12.990713,3.7703974975204084
12.991178,4.574563210498207
12.991644,5.344151979858091
12.992109,5.491187914854658
12.992575,5.491187914854658
12.993041,5.492530708781567
12.993506,5.492530708781567
12.993972,5.4918593118181125
12.994437,5.492530708781567
12.994903,5.4928664072632944
12.995368,5.493202105745021
12.995834,5.4928664072632944
12.996299,4.158129243915465
12.996765,4.352162966353856
12.997230,4.333028152895399
12.997696,3.551522087434195
12.998161,2.56221866178378
12.998627,1.6615396353093765
12.999092,0.8088654917219805
12.999558,-0.1508964675364309
13.000023,-1.2457770656900893
13.000489,-2.2720073243305103
13.000954,-3.106385900663767
13.001420,-3.86305027847715
13.001885,-4.602594033722438
13.002351,-5.228503852903029
13.002816,-5.489341573205158
13.003282,-5.492698558022431
13.003747,-5.493369954985885
13.004213,-5.493537804226749
13.004678,-5.493537804226749
13.005144,-5.31981383993286
13.005609,-4.836743724727245
13.006075,-4.341588464179445
13.006541,-3.747402151522088
13.007006,-3.0706340123598075
13.007472,-2.3930266269932092
13.007937,-1.7327077134355688
13.008403,-1.028747997253376
13.008868,-0.22592507820248725
13.009334,0.7152056153200579
13.009799,1.809918364232853
13.010265,2.8656900892652777
13.010730,3.711985961699855
13.011196,4.457572289616236
13.011661,5.211886778057526
13.012127,5.489173723964294
13.012592,5.491523613336385
13.013058,5.4918593118181125
13.013523,5.492530708781567
13.013989,5.4918593118181125
13.014454,5.492530708781567
13.014920,5.492530708781567
13.015385,5.492530708781567
13.015851,4.086961165789273
13.016316,4.155107957579919
13.016782,4.80032043945983
13.017247,4.691218432898451
13.017713,3.94697489890898
13.018178,3.0894331273365374
13.018644,2.2768749523155565
13.019109,1.3919737544823376
13.019575,0.3556725413900969
13.020040,-0.6497444113832302
13.020506,-1.4564278629739835
13.020972,-2.011001754787518
13.021437,-2.5187457084000915
13.021903,-3.12484931715877
13.022368,-3.744884412909133
13.022834,-4.203112840466925
13.023299,-4.50960555428397
13.023765,-4.756511787594415
13.024230,-4.88004882887007
13.024696,-4.772625314717326
13.025161,-4.5228656443121995
13.025627,-4.2079804684519715
13.026092,-3.7811398489356822
13.026558,-3.295551995117113
13.027023,-2.8301060502021818
13.027489,-2.3990691996643014
13.027954,-1.9616540779736018
13.028420,-1.4342717631799804
13.028885,-0.7939269092851148
13.029351,-0.08107118333714809
13.029816,0.6589761196307317
13.030282,1.2560158693827725
13.030747,-0.9454947737850002
13.031213,-5.372686350804914
13.031678,-5.490684367132067
13.032144,-5.492698558022431
13.032609,-5.493537804226749
13.033075,-5.493873502708476
13.033540,-5.493873502708476
13.034006,-5.49404135194934
13.034472,-5.49404135194934
13.034937,-5.49404135194934
13.035403,-5.49404135194934
13.035868,-5.494209201190204
13.036334,-5.49404135194934
13.036799,-5.494209201190204
13.037265,-3.882352941176471
13.037730,-2.9271229114213777
13.038196,-1.7917906462195774
13.038661,-0.21132219424734877
13.039127,1.2968032349126422
13.039592,2.475608453498131
13.040058,3.361516746776531
13.040523,4.164843213550012
13.040989,4.946684977492941
13.041454,5.487495231555656
13.041920,5.491523613336385
13.042385,5.4918593118181125
13.042851,5.4928664072632944
13.043316,5.492195010299839
13.043782,5.492530708781567
13.044247,5.492530708781567
13.044713,5.493202105745021
13.045178,5.492530708781567
13.045644,5.493202105745021
13.046109,5.493202105745021
13.046575,5.4928664072632944
13.047040,5.493034256504157
13.047506,5.4928664072632944
13.047972,5.492530708781567
13.048437,5.492530708781567
13.048903,5.493202105745021
13.049368,5.492530708781567
13.049834,5.492530708781567
13.050299,5.492530708781567
13.050765,5.4928664072632944
13.051230,5.492530708781567
13.051696,5.493202105745021
13.052161,5.493202105745021
13.052627,5.493202105745021
13.053092,5.493202105745021
13.053558,5.493202105745021
13.054023,5.493202105745021
13.054489,5.493202105745021
13.054954,5.493202105745021
13.055420,5.493202105745021
13.055885,5.493202105745021
13.056351,5.493202105745021
13.056816,5.493202105745021
13.057282,5.493034256504157
13.057747,5.493202105745021
13.058213,5.493202105745021
13.058678,5.493202105745021
13.059144,5.493202105745021
13.059609,5.493873502708476
13.060075,3.4014648661020828
13.060540,3.5058670939192793
13.061006,4.032242313267719
13.061471,3.810681315327687
13.061937,3.2799420157167924
13.062403,2.970092317082475
13.062868,2.827084763866636
13.063334,2.6155947203784238
13.063799,2.269489585717555
13.064265,1.8886396581979097
13.064730,1.6011139085984585
13.065196,1.371496147096971
13.065661,1.123750667582208
13.066127,0.8431067368581672
13.066592,0.5691767757686733
13.067058,0.27141222247653923
13.067523,-0.2710765239948119
13.067989,-0.8669413290608072
13.068454,-1.2209353780422671
13.068920,-1.3271839475089646
13.069385,-1.3357442587930113
13.069851,-1.3580682078278783
13.070316,-1.332890821698329
13.070782,-1.1922331578545815
13.071247,-1.0032349126420994
13.071713,-0.8290074006256198
13.072178,-0.6759288929579614
13.072644,-0.6077821011673151
13.073109,-0.647394522011139
13.073575,-0.787380788891432
13.074040,-1.0381475547417411
13.074506,-1.2966353856717785
13.074971,-1.2838788433661399
13.075437,-1.0764171816586556
13.075903,-0.965972381170367
13.076368,-1.0488899061570152
13.076834,-1.2388952468146792
13.077299,-1.4346074616617075
13.077765,-1.5997711146715494
13.078230,-1.743953612573434
13.078696,-1.8780651560234987
13.079161,-2.011001754787518
13.079627,-2.1407492179751273
13.080092,-2.2563973449301895
13.080558,-2.3587853818570226
13.081023,-2.4616769665064466
13.081489,-2.6776989394979775
13.081954,-2.9945983062485695
13.082420,-3.2003814755474176
13.082885,-3.252918287937743
13.083351,-3.2180056458381014
13.083816,-3.156237125200274
13.084282,-3.0838941023880366
13.084747,-3.011551079575799
13.085213,-2.9705958648050657
13.085678,-2.951628900587472
13.086144,-2.9183947508964674
13.086609,-2.860654612039368
13.087075,-2.7629663538567177
13.087540,-2.649500267032883
13.088006,-2.5800106813153274
13.088471,-2.264789806973373
13.088937,-1.8431525139238574
13.089403,-1.7296864271000232
13.089868,-1.8579232471198595
13.090334,-1.9519188220035095
13.090799,-1.907606622415503
13.091265,-1.8505378805218586
13.091730,-1.58970016021973
13.092196,-0.621210040436408
13.092661,0.3053177691309987
13.093127,0.48693064774547945
13.093592,0.17204547188525215
13.094058,-0.18883039597161821
13.094523,-0.49565880827038983
13.094989,-0.7867093919279774
13.095454,-1.0327763790341038
13.095920,-1.1477531090257111
13.096385,-0.8518348973830777
13.096851,-0.27426565957122145
13.097316,0.03205920500495917
13.097782,-0.04078736552986953
13.098247,-0.23347829404135198
13.098713,-0.3848783093003738
13.099178,-0.4983443961242084
13.099644,-0.5312428473334858
13.100109,-0.4792095826657511
13.100575,-0.525200274662394
13.101040,-0.6843213550011443
13.101506,-0.8525062943465325
13.101971,-0.9674830243381399
13.102437,-1.0284122987716486
13.102902,-1.0841382467383838
13.103368,-1.1566491187914856
13.103834,-1.235538261997406
13.104299,-1.2751506828412298
13.104765,-1.2422522316319522
13.105230,-1.1828336003662165
13.105696,-1.1311360341802088
13.106161,-0.9119249256122682
13.106627,-0.39662775616083007
13.107092,0.13209735255970093
13.107558,0.36641489280537115
13.108023,0.3237811856260014
13.108489,0.20444037537193865
13.108954,0.09919890135042343
13.109420,-0.022323949034866862
13.109885,-0.18312352178225372
13.110351,-0.36943617914091703
13.110816,-0.538628213931487
13.111282,-0.6772716868848707
13.111747,-0.8182650492103455
13.112213,-0.9981994354161898
13.112678,-1.1754482337682155
13.113144,-1.286564431219959
13.113609,-1.269108110170138
13.114075,-1.1497672999160753
13.114540,-1.0545967803463796
13.115006,-1.0549324788281071
13.115471,-1.0952162966353858
13.115937,-1.1069657434958418
13.116402,-1.0962233920805675
13.116868,-1.0717174029144734
13.117334,-1.0316014343480582
13.117799,-0.9945067521171893
13.118265,-0.982757305256733
13.118730,-0.9975280384527351
13.119196,-1.0368047608148319
13.119661,-1.0982375829709314
13.120127,-1.2160677500572212
13.120592,-1.3464866102082855
13.121058,-1.4148012512397954
13.121523,-1.452735179674983
13.121989,-1.5034256504158083
13.122454,-1.534309910734722
13.122920,-1.5128252079041733
13.123385,-1.4935225452048524
13.123851,-1.519371328297856
13.124316,-1.5527733272297246
13.124782,-1.5591515983825435
13.125247,-1.5571374074921795
13.125713,-1.4772411688410771
13.126178,-1.1932402532997635
13.126644,-0.722590981918059
13.127109,-0.3388876173037308
13.127575,-0.20225833524071107
13.128040,-0.20057984283207447
13.128506,-0.20779736018921185
13.128971,-0.20527962157625693
13.129437,-0.2002441443503471
13.129902,-0.19554436560616464
13.130368,-0.2059510185397116
13.130834,-0.231464103150988
13.131299,-0.26453040360112917
13.131765,-0.2813153276874952
13.132230,-0.22374303807125961
13.132696,-0.16432440680552376
13.133161,-0.17640955214770732
13.133627,-0.1915159838254368
13.134092,-0.12773327229724574
13.134558,-0.0971847104600595
13.135023,-0.147875181200885
13.135489,-0.16197451743343252
13.135954,-0.11665522240024415
13.136420,-0.09802395666437781
13.136885,-0.11699092088197145
13.137351,-0.13444724193179217
13.137816,-0.13411154345006485
13.138282,-0.1326009002822919
13.138747,-0.16163881895170518
13.139213,-0.23985656519417106
13.139678,-0.3274738689250019
13.140144,-0.3355306324864576
13.140609,-0.29575036240177
13.141075,-0.27779049362935837
13.141540,-0.29860379949645227
13.142006,-0.33519493400473027
13.142471,-0.35802243076218815
13.142937,-0.37027542534523533
13.143402,-0.3877317463950561
13.143868,-0.4260013733119707
13.144333,-0.47283131151293206
13.144799,-0.5097581445029374
13.145265,-0.5366140230411229
13.145730,-0.5523918516823071
13.146196,-0.5651483939879453
13.146661,-0.5218432898451209
13.147127,-0.4026703288319219
13.147592,-0.31438162813763637
13.148058,-0.31438162813763637
13.148523,-0.35802243076218815
13.148989,-0.38454261081864644
13.149454,-0.3811856260013733
13.149920,-0.37447165636682683
13.150385,-0.38554970626382845
13.150851,-0.40837720302128633
13.151316,-0.40132753490501255
13.151782,-0.35248340581368737
13.152247,-0.3120317387655451
13.152713,-0.3002822919050888
13.153178,-0.3063248645761807
13.153644,-0.315053025101091
13.154109,-0.3130388342107271
13.154575,-0.2841687647821775
13.155040,-0.23045700770580602
13.155506,-0.18312352178225372
13.155971,-0.1381399252307927
13.156437,-0.10490577553978789
13.156902,-0.09953459983215075
13.157368,-0.11027695124742502
13.157833,-0.16868848706797895
13.158299,-0.25395590142671853
13.158765,-0.18832684824902723
13.159230,0.015442130159456776
13.159696,0.21266498817425802
13.160161,0.33922331578545817
13.160627,0.35298695353627835
13.161092,0.23952086671244371
13.161558,0.13243305104142825
13.162023,0.11883726253147174
13.162489,0.2519417105363546
13.162954,0.37380025940337225
13.163420,0.3440909437705043
13.163885,0.26335545891508355
13.164351,0.22861066605630578
13.164816,0.2358281834134432
13.165282,0.24455634393835354
13.165747,0.28752574959945065
13.166213,0.4174410620279241
13.166678,0.5423208972304875
13.167144,0.5977111467154955
13.167609,0.6275883115892271
13.168075,0.6581368734264134
13.168540,0.6856641489280537
13.169006,0.6799572747386892
13.169471,0.5842832074464026
13.169937,0.43204394598306245
13.170402,0.3200885023270008
13.170868,0.31001754787518115
13.171333,0.3956206607156481
13.171799,0.4597390707255664
13.172265,0.4365758754863813
13.172730,0.4174410620279241
13.173196,0.3838712138551919
13.173661,0.29088273441672385
13.174127,0.1999084458686198
13.174592,0.18564126039520865
13.175058,0.16902418554970625
13.175523,0.10238803692683297
13.175989,0.043305104142824444
13.176454,0.15828183413443195
13.176920,0.3811856260013733
13.177385,0.45671778439002053
13.177851,0.3717860685130083
13.178316,0.2588235294117647
13.178782,0.17019913023575187
13.179247,0.09416342412451362
13.179713,0.043976501106279084
13.180178,0.009063859006637675
13.180644,-0.05085831998168917
13.181109,-0.13864347295338367
13.181575,-0.2297856107423514
13.182040,-0.33452353704127563
13.182506,-0.45302510109102007
13.182971,-0.5481956206607157
13.183437,-0.6124818799114976
13.183902,-0.6635080491340505
13.184368,-0.7152056153200579
13.184833,-0.7568322270542458
13.185299,-0.7796597238117037
13.185764,-0.7779812314030671
13.186230,-0.7145342183566032
13.186696,-0.6614938582436865
13.187161,-0.6970778973067826
13.187627,-0.721583886472877
13.188092,-0.5943541618982223
13.188558,-0.48155947203784233
13.189023,-0.47887388418402377
13.189489,-0.5409781033035782
13.189954,-0.61029983978027
13.190420,-0.6650186923018233
13.190885,-0.6828107118333715
13.191351,-0.6630045014114595
13.191816,-0.637994964522774
13.192282,-0.6280918593118181
13.192747,-0.6198672465094986
13.193213,-0.5822690165560387
13.193678,-0.5295643549248493
13.194144,-0.46813153276874947
13.194609,-0.4023346303501945
13.195075,-0.3583581292439155
13.195540,-0.3363698786907759
13.196006,-0.30565346761272594
13.196471,-0.26771953917753877
13.196937,-0.24354924849317158
13.197402,-0.22928206301976042
13.197868,-0.21098649576562137
13.198333,-0.18782330052643625
13.198799,-0.16264591439688714
13.199264,-0.13864347295338367
13.199730,-0.11380178530556191
13.200196,-0.0908064393072404
13.200661,-0.06646829938200961
13.201127,-0.01896696421759365
13.201592,0.030716411078049892
13.202058,0.05622949568932631
13.202523,0.064789806973373
13.202989,0.06294346532387274
13.203454,0.052201113908598454
13.203920,0.03743038071259632
13.204385,0.028366521705958644
13.204851,0.050522621499961846
13.205316,0.1032272831311513
13.205782,0.1475394827191577
13.206247,0.15828183413443195
13.206713,0.13797207598992905
13.207178,0.10457007705806058
13.207644,0.07956054016937514
13.208109,0.06730754558632791
13.208575,0.057236591134508276
13.209040,0.05354390783550774
13.209506,0.06764324406805522
13.209971,0.09785610742351414
13.210437,0.13209735255970093
13.210902,0.14988937209124895
13.211368,0.15156786449988555
13.211833,0.15156786449988555
13.212299,0.1461966887922484
13.212764,0.13209735255970093
13.213230,0.12034790569924468
13.213696,0.11866941329060808
13.214161,0.11833371480888075
13.214627,0.11934081025406272
13.215092,0.12101930266269931
13.215558,0.12068360418097199
13.216023,0.12252994583047226
13.216489,0.12353704127565421
13.216954,0.12018005645838101
13.217420,0.11464103150988021
13.217885,0.1079270618753338
13.218351,0.09987029831387809
13.218816,0.09298847943846798
13.219282,0.09047074082551307
13.219747,0.09147783627069504
13.220213,0.092484931715877
13.220678,0.09349202716105898
13.221144,0.09819180590524147
13.221609,0.09987029831387809
13.222075,0.0971847104600595
13.222540,0.09416342412451362
13.223006,0.09684901197833219
13.223471,0.10356298161287861
13.223937,0.10524147402151522
13.224402,0.09651331349660487
13.224868,0.08308537422751203
13.225333,0.07234302281223774
13.225799,0.06630045014114595
13.226264,0.06579690241855497
13.226730,0.06932173647669183
13.227195,0.07234302281223774
13.227661,0.07066453040360113
13.228127,0.06613260090028229
13.228592,0.06613260090028229
13.229058,0.06747539482719157
13.229523,0.06898603799496453
13.229989,0.06663614862287326
13.230454,0.05824368657969024
13.230920,0.044815747310597384
13.231385,0.033066300450141146
13.231851,0.030045014114595252
13.232316,0.03390554665445944
13.232782,0.03474479285877775
13.233247,0.03474479285877775
13.233713,0.04011596856641489
13.234178,0.050186923018234526
13.234644,0.06378271152819104
13.235109,0.08039978637369342
13.235575,0.09298847943846798
13.236040,0.10188448920424201
13.236506,0.10994125276569772
13.236971,0.11665522240024415
13.237437,0.12051575494010834
13.237902,0.12471198596169988
13.238368,0.12974746318760969
13.238833,0.13075455863279162
13.239299,0.12605477988860914
13.239764,0.13008316166933698
13.240230,0.14552529182879376
13.240695,0.15156786449988555
13.241161,0.14821087968261232
13.241627,0.14250400549324788
13.242092,0.13998626688029298
13.242558,0.139482719157702
13.243023,0.13679713130388343
13.243489,0.13394369420920116
13.243954,0.13209735255970093
13.244420,0.13310444800488286
13.244885,0.13579003585870145
13.245351,0.1398184176394293
13.245816,0.1411612115663386
13.246282,0.1381399252307927
13.246747,0.13344014648661018
13.247213,0.1287403677424277
13.247678,0.12605477988860914
13.248144,0.1317616540779736
13.248609,0.14082551308461125
13.249075,0.1381399252307927
13.249540,0.12437628747997252
13.250006,0.11296253910124363
13.250471,0.11061264972915236
13.250937,0.11262684061951626
13.251402,0.11447318226901655
13.251868,0.11766231784542608
13.252333,0.12303349355306323
13.252799,0.12672617685206378
13.253264,0.1292439154650187
13.253730,0.13243305104142825
13.254195,0.13411154345006485
13.254661,0.13344014648661018
13.255127,0.13209735255970093
13.255592,0.13243305104142825
13.256058,0.13310444800488286
13.256523,0.13612573434042877
13.256989,0.13797207598992905
13.257454,0.138979171435111
13.257920,0.14082551308461125
13.258385,0.14351110093842984
13.258851,0.1445181963836118
13.259316,0.14283970397497517
13.259782,0.13780422674906534
13.260247,0.13209735255970093
13.260713,0.12941176470588234
13.261178,0.1253833829251545
13.261644,0.11850156404974439
13.262109,0.10826276035706112
13.262575,0.09500267032883192
13.263040,0.08342107270923933
13.263506,0.07435721370260165
13.263971,0.06495765621423667
13.264437,0.0528725108720531
13.264902,0.04145876249332417
13.265368,0.03474479285877775
13.265833,0.03474479285877775
13.266299,0.04011596856641489
13.266764,0.04783703364614328
13.267230,0.05622949568932631
13.267695,0.06260776684214542
13.268161,0.06562905317769131
13.268626,0.06411841000991834
13.269092,0.06160067139696345
13.269558,0.05992217898832684
13.270023,0.05622949568932631
13.270489,0.049851224536507206
13.270954,0.043808651865415424
13.271420,0.03944457160296025
13.271885,0.033401998931868467
13.272351,0.029709315632867935
13.272816,0.02937361715114061
13.273282,0.028366521705958644
13.273747,0.02333104448004883
13.274213,0.01594567788204776
13.274678,0.011078049897001601
13.275144,0.01359578850995651
13.275609,0.023163195239185166
13.276075,0.032730601968413826
13.276540,0.040451667048142216
13.277006,0.04515144579232471
13.277471,0.048676279850461586
13.277937,0.051865415426871134
13.278402,0.05169756618600748
13.278868,0.0481727321278706
13.279333,0.048844129091325246
13.279799,0.05169756618600748
13.280264,0.0520332646677348
13.280730,0.050186923018234526
13.281195,0.05085831998168917
13.281661,0.051529716945143814
13.282126,0.04649423971923399
13.282592,0.03474479285877775
13.283058,0.022995345998321506
13.283523,0.01594567788204776
13.283989,0.011917296101319903
13.284454,0.006210421911955443
13.284920,0.0028534370946822307
13.285385,0.0011749446860456242
13.285851,0.0011749446860456242
13.286316,0.0021820401312275884
13.286782,0.0052033264667734795
13.287247,0.006881818875410085
13.287713,0.005706874189364461
13.288178,0.0021820401312275884
13.288644,0.0005035477225909818
13.289109,-0.00016784924086366064
13.289575,-0.0023498893720912484
13.290040,-0.003356984817273213
13.290506,0.003692683299000534
13.290971,0.01594567788204776
13.291437,0.02853437094682231
13.291902,0.04145876249332417
13.292368,0.05673304341191729
13.292833,0.07234302281223774
13.293299,0.08677805752651253
13.293764,0.09869535362783245
13.294230,0.10759136339360646
13.294695,0.11430533302815289
13.295161,0.11061264972915236
13.295626,0.08308537422751203
13.296092,0.05304036011291676
13.296558,0.04078736552986953
13.297023,0.04213015945677882
13.297489,0.04548714427405204
13.297954,0.04548714427405204
13.298420,0.04515144579232471
13.298885,0.042801556420233464
13.299351,0.032730601968413826
13.299816,0.02400244144350347
13.300282,0.024170290684367133
13.300747,0.027862973983367664
13.301213,0.030716411078049892
13.301678,0.033401998931868467
13.302144,0.03675898374914168
13.302609,0.04078736552986953
13.303075,0.04615854123750667
13.303540,0.051529716945143814
13.304006,0.0528725108720531
13.304471,0.05471885252155337
13.304937,0.05874723430228122
13.305402,0.06260776684214542
13.305868,0.0639505607690547
13.306333,0.06243991760128176
13.306799,0.058915083543144876
13.307264,0.056061646448462656
13.307730,0.052201113908598454
13.308195,0.048844129091325246
13.308661,0.04599069199664301
13.309126,0.04011596856641489
13.309592,0.0323949034866865
13.310057,0.022995345998321506
13.310523,0.011917296101319903
13.310989,-0.0010070954451819635
13.311454,-0.014602883955138474
13.311920,-0.02668802929732204
13.312385,-0.035751888303959714
13.312851,-0.04649423971923399
13.313316,-0.05941863126573587
13.313782,-0.06797894254978255
13.314247,-0.07821774624246586
13.314713,-0.09214923323414968
13.315178,-0.10389868009460593
13.315644,-0.10708781567101548
13.316109,-0.10356298161287861
13.316575,-0.09735255970092317
13.317040,-0.08979934386205844
13.317506,-0.08039978637369342
13.317971,-0.07066453040360113
13.318437,-0.06294346532387274
13.318902,-0.05656519417105363
13.319368,-0.04548714427405204
13.319833,-0.03407339589532311
13.320299,-0.023834592202639806
13.320764,-0.014938582436865796
13.321230,-0.008560311284046692
13.321695,-0.005874723430228122
13.322161,-0.01292439154650187
13.322626,-0.021652552071412222
13.323092,-0.025680933852140077
13.323557,-0.03843747615777828
13.324023,-0.07267872129396505
13.324489,-0.09785610742351414
13.324954,-0.10289158464942397
13.325420,-0.09500267032883192
13.325885,-0.0780498970016022
13.326351,-0.06160067139696345
13.326816,-0.06160067139696345
13.327282,-0.064789806973373
13.327747,-0.05790798809796292
13.328213,-0.042298008697642483
13.328678,-0.025009536888685433
13.329144,-0.008224612802319372
13.329609,0.006210421911955443
13.330075,0.01628137636377508
13.330540,0.025345235370412753
13.331006,0.035416189822232394
13.331471,0.04750133516441596
13.331937,0.06160067139696345
13.332402,0.0750286106660563
13.332868,0.08308537422751203
13.333333,0.08493171587701229
13.333799,0.08644235904478523
13.334264,0.08039978637369342
13.334730,0.06160067139696345
13.335195,0.049515526054779886
13.335661,0.052201113908598454
13.336126,0.062272068360418105
13.336592,0.06965743495841917
13.337057,0.07872129396505684
13.337523,0.0861066605630579
13.337989,0.09114213778896772
13.338454,0.09416342412451362
13.338920,0.09869535362783245
13.339385,0.10188448920424201
13.339851,0.10121309224078735
13.340316,0.09600976577401388
13.340782,0.09013504234378575
13.341247,0.08560311284046693
13.341713,0.08409246967269397
13.342178,0.08274967574578469
13.342644,0.07570000762951096
13.343109,0.058411535820553896
13.343575,0.03978027008468757
13.344040,0.028702220187685965
13.344506,0.02265964751659419
13.344971,0.017792019531548024
13.345437,0.013931486991683832
13.345902,0.011917296101319903
13.346368,0.014267185473411156
13.346833,0.0213168535896849
13.347299,0.02937361715114061
13.347764,0.03675898374914168
13.348230,0.043305104142824444
13.348695,0.05119401846341649
13.349161,0.06294346532387274
13.349626,0.07469291218432898
13.350092,0.08358892195010299
13.350557,0.09315632867933166
13.351023,0.10859845883878842
13.351488,0.1284046692607004
13.351954,0.14888227664606699
13.352420,0.17170977340352483
13.352885,0.1918516823071641
13.353351,0.1965514610513466
13.353816,0.18614480811779963
13.354282,0.17238117036697947
13.354747,0.1586175326161593
13.355213,0.14216830701152056
13.355678,0.12135500114442664
13.356144,0.09852750438696878
13.356609,0.07687495231555656
13.357075,0.056900892652780956
13.357540,0.03944457160296025
13.358006,0.024505989166094453
13.358471,0.008560311284046692
13.358937,-0.006210421911955443
13.359402,-0.01695277332722972
13.359868,-0.025009536888685433
13.360333,-0.03172350652323186
13.360799,-0.037094682230869
13.361264,-0.03978027008468757
13.361730,-0.041962310215915156
13.362195,-0.04649423971923399
13.362661,-0.051361867704280154
13.363126,-0.056900892652780956
13.363592,-0.060593575951781484
13.364057,-0.06260776684214542
13.364523,-0.06663614862287326
13.364988,-0.07536430914778362
13.365454,-0.09097428854810408
13.365920,-0.10423437857633323
13.366385,-0.10641641870756083
13.366851,-0.10154879072251469
13.367316,-0.09517051956969558
13.367782,-0.08979934386205844
13.368247,-0.08409246967269397
13.368713,-0.08274967574578469
13.369178,-0.08476386663614863
13.369644,-0.08409246967269397
13.370109,-0.0800640878919661
13.370575,-0.0694895857175555
13.371040,-0.05270466163118945
13.371506,-0.03373769741359579
13.371971,-0.019302662699320974
13.372437,-0.011749446860456245
13.372902,-0.006042572671091783
13.373368,-0.003189135576409552
13.373833,-0.006881818875410085
13.374299,-0.010406652933546959
13.374764,-0.011245899137865261
13.375230,-0.010574502174410621
13.375695,-0.008224612802319372
13.376161,-0.0021820401312275884
13.376626,0.0025177386129549098
13.377092,0.003189135576409552
13.377557,0.0008392462043183033
13.378023,0.00016784924086366064
13.378488,0.0010070954451819635
13.378954,0.004028381780727854
13.379420,0.008224612802319372
13.379885,0.011245899137865261
13.380351,0.017624170290684367
13.380816,0.030045014114595252
13.381282,0.04011596856641489
13.381747,0.03927672236209659
13.382213,0.033234149691004806
13.382678,0.026352330815594724
13.383144,0.019470511940184634
13.383609,0.014267185473411156
13.384075,0.008560311284046692
13.384540,-0.0011749446860456242
13.385006,-0.01695277332722972
13.385471,-0.033066300450141146
13.385937,-0.04313725490196078
13.386402,-0.048844129091325246
13.386868,-0.057236591134508276
13.387333,-0.07016098268101013
13.387799,-0.0861066605630579
13.388264,-0.10054169527733271
13.388730,-0.11229114213778896
13.389195,-0.1232013427939269
13.389661,-0.13377584496833753
13.390126,-0.14384679942015716
13.390592,-0.15140001525902191
13.391057,-0.15996032654306858
13.391523,-0.16717784390020599
13.391988,-0.16298161287861446
13.392454,-0.15458915083543145
13.392919,-0.15156786449988555
13.393385,-0.15291065842679483
13.393851,-0.16147096971084152
13.394316,-0.1700312809948882
13.394782,-0.17305256733043411
13.395247,-0.1710383764400702
13.395713,-0.16801709010452429
13.396178,-0.16835278858625158
13.396644,-0.1693598840314336
13.397109,-0.20393682764934767
13.397575,-0.34358739604791333
13.398040,-0.4891126878767071
13.398506,-0.5345998321507592
13.398971,-0.5023727779049363
13.399437,-0.4526894026092928
13.399902,-0.4120698863202869
13.400368,-0.3764858472571908
13.400833,-0.3388876173037308
13.401299,-0.29625391012436103
13.401764,-0.24925612268253605
13.402230,-0.2034332799267567
13.402695,-0.15878538185702296
13.403161,-0.11699092088197145
13.403626,-0.08039978637369342
13.404092,-0.04649423971923399
13.404557,-0.013931486991683832
13.405023,0.01527428091859312
13.405488,0.04011596856641489
13.405954,0.06344701304646372
13.406419,0.08661020828564889
13.406885,0.10725566491187914
13.407351,0.1253833829251545
13.407816,0.14132906080720226
13.408282,0.15458915083543145
13.408747,0.1688563363088426
13.409213,0.1837949187457084
13.409678,0.19856565194171052
13.410144,0.21199359121080338
13.410609,0.22139314869916837
13.411075,0.22676432440680552
13.411540,0.22944991226062406
13.412006,0.231464103150988
13.412471,0.23112840466926068
13.412937,0.2291142137788968
13.413402,0.22877851529716942
13.413868,0.231464103150988
13.414333,0.23649958037689783
13.414799,0.23784237430380706
13.415264,0.2366674296177615
13.415730,0.2375066758220798
13.416195,0.24019226367589838
13.416661,0.24153505760280766
13.417126,0.240863660639353
13.417592,0.23985656519417106
13.418057,0.23985656519417106
13.418523,0.24019226367589838
13.418988,0.23801022354467077
13.419454,0.2331425955596246
13.419919,0.2264286259250782
13.420385,0.21484702830548563
13.420850,0.1807736324101625
13.421316,0.12068360418097199
13.421782,0.06697184710460058
13.422247,0.04515144579232471
13.422713,0.04531929503318838
13.423178,0.051865415426871134
13.423644,0.06428625925078202
13.424109,0.07838559548332952
13.424575,0.08979934386205844
13.425040,0.10087739375906005
13.425506,0.11195544365606165
13.425971,0.12051575494010834
13.426437,0.12605477988860914
13.426902,0.13276874952315554
13.427368,0.1398184176394293
13.427833,0.14720378423743039
13.428299,0.1552605477988861
13.428764,0.16096742198825056
13.429230,0.16163881895170518
13.429695,0.15928892957961394
13.430161,0.15475700007629511
13.430626,0.15056076905470359
13.431092,0.14720378423743039
13.431557,0.14384679942015716
13.432023,0.14082551308461125
13.432488,0.13780422674906534
13.432954,0.13411154345006485
13.433419,0.1282368200198367
13.433885,0.12068360418097199
13.434350,0.11396963454642556
13.434816,0.10725566491187914
13.435282,0.1002059967956054
13.435747,0.09214923323414968
13.436213,0.06781109330891888
13.436678,0.018631265735866327
13.437144,-0.02265964751659419
13.437609,-0.03843747615777828
13.438075,-0.037094682230869
13.438540,-0.030380712596322572
13.439006,-0.026352330815594724
13.439471,-0.02853437094682231
13.439937,-0.03105210955977722
13.440402,-0.029877164873731592
13.440868,-0.026352330815594724
13.441333,-0.02349889372091249
13.441799,-0.022323949034866862
13.442264,-0.021652552071412222
13.442730,-0.017288471808957043
13.443195,-0.010406652933546959
13.443661,-0.001846341649500267
13.444126,0.006210421911955443
13.444592,0.009903105210955977
13.445057,0.010910200656137941
13.445523,0.012252994583047227
13.445988,0.01594567788204776
13.446454,0.03608758678568704
13.446919,0.07351796749828336
13.447385,0.10222018768596933
13.447850,0.10893415732051576
13.448316,0.10457007705806058
13.448782,0.09919890135042343
13.449247,0.09449912260624094
13.449713,0.08963149462119477
13.450178,0.0844281681544213
13.450644,0.07956054016937514
13.451109,0.07603570611123828
13.451575,0.07335011825741969
13.452040,0.0703288319218738
13.452506,0.06630045014114595
13.452971,0.06025787747005417
13.453437,0.05488670176241703
13.453902,0.05337605859464408
13.454368,0.0528725108720531
13.454833,0.05354390783550774
13.455299,0.056900892652780956
13.455764,0.058915083543144876
13.456230,0.056061646448462656
13.456695,0.051865415426871134
13.457161,0.04515144579232471
13.457626,0.035416189822232394
13.458092,0.027359426260776684
13.458557,0.02265964751659419
13.459023,0.019806210421911954
13.459488,0.017288471808957043
13.459954,0.017288471808957043
13.460419,0.018631265735866327
13.460885,0.020981155107957578
13.461350,0.0213168535896849
13.461816,0.018631265735866327
13.462281,0.020645456626230255
13.462747,0.025680933852140077
13.463213,0.025513084611276417
13.463678,0.025009536888685433
13.464144,0.0260166323338674
13.464609,0.022491798275730522
13.465075,0.019302662699320974
13.465540,0.01846341649500267
13.466006,0.013931486991683832
13.466471,0.0021820401312275884
13.466937,-0.014938582436865796
13.467402,-0.029709315632867935
13.467868,-0.03910887312123293
13.468333,-0.042969405661097124
13.468799,-0.044815747310597384
13.469264,-0.04649423971923399
13.469730,-0.044815747310597384
13.470195,-0.040283817807278556
13.470661,-0.03608758678568704
13.471126,-0.0315556572823682
13.471592,-0.025009536888685433
13.472057,-0.01829556725413901
13.472523,-0.013931486991683832
13.472988,-0.026352330815594724
13.473454,-0.055390249485008015
13.473919,-0.06999313344014649
13.474385,-0.06529335469596398
13.474850,-0.05555809872587166
13.475316,-0.050019073777370866
13.475781,-0.04414435034714275
13.476247,-0.037094682230869
13.476713,-0.035751888303959714
13.477178,-0.0379339284351873
13.477644,-0.03810177767605096
13.478109,-0.03558403906309605
13.478575,-0.030045014114595252
13.479040,-0.02366674296177615
13.479506,-0.019638361181048294
13.479971,-0.017624170290684367
13.480437,-0.01695277332722972
13.480902,-0.012420843823910887
13.481368,-0.006546120393682764
13.481833,0.0005035477225909818
13.482299,0.007721065079728388
13.482764,0.01695277332722972
13.483230,0.028030823224231328
13.483695,0.03810177767605096
13.484161,0.04313725490196078
13.484626,0.04414435034714275
13.485092,0.04531929503318838
13.485557,0.04800488288700694
13.486023,0.04783703364614328
13.486488,0.04632639047837033
13.486954,0.04750133516441596
13.487419,0.05354390783550774
13.487885,0.059754329747463183
13.488350,0.06160067139696345
13.488816,0.06092927443350881
13.489281,0.06092927443350881
13.489747,0.06092927443350881
13.490213,0.06092927443350881
13.490678,0.058915083543144876
13.491144,0.05555809872587166
13.491609,0.05387960631723506
13.492075,0.05622949568932631
13.492540,0.07536430914778362
13.493006,0.10087739375906005
13.493471,0.11363393606469825
13.493937,0.11128404669260701
13.494402,0.10222018768596933
13.494868,0.09315632867933166
13.495333,0.08308537422751203
13.495799,0.07100022888532845
13.496264,0.057572289616235596
13.496730,0.04548714427405204
13.497195,0.033401998931868467
13.497661,0.02400244144350347
13.498126,0.018631265735866327
13.498592,0.014267185473411156
13.499057,-0.0028534370946822307
13.499523,-0.10389868009460593
13.499988,-0.2519417105363546
13.500454,-0.34073395895323105
13.500919,-0.3586938277256428
13.501385,-0.3499656672007324
13.501850,-0.3415732051575494
13.502316,-0.3340199893186847
13.502781,-0.32042420080872813
13.503247,-0.3019607843137255
13.503712,-0.2831616693369955
13.504178,-0.26469825284199283
13.504644,-0.24740978103303574
13.505109,-0.2264286259250782
13.505575,-0.20225833524071107
13.506040,-0.17674525062943464
13.506506,-0.15156786449988555
13.506971,-0.12806897077897306
13.507437,-0.10691996643015184
13.507902,-0.08543526359960325
13.508368,-0.06344701304646372
13.508833,-0.042801556420233464
13.509299,-0.021820401312275882
13.509764,-0.0015106431677729458
13.510230,0.019302662699320974
13.510695,0.03407339589532311
13.511161,0.04716563668268864
13.511626,0.061936369878690785
13.512092,0.08039978637369342
13.512557,0.09684901197833219
13.513023,0.10826276035706112
13.513488,0.11430533302815289
13.513954,0.11732661936369877
13.514419,0.11934081025406272
13.514885,0.12202639810788128
13.515350,0.12336919203479056
13.515816,0.12169069962615398
13.516281,0.12169069962615398
13.516747,0.1253833829251545
13.517212,0.13209735255970093
13.517678,0.1359578850995651
13.518144,0.13679713130388343
13.518609,0.1381399252307927
13.519075,0.13881132219424736
13.519540,0.13545433737697413
13.520006,0.12941176470588234
13.520471,0.12336919203479056
13.520937,0.11732661936369877
13.521402,0.11262684061951626
13.521868,0.10859845883878842
13.522333,0.10557717250324253
13.522799,0.10154879072251469
13.523264,0.09701686121919585
13.523730,0.09382772564278628
13.524195,0.09114213778896772
13.524661,0.08677805752651253
13.525126,0.07905699244678416
13.525592,0.07267872129396505
13.526057,0.06831464103150987
13.526523,0.062272068360418105
13.526988,0.05253681239032577
13.527454,0.043472953383688104
13.527919,0.03843747615777828
13.528385,0.035751888303959714
13.528850,0.032730601968413826
13.529316,0.028030823224231328
13.529781,0.024673838406958113
13.530247,0.021988250553139542
13.530712,0.017959868772411687
13.531178,0.014602883955138474
13.531644,0.011581597619592583
13.532109,0.009231708247501335
13.532575,0.007217517357137408
13.533040,0.006881818875410085
13.533506,0.00788891432059205
13.533971,0.008560311284046692
13.534437,0.007217517357137408
13.534902,0.0052033264667734795
13.535368,0.004867627985046159
13.535833,0.004196231021591517
13.536299,0.0011749446860456242
13.536764,-0.0021820401312275884
13.537230,-0.0015106431677729458
13.537695,-0.0015106431677729458
13.538161,-0.0030212863355458916
13.538626,-0.005706874189364461
13.539092,-0.0055390249485008005
13.539557,-0.0035248340581368735
13.540023,-0.0015106431677729458
13.540488,0.00016784924086366064
13.540954,0.0005035477225909818
13.541419,-0.0015106431677729458
13.541885,-0.0015106431677729458
13.542350,-0.0011749446860456242
13.542816,-0.0025177386129549098
13.543281,-0.0028534370946822307
13.543747,-0.002014190890363927
13.544212,-0.0035248340581368735
13.544678,-0.006378271152819104
13.545143,-0.008560311284046692
13.545609,-0.008560311284046692
13.546075,-0.004531929503318838
13.546540,0.00016784924086366064
13.547006,0.003189135576409552
13.547471,0.0021820401312275884
13.547937,0.0025177386129549098
13.548402,0.006546120393682764
13.548868,0.009903105210955977
13.549333,0.011917296101319903
13.549799,0.011749446860456245
13.550264,0.011245899137865261
13.550730,0.012252994583047227
13.551195,0.01628137636377508
13.551661,0.0213168535896849
13.552126,0.02400244144350347
13.552592,0.023834592202639806
13.553057,0.021652552071412222
13.553523,0.021988250553139542
13.553988,0.02400244144350347
13.554454,0.026352330815594724
13.554919,0.029877164873731592
13.555385,0.032730601968413826
13.555850,0.032730601968413826
13.556316,0.030380712596322572
13.556781,0.02668802929732204
13.557247,0.02400244144350347
13.557712,0.02333104448004883
13.558178,0.024338139925230793
13.558643,0.025009536888685433
13.559109,0.02400244144350347
13.559575,0.02265964751659419
13.560040,0.02265964751659419
13.560506,0.02366674296177615
13.560971,0.02400244144350347
13.561437,0.024505989166094453
13.561902,0.024673838406958113
13.562368,0.02366674296177615
13.562833,0.022995345998321506
13.563299,0.022491798275730522
13.563764,0.021988250553139542
13.564230,0.0213168535896849
13.564695,0.0213168535896849
13.565161,0.020645456626230255
13.565626,0.017624170290684367
13.566092,0.014602883955138474
13.566557,0.013092240787365528
13.567023,0.011245899137865261
13.567488,0.009903105210955977
13.567954,0.007049668116273747
13.568419,0.0021820401312275884
13.568885,0.001846341649500267
13.569350,0.004531929503318838
13.569816,0.0052033264667734795
13.570281,0.006042572671091783
13.570747,0.010574502174410621
13.571212,0.01695277332722972
13.571678,0.020309758144502935
13.572143,0.0213168535896849
13.572609,0.02265964751659419
13.573075,0.025345235370412753
13.573540,0.02668802929732204
13.574006,0.027023727779049357
13.574471,0.02668802929732204
13.574937,0.02349889372091249
13.575402,0.020309758144502935
13.575868,0.018631265735866327
13.576333,0.01695277332722972
13.576799,0.013931486991683832
13.577264,0.010574502174410621
13.577730,0.008392462043183033
13.578195,0.006378271152819104
13.578661,0.0052033264667734795
13.579126,0.0008392462043183033
13.579592,-0.014602883955138474
13.580057,-0.0323949034866865
13.580523,-0.04078736552986953
13.580988,-0.04145876249332417
13.581454,-0.04011596856641489
13.581919,-0.03675898374914168
13.582385,-0.0323949034866865
13.582850,-0.02853437094682231
13.583316,-0.02668802929732204
13.583781,-0.023834592202639806
13.584247,-0.01896696421759365
13.584712,-0.014602883955138474
13.585178,-0.014267185473411156
13.585643,-0.012252994583047227
13.586109,-0.010238803692683297
13.586574,-0.008224612802319372
13.587040,-0.004867627985046159
13.587506,-0.003860532539864194
13.587971,-0.003860532539864194
13.588437,-0.0035248340581368735
13.588902,-0.0021820401312275884
13.589368,0.0005035477225909818
13.589833,0.003356984817273213
13.590299,0.0052033264667734795
13.590764,0.004196231021591517
13.591230,0.001846341649500267
13.591695,0.0011749446860456242
13.592161,0.0005035477225909818
13.592626,-0.0008392462043183033
13.593092,0.001846341649500267
13.593557,0.0055390249485008005
13.594023,0.004867627985046159
13.594488,0.004531929503318838
13.594954,0.0050354772259098195
13.595419,0.0052033264667734795
13.595885,0.006378271152819104
13.596350,0.007553215838864729
13.596816,0.007721065079728388
13.597281,0.00788891432059205
13.597747,0.006546120393682764
13.598212,0.004196231021591517
13.598678,0.0011749446860456242
13.599143,0.0003356984817273213
13.599609,0.003860532539864194
13.600074,0.008728160524910353
13.600540,0.009903105210955977
13.601006,0.009735255970092317
13.601471,0.011245899137865261
13.601937,0.013931486991683832
13.602402,0.01594567788204776
13.602868,0.01594567788204776
13.603333,0.017288471808957043
13.603799,0.019974059662775615
13.604264,0.020981155107957578
13.604730,0.020645456626230255
13.605195,0.020309758144502935
13.605661,0.020477607385366595
13.606126,0.02265964751659419
13.606592,0.02333104448004883
13.607057,0.0213168535896849
13.607523,0.017959868772411687
13.607988,0.014602883955138474
13.608454,0.014435034714274816
13.608919,0.01527428091859312
13.609385,0.01527428091859312
13.609850,0.014602883955138474
13.610316,0.01326009002822919
13.610781,0.013931486991683832
13.611247,0.01594567788204776
13.611712,0.017120622568093383
13.612178,0.016617074845502403
13.612643,0.014602883955138474
13.613109,0.011413748378728923
13.613574,0.009231708247501335
13.614040,0.008896009765774012
13.614506,0.009231708247501335
13.614971,0.008560311284046692
13.615437,0.007049668116273747
13.615902,0.007217517357137408
13.616368,0.007217517357137408
13.616833,0.005874723430228122
13.617299,0.003189135576409552
13.617764,0.0010070954451819635
13.618230,-0.00016784924086366064
13.618695,0.0025177386129549098
13.619161,0.004028381780727854
13.619626,0.0025177386129549098
13.620092,0.0003356984817273213
13.620557,-0.001846341649500267
13.621023,-0.0035248340581368735
13.621488,-0.003189135576409552
13.621954,-0.0021820401312275884
13.622419,-0.0015106431677729458
13.622885,0.0011749446860456242
13.623350,0.004531929503318838
13.623816,0.007553215838864729
13.624281,0.008224612802319372
13.624747,0.008056763561455708
13.625212,0.006546120393682764
13.625678,0.004867627985046159
13.626143,0.006546120393682764
13.626609,0.009567406729228655
13.627074,0.010574502174410621
13.627540,0.008896009765774012
13.628005,0.007217517357137408
13.628471,0.008560311284046692
13.628937,0.009567406729228655
13.629402,0.008560311284046692
13.629868,0.005874723430228122
13.630333,0.006546120393682764
13.630799,0.008224612802319372
13.631264,0.006546120393682764
13.631730,0.004364080262455177
13.632195,0.004867627985046159
13.632661,0.006546120393682764
13.633126,0.0052033264667734795
13.633592,0.0025177386129549098
13.634057,0.0025177386129549098
13.634523,0.0025177386129549098
13.634988,0.0021820401312275884
13.635454,0.0023498893720912484
13.635919,0.003860532539864194
13.636385,0.006546120393682764
13.636850,0.009231708247501335
13.637316,0.008392462043183033
13.637781,0.006210421911955443
13.638247,0.005874723430228122
13.638712,0.007553215838864729
13.639178,0.007217517357137408
13.639643,0.006546120393682764
13.640109,0.0055390249485008005
13.640574,0.004867627985046159
13.641040,0.004531929503318838
13.641505,0.0055390249485008005
13.641971,0.008224612802319372
13.642437,0.010910200656137941
13.642902,0.010910200656137941
13.643368,0.009567406729228655
13.643833,0.008560311284046692
13.644299,0.009399557488364994
13.644764,0.008560311284046692
13.645230,0.007049668116273747
13.645695,0.008560311284046692
13.646161,0.009903105210955977
13.646626,0.011917296101319903
13.647092,0.012588693064774548
13.647557,0.009567406729228655
13.648023,0.00788891432059205
13.648488,0.008896009765774012
13.648954,0.008224612802319372
13.649419,0.006210421911955443
13.649885,0.005874723430228122
13.650350,0.007217517357137408
13.650816,0.006210421911955443
13.651281,0.004196231021591517
13.651747,0.0025177386129549098
13.652212,0.0015106431677729458
13.652678,-0.0015106431677729458
13.653143,-0.0028534370946822307
13.653609,-0.0028534370946822307
13.654074,-0.0028534370946822307
13.654540,-0.003860532539864194
13.655005,-0.0035248340581368735
13.655471,-0.0030212863355458916
13.655937,-0.004531929503318838
13.656402,-0.003189135576409552
13.656868,-0.0030212863355458916
13.657333,-0.0030212863355458916
13.657799,-0.0015106431677729458
13.658264,0.00016784924086366064
13.658730,0.0025177386129549098
13.659195,0.003692683299000534
13.659661,0.0052033264667734795
13.660126,0.00788891432059205
13.660592,0.007217517357137408
13.661057,0.006210421911955443
13.661523,0.006546120393682764
13.661988,0.009903105210955977
13.662454,0.012252994583047227
13.662919,0.012756542305638208
13.663385,0.013092240787365528
13.663850,0.01326009002822919
13.664316,0.014602883955138474
13.664781,0.01292439154650187
13.665247,0.009567406729228655
13.665712,0.009231708247501335
13.666178,0.013092240787365528
13.666643,0.014938582436865796
13.667109,0.01359578850995651
13.667574,0.011917296101319903
13.668040,0.011245899137865261
13.668505,0.011581597619592583
13.668971,0.010910200656137941
13.669436,0.009903105210955977
13.669902,0.009735255970092317
13.670368,0.009735255970092317
13.670833,0.008728160524910353
13.671299,0.006881818875410085
13.671764,0.0055390249485008005
13.672230,0.0052033264667734795
13.672695,0.004196231021591517
13.673161,0.0028534370946822307
13.673626,0.0035248340581368735
13.674092,0.009903105210955977
13.674557,0.019302662699320974
13.675023,0.02400244144350347
13.675488,0.02400244144350347
13.675954,0.02265964751659419
13.676419,0.021652552071412222
13.676885,0.0213168535896849
13.677350,0.019974059662775615
13.677816,0.019302662699320974
13.678281,0.017624170290684367
13.678747,0.0157778286411841
13.679212,0.01527428091859312
13.679678,0.015106431677729458
13.680143,0.014267185473411156
13.680609,0.013931486991683832
13.681074,0.01359578850995651
13.681540,0.013931486991683832
13.682005,0.01292439154650187
13.682471,0.012252994583047227
13.682936,0.012588693064774548
13.683402,0.013931486991683832
13.683868,0.01326009002822919
13.684333,0.010910200656137941
13.684799,0.008896009765774012
13.685264,0.007553215838864729
13.685730,0.006546120393682764
13.686195,0.006546120393682764
13.686661,0.007721065079728388
13.687126,0.009231708247501335
13.687592,0.011917296101319903
13.688057,0.011917296101319903
13.688523,0.009567406729228655
13.688988,0.008392462043183033
13.689454,-0.006210421911955443
13.689919,-0.07402151522087433
13.690385,-0.15291065842679483
13.690850,-0.18614480811779963
13.691316,-0.1807736324101625
13.691781,-0.1693598840314336
13.692247,-0.1935301747158007
13.692712,-0.24019226367589838
13.693178,-0.26100556954299226
13.693643,-0.2480811779964904
13.694109,-0.223071641107805
13.694574,-0.2002441443503471
13.695040,-0.17875944151979858
13.695505,-0.1586175326161593
13.695971,-0.13914702067597465
13.696436,-0.11967650873579004
13.696902,-0.10138094148165101
13.697368,-0.08207827878233005
13.697833,-0.061936369878690785
13.698299,-0.043472953383688104
13.698764,-0.029037918669413288
13.699230,-0.01359578850995651
13.699695,0.0011749446860456242
13.700161,0.014435034714274816
13.700626,0.02668802929732204
13.701092,0.03978027008468757
13.701557,0.0528725108720531
13.702023,0.06411841000991834
13.702488,0.07234302281223774
13.702954,0.08241397726405737
13.703419,0.09315632867933166
13.703885,0.10104524299992369
13.704350,0.10675211718928816
13.704816,0.11128404669260701
13.705281,0.11866941329060808
13.705747,0.12655832761120012
13.706212,0.13075455863279162
13.706678,0.13209735255970093
13.707143,0.1347829404135195
13.707609,0.1381399252307927
13.708074,0.13914702067597465
13.708540,0.13864347295338367
13.709005,0.1364614328221561
13.709471,0.13411154345006485
13.709936,0.1326009002822919
13.710402,0.1317616540779736
13.710867,0.13008316166933698
13.711333,0.12672617685206378
13.711799,0.12303349355306323
13.712264,0.12001220721751735
13.712730,0.11799801632715344
13.713195,0.11615167467765315
13.713661,0.11262684061951626
13.714126,0.1096055542839704
13.714592,0.1062485694666972
13.715057,0.10188448920424201
13.715523,0.0988632028686961
13.715988,0.09617761501487754
13.716454,0.092484931715877
13.716919,0.08845654993514916
13.717385,0.08476386663614863
13.717850,0.08107118333714809
13.718316,0.07704280155642022
13.718781,0.07351796749828336
13.719247,0.06898603799496453
13.719712,0.06529335469596398
13.720178,0.06361486228732739
13.720643,0.06294346532387274
13.721109,0.06025787747005417
13.721574,0.05656519417105363
13.722040,0.053208209353780414
13.722505,0.04917982757305257
13.722971,0.04615854123750667
13.723436,0.04313725490196078
13.723902,0.041794460975051496
13.724367,0.04061951628900587
13.724833,0.036423285267414354
13.725299,0.033066300450141146
13.725764,0.030045014114595252
13.726230,0.026352330815594724
13.726695,0.024673838406958113
13.727161,0.02333104448004883
13.727626,0.021988250553139542
13.728092,0.018631265735866327
13.728557,0.01326009002822919
13.729023,0.008560311284046692
13.729488,0.006378271152819104
13.729954,0.006546120393682764
13.730419,0.00788891432059205
13.730885,0.007385366598001068
13.731350,0.004867627985046159
13.731816,-0.0008392462043183033
13.732281,-0.0055390249485008005
13.732747,-0.007217517357137408
13.733212,-0.007217517357137408
13.733678,-0.008392462043183033
13.734143,-0.00788891432059205
13.734609,-0.005706874189364461
13.735074,-0.005874723430228122
13.735540,-0.008392462043183033
13.736005,-0.009231708247501335
13.736471,-0.008560311284046692
13.736936,-0.010238803692683297
13.737402,-0.01292439154650187
13.737867,-0.015106431677729458
13.738333,-0.01527428091859312
13.738799,-0.014435034714274816
13.739264,-0.01359578850995651
13.739730,-0.01359578850995651
13.740195,-0.012252994583047227
13.740661,-0.009567406729228655
13.741126,-0.007553215838864729
13.741592,-0.007217517357137408
13.742057,-0.006546120393682764
13.742523,-0.007049668116273747
13.742988,-0.007721065079728388
13.743454,-0.006881818875410085
13.743919,-0.004867627985046159
13.744385,-0.0028534370946822307
13.744850,-0.0028534370946822307
13.745316,-0.0055390249485008005
13.745781,-0.0055390249485008005
13.746247,-0.0030212863355458916
13.746712,-0.0016784924086366065
13.747178,0.00016784924086366064
13.747643,0.0003356984817273213
13.748109,-0.001846341649500267
13.748574,-0.0025177386129549098
13.749040,-0.0005035477225909818
13.749505,0.0008392462043183033
13.749971,0.0008392462043183033
13.750436,-0.0003356984817273213
13.750902,-0.0015106431677729458
13.751367,0.0008392462043183033
13.751833,0.0025177386129549098
13.752298,0.0028534370946822307
13.752764,0.0050354772259098195
13.753230,0.008728160524910353
13.753695,0.010910200656137941
13.754161,0.008560311284046692
13.754626,0.006546120393682764
13.755092,0.008896009765774012
13.755557,0.010910200656137941
13.756023,0.008896009765774012
13.756488,0.006546120393682764
13.756954,0.005874723430228122
13.757419,0.006210421911955443
13.757885,0.007721065079728388
13.758350,0.007217517357137408
13.758816,0.006210421911955443
13.759281,0.006881818875410085
13.759747,0.006881818875410085
13.760212,0.006546120393682764
13.760678,0.00788891432059205
13.761143,0.010406652933546959
13.761609,0.01292439154650187
13.762074,0.014267185473411156
13.762540,0.014938582436865796
13.763005,0.013931486991683832
13.763471,0.01359578850995651
13.763936,0.014602883955138474
13.764402,0.01527428091859312
13.764867,0.014435034714274816
13.765333,0.01560997940032044
13.765798,0.017624170290684367
13.766264,0.019638361181048294
13.766730,0.017959868772411687
13.767195,0.01594567788204776
13.767661,0.014602883955138474
13.768126,0.01527428091859312
13.768592,0.01594567788204776
13.769057,0.016784924086366067
13.769523,0.0157778286411841
13.769988,0.01292439154650187
13.770454,0.010238803692683297
13.770919,0.011917296101319903
13.771385,0.013931486991683832
13.771850,0.014267185473411156
13.772316,0.011749446860456245
13.772781,0.009231708247501335
13.773247,0.009903105210955977
13.773712,0.009567406729228655
13.774178,0.009231708247501335
13.774643,0.010574502174410621
13.775109,0.011581597619592583
13.775574,0.011245899137865261
13.776040,0.010910200656137941
13.776505,0.010238803692683297
13.776971,0.009903105210955977
13.777436,0.011581597619592583
13.777902,0.012588693064774548
13.778367,0.009063859006637675
13.778833,0.006546120393682764
13.779298,0.008560311284046692
13.779764,0.011749446860456245
13.780229,0.013931486991683832
13.780695,0.01560997940032044
13.781161,0.01628137636377508
13.781626,0.017792019531548024
13.782092,0.020645456626230255
13.782557,0.021988250553139542
13.783023,0.019974059662775615
13.783488,0.019302662699320974
13.783954,0.019638361181048294
13.784419,0.017959868772411687
13.784885,0.01594567788204776
13.785350,0.01560997940032044
13.785816,0.016617074845502403
13.786281,0.01846341649500267
13.786747,0.019974059662775615
13.787212,0.017959868772411687
13.787678,0.014602883955138474
13.788143,0.012588693064774548
13.788609,0.01292439154650187
13.789074,0.011917296101319903
13.789540,0.010238803692683297
13.790005,0.010238803692683297
13.790471,0.011749446860456245
13.790936,0.011245899137865261
13.791402,0.010574502174410621
13.791867,0.009231708247501335
13.792333,0.008896009765774012
13.792798,0.009231708247501335
13.793264,0.011917296101319903
13.793729,0.01359578850995651
13.794195,0.01326009002822919
13.794661,0.011917296101319903
13.795126,0.009903105210955977
13.795592,0.009231708247501335
13.796057,0.00788891432059205
13.796523,0.00788891432059205
13.796988,0.011245899137865261
13.797454,0.012252994583047227
13.797919,0.009903105210955977
13.798385,0.00788891432059205
13.798850,0.009567406729228655
13.799316,0.011917296101319903
13.799781,0.011917296101319903
13.800247,0.008896009765774012
13.800712,0.007217517357137408
13.801178,0.009567406729228655
13.801643,0.012252994583047227
13.802109,0.013931486991683832
13.802574,0.01326009002822919
13.803040,0.01326009002822919
13.803505,0.013931486991683832
13.803971,0.013931486991683832
13.804436,0.01359578850995651
13.804902,0.016449225604638743
13.805367,0.020477607385366595
13.805833,0.02333104448004883
13.806298,0.02265964751659419
13.806764,0.021149004348821242
13.807229,0.020645456626230255
13.807695,0.019302662699320974
13.808161,0.01695277332722972
13.808626,0.01594567788204776
13.809092,0.01829556725413901
13.809557,0.01829556725413901
13.810023,0.01527428091859312
13.810488,0.012420843823910887
13.810954,0.010574502174410621
13.811419,0.009903105210955977
13.811885,0.011581597619592583
13.812350,0.014602883955138474
13.812816,0.0157778286411841
13.813281,0.011917296101319903
13.813747,0.00788891432059205
13.814212,0.005706874189364461
13.814678,0.003692683299000534
13.815143,0.001846341649500267
13.815609,-0.0003356984817273213
13.816074,-0.0011749446860456242
13.816540,-0.00016784924086366064
13.817005,0.00016784924086366064
13.817471,0.0016784924086366065
13.817936,0.0021820401312275884
13.818402,0.0015106431677729458
13.818867,-0.0003356984817273213
13.819333,0.0011749446860456242
13.819798,0.003860532539864194
13.820264,0.005874723430228122
13.820729,0.006210421911955443
13.821195,0.004867627985046159
13.821660,0.0035248340581368735
13.822126,0.003860532539864194
13.822592,0.006042572671091783
13.823057,0.005874723430228122
13.823523,0.003860532539864194
13.823988,0.003860532539864194
13.824454,0.0052033264667734795
13.824919,0.006378271152819104
13.825385,0.007553215838864729
13.825850,0.010574502174410621
13.826316,0.011917296101319903
13.826781,0.012588693064774548
13.827247,0.011749446860456245
13.827712,0.011245899137865261
13.828178,0.01326009002822919
13.828643,0.01560997940032044
13.829109,0.014602883955138474
13.829574,0.011749446860456245
13.830040,0.009231708247501335
13.830505,0.009231708247501335
13.830971,0.008560311284046692
13.831436,0.007049668116273747
13.831902,0.0050354772259098195
13.832367,0.0035248340581368735
13.832833,0.0052033264667734795
13.833298,0.007721065079728388
13.833764,0.007049668116273747
13.834229,0.0052033264667734795
13.834695,0.007217517357137408
13.835160,0.009903105210955977
13.835626,0.008896009765774012
13.836092,0.007553215838864729
13.836557,0.006546120393682764
13.837023,0.0055390249485008005
13.837488,0.0055390249485008005
13.837954,0.006378271152819104
13.838419,0.00788891432059205
13.838885,0.008560311284046692
13.839350,0.00788891432059205
13.839816,0.007721065079728388
13.840281,0.006546120393682764
13.840747,0.006546120393682764
13.841212,0.00788891432059205
13.841678,0.009399557488364994
13.842143,0.010238803692683297
13.842609,0.009063859006637675
13.843074,0.008560311284046692
13.843540,0.009903105210955977
13.844005,0.010574502174410621
13.844471,0.010070954451819639
13.844936,0.010406652933546959
13.845402,0.012252994583047227
13.845867,0.014602883955138474
13.846333,0.014938582436865796
13.846798,0.013931486991683832
13.847264,0.014435034714274816
13.847729,0.01594567788204776
13.848195,0.016617074845502403
13.848660,0.01527428091859312
13.849126,0.014602883955138474
13.849592,0.014602883955138474
13.850057,0.013092240787365528
13.850523,0.011581597619592583
13.850988,0.010574502174410621
13.851454,0.009231708247501335
13.851919,0.010238803692683297
13.852385,0.010910200656137941
13.852850,0.009735255970092317
13.853316,0.007721065079728388
13.853781,0.008896009765774012
13.854247,0.011078049897001601
13.854712,0.010574502174410621
13.855178,0.008896009765774012
13.855643,0.008896009765774012
13.856109,0.008896009765774012
13.856574,0.008392462043183033
13.857040,0.009903105210955977
13.857505,0.010910200656137941
13.857971,0.009567406729228655
13.858436,0.009231708247501335
13.858902,0.012252994583047227
13.859367,0.014267185473411156
13.859833,0.013931486991683832
13.860298,0.01292439154650187
13.860764,0.011245899137865261
13.861229,0.011245899137865261
13.861695,0.01326009002822919
13.862160,0.014602883955138474
13.862626,0.014602883955138474
13.863091,0.014602883955138474
13.863557,0.014602883955138474
13.864023,0.01326009002822919
13.864488,0.012252994583047227
13.864954,0.011749446860456245
13.865419,0.012420843823910887
13.865885,0.014938582436865796
13.866350,0.017288471808957043
13.866816,0.016617074845502403
13.867281,0.014602883955138474
13.867747,0.014938582436865796
13.868212,0.01628137636377508
13.868678,0.016617074845502403
13.869143,0.014602883955138474
13.869609,0.012588693064774548
13.870074,0.011245899137865261
13.870540,0.011245899137865261
13.871005,0.010574502174410621
13.871471,0.012252994583047227
13.871936,0.01326009002822919
13.872402,0.011917296101319903
13.872867,0.011917296101319903
13.873333,0.01326009002822919
13.873798,0.014602883955138474
13.874264,0.014602883955138474
13.874729,0.012588693064774548
13.875195,0.010406652933546959
13.875660,0.010910200656137941
13.876126,0.011078049897001601
13.876591,0.011917296101319903
13.877057,0.011917296101319903
13.877523,0.010574502174410621
13.877988,0.009903105210955977
13.878454,0.011245899137865261
13.878919,0.012588693064774548
13.879385,0.014267185473411156
13.879850,0.015106431677729458
13.880316,0.014267185473411156
13.880781,0.01326009002822919
13.881247,0.01326009002822919
13.881712,0.01594567788204776
13.882178,0.01896696421759365
13.882643,0.0213168535896849
13.883109,0.02333104448004883
13.883574,0.025345235370412753
13.884040,0.02265964751659419
13.884505,0.020309758144502935
13.884971,0.020477607385366595
13.885436,0.020309758144502935
13.885902,0.016617074845502403
13.886367,0.014435034714274816
13.886833,0.01326009002822919
13.887298,0.01359578850995651
13.887764,0.014267185473411156
13.888229,0.01560997940032044
13.888695,0.016617074845502403
13.889160,0.017288471808957043
13.889626,0.017288471808957043
13.890091,0.015106431677729458
13.890557,0.009903105210955977
13.891023,0.006546120393682764
13.891488,0.006546120393682764
13.891954,0.007553215838864729
13.892419,0.006546120393682764
13.892885,0.006546120393682764
13.893350,0.007553215838864729
13.893816,0.006042572671091783
13.894281,0.005874723430228122
13.894747,0.0055390249485008005
13.895212,0.003189135576409552
13.895678,0.0011749446860456242
13.896143,0.0008392462043183033
13.896609,0.0011749446860456242
13.897074,0.0011749446860456242
13.897540,0.0011749446860456242
13.898005,0.0008392462043183033
13.898471,0.0030212863355458916
13.898936,0.006546120393682764
13.899402,0.008896009765774012
13.899867,0.008560311284046692
13.900333,0.007553215838864729
13.900798,0.008560311284046692
13.901264,0.010238803692683297
13.901729,0.010910200656137941
13.902195,0.012420843823910887
13.902660,0.014602883955138474
13.903126,0.017959868772411687
13.903591,0.021652552071412222
13.904057,0.02333104448004883
13.904522,0.02349889372091249
13.904988,0.02400244144350347
13.905454,0.024673838406958113
13.905919,0.025345235370412753
13.906385,0.025345235370412753
13.906850,0.024673838406958113
13.907316,0.02333104448004883
13.907781,0.024338139925230793
13.908247,0.024673838406958113
13.908712,0.019974059662775615
13.909178,0.017288471808957043
13.909643,0.01829556725413901
13.910109,0.019302662699320974
13.910574,0.018631265735866327
13.911040,0.017288471808957043
13.911505,0.01527428091859312
13.911971,0.01326009002822919
13.912436,0.009231708247501335
13.912902,0.006881818875410085
13.913367,0.007217517357137408
13.913833,0.007553215838864729
13.914298,0.007049668116273747
13.914764,0.004364080262455177
13.915229,0.001846341649500267
13.915695,0.0008392462043183033
13.916160,-0.0011749446860456242
13.916626,-0.0021820401312275884
13.917091,-0.0011749446860456242
13.917557,-0.0011749446860456242
13.918022,-0.0015106431677729458
13.918488,0.0005035477225909818
13.918954,0.003189135576409552
13.919419,0.004867627985046159
13.919885,0.004531929503318838
13.920350,0.0050354772259098195
13.920816,0.003860532539864194
13.921281,0.004531929503318838
13.921747,0.008056763561455708
13.922212,0.011749446860456245
13.922678,0.013931486991683832
13.923143,0.014602883955138474
13.923609,0.011917296101319903
13.924074,0.009231708247501335
13.924540,0.009735255970092317
13.925005,0.010238803692683297
13.925471,0.008896009765774012
13.925936,0.00788891432059205
13.926402,0.008392462043183033
13.926867,0.008896009765774012
13.927333,0.011245899137865261
13.927798,0.012588693064774548
13.928264,0.011917296101319903
13.928729,0.008560311284046692
13.929195,0.007217517357137408
13.929660,0.00788891432059205
13.930126,0.009735255970092317
13.930591,0.010238803692683297
13.931057,0.007217517357137408
13.931522,0.004867627985046159
13.931988,0.004531929503318838
13.932454,0.006546120393682764
13.932919,0.00788891432059205
13.933385,0.007553215838864729
13.933850,0.007049668116273747
13.934316,0.00788891432059205
13.934781,0.009231708247501335
13.935247,0.009231708247501335
13.935712,0.007217517357137408
13.936178,0.0035248340581368735
13.936643,0.0011749446860456242
13.937109,0.0021820401312275884
13.937574,0.001846341649500267
13.938040,0.0011749446860456242
13.938505,0.0025177386129549098
13.938971,0.004867627985046159
13.939436,0.007385366598001068
13.939902,0.008896009765774012
13.940367,0.009231708247501335
13.940833,0.009567406729228655
13.941298,0.009735255970092317
13.941764,0.008560311284046692
13.942229,0.009231708247501335
13.942695,0.011245899137865261
13.943160,0.01326009002822919
13.943626,0.010406652933546959
13.944091,0.0055390249485008005
13.944557,0.003189135576409552
13.945022,0.003189135576409552
13.945488,0.003189135576409552
13.945953,0.004531929503318838
13.946419,0.0055390249485008005
13.946885,0.005874723430228122
13.947350,0.006210421911955443
13.947816,0.006881818875410085
13.948281,0.006210421911955443
13.948747,0.0055390249485008005
13.949212,0.003860532539864194
13.949678,0.0005035477225909818
13.950143,-0.0011749446860456242
13.950609,-0.0021820401312275884
13.951074,-0.004196231021591517
13.951540,-0.003860532539864194
13.952005,-0.0008392462043183033
13.952471,0.0015106431677729458
13.952936,0.0023498893720912484
13.953402,0.0008392462043183033
13.953867,-0.0028534370946822307
13.954333,-0.001846341649500267
13.954798,0.0025177386129549098
13.955264,0.004196231021591517
13.955729,0.0050354772259098195
13.956195,0.005874723430228122
13.956660,0.006378271152819104
13.957126,0.0055390249485008005
13.957591,0.005874723430228122
13.958057,0.008896009765774012
13.958522,0.011245899137865261
13.958988,0.008728160524910353
13.959453,0.006546120393682764
13.959919,0.008224612802319372
13.960385,0.009903105210955977
13.960850,0.011917296101319903
13.961316,0.013092240787365528
13.961781,0.01326009002822919
13.962247,0.01326009002822919
13.962712,0.01527428091859312
13.963178,0.01594567788204776
13.963643,0.01829556725413901
13.964109,0.022156099794003202
13.964574,0.0213168535896849
13.965040,0.020309758144502935
13.965505,0.0213168535896849
13.965971,0.02265964751659419
13.966436,0.02265964751659419
13.966902,-0.010238803692683297
13.967367,-0.14317540245670252
13.967833,-0.28920424200808725
13.968298,-0.3459372854200045
13.968764,-0.3304951552605478
13.969229,-0.29692530708781567
13.969695,-0.26771953917753877
13.970160,-0.24254215304798965
13.970626,-0.21568627450980396
13.971091,-0.18463416495002669
13.971557,-0.1535820553902495
13.972022,-0.12672617685206378
13.972488,-0.10138094148165101
13.972953,-0.07687495231555656
13.973419,-0.054551003280689715
13.973885,-0.0323949034866865
13.974350,-0.010910200656137941
13.974816,0.007553215838864729
13.975281,0.02366674296177615
13.975747,0.03743038071259632
13.976212,0.05253681239032577
13.976678,0.06630045014114595
13.977143,0.07603570611123828
13.977609,0.0861066605630579
13.978074,0.09684901197833219
13.978540,0.1062485694666972
13.979005,0.11447318226901655
13.979471,0.12202639810788128
13.979936,0.1284046692607004
13.980402,0.13411154345006485
13.980867,0.13847562371252
13.981333,0.14351110093842984
13.981798,0.1461966887922484
13.982264,0.1468680857557031
13.982729,0.14821087968261232
13.983195,0.14821087968261232
13.983660,0.1475394827191577
13.984126,0.14955367360952163
13.984591,0.15207141222247655
13.985057,0.1512321660181582
13.985522,0.14955367360952163
13.985988,0.14485389486533912
13.986453,0.14048981460288396
13.986919,0.13797207598992905
13.987384,0.13679713130388343
13.987850,0.13411154345006485
13.988316,0.1284046692607004
13.988781,0.12471198596169988
13.989247,0.12336919203479056
13.989712,0.11934081025406272
13.990178,0.11380178530556191
13.990643,0.10926985580224306
13.991109,0.1054093232623789
13.991574,0.10054169527733271
13.992040,0.0946669718471046
13.992505,0.09114213778896772
13.992971,0.08845654993514916
13.993436,0.08543526359960325
13.993902,0.08274967574578469
13.994367,0.07989623865110246
13.994833,0.07536430914778362
13.995298,0.06915388723582817
13.995764,0.0639505607690547
13.996229,0.061936369878690785
13.996695,0.06025787747005417
13.997160,0.05488670176241703
13.997626,0.04750133516441596
13.998091,0.04414435034714275
13.998557,0.041794460975051496
13.999022,0.03944457160296025
13.999488,0.035919737544823374
13.999953,0.033066300450141146
14.000419,0.03205920500495917
14.000884,0.03105210955977722
14.001350,0.029877164873731592
14.001816,0.028030823224231328
14.002281,0.025345235370412753
14.002747,0.02265964751659419
14.003212,0.020645456626230255
14.003678,0.018631265735866327
14.004143,0.016617074845502403
14.004609,0.01527428091859312
14.005074,0.014435034714274816
14.005540,0.01527428091859312
14.006005,0.01527428091859312
14.006471,0.01527428091859312
14.006936,0.01326009002822919
14.007402,0.010910200656137941
14.007867,0.009063859006637675
14.008333,0.008224612802319372
14.008798,0.008224612802319372
14.009264,0.0050354772259098195
14.009729,0.00016784924086366064
14.010195,-0.003189135576409552
14.010660,-0.0055390249485008005
14.011126,-0.006546120393682764
14.011591,-0.007721065079728388
14.012057,-0.008560311284046692
14.012522,-0.009231708247501335
14.012988,-0.008224612802319372
14.013453,-0.006881818875410085
14.013919,-0.0055390249485008005
14.014384,-0.006210421911955443
14.014850,-0.008896009765774012
14.015316,-0.012252994583047227
14.015781,-0.01292439154650187
14.016247,-0.011581597619592583
14.016712,-0.009567406729228655
14.017178,-0.008224612802319372
14.017643,-0.007553215838864729
14.018109,-0.008224612802319372
14.018574,-0.008896009765774012
14.019040,-0.008728160524910353
14.019505,-0.008224612802319372
14.019971,-0.006210421911955443
14.020436,-0.004196231021591517
14.020902,-0.0015106431677729458
14.021367,-0.0015106431677729458
14.021833,-0.003860532539864194
14.022298,-0.005706874189364461
14.022764,-0.006042572671091783
14.023229,-0.0055390249485008005
14.023695,-0.005874723430228122
14.024160,-0.006042572671091783
14.024626,-0.0055390249485008005
14.025091,-0.005874723430228122
14.025557,-0.004699778744182497
14.026022,-0.0035248340581368735
14.026488,-0.003189135576409552
14.026953,-0.003356984817273213
14.027419,-0.004196231021591517
14.027884,-0.004531929503318838
14.028350,-0.0052033264667734795
14.028815,-0.006378271152819104
14.029281,-0.007385366598001068
14.029747,-0.008560311284046692
14.030212,-0.008896009765774012
14.030678,-0.009735255970092317
14.031143,-0.008896009765774012
14.031609,-0.008224612802319372
14.032074,-0.010238803692683297
14.032540,-0.011917296101319903
14.033005,-0.011917296101319903
14.033471,-0.010238803692683297
14.033936,-0.008896009765774012
14.034402,-0.009567406729228655
14.034867,-0.010238803692683297
14.035333,-0.009567406729228655
14.035798,-0.008224612802319372
14.036264,-0.006881818875410085
14.036729,-0.008224612802319372
14.037195,-0.008392462043183033
14.037660,-0.006546120393682764
14.038126,-0.004196231021591517
14.038591,-0.0028534370946822307
14.039057,-0.003189135576409552
14.039522,-0.0030212863355458916
14.039988,-0.0015106431677729458
14.040453,-0.0008392462043183033
14.040919,-0.0008392462043183033
14.041384,-0.0006713969634546426
14.041850,-0.0015106431677729458
14.042315,-0.0030212863355458916
14.042781,-0.0025177386129549098
14.043247,0.0008392462043183033
14.043712,0.003860532539864194
14.044178,0.004867627985046159
14.044643,0.004531929503318838
14.045109,0.004531929503318838
14.045574,0.0052033264667734795
14.046040,0.006546120393682764
14.046505,0.006210421911955443
14.046971,0.005874723430228122
14.047436,0.006881818875410085
14.047902,0.009231708247501335
14.048367,0.010238803692683297
14.048833,0.009063859006637675
14.049298,0.008224612802319372
14.049764,0.008560311284046692
14.050229,0.008560311284046692
14.050695,0.008560311284046692
14.051160,0.009063859006637675
14.051626,0.008896009765774012
14.052091,0.00788891432059205
14.052557,0.006210421911955443
14.053022,0.004867627985046159
14.053488,0.0050354772259098195
14.053953,0.004867627985046159
14.054419,0.0052033264667734795
14.054884,0.003189135576409552
14.055350,0.0025177386129549098
14.055815,0.0016784924086366065
14.056281,0.0005035477225909818
14.056747,0.0011749446860456242
14.057212,0.003189135576409552
14.057678,0.004531929503318838
14.058143,0.004531929503318838
14.058609,0.004196231021591517
14.059074,0.004867627985046159
14.059540,0.006546120393682764
14.060005,0.009231708247501335
14.060471,0.010574502174410621
14.060936,0.011245899137865261
14.061402,0.011917296101319903
14.061867,0.013092240787365528
14.062333,0.01292439154650187
14.062798,0.012420843823910887
14.063264,0.012420843823910887
14.063729,0.012252994583047227
14.064195,0.013931486991683832
14.064660,0.016617074845502403
14.065126,0.01594567788204776
14.065591,0.014267185473411156
14.066057,0.01359578850995651
14.066522,0.01326009002822919
14.066988,0.0157778286411841
14.067453,0.01829556725413901
14.067919,0.019974059662775615
14.068384,0.019974059662775615
14.068850,0.01896696421759365
14.069315,0.01812771801327535
14.069781,0.01695277332722972
14.070246,0.01560997940032044
14.070712,0.01326009002822919
14.071178,0.011245899137865261
14.071643,0.009231708247501335
14.072109,0.008896009765774012
14.072574,0.00788891432059205
14.073040,0.007217517357137408
14.073505,0.006042572671091783
14.073971,0.005874723430228122
14.074436,0.003860532539864194
14.074902,0.0025177386129549098
14.075367,0.001846341649500267
14.075833,0.0011749446860456242
14.076298,0.0008392462043183033
14.076764,0.0011749446860456242
14.077229,0.002014190890363927
14.077695,0.003189135576409552
14.078160,0.0050354772259098195
14.078626,0.0052033264667734795
14.079091,0.004196231021591517
14.079557,0.004531929503318838
14.080022,0.006210421911955443
14.080488,0.006881818875410085
14.080953,0.007553215838864729
14.081419,0.008560311284046692
14.081884,0.009903105210955977
14.082350,0.01326009002822919
14.082815,0.01594567788204776
14.083281,0.01594567788204776
14.083746,0.017288471808957043
14.084212,0.019974059662775615
14.084678,0.0213168535896849
14.085143,0.019638361181048294
14.085609,0.01812771801327535
14.086074,0.016617074845502403
14.086540,0.017959868772411687
14.087005,0.017792019531548024
14.087471,0.01913481345845731
14.087936,0.024338139925230793
14.088402,0.027862973983367664
14.088867,0.026352330815594724
14.089333,0.02366674296177615
14.089798,0.020813305867093918
14.090264,0.01829556725413901
14.090729,0.016617074845502403
14.091195,0.01628137636377508
14.091660,0.01527428091859312
14.092126,0.01560997940032044
14.092591,0.014602883955138474
14.093057,0.011917296101319903
14.093522,0.011078049897001601
14.093988,0.010574502174410621
14.094453,0.00788891432059205
14.094919,0.006546120393682764
14.095384,0.007217517357137408
14.095850,0.007721065079728388
14.096315,0.007721065079728388
14.096781,0.008560311284046692
14.097246,0.008224612802319372
14.097712,0.008896009765774012
14.098178,0.010238803692683297
14.098643,0.010574502174410621
14.099109,0.008392462043183033
14.099574,0.006378271152819104
14.100040,0.007385366598001068
14.100505,0.010238803692683297
14.100971,0.013931486991683832
14.101436,0.01527428091859312
14.101902,0.016617074845502403
14.102367,0.019302662699320974
14.102833,0.021988250553139542
14.103298,0.023163195239185166
14.103764,0.021652552071412222
14.104229,0.019638361181048294
14.104695,0.017288471808957043
14.105160,0.01628137636377508
14.105626,0.014938582436865796
14.106091,0.014267185473411156
14.106557,0.012588693064774548
14.107022,0.009903105210955977
14.107488,0.00788891432059205
14.107953,0.006546120393682764
14.108419,0.006210421911955443
14.108884,0.0052033264667734795
14.109350,0.0030212863355458916
14.109815,0.001846341649500267
14.110281,0.0035248340581368735
14.110746,0.0035248340581368735
14.111212,0.0008392462043183033
14.111677,-0.0006713969634546426
14.112143,-0.0003356984817273213
14.112609,0.0015106431677729458
14.113074,0.003189135576409552
14.113540,0.003860532539864194
14.114005,0.0025177386129549098
14.114471,0.0021820401312275884
14.114936,0.0030212863355458916
14.115402,0.003860532539864194
14.115867,0.003189135576409552
14.116333,0.0025177386129549098
14.116798,0.003189135576409552
14.117264,0.006546120393682764
14.117729,0.009567406729228655
14.118195,0.010574502174410621
14.118660,0.008560311284046692
14.119126,0.0052033264667734795
14.119591,0.004867627985046159
14.120057,0.006546120393682764
14.120522,0.008392462043183033
14.120988,0.008896009765774012
14.121453,0.010238803692683297
14.121919,0.009903105210955977
14.122384,0.008896009765774012
14.122850,0.009567406729228655
14.123315,0.008560311284046692
14.123781,0.008224612802319372
14.124246,0.011581597619592583
14.124712,0.012588693064774548
14.125177,0.010574502174410621
14.125643,0.008896009765774012
14.126109,0.008392462043183033
14.126574,0.009903105210955977
14.127040,0.01359578850995651
14.127505,0.01594567788204776
14.127971,0.01527428091859312
14.128436,0.013931486991683832
14.128902,0.01326009002822919
14.129367,0.01326009002822919
14.129833,0.01527428091859312
14.130298,0.016617074845502403
14.130764,0.014938582436865796
14.131229,0.010574502174410621
14.131695,0.00788891432059205
14.132160,0.007217517357137408
14.132626,0.00788891432059205
14.133091,0.008560311284046692
14.133557,0.008224612802319372
14.134022,0.006546120393682764
14.134488,0.0052033264667734795
14.134953,0.004531929503318838
14.135419,0.003860532539864194
14.135884,0.004531929503318838
14.136350,0.0052033264667734795
14.136815,0.004531929503318838
14.137281,0.0052033264667734795
14.137746,0.009063859006637675
14.138212,0.01326009002822919
14.138677,0.01527428091859312
14.139143,0.014938582436865796
14.139609,0.014938582436865796
14.140074,0.01527428091859312
14.140540,0.01527428091859312
14.141005,0.014938582436865796
14.141471,0.016617074845502403
14.141936,0.016449225604638743
14.142402,0.014602883955138474
14.142867,0.01292439154650187
14.143333,0.011917296101319903
14.143798,0.010238803692683297
14.144264,0.009231708247501335
14.144729,0.006881818875410085
14.145195,0.007217517357137408
14.145660,0.006210421911955443
14.146126,0.003860532539864194
14.146591,0.0035248340581368735
14.147057,0.006210421911955443
14.147522,0.009231708247501335
14.147988,0.009903105210955977
14.148453,0.009063859006637675
14.148919,0.010574502174410621
14.149384,0.014099336232547494
14.149850,0.01594567788204776
14.150315,0.017624170290684367
14.150781,0.01896696421759365
14.151246,0.016617074845502403
14.151712,0.014435034714274816
14.152177,0.01594567788204776
14.152643,0.01695277332722972
14.153108,0.01695277332722972
14.153574,0.015106431677729458
14.154040,0.01359578850995651
14.154505,0.014267185473411156
14.154971,0.01527428091859312
14.155436,0.014602883955138474
14.155902,0.01359578850995651
14.156367,0.01326009002822919
14.156833,0.013931486991683832
14.157298,0.013931486991683832
14.157764,0.01326009002822919
14.158229,0.01326009002822919
14.158695,0.014267185473411156
14.159160,0.01560997940032044
14.159626,0.01560997940032044
14.160091,0.014938582436865796
14.160557,0.014099336232547494
14.161022,0.014602883955138474
14.161488,0.01527428091859312
14.161953,0.017120622568093383
14.162419,0.019302662699320974
14.162884,0.020477607385366595
14.163350,0.020645456626230255
14.163815,0.020813305867093918
14.164281,0.0213168535896849
14.164746,0.022491798275730522
14.165212,0.02333104448004883
14.165677,0.022491798275730522
14.166143,0.019974059662775615
14.166608,0.017959868772411687
14.167074,0.01560997940032044
14.167540,0.014602883955138474
14.168005,0.01560997940032044
14.168471,0.014435034714274816
14.168936,0.011917296101319903
14.169402,0.010574502174410621
14.169867,0.009231708247501335
14.170333,0.007217517357137408
14.170798,0.004531929503318838
14.171264,0.0028534370946822307
14.171729,0.0028534370946822307
14.172195,0.003189135576409552
14.172660,0.004531929503318838
14.173126,0.0050354772259098195
14.173591,0.004867627985046159
14.174057,0.003860532539864194
14.174522,0.0021820401312275884
14.174988,-0.00016784924086366064
14.175453,-0.00016784924086366064
14.175919,0.0011749446860456242
14.176384,0.0011749446860456242
14.176850,0.0003356984817273213
14.177315,-0.00016784924086366064
14.177781,-0.0015106431677729458
14.178246,-0.005874723430228122
14.178712,-0.00788891432059205
14.179177,-0.007553215838864729
14.179643,-0.0052033264667734795
14.180108,-0.0015106431677729458
14.180574,0.0011749446860456242
14.181039,0.001846341649500267
14.181505,0.0030212863355458916
14.181971,0.0055390249485008005
14.182436,0.006546120393682764
14.182902,0.004531929503318838
14.183367,0.0035248340581368735
14.183833,0.006881818875410085
14.184298,0.008224612802319372
14.184764,0.008560311284046692
14.185229,0.010574502174410621
14.185695,0.011917296101319903
14.186160,0.01292439154650187
14.186626,0.012420843823910887
14.187091,0.011917296101319903
14.187557,0.012420843823910887
14.188022,0.01292439154650187
14.188488,0.01326009002822919
14.188953,0.013931486991683832
14.189419,0.01594567788204776
14.189884,0.016617074845502403
14.190350,0.012588693064774548
14.190815,0.006881818875410085
14.191281,0.0050354772259098195
14.191746,0.006546120393682764
14.192212,0.00788891432059205
14.192677,0.00788891432059205
14.193143,0.009735255970092317
14.193608,0.011581597619592583
14.194074,0.011245899137865261
14.194539,0.010574502174410621
14.195005,0.011581597619592583
14.195471,0.012588693064774548
14.195936,0.014602883955138474
14.196402,0.016449225604638743
14.196867,0.017288471808957043
14.197333,0.017959868772411687
14.197798,0.01913481345845731
14.198264,0.019974059662775615
14.198729,0.021988250553139542
14.199195,0.024338139925230793
14.199660,0.024673838406958113
14.200126,0.0260166323338674
14.200591,0.029037918669413288
14.201057,0.03138780804150454
14.201522,0.03205920500495917
14.201988,0.03172350652323186
14.202453,0.030380712596322572
14.202919,0.028030823224231328
14.203384,0.027695124742504008
14.203850,0.02937361715114061
14.204315,0.02752727550164034
14.204781,0.02652018005645838
14.205246,0.027023727779049357
14.205712,0.02668802929732204
14.206177,0.027359426260776684
14.206643,0.030045014114595252
14.207108,0.03138780804150454
14.207574,0.030045014114595252
14.208039,0.02668802929732204
14.208505,0.02333104448004883
14.208971,0.021149004348821242
14.209436,0.019974059662775615
14.209902,0.028030823224231328
14.210367,0.04548714427405204
14.210833,0.05488670176241703
14.211298,0.05354390783550774
14.211764,0.04716563668268864
14.212229,0.04414435034714275
14.212695,0.04750133516441596
14.213160,0.048844129091325246
14.213626,0.04548714427405204
14.214091,0.03961242084382391
14.214557,0.035919737544823374
14.215022,0.03121995880064088
14.215488,0.02668802929732204
14.215953,0.024505989166094453
14.216419,0.020309758144502935
14.216884,0.01359578850995651
14.217350,0.008560311284046692
14.217815,0.004531929503318838
14.218281,0.005874723430228122
14.218746,0.010574502174410621
14.219212,0.01359578850995651
14.219677,0.011245899137865261
14.220143,0.009231708247501335
14.220608,0.009567406729228655
14.221074,0.010574502174410621
14.221539,0.008896009765774012
14.222005,0.006210421911955443
14.222470,0.004196231021591517
14.222936,0.003189135576409552
14.223402,0.004196231021591517
14.223867,0.003189135576409552
14.224333,0.001846341649500267
14.224798,0.0008392462043183033
14.225264,0.00016784924086366064
14.225729,-0.0023498893720912484
14.226195,-0.006378271152819104
14.226660,-0.009231708247501335
14.227126,-0.010910200656137941
14.227591,-0.011749446860456245
14.228057,-0.01326009002822919
14.228522,-0.012588693064774548
14.228988,-0.009903105210955977
14.229453,-0.007553215838864729
14.229919,-0.008560311284046692
14.230384,-0.010910200656137941
14.230850,-0.01292439154650187
14.231315,-0.01359578850995651
14.231781,-0.014435034714274816
14.232246,-0.01628137636377508
14.232712,-0.01695277332722972
14.233177,-0.01628137636377508
14.233643,-0.017120622568093383
14.234108,-0.020309758144502935
14.234574,-0.022827496757457846
14.235039,-0.01896696421759365
14.235505,-0.01376363775082017
14.235970,-0.01326009002822919
14.236436,-0.01594567788204776
14.236902,-0.01560997940032044
14.237367,-0.01326009002822919
14.237833,-0.009903105210955977
14.238298,-0.007553215838864729
14.238764,-0.0055390249485008005
14.239229,-0.003189135576409552
14.239695,-0.0008392462043183033
14.240160,0.0015106431677729458
14.240626,0.004531929503318838
14.241091,0.006546120393682764
14.241557,0.007553215838864729
14.242022,0.008392462043183033
14.242488,0.010574502174410621
14.242953,0.010574502174410621
14.243419,0.011917296101319903
14.243884,0.01326009002822919
14.244350,0.01326009002822919
14.244815,0.012252994583047227
14.245281,0.012588693064774548
14.245746,0.014602883955138474
14.246212,0.016617074845502403
14.246677,0.01695277332722972
14.247143,0.013931486991683832
14.247608,0.011917296101319903
14.248074,0.012588693064774548
14.248539,0.014267185473411156
14.249005,0.015106431677729458
14.249470,0.014938582436865796
14.249936,0.01326009002822919
14.250402,0.009903105210955977
14.250867,0.00788891432059205
14.251333,0.009567406729228655
14.251798,0.010910200656137941
14.252264,0.010238803692683297
14.252729,0.008560311284046692
14.253195,0.009567406729228655
14.253660,0.009903105210955977
14.254126,0.006881818875410085
14.254591,0.0030212863355458916
14.255057,0.0011749446860456242
14.255522,0.0021820401312275884
14.255988,0.0055390249485008005
14.256453,0.007553215838864729
14.256919,0.00788891432059205
14.257384,0.006546120393682764
14.257850,0.009231708247501335
14.258315,0.01292439154650187
14.258781,0.016617074845502403
14.259246,0.018631265735866327
14.259712,0.020309758144502935
14.260177,0.020477607385366595
14.260643,0.018799114976729987
14.261108,0.017959868772411687
14.261574,0.017120622568093383
14.262039,0.016617074845502403
14.262505,0.01628137636377508
14.262970,0.014938582436865796
14.263436,0.01359578850995651
14.263901,0.014602883955138474
14.264367,0.01628137636377508
14.264833,0.017288471808957043
14.265298,0.016617074845502403
14.265764,0.015442130159456776
14.266229,0.014602883955138474
14.266695,0.014602883955138474
14.267160,0.014938582436865796
14.267626,0.01560997940032044
14.268091,0.017120622568093383
14.268557,0.016617074845502403
14.269022,0.014770733196002136
14.269488,0.011245899137865261
14.269953,0.009231708247501335
14.270419,0.008896009765774012
14.270884,0.010910200656137941
14.271350,0.010574502174410621
14.271815,0.006546120393682764
14.272281,0.0050354772259098195
14.272746,0.0055390249485008005
14.273212,0.006881818875410085
14.273677,0.00788891432059205
14.274143,0.00788891432059205
14.274608,0.006881818875410085
14.275074,0.004531929503318838
14.275539,0.001846341649500267
14.276005,0.0008392462043183033
14.276470,0.0008392462043183033
14.276936,-0.0006713969634546426
14.277401,-0.0008392462043183033
14.277867,0.001846341649500267
14.278333,0.004531929503318838
14.278798,0.006881818875410085
14.279264,0.008392462043183033
14.279729,0.010742351415274281
14.280195,0.01292439154650187
14.280660,0.016617074845502403
14.281126,0.019638361181048294
14.281591,0.022323949034866862
14.282057,0.024338139925230793
14.282522,0.026352330815594724
14.282988,0.02668802929732204
14.283453,0.02719157701991302
14.283919,0.028702220187685965
14.284384,0.02937361715114061
14.284850,0.02937361715114061
14.285315,0.030716411078049892
14.285781,0.03407339589532311
14.286246,0.036423285267414354
14.286712,0.03675898374914168
14.287177,0.035919737544823374
14.287643,0.03508049134050507
14.288108,0.03558403906309605
14.288574,0.03474479285877775
14.289039,0.033066300450141146
14.289505,0.02937361715114061
14.289970,0.026352330815594724
14.290436,0.025345235370412753
14.290901,0.02400244144350347
14.291367,0.020309758144502935
14.291833,0.018631265735866327
14.292298,0.01829556725413901
14.292764,0.017959868772411687
14.293229,0.01560997940032044
14.293695,0.01359578850995651
14.294160,0.010910200656137941
14.294626,0.008896009765774012
14.295091,0.008224612802319372
14.295557,0.006546120393682764
14.296022,0.006210421911955443
14.296488,0.006546120393682764
14.296953,0.007217517357137408
14.297419,0.009231708247501335
14.297884,0.011917296101319903
14.298350,0.01359578850995651
14.298815,0.01292439154650187
14.299281,0.013931486991683832
14.299746,0.01695277332722972
14.300212,0.017288471808957043
14.300677,0.01594567788204776
14.301143,0.014938582436865796
14.301608,0.014267185473411156
14.302074,0.013931486991683832
14.302539,0.01527428091859312
14.303005,0.015106431677729458
14.303470,0.013931486991683832
14.303936,0.011749446860456245
14.304401,0.009231708247501335
14.304867,0.008560311284046692
14.305332,0.008560311284046692
14.305798,0.0055390249485008005
14.306264,0.003189135576409552
14.306729,0.0021820401312275884
14.307195,-0.0016784924086366065
14.307660,-0.0055390249485008005
14.308126,-0.006210421911955443
14.308591,-0.007553215838864729
14.309057,-0.009231708247501335
14.309522,-0.009903105210955977
14.309988,-0.009567406729228655
14.310453,-0.008896009765774012
14.310919,-0.007049668116273747
14.311384,-0.0055390249485008005
14.311850,-0.004867627985046159
14.312315,-0.004196231021591517
14.312781,-0.003189135576409552
14.313246,-0.0023498893720912484
14.313712,0.0003356984817273213
14.314177,0.0025177386129549098
14.314643,0.001846341649500267
14.315108,0.0016784924086366065
14.315574,-0.0003356984817273213
14.316039,-0.006881818875410085
14.316505,-0.011917296101319903
14.316970,-0.012252994583047227
14.317436,-0.009063859006637675
14.317901,-0.005874723430228122
14.318367,-0.0023498893720912484
14.318832,0.0003356984817273213
14.319298,0.0021820401312275884
14.319764,0.004531929503318838
14.320229,0.00788891432059205
14.320695,0.011917296101319903
14.321160,0.014938582436865796
14.321626,0.01560997940032044
14.322091,0.014435034714274816
14.322557,0.010910200656137941
14.323022,0.008896009765774012
14.323488,0.010574502174410621
14.323953,0.014602883955138474
14.324419,0.017288471808957043
14.324884,0.017288471808957043
14.325350,0.016617074845502403
14.325815,0.014267185473411156
14.326281,0.010910200656137941
14.326746,0.009735255970092317
14.327212,0.01359578850995651
14.327677,0.019302662699320974
14.328143,0.022323949034866862
14.328608,0.0213168535896849
14.329074,0.018631265735866327
14.329539,0.017288471808957043
14.330005,0.017959868772411687
14.330470,0.017959868772411687
14.330936,0.017456321049820707
14.331401,0.019638361181048294
14.331867,0.019974059662775615
14.332332,0.017624170290684367
14.332798,0.01560997940032044
14.333264,0.01292439154650187
14.333729,0.010574502174410621
14.334195,0.011749446860456245
14.334660,0.011245899137865261
14.335126,0.009903105210955977
14.335591,0.010238803692683297
14.336057,0.011749446860456245
14.336522,0.01326009002822919
14.336988,0.015106431677729458
14.337453,0.014602883955138474
14.337919,0.011581597619592583
14.338384,0.008560311284046692
14.338850,0.0055390249485008005
14.339315,0.004531929503318838
14.339781,0.006546120393682764
14.340246,0.010574502174410621
14.340712,0.01376363775082017
14.341177,0.01292439154650187
14.341643,0.011917296101319903
14.342108,0.011749446860456245
14.342574,0.01292439154650187
14.343039,0.0157778286411841
14.343505,0.017288471808957043
14.343970,0.01896696421759365
14.344436,0.021988250553139542
14.344901,0.024673838406958113
14.345367,0.025345235370412753
14.345832,0.024673838406958113
14.346298,0.02366674296177615
14.346763,0.02366674296177615
14.347229,0.023834592202639806
14.347695,0.025680933852140077
14.348160,0.02853437094682231
14.348626,0.027023727779049357
14.349091,0.0260166323338674
14.349557,0.02400244144350347
14.350022,0.024841687647821773
14.350488,0.027359426260776684
14.350953,0.028702220187685965
14.351419,0.028030823224231328
14.351884,0.024338139925230793
14.352350,0.021149004348821242
14.352815,0.019638361181048294
14.353281,0.01829556725413901
14.353746,0.01628137636377508
14.354212,0.01560997940032044
14.354677,0.016617074845502403
14.355143,0.017959868772411687
14.355608,0.017959868772411687
14.356074,0.01594567788204776
14.356539,0.017959868772411687
14.357005,0.023163195239185166
14.357470,0.025345235370412753
14.357936,0.023834592202639806
14.358401,0.021988250553139542
14.358867,0.021988250553139542
14.359332,0.02265964751659419
14.359798,0.025009536888685433
14.360263,0.027023727779049357
14.360729,0.027695124742504008
14.361195,0.027023727779049357
14.361660,0.025345235370412753
14.362126,0.024673838406958113
14.362591,0.026352330815594724
14.363057,0.025177386129549097
14.363522,0.022323949034866862
14.363988,0.0213168535896849
14.364453,0.026352330815594724
14.364919,0.030380712596322572
14.365384,0.029709315632867935
14.365850,0.027695124742504008
14.366315,0.0260166323338674
14.366781,0.02400244144350347
14.367246,0.019806210421911954
14.367712,0.01560997940032044
14.368177,0.01628137636377508
14.368643,0.019806210421911954
14.369108,0.022323949034866862
14.369574,0.02265964751659419
14.370039,0.01896696421759365
14.370505,0.016617074845502403
14.370970,0.019974059662775615
14.371436,0.026352330815594724
14.371901,0.029205767910276948
14.372367,0.02668802929732204
14.372832,0.02366674296177615
14.373298,0.019974059662775615
14.373763,0.01560997940032044
14.374229,0.011245899137865261
14.374695,0.006546120393682764
14.375160,0.0023498893720912484
14.375626,-0.0008392462043183033
14.376091,-0.0015106431677729458
14.376557,-0.0015106431677729458
14.377022,-0.0008392462043183033
14.377488,-0.0005035477225909818
14.377953,-0.0021820401312275884
14.378419,-0.004196231021591517
14.378884,-0.0055390249485008005
14.379350,-0.007217517357137408
14.379815,-0.009231708247501335
14.380281,-0.009567406729228655
14.380746,-0.008896009765774012
14.381212,-0.006881818875410085
14.381677,-0.005874723430228122
14.382143,-0.006210421911955443
14.382608,-0.004867627985046159
14.383074,-0.0035248340581368735
14.383539,-0.0025177386129549098
14.384005,-0.0016784924086366065
14.384470,-0.00016784924086366064
14.384936,0.00016784924086366064
14.385401,-0.00016784924086366064
14.385867,0.00016784924086366064
14.386332,0.001846341649500267
14.386798,0.0025177386129549098
14.387263,0.0023498893720912484
14.387729,0.0011749446860456242
14.388194,0.0008392462043183033
14.388660,-0.00016784924086366064
14.389126,-0.0008392462043183033
14.389591,0.0011749446860456242
14.390057,0.004196231021591517
14.390522,0.0055390249485008005
14.390988,0.006546120393682764
14.391453,0.007721065079728388
14.391919,0.007217517357137408
14.392384,0.0052033264667734795
14.392850,0.005874723430228122
14.393315,0.009231708247501335
14.393781,0.010574502174410621
14.394246,0.009231708247501335
14.394712,0.00788891432059205
14.395177,0.007217517357137408
14.395643,0.008560311284046692
14.396108,0.009567406729228655
14.396574,0.007721065079728388
14.397039,0.006210421911955443
14.397505,0.007721065079728388
14.397970,0.010574502174410621
14.398436,0.009903105210955977
14.398901,0.008560311284046692
14.399367,0.008560311284046692
14.399832,0.010070954451819639
14.400298,0.01326009002822919
14.400763,0.014267185473411156
14.401229,0.012420843823910887
14.401694,0.012588693064774548
14.402160,0.014602883955138474
14.402626,0.01594567788204776
14.403091,0.01695277332722972
14.403557,0.01594567788204776
14.404022,0.01376363775082017
14.404488,0.012588693064774548
14.404953,0.011245899137865261
14.405419,0.011917296101319903
14.405884,0.01359578850995651
14.406350,0.01527428091859312
14.406815,0.016449225604638743
14.407281,0.01594567788204776
14.407746,0.0157778286411841
14.408212,0.01594567788204776
14.408677,0.01695277332722972
14.409143,0.018631265735866327
14.409608,0.019302662699320974
14.410074,0.01829556725413901
14.410539,0.016449225604638743
14.411005,0.01594567788204776
14.411470,0.014602883955138474
14.411936,0.012252994583047227
14.412401,0.011581597619592583
14.412867,0.011749446860456245
14.413332,0.010238803692683297
14.413798,0.008560311284046692
14.414263,0.008896009765774012
14.414729,0.010574502174410621
14.415194,0.01326009002822919
14.415660,0.014938582436865796
14.416126,0.012252994583047227
14.416591,0.008560311284046692
14.417057,0.008896009765774012
14.417522,0.009903105210955977
14.417988,0.009903105210955977
14.418453,0.009231708247501335
14.418919,0.008896009765774012
14.419384,0.009903105210955977
14.419850,0.010574502174410621
14.420315,0.010910200656137941
14.420781,0.012588693064774548
14.421246,0.01376363775082017
14.421712,0.014602883955138474
14.422177,0.01359578850995651
14.422643,0.012588693064774548
14.423108,0.012588693064774548
14.423574,0.011245899137865261
14.424039,0.011917296101319903
14.424505,0.01292439154650187
14.424970,0.01326009002822919
14.425436,0.011917296101319903
14.425901,0.010070954451819639
14.426367,0.008560311284046692
14.426832,0.010406652933546959
14.427298,0.010238803692683297
14.427763,0.00788891432059205
14.428229,0.007049668116273747
14.428694,0.008224612802319372
14.429160,0.009903105210955977
14.429625,0.010910200656137941
14.430091,0.009735255970092317
14.430557,0.008560311284046692
14.431022,0.009567406729228655
14.431488,0.010574502174410621
14.431953,0.010574502174410621
14.432419,0.009231708247501335
14.432884,0.0055390249485008005
14.433350,0.003189135576409552
14.433815,0.001846341649500267
14.434281,0.0025177386129549098
14.434746,0.0028534370946822307
14.435212,0.001846341649500267
14.435677,-0.001846341649500267
14.436143,-0.004867627985046159
14.436608,-0.004867627985046159
14.437074,-0.004196231021591517
14.437539,-0.001846341649500267
14.438005,0.0015106431677729458
14.438470,0.004364080262455177
14.438936,0.007217517357137408
14.439401,0.009063859006637675
14.439867,0.010238803692683297
14.440332,0.011581597619592583
14.440798,0.013092240787365528
14.441263,0.014099336232547494
14.441729,0.014267185473411156
14.442194,0.016617074845502403
14.442660,0.019302662699320974
14.443125,0.021652552071412222
14.443591,0.02265964751659419
14.444057,0.021988250553139542
14.444522,0.019974059662775615
14.444988,0.019974059662775615
14.445453,0.020141908903639278
14.445919,0.019470511940184634
14.446384,0.017959868772411687
14.446850,0.017120622568093383
14.447315,0.019302662699320974
14.447781,0.019974059662775615
14.448246,0.019638361181048294
14.448712,0.017959868772411687
14.449177,0.01594567788204776
14.449643,0.01527428091859312
14.450108,0.01628137636377508
14.450574,0.01560997940032044
14.451039,0.01594567788204776
14.451505,0.01594567788204776
14.451970,0.016617074845502403
14.452436,0.016617074845502403
14.452901,0.01527428091859312
14.453367,0.011917296101319903
14.453832,0.010070954451819639
14.454298,0.011581597619592583
14.454763,0.012588693064774548
14.455229,0.011917296101319903
14.455694,0.008896009765774012
14.456160,0.006546120393682764
14.456625,0.006881818875410085
14.457091,0.009903105210955977
14.457557,0.01292439154650187
14.458022,0.014938582436865796
14.458488,0.017288471808957043
14.458953,0.018631265735866327
14.459419,0.017959868772411687
14.459884,0.01527428091859312
14.460350,0.014602883955138474
14.460815,0.014938582436865796
14.461281,0.016617074845502403
14.461746,0.01829556725413901
14.462212,0.019974059662775615
14.462677,0.02265964751659419
14.463143,0.023834592202639806
14.463608,0.02333104448004883
14.464074,0.024338139925230793
14.464539,0.025345235370412753
14.465005,0.025009536888685433
14.465470,0.024338139925230793
14.465936,0.023834592202639806
14.466401,0.025009536888685433
14.466867,0.025513084611276417
14.467332,0.024338139925230793
14.467798,0.024338139925230793
14.468263,0.021988250553139542
14.468729,0.019974059662775615
14.469194,0.01896696421759365
14.469660,0.019638361181048294
14.470125,0.016784924086366067
14.470591,0.014267185473411156
14.471056,0.01560997940032044
14.471522,0.017288471808957043
14.471988,0.01527428091859312
14.472453,0.012420843823910887
14.472919,0.010574502174410621
14.473384,0.009063859006637675
14.473850,0.006546120393682764
14.474315,0.0028534370946822307
14.474781,0.0011749446860456242
14.475246,0.0025177386129549098
14.475712,0.0016784924086366065
14.476177,-0.0008392462043183033
14.476643,-0.00016784924086366064
14.477108,0.0016784924086366065
14.477574,0.0015106431677729458
14.478039,0.004531929503318838
14.478505,0.005874723430228122
14.478970,0.004867627985046159
14.479436,0.004364080262455177
14.479901,0.006546120393682764
14.480367,0.006210421911955443
14.480832,0.004867627985046159
14.481298,0.003189135576409552
14.481763,0.0021820401312275884
14.482229,0.001846341649500267
14.482694,0.0025177386129549098
14.483160,0.003860532539864194
14.483625,0.006210421911955443
14.484091,0.009903105210955977
14.484556,0.01527428091859312
14.485022,0.020981155107957578
14.485488,0.021988250553139542
14.485953,0.020645456626230255
14.486419,0.020141908903639278
14.486884,0.01896696421759365
14.487350,0.016449225604638743
14.487815,0.01292439154650187
14.488281,0.013092240787365528
14.488746,0.01326009002822919
14.489212,0.012252994583047227
14.489677,0.010574502174410621
14.490143,0.009231708247501335
14.490608,0.008392462043183033
14.491074,0.00788891432059205
14.491539,0.008896009765774012
14.492005,0.007217517357137408
14.492470,0.005874723430228122
14.492936,0.005874723430228122
14.493401,0.004867627985046159
14.493867,0.0025177386129549098
14.494332,0.0011749446860456242
14.494798,0.0005035477225909818
14.495263,0.0005035477225909818
14.495729,0.0003356984817273213
14.496194,0.001846341649500267
14.496660,0.0028534370946822307
14.497125,0.004531929503318838
14.497591,0.0055390249485008005
14.498056,0.007217517357137408
14.498522,0.010238803692683297
14.498988,0.010238803692683297
14.499453,0.00788891432059205
14.499919,0.006378271152819104
14.500384,0.00788891432059205
14.500850,0.009903105210955977
14.501315,0.010574502174410621
14.501781,0.008896009765774012
14.502246,0.008224612802319372
14.502712,0.008896009765774012
14.503177,0.011245899137865261
14.503643,0.014602883955138474
14.504108,0.017120622568093383
14.504574,0.016617074845502403
14.505039,0.014435034714274816
14.505505,0.01326009002822919
14.505970,0.01527428091859312
14.506436,0.016449225604638743
14.506901,0.016617074845502403
14.507367,0.017288471808957043
14.507832,0.01846341649500267
14.508298,0.01829556725413901
14.508763,0.017288471808957043
14.509229,0.015442130159456776
14.509694,0.01326009002822919
14.510160,0.011917296101319903
14.510625,0.009735255970092317
14.511091,0.010574502174410621
14.511556,0.012588693064774548
14.512022,0.012588693064774548
14.512487,0.009567406729228655
14.512953,0.00788891432059205
14.513419,0.007553215838864729
14.513884,0.006546120393682764
14.514350,0.006546120393682764
14.514815,0.006546120393682764
14.515281,0.006881818875410085
14.515746,0.006881818875410085
14.516212,0.007217517357137408
14.516677,0.007553215838864729
14.517143,0.008560311284046692
14.517608,0.010238803692683297
14.518074,0.011245899137865261
14.518539,0.010406652933546959
14.519005,0.007217517357137408
14.519470,0.006210421911955443
14.519936,0.006546120393682764
14.520401,0.006546120393682764
14.520867,0.0052033264667734795
14.521332,0.005874723430228122
14.521798,0.007217517357137408
14.522263,0.009231708247501335
14.522729,0.011245899137865261
14.523194,0.014267185473411156
14.523660,0.017624170290684367
14.524125,0.01829556725413901
14.524591,0.01829556725413901
14.525056,0.019974059662775615
14.525522,0.021652552071412222
14.525987,0.019974059662775615
14.526453,0.01560997940032044
14.526919,0.01292439154650187
14.527384,0.01326009002822919
14.527850,0.014602883955138474
14.528315,0.011245899137865261
14.528781,0.007553215838864729
14.529246,0.007217517357137408
14.529712,0.009231708247501335
14.530177,0.011749446860456245
14.530643,0.011581597619592583
14.531108,0.011245899137865261
14.531574,0.009231708247501335
14.532039,0.00788891432059205
14.532505,0.010238803692683297
14.532970,0.013092240787365528
14.533436,0.012588693064774548
14.533901,0.010910200656137941
14.534367,0.011917296101319903
14.534832,0.014267185473411156
14.535298,0.014435034714274816
14.535763,0.01326009002822919
14.536229,0.01292439154650187
14.536694,0.011917296101319903
14.537160,0.009231708247501335
14.537625,0.007217517357137408
14.538091,0.007049668116273747
14.538556,0.008896009765774012
14.539022,0.010070954451819639
14.539487,0.009903105210955977
14.539953,0.009735255970092317
14.540418,0.010574502174410621
14.540884,0.012588693064774548
14.541350,0.01326009002822919
14.541815,0.010742351415274281
14.542281,0.010238803692683297
14.542746,0.012588693064774548
14.543212,0.012756542305638208
14.543677,0.011917296101319903
14.544143,0.011245899137865261
14.544608,0.010574502174410621
14.545074,0.010574502174410621
14.545539,0.011917296101319903
14.546005,0.011917296101319903
14.546470,0.010574502174410621
14.546936,0.009231708247501335
14.547401,0.010238803692683297
14.547867,0.009567406729228655
14.548332,0.008224612802319372
14.548798,0.006546120393682764
14.549263,0.0055390249485008005
14.549729,0.0050354772259098195
14.550194,0.007217517357137408
14.550660,0.008560311284046692
14.551125,0.007217517357137408
14.551591,0.005706874189364461
14.552056,0.006210421911955443
14.552522,0.004867627985046159
14.552987,0.0011749446860456242
14.553453,-0.0008392462043183033
14.553918,-0.0005035477225909818
14.554384,0.0015106431677729458
14.554850,0.004531929503318838
14.555315,0.006210421911955443
14.555781,0.006546120393682764
14.556246,0.00788891432059205
14.556712,0.008224612802319372
14.557177,0.008560311284046692
14.557643,0.008224612802319372
14.558108,0.008896009765774012
14.558574,0.011917296101319903
14.559039,0.01628137636377508
14.559505,0.019638361181048294
14.559970,0.020645456626230255
14.560436,0.020981155107957578
14.560901,0.020645456626230255
14.561367,0.022323949034866862
14.561832,0.024505989166094453
14.562298,0.025345235370412753
14.562763,0.025009536888685433
14.563229,0.025009536888685433
14.563694,0.025680933852140077
14.564160,0.025177386129549097
14.564625,0.02265964751659419
14.565091,0.0213168535896849
14.565556,0.020645456626230255
14.566022,0.020645456626230255
14.566487,0.019302662699320974
14.566953,0.016617074845502403
14.567418,0.01594567788204776
14.567884,0.01628137636377508
14.568350,0.01594567788204776
14.568815,0.01527428091859312
14.569281,0.014602883955138474
14.569746,0.01326009002822919
14.570212,0.011917296101319903
14.570677,0.010574502174410621
14.571143,0.010238803692683297
14.571608,0.010574502174410621
14.572074,0.010574502174410621
14.572539,0.009231708247501335
14.573005,0.008896009765774012
14.573470,0.007217517357137408
14.573936,0.00788891432059205
14.574401,0.009735255970092317
14.574867,0.007721065079728388
14.575332,0.004531929503318838
14.575798,0.003860532539864194
14.576263,0.0052033264667734795
14.576729,0.006546120393682764
14.577194,0.0035248340581368735
14.577660,0.0003356984817273213
14.578125,0.0010070954451819635
14.578591,0.0050354772259098195
14.579056,0.00788891432059205
14.579522,0.009567406729228655
14.579987,0.011917296101319903
14.580453,0.01292439154650187
14.580918,0.01292439154650187
14.581384,0.01292439154650187
14.581849,0.012252994583047227
14.582315,0.012756542305638208
14.582781,0.015442130159456776
14.583246,0.016617074845502403
14.583712,0.014099336232547494
14.584177,0.010574502174410621
14.584643,0.010910200656137941
14.585108,0.014435034714274816
14.585574,0.01695277332722972
14.586039,0.018631265735866327
14.586505,0.017959868772411687
14.586970,0.01695277332722972
14.587436,0.014602883955138474
14.587901,0.011917296101319903
14.588367,0.010574502174410621
14.588832,0.010238803692683297
14.589298,0.009231708247501335
14.589763,0.00788891432059205
14.590229,0.008560311284046692
14.590694,0.009735255970092317
14.591160,0.010406652933546959
14.591625,0.00788891432059205
14.592091,0.005874723430228122
14.592556,0.0055390249485008005
14.593022,0.006210421911955443
14.593487,0.007553215838864729
14.593953,0.008560311284046692
14.594418,0.006881818875410085
14.594884,0.0052033264667734795
14.595349,0.007217517357137408
14.595815,0.010574502174410621
14.596281,0.013092240787365528
14.596746,0.012252994583047227
14.597212,0.011917296101319903
14.597677,0.01326009002822919
14.598143,0.01359578850995651
14.598608,0.013931486991683832
14.599074,0.01292439154650187
14.599539,0.01326009002822919
14.600005,0.014435034714274816
14.600470,0.01527428091859312
14.600936,0.015442130159456776
14.601401,0.01560997940032044
14.601867,0.01527428091859312
14.602332,0.01594567788204776
14.602798,0.016449225604638743
14.603263,0.016617074845502403
14.603729,0.016784924086366067
14.604194,0.016449225604638743
14.604660,0.01594567788204776
14.605125,0.01695277332722972
14.605591,0.017120622568093383
14.606056,0.01527428091859312
14.606522,0.014602883955138474
14.606987,0.014435034714274816
14.607453,0.01326009002822919
14.607918,0.012588693064774548
14.608384,0.010574502174410621
14.608849,0.009903105210955977
14.609315,0.010574502174410621
14.609781,0.011749446860456245
14.610246,0.011917296101319903
14.610712,0.012420843823910887
14.611177,0.01292439154650187
14.611643,0.011917296101319903
14.612108,0.008896009765774012
14.612574,0.004867627985046159
14.613039,0.0025177386129549098
14.613505,0.001846341649500267
14.613970,0.0025177386129549098
14.614436,0.0035248340581368735
14.614901,0.0035248340581368735
14.615367,0.0025177386129549098
14.615832,0.003860532539864194
14.616298,0.007553215838864729
14.616763,0.009903105210955977
14.617229,0.009231708247501335
14.617694,0.007553215838864729
14.618160,0.00788891432059205
14.618625,0.008896009765774012
14.619091,0.010238803692683297
14.619556,0.011917296101319903
14.620022,0.012588693064774548
14.620487,0.011245899137865261
14.620953,0.009063859006637675
14.621418,0.008560311284046692
14.621884,0.010574502174410621
14.622349,0.01326009002822919
14.622815,0.01560997940032044
14.623280,0.017792019531548024
14.623746,0.018631265735866327
14.624212,0.017792019531548024
14.624677,0.017288471808957043
14.625143,0.01896696421759365
14.625608,0.019302662699320974
14.626074,0.016617074845502403
14.626539,0.014435034714274816
14.627005,0.014602883955138474
14.627470,0.016449225604638743
14.627936,0.014602883955138474
14.628401,0.011245899137865261
14.628867,0.010910200656137941
14.629332,0.011917296101319903
14.629798,0.010238803692683297
14.630263,0.007553215838864729
14.630729,0.008392462043183033
14.631194,0.009903105210955977
14.631660,0.009903105210955977
14.632125,0.009231708247501335
14.632591,0.008560311284046692
14.633056,0.008896009765774012
14.633522,0.008224612802319372
14.633987,0.00788891432059205
14.634453,0.008896009765774012
14.634918,0.007217517357137408
14.635384,0.004531929503318838
14.635849,0.003189135576409552
14.636315,0.003189135576409552
14.636780,0.004364080262455177
14.637246,0.006546120393682764
14.637712,0.009903105210955977
14.638177,0.013931486991683832
14.638643,0.014602883955138474
14.639108,0.011917296101319903
14.639574,0.009903105210955977
14.640039,0.009735255970092317
14.640505,0.011749446860456245
14.640970,0.01359578850995651
14.641436,0.01359578850995651
14.641901,0.014602883955138474
14.642367,0.01829556725413901
14.642832,0.019302662699320974
14.643298,0.01829556725413901
14.643763,0.016449225604638743
14.644229,0.01594567788204776
14.644694,0.017624170290684367
14.645160,0.01846341649500267
14.645625,0.016617074845502403
14.646091,0.014267185473411156
14.646556,0.011749446860456245
14.647022,0.011078049897001601
14.647487,0.012588693064774548
14.647953,0.013092240787365528
14.648418,0.011749446860456245
14.648884,0.010070954451819639
14.649349,0.009567406729228655
14.649815,0.010574502174410621
14.650280,0.010574502174410621
14.650746,0.008392462043183033
14.651212,0.008560311284046692
14.651677,0.010238803692683297
14.652143,0.009231708247501335
14.652608,0.007049668116273747
14.653074,0.007217517357137408
14.653539,0.009567406729228655
14.654005,0.009903105210955977
14.654470,0.008560311284046692
14.654936,0.006546120393682764
14.655401,0.007217517357137408
14.655867,0.009231708247501335
14.656332,0.011581597619592583
14.656798,0.011581597619592583
14.657263,0.011917296101319903
14.657729,0.01359578850995651
14.658194,0.014602883955138474
14.658660,0.012588693064774548
14.659125,0.011917296101319903
14.659591,0.012756542305638208
14.660056,0.012420843823910887
14.660522,0.011749446860456245
14.660987,0.01292439154650187
14.661453,0.014267185473411156
14.661918,0.013931486991683832
14.662384,0.01359578850995651
14.662849,0.014267185473411156
14.663315,0.014435034714274816
14.663780,0.014602883955138474
14.664246,0.015442130159456776
14.664711,0.016449225604638743
14.665177,0.015106431677729458
14.665643,0.014267185473411156
14.666108,0.014099336232547494
14.666574,0.01326009002822919
14.667039,0.012252994583047227
14.667505,0.010574502174410621
14.667970,0.009567406729228655
14.668436,0.008560311284046692
14.668901,0.009567406729228655
14.669367,0.009567406729228655
14.669832,0.008392462043183033
14.670298,0.009063859006637675
14.670763,0.008560311284046692
14.671229,0.006546120393682764
14.671694,0.006378271152819104
14.672160,0.006713969634546426
14.672625,0.007217517357137408
14.673091,0.004867627985046159
14.673556,0.0021820401312275884
14.674022,0.002014190890363927
14.674487,0.0030212863355458916
14.674953,0.005874723430228122
14.675418,0.009735255970092317
14.675884,0.009903105210955977
14.676349,0.009231708247501335
14.676815,0.009735255970092317
14.677280,0.011245899137865261
14.677746,0.012252994583047227
14.678211,0.011917296101319903
14.678677,0.011581597619592583
14.679143,0.012252994583047227
14.679608,0.01359578850995651
14.680074,0.014602883955138474
14.680539,0.01594567788204776
14.681005,0.01695277332722972
14.681470,0.017288471808957043
14.681936,0.019974059662775615
14.682401,0.020309758144502935
14.682867,0.019302662699320974
14.683332,0.01829556725413901
14.683798,0.01695277332722972
14.684263,0.016617074845502403
14.684729,0.017288471808957043
14.685194,0.017288471808957043
14.685660,0.01695277332722972
14.686125,0.016617074845502403
14.686591,0.01628137636377508
14.687056,0.01527428091859312
14.687522,0.014938582436865796
14.687987,0.01326009002822919
14.688453,0.010574502174410621
14.688918,0.010238803692683297
14.689384,0.01292439154650187
14.689849,0.01326009002822919
14.690315,0.008560311284046692
14.690780,0.006881818875410085
14.691246,0.009903105210955977
14.691711,0.01292439154650187
14.692177,0.012588693064774548
14.692643,0.009903105210955977
14.693108,0.008896009765774012
14.693574,0.008896009765774012
14.694039,0.008560311284046692
14.694505,0.00788891432059205
14.694970,0.009231708247501335
14.695436,0.011581597619592583
14.695901,0.011917296101319903
14.696367,0.009231708247501335
14.696832,0.00788891432059205
14.697298,0.008560311284046692
14.697763,0.01292439154650187
14.698229,0.017120622568093383
14.698694,0.017120622568093383
14.699160,0.01594567788204776
14.699625,0.017288471808957043
14.700091,0.017288471808957043
14.700556,0.01594567788204776
14.701022,0.013931486991683832
14.701487,0.011749446860456245
14.701953,0.012588693064774548
14.702418,0.01527428091859312
14.702884,0.017288471808957043
14.703349,0.016617074845502403
14.703815,0.014602883955138474
14.704280,0.014267185473411156
14.704746,0.014602883955138474
14.705211,0.014435034714274816
14.705677,0.013931486991683832
14.706142,0.013931486991683832
14.706608,0.010574502174410621
14.707074,0.008392462043183033
14.707539,0.007553215838864729
14.708005,0.006881818875410085
14.708470,0.005706874189364461
14.708936,0.004196231021591517
14.709401,0.0035248340581368735
14.709867,0.006546120393682764
14.710332,0.009903105210955977
14.710798,0.009567406729228655
14.711263,0.008896009765774012
14.711729,0.010910200656137941
14.712194,0.011917296101319903
14.712660,0.011917296101319903
14.713125,0.011245899137865261
14.713591,0.009567406729228655
14.714056,0.00788891432059205
14.714522,0.008560311284046692
14.714987,0.009903105210955977
14.715453,0.010574502174410621
14.715918,0.01292439154650187
14.716384,0.014099336232547494
14.716849,0.012588693064774548
14.717315,0.011245899137865261
14.717780,0.012252994583047227
14.718246,0.014099336232547494
14.718711,0.014602883955138474
14.719177,0.014938582436865796
14.719642,0.01560997940032044
14.720108,0.014770733196002136
14.720574,0.01292439154650187
14.721039,0.01326009002822919
14.721505,0.013931486991683832
14.721970,0.014602883955138474
14.722436,0.017288471808957043
14.722901,0.018631265735866327
14.723367,0.017792019531548024
14.723832,0.01560997940032044
14.724298,0.01359578850995651
14.724763,0.011245899137865261
14.725229,0.009231708247501335
14.725694,0.007217517357137408
14.726160,0.006881818875410085
14.726625,0.006881818875410085
14.727091,0.007721065079728388
14.727556,0.007553215838864729
14.728022,0.005706874189364461
14.728487,0.004867627985046159
14.728953,0.006210421911955443
14.729418,0.006881818875410085
14.729884,0.006210421911955443
14.730349,0.0055390249485008005
14.730815,0.005874723430228122
14.731280,0.00788891432059205
14.731746,0.007553215838864729
14.732211,0.0052033264667734795
14.732677,0.0028534370946822307
14.733142,0.0015106431677729458
14.733608,0.0025177386129549098
14.734074,0.004196231021591517
14.734539,0.004867627985046159
14.735005,0.0055390249485008005
14.735470,0.007721065079728388
14.735936,0.008392462043183033
14.736401,0.008560311284046692
14.736867,0.00788891432059205
14.737332,0.009735255970092317
14.737798,0.01292439154650187
14.738263,0.014267185473411156
14.738729,0.014267185473411156
14.739194,0.01359578850995651
14.739660,0.012588693064774548
14.740125,0.011581597619592583
14.740591,0.01292439154650187
14.741056,0.01560997940032044
14.741522,0.018631265735866327
14.741987,0.018631265735866327
14.742453,0.01829556725413901
14.742918,0.018631265735866327
14.743384,0.01829556725413901
14.743849,0.01829556725413901
14.744315,0.017288471808957043
14.744780,0.016617074845502403
14.745246,0.014938582436865796
14.745711,0.014267185473411156
14.746177,0.014602883955138474
14.746642,0.014099336232547494
14.747108,0.01326009002822919
14.747573,0.01326009002822919
14.748039,0.01359578850995651
14.748505,0.013931486991683832
14.748970,0.013931486991683832
14.749436,0.01326009002822919
14.749901,0.011581597619592583
14.750367,0.011749446860456245
14.750832,0.011078049897001601
14.751298,0.011917296101319903
14.751763,0.01326009002822919
14.752229,0.011917296101319903
14.752694,0.010238803692683297
14.753160,0.009903105210955977
14.753625,0.009903105210955977
14.754091,0.012252994583047227
14.754556,0.013092240787365528
14.755022,0.01326009002822919
14.755487,0.014602883955138474
14.755953,0.01527428091859312
14.756418,0.0157778286411841
14.756884,0.01594567788204776
14.757349,0.01695277332722972
14.757815,0.01896696421759365
14.758280,0.021652552071412222
14.758746,0.022323949034866862
14.759211,0.020645456626230255
14.759677,0.020645456626230255
14.760142,0.0213168535896849
14.760608,0.021149004348821242
14.761073,0.019974059662775615
14.761539,0.01896696421759365
14.762005,0.017792019531548024
14.762470,0.017624170290684367
14.762936,0.017959868772411687
14.763401,0.017624170290684367
14.763867,0.017288471808957043
14.764332,0.018631265735866327
14.764798,0.019974059662775615
14.765263,0.01829556725413901
14.765729,0.014602883955138474
14.766194,0.011749446860456245
14.766660,0.008560311284046692
14.767125,0.007553215838864729
14.767591,0.009063859006637675
14.768056,0.010574502174410621
14.768522,0.008896009765774012
14.768987,0.006546120393682764
14.769453,0.006210421911955443
14.769918,0.00788891432059205
14.770384,0.010574502174410621
14.770849,0.011917296101319903
14.771315,0.011245899137865261
14.771780,0.008560311284046692
14.772246,0.006546120393682764
14.772711,0.004531929503318838
14.773177,0.005706874189364461
14.773642,0.007721065079728388
14.774108,0.005874723430228122
14.774573,0.0025177386129549098
14.775039,0.004531929503318838
14.775505,0.010238803692683297
14.775970,0.012420843823910887
14.776436,0.010910200656137941
14.776901,0.009735255970092317
14.777367,0.011245899137865261
14.777832,0.014602883955138474
14.778298,0.01594567788204776
14.778763,0.01527428091859312
14.779229,0.0157778286411841
14.779694,0.016617074845502403
14.780160,0.016617074845502403
14.780625,0.014602883955138474
14.781091,0.01326009002822919
14.781556,0.013931486991683832
14.782022,0.01326009002822919
14.782487,0.01326009002822919
14.782953,0.014267185473411156
14.783418,0.01359578850995651
14.783884,0.012420843823910887
14.784349,0.010574502174410621
14.784815,0.009231708247501335
14.785280,0.010406652933546959
14.785746,0.01292439154650187
14.786211,0.01359578850995651
14.786677,0.013931486991683832
14.787142,0.01326009002822919
14.787608,0.009231708247501335
14.788073,0.003189135576409552
14.788539,0.0005035477225909818
14.789004,0.0005035477225909818
14.789470,-0.0003356984817273213
14.789936,-0.0021820401312275884
14.790401,-0.0016784924086366065
14.790867,-0.0023498893720912484
14.791332,-0.004196231021591517
14.791798,-0.004531929503318838
14.792263,-0.0005035477225909818
14.792729,0.004196231021591517
14.793194,0.007217517357137408
14.793660,0.010574502174410621
14.794125,0.01326009002822919
14.794591,0.01527428091859312
14.795056,0.01594567788204776
14.795522,0.017120622568093383
14.795987,0.017624170290684367
14.796453,0.017959868772411687
14.796918,0.017288471808957043
14.797384,0.017792019531548024
14.797849,0.0213168535896849
14.798315,0.024673838406958113
14.798780,0.025009536888685433
14.799246,0.02333104448004883
14.799711,0.020309758144502935
14.800177,0.017959868772411687
14.800642,0.01846341649500267
14.801108,0.017959868772411687
14.801573,0.01628137636377508
14.802039,0.01695277332722972
14.802504,0.018631265735866327
14.802970,0.020309758144502935
14.803436,0.020813305867093918
14.803901,0.0213168535896849
14.804367,0.020645456626230255
14.804832,0.019974059662775615
14.805298,0.019302662699320974
14.805763,0.019974059662775615
14.806229,0.022491798275730522
14.806694,0.02668802929732204
14.807160,0.028702220187685965
14.807625,0.02366674296177615
14.808091,0.01628137636377508
14.808556,0.011581597619592583
14.809022,0.01326009002822919
14.809487,0.017288471808957043
14.809953,0.018631265735866327
14.810418,0.01628137636377508
14.810884,0.011917296101319903
14.811349,0.009903105210955977
14.811815,0.016617074845502403
14.812280,0.03692683299000534
14.812746,0.057572289616235596
14.813211,0.07301441977569237
14.813677,0.0797283894102388
14.814142,0.07956054016937514
14.814608,0.07167162584878309
14.815073,0.06109712367437248
14.815539,0.06092927443350881
14.816004,0.0639505607690547
14.816470,0.06210421911955444
14.816936,0.056900892652780956
14.817401,0.051529716945143814
14.817867,0.04548714427405204
14.818332,0.04213015945677882
14.818798,0.041794460975051496
14.819263,0.04548714427405204
14.819729,0.051865415426871134
14.820194,0.0528725108720531
14.820660,0.04666208896009766
14.821125,0.03910887312123293
14.821591,0.035416189822232394
14.822056,0.035416189822232394
14.822522,0.03508049134050507
14.822987,0.0323949034866865
14.823453,0.027695124742504008
14.823918,0.02668802929732204
14.824384,0.0315556572823682
14.824849,0.03407339589532311
14.825315,0.030884260318913552
14.825780,0.021149004348821242
14.826246,0.005874723430228122
14.826711,-0.007217517357137408
14.827177,-0.011413748378728923
14.827642,-0.005706874189364461
14.828108,0.0052033264667734795
14.828573,0.01560997940032044
14.829039,0.02265964751659419
14.829504,0.02584878309300374
14.829970,0.03172350652323186
14.830435,0.041962310215915156
14.830901,0.044480048828870064
14.831367,0.037094682230869
14.831832,0.025345235370412753
14.832298,0.016617074845502403
14.832763,0.009903105210955977
14.833229,0.003189135576409552
14.833694,-0.0030212863355458916
14.834160,-0.009567406729228655
14.834625,-0.01695277332722972
14.835091,-0.018631265735866327
14.835556,-0.01326009002822919
14.836022,-0.00788891432059205
14.836487,-0.008224612802319372
14.836953,-0.011581597619592583
14.837418,-0.011917296101319903
14.837884,-0.01359578850995651
14.838349,-0.014602883955138474
14.838815,-0.009903105210955977
14.839280,-0.0021820401312275884
14.839746,0.0016784924086366065
14.840211,0.001846341649500267
14.840677,-0.00016784924086366064
14.841142,-0.0028534370946822307
14.841608,-0.0011749446860456242
14.842073,0.001846341649500267
14.842539,0.0028534370946822307
14.843004,0.0011749446860456242
14.843470,-0.0025177386129549098
14.843935,-0.007721065079728388
14.844401,-0.006881818875410085
14.844867,0.004364080262455177
14.845332,0.018631265735866327
14.845798,0.0260166323338674
14.846263,0.027359426260776684
14.846729,0.02937361715114061
14.847194,0.042465857938506144
14.847660,0.06361486228732739
14.848125,0.07855344472419318
14.848591,0.08358892195010299
14.849056,0.0891279468986038
14.849522,0.09617761501487754
